Date,open,high,low,close,volume,Revenue,NetIncome,TotalAssets,TotalDebt,Equity,Cash,PE,EPS,BookValue,SharesOutstanding,Ticker,Debt_Equity,ROA,ROE,Label
2016-03-31,1242.0099230316303,1271.0627867282765,1228.4822261281372,1254.6298828125,1894293,,,,,,,9.532538,140.76,1061.469,187787263.0,ACC.NS,,,,1
2016-06-30,1244.9606437011357,1475.2953271189658,1244.9606437011357,1467.215087890625,18781833,,,,,,,9.532538,140.76,1061.469,187787263.0,ACC.NS,,,,0
2016-09-30,1469.303258513645,1586.816620570788,1424.5436610547015,1462.029541015625,17495993,,,,,,,9.532538,140.76,1061.469,187787263.0,ACC.NS,,,,0
2016-12-31,1475.8744743597358,1529.7918227449804,1148.3035831597547,1216.3858642578125,17957331,,,,,,,9.532538,140.76,1061.469,187787263.0,ACC.NS,,,,1
2017-03-31,1224.5645663813184,1381.7935173114074,1200.8501731212377,1327.0849609375,20755326,,,,,,,9.532538,140.76,1061.469,187787263.0,ACC.NS,,,,1
2017-06-30,1349.0644142503515,1612.1777413167424,1333.6006801712526,1439.0479736328125,23604818,,,,,,,9.532538,140.76,1061.469,187787263.0,ACC.NS,,,,1
2017-09-30,1440.7455897099458,1727.1253429640756,1438.0382166626785,1530.3477783203125,30654245,,,,,,,9.532538,140.76,1061.469,187787263.0,ACC.NS,,,,1
2017-12-31,1542.5395886087492,1696.6919383133074,1508.827325103615,1624.095458984375,23312794,,,,,,,9.532538,140.76,1061.469,187787263.0,ACC.NS,,,,0
2018-03-31,1629.2213526672238,1715.5802035189981,1384.4618807700144,1392.35888671875,19229567,,,,,,,9.532538,140.76,1061.469,187787263.0,ACC.NS,,,,0
2018-06-30,1394.1138736841601,1504.578811620028,1176.4089698575735,1250.859375,31203445,,,,,,,9.532538,140.76,1061.469,187787263.0,ACC.NS,,,,1
2018-09-30,1250.9061578288897,1567.3318259900293,1172.208169842272,1449.19140625,46615368,,,,,,,9.532538,140.76,1061.469,187787263.0,ACC.NS,,,,0
2018-12-31,1452.5988951457423,1482.6590580609175,1234.6624827035503,1407.8819580078125,42267290,,,,,,,9.532538,140.76,1061.469,187787263.0,ACC.NS,,,,1
2019-03-31,1416.0972682482668,1535.6307806674429,1237.8831740225712,1524.6983642578125,44173478,,,,,,,9.532538,140.76,1061.469,187787263.0,ACC.NS,,,,0
2019-06-30,1576.7216224700096,1667.2441532195498,1385.4982303013119,1472.2508544921875,46181375,,,,,,,9.532538,140.76,1061.469,187787263.0,ACC.NS,,,,1
2019-09-30,1474.984018479328,1610.6498718944642,1341.9097348478772,1515.603759765625,52803109,,,,,,,9.532538,140.76,1061.469,187787263.0,ACC.NS,,,,0
2019-12-31,1518.9023262738226,1533.7459407536537,1320.5161614643503,1362.455322265625,44045519,,,,,,,9.532538,140.76,1061.469,187787263.0,ACC.NS,,,,0
2020-03-31,1368.9110329406756,1488.696698687553,843.6356909747722,912.7644653320312,55315155,,,,,,,9.532538,140.76,1061.469,187787263.0,ACC.NS,,,,1
2020-06-30,909.2774748948751,1274.4650685432077,883.0301280052204,1271.2684326171875,88585896,,,,,,,9.532538,140.76,1061.469,187787263.0,ACC.NS,,,,1
2020-09-30,1278.6160096283845,1388.3041893844538,1195.6460371379596,1329.6669921875,70230520,,,,,,,9.532538,140.76,1061.469,187787263.0,ACC.NS,,,,1
2020-12-31,1345.4595174000015,1703.2944838173207,1332.10034488681,1543.604736328125,109343742,,,,,,,9.532538,140.76,1061.469,187787263.0,ACC.NS,,,,1
2021-03-31,1543.1752066665856,1846.5718585051548,1511.685820685191,1829.890625,73447697,,,,,,,9.532538,140.76,1061.469,187787263.0,ACC.NS,,,,1
2021-06-30,1845.995145003915,1997.9052350580846,1713.5545971819697,1937.14111328125,45001283,,,,,,,9.532538,140.76,1061.469,187787263.0,ACC.NS,,,,1
2021-09-30,1943.8712790832071,2412.292715797505,1898.8751338448415,2167.60205078125,38304527,,,,,,,9.532538,140.76,1061.469,187787263.0,ACC.NS,,,,0
2021-12-31,2150.7763522390014,2489.2092301555144,2007.327471073719,2130.345703125,27953283,,,,,,,9.532538,140.76,1061.469,187787263.0,ACC.NS,,,,0
2022-03-31,2134.6239990202603,2300.6673467036267,1826.7660008879777,2068.427734375,25062746,,,,,,,9.532538,140.76,1061.469,187787263.0,ACC.NS,,,,1
2022-06-30,2065.2071851573396,2368.4732300721216,1999.4679404159344,2096.69677734375,40366411,,,,,,,9.532538,140.76,1061.469,187787263.0,ACC.NS,,,,1
2022-09-30,2097.684852054245,2751.8560583979543,2075.353926404988,2386.9013671875,54784222,,,,,,,9.532538,140.76,1061.469,187787263.0,ACC.NS,,,,1
2022-12-31,2391.002088958344,2643.1650081419984,2179.0548738232296,2412.542724609375,31482121,,,,,,,9.532538,140.76,1061.469,187787263.0,ACC.NS,,,,0
2023-03-31,2410.96162436597,2458.390395900533,1573.399521110336,1647.358642578125,63038028,,,,,,,9.532538,140.76,1061.469,187787263.0,ACC.NS,,,,1
2023-06-30,1655.0658876118846,1847.7453331466434,1631.9443460136756,1792.1151123046875,34561183,,,,,,,9.532538,140.76,1061.469,187787263.0,ACC.NS,,,,1
2023-09-30,1802.2433005862695,2089.5782056894623,1750.5681649790695,1998.457275390625,44660051,,,,,,,9.532538,140.76,1061.469,187787263.0,ACC.NS,,,,1
2023-12-31,2002.1318443144437,2238.5500767861195,1790.6415831367924,2196.09326171875,31326414,,,,,,,9.532538,140.76,1061.469,187787263.0,ACC.NS,,,,1
2024-03-31,2196.838318791514,2727.5749592424722,2174.9889218172534,2474.62109375,28636083,,,,,,,9.532538,140.76,1061.469,187787263.0,ACC.NS,,,,1
2024-06-30,2492.795655006003,2703.0885595666173,2135.2630343574924,2608.5205078125,31621240,,,,,,,9.532538,140.76,1061.469,187787263.0,ACC.NS,,,,0
2024-09-30,2624.1572979318194,2832.566029680314,2258.582925245954,2503.344970703125,27699588,45422300000.0,1996600000.0,237188000000.0,4574100000.0,167208000000.0,7865900000.0,9.532538,140.76,1061.469,187787263.0,ACC.NS,0.027355748528778527,0.008417795166703206,0.01194081622888857,0
2024-12-31,2503.8927239676673,2509.270916564585,1860.6890476444005,2044.2481689453125,22060717,52517000000.0,10917300000.0,237188000000.0,4574100000.0,167208000000.0,7865900000.0,9.532538,140.76,1061.469,187787263.0,ACC.NS,0.027355748528778527,0.008417795166703206,0.01194081622888857,0
2025-03-31,2043.700252177298,2073.52990917319,1771.2999054117104,1934.83984375,18462518,58747200000.0,7510300000.0,254126100000.0,4297700000.0,185548400000.0,10506900000.0,9.532538,140.76,1061.469,187787263.0,ACC.NS,0.023162150684134165,0.029553438234010597,0.04047623153850963,0
2025-06-30,1936.1344866937275,2111.37712399723,1771.8477391824483,1917.199951171875,24329612,60361100000.0,3753800000.0,254126100000.0,4297700000.0,185548400000.0,10506900000.0,9.532538,140.76,1061.469,187787263.0,ACC.NS,0.023162150684134165,0.029553438234010597,0.04047623153850963,0
2025-09-30,1928.9000244140625,2028.800048828125,1780.0,1824.699951171875,20754946,60361100000.0,3753800000.0,254126100000.0,4297700000.0,185548400000.0,10506900000.0,9.532538,140.76,1061.469,187787263.0,ACC.NS,0.023162150684134165,0.029553438234010597,0.04047623153850963,0
2025-12-31,1829.800048828125,1987.0,1715.0,1737.699951171875,17345937,63911700000.0,4042100000.0,254126100000.0,4297700000.0,185548400000.0,10506900000.0,9.532538,140.76,1061.469,187787263.0,ACC.NS,0.023162150684134165,0.029553438234010597,0.04047623153850963,0
2026-03-31,1737.9000244140625,1778.9000244140625,1321.4000244140625,1341.800048828125,9955846,63911700000.0,4042100000.0,254126100000.0,4297700000.0,185548400000.0,10506900000.0,9.532538,140.76,1061.469,187787263.0,ACC.NS,0.023162150684134165,0.029553438234010597,0.04047623153850963,0
2021-03-31,516.100553220908,544.8334711359097,470.4454880182864,485.48187255859375,20238168,63911700000.0,4042100000.0,254126100000.0,4297700000.0,185548400000.0,10506900000.0,78.91629,15.41,283.048,113848310.0,ANURAS.NS,0.023162150684134165,0.029553438234010597,0.04047623153850963,1
2021-06-30,491.3872714879983,801.9407829215684,489.1541441456067,754.30078125,26778219,63911700000.0,4042100000.0,254126100000.0,4297700000.0,185548400000.0,10506900000.0,78.91629,15.41,283.048,113848310.0,ANURAS.NS,0.023162150684134165,0.029553438234010597,0.04047623153850963,1
2021-09-30,759.2632756719468,841.6904392739349,675.9428640345917,798.4619750976562,11351726,63911700000.0,4042100000.0,254126100000.0,4297700000.0,185548400000.0,10506900000.0,78.91629,15.41,283.048,113848310.0,ANURAS.NS,0.023162150684134165,0.029553438234010597,0.04047623153850963,1
2021-12-31,794.5886579003984,1007.6902230643216,759.7778503751988,984.5848999023438,7705160,63911700000.0,4042100000.0,254126100000.0,4297700000.0,185548400000.0,10506900000.0,78.91629,15.41,283.048,113848310.0,ANURAS.NS,0.023162150684134165,0.029553438234010597,0.04047623153850963,0
2022-03-31,998.7462036621439,1100.6581218461024,736.6870777555115,819.3197631835938,8917717,63911700000.0,4042100000.0,254126100000.0,4297700000.0,185548400000.0,10506900000.0,78.91629,15.41,283.048,113848310.0,ANURAS.NS,0.023162150684134165,0.029553438234010597,0.04047623153850963,0
2022-06-30,819.2700364023509,878.4991975519074,543.347777336093,606.3035278320312,7266760,63911700000.0,4042100000.0,254126100000.0,4297700000.0,185548400000.0,10506900000.0,78.91629,15.41,283.048,113848310.0,ANURAS.NS,0.023162150684134165,0.029553438234010597,0.04047623153850963,1
2022-09-30,606.2041475431694,840.9841565593467,600.8377259093348,747.8306274414062,8942487,63911700000.0,4042100000.0,254126100000.0,4297700000.0,185548400000.0,10506900000.0,78.91629,15.41,283.048,113848310.0,ANURAS.NS,0.023162150684134165,0.029553438234010597,0.04047623153850963,0
2022-12-31,749.622739573902,819.363094564671,643.7426116022515,676.4474487304688,6361933,63911700000.0,4042100000.0,254126100000.0,4297700000.0,185548400000.0,10506900000.0,78.91629,15.41,283.048,113848310.0,ANURAS.NS,0.023162150684134165,0.029553438234010597,0.04047623153850963,1
2023-03-31,670.324607434669,866.997685975082,567.4811580149308,862.3637084960938,15318774,63911700000.0,4042100000.0,254126100000.0,4297700000.0,185548400000.0,10506900000.0,78.91629,15.41,283.048,113848310.0,ANURAS.NS,0.023162150684134165,0.029553438234010597,0.04047623153850963,1
2023-06-30,865.9513907444996,1231.3244262315031,839.0944523448948,1027.7667236328125,26180605,63911700000.0,4042100000.0,254126100000.0,4297700000.0,185548400000.0,10506900000.0,78.91629,15.41,283.048,113848310.0,ANURAS.NS,0.023162150684134165,0.029553438234010597,0.04047623153850963,0
2023-09-30,1020.0833249965802,1067.6798501122819,865.9183971383026,882.9313354492188,11558057,63911700000.0,4042100000.0,254126100000.0,4297700000.0,185548400000.0,10506900000.0,78.91629,15.41,283.048,113848310.0,ANURAS.NS,0.023162150684134165,0.029553438234010597,0.04047623153850963,1
2023-12-31,887.8207523589512,1078.1870512263336,838.1787138370324,1050.3326416015625,15113015,63911700000.0,4042100000.0,254126100000.0,4297700000.0,185548400000.0,10506900000.0,78.91629,15.41,283.048,113848310.0,ANURAS.NS,0.023162150684134165,0.029553438234010597,0.04047623153850963,0
2024-03-31,1048.285996230332,1104.4940790089654,780.673532251904,869.0291137695312,8454073,63911700000.0,4042100000.0,254126100000.0,4297700000.0,185548400000.0,10506900000.0,78.91629,15.41,283.048,113848310.0,ANURAS.NS,0.023162150684134165,0.029553438234010597,0.04047623153850963,0
2024-06-30,863.8375546542081,943.5571523694908,719.2240363727869,763.5015869140625,9688675,63911700000.0,4042100000.0,254126100000.0,4297700000.0,185548400000.0,10506900000.0,78.91629,15.41,283.048,113848310.0,ANURAS.NS,0.023162150684134165,0.029553438234010597,0.04047623153850963,0
2024-09-30,765.3985504386814,818.5616109953146,721.079382055605,736.4693603515625,8919614,2939620000.0,166730000.0,49181820000.0,13271380000.0,27825780000.0,404150000.0,78.91629,15.41,283.048,113848310.0,ANURAS.NS,0.47694548005482684,0.0033900738118272157,0.005991925473427879,0
2024-12-31,739.4674175507807,783.5886214753109,672.36116989937,721.6790161132812,6090217,3901400000.0,281920000.0,49181820000.0,13271380000.0,27825780000.0,404150000.0,78.91629,15.41,283.048,113848310.0,ANURAS.NS,0.47694548005482684,0.0033900738118272157,0.005991925473427879,1
2025-03-31,724.5271355352835,809.1219913544288,600.6080047160369,758.9047241210938,12303858,4640250000.0,445680000.0,52688840000.0,13824220000.0,28503120000.0,1130460000.0,78.91629,15.41,283.048,113848310.0,ANURAS.NS,0.4850072553460814,0.008458717253976364,0.015636182986283605,1
2025-06-30,759.5043543461901,1154.246678449806,685.6524759791296,1140.955322265625,21729190,4858270000.0,340360000.0,52688840000.0,13824220000.0,28503120000.0,1130460000.0,78.91629,15.41,283.048,113848310.0,ANURAS.NS,0.4850072553460814,0.008458717253976364,0.015636182986283605,0
2025-09-30,1135.259065451633,1197.0,1045.199951171875,1071.4000244140625,14445486,4858270000.0,340360000.0,52688840000.0,13824220000.0,28503120000.0,1130460000.0,78.91629,15.41,283.048,113848310.0,ANURAS.NS,0.4850072553460814,0.008458717253976364,0.015636182986283605,1
2025-12-31,1079.5,1346.0,1047.9000244140625,1318.9000244140625,24177501,5124470000.0,490410000.0,52688840000.0,13824220000.0,28503120000.0,1130460000.0,78.91629,15.41,283.048,113848310.0,ANURAS.NS,0.4850072553460814,0.008458717253976364,0.015636182986283605,0
2026-03-31,1321.0,1407.0,1162.300048828125,1216.0999755859375,15954295,5124470000.0,490410000.0,52688840000.0,13824220000.0,28503120000.0,1130460000.0,78.91629,15.41,283.048,113848310.0,ANURAS.NS,0.4850072553460814,0.008458717253976364,0.015636182986283605,0
2016-03-31,236.89999389648438,296.0,235.1999969482422,287.8999938964844,3647069,5124470000.0,490410000.0,52688840000.0,13824220000.0,28503120000.0,1130460000.0,57.937843,23.81,163.124,42517389.0,AXISCADES.NS,0.4850072553460814,0.008458717253976364,0.015636182986283605,0
2016-06-30,286.20001220703125,305.5,235.0,247.64999389648438,8717179,5124470000.0,490410000.0,52688840000.0,13824220000.0,28503120000.0,1130460000.0,57.937843,23.81,163.124,42517389.0,AXISCADES.NS,0.4850072553460814,0.008458717253976364,0.015636182986283605,0
2016-09-30,249.0,257.5,192.89999389648438,217.39999389648438,10066347,5124470000.0,490410000.0,52688840000.0,13824220000.0,28503120000.0,1130460000.0,57.937843,23.81,163.124,42517389.0,AXISCADES.NS,0.4850072553460814,0.008458717253976364,0.015636182986283605,0
2016-12-31,219.1999969482422,243.0,133.0,177.3000030517578,13481430,5124470000.0,490410000.0,52688840000.0,13824220000.0,28503120000.0,1130460000.0,57.937843,23.81,163.124,42517389.0,AXISCADES.NS,0.4850072553460814,0.008458717253976364,0.015636182986283605,0
2017-03-31,177.3000030517578,202.3000030517578,150.14999389648438,161.3000030517578,8089499,5124470000.0,490410000.0,52688840000.0,13824220000.0,28503120000.0,1130460000.0,57.937843,23.81,163.124,42517389.0,AXISCADES.NS,0.4850072553460814,0.008458717253976364,0.015636182986283605,0
2017-06-30,162.5500030517578,173.9499969482422,111.1500015258789,144.89999389648438,5393344,5124470000.0,490410000.0,52688840000.0,13824220000.0,28503120000.0,1130460000.0,57.937843,23.81,163.124,42517389.0,AXISCADES.NS,0.4850072553460814,0.008458717253976364,0.015636182986283605,0
2017-09-30,146.0,168.0,115.69999694824219,116.75,5817212,5124470000.0,490410000.0,52688840000.0,13824220000.0,28503120000.0,1130460000.0,57.937843,23.81,163.124,42517389.0,AXISCADES.NS,0.4850072553460814,0.008458717253976364,0.015636182986283605,1
2017-12-31,118.0,215.8000030517578,111.05000305175781,200.4499969482422,20023870,5124470000.0,490410000.0,52688840000.0,13824220000.0,28503120000.0,1130460000.0,57.937843,23.81,163.124,42517389.0,AXISCADES.NS,0.4850072553460814,0.008458717253976364,0.015636182986283605,0
2018-03-31,201.64999389648438,228.5,135.0,137.64999389648438,12658326,5124470000.0,490410000.0,52688840000.0,13824220000.0,28503120000.0,1130460000.0,57.937843,23.81,163.124,42517389.0,AXISCADES.NS,0.4850072553460814,0.008458717253976364,0.015636182986283605,0
2018-06-30,137.0,187.1999969482422,90.25,97.25,7920784,5124470000.0,490410000.0,52688840000.0,13824220000.0,28503120000.0,1130460000.0,57.937843,23.81,163.124,42517389.0,AXISCADES.NS,0.4850072553460814,0.008458717253976364,0.015636182986283605,0
2018-09-30,97.80000305175781,128.39999389648438,77.30000305175781,78.80000305175781,6199149,5124470000.0,490410000.0,52688840000.0,13824220000.0,28503120000.0,1130460000.0,57.937843,23.81,163.124,42517389.0,AXISCADES.NS,0.4850072553460814,0.008458717253976364,0.015636182986283605,1
2018-12-31,80.5,99.80000305175781,61.95000076293945,82.55000305175781,6355072,5124470000.0,490410000.0,52688840000.0,13824220000.0,28503120000.0,1130460000.0,57.937843,23.81,163.124,42517389.0,AXISCADES.NS,0.4850072553460814,0.008458717253976364,0.015636182986283605,0
2019-03-31,82.55000305175781,86.80000305175781,50.79999923706055,62.25,3066288,5124470000.0,490410000.0,52688840000.0,13824220000.0,28503120000.0,1130460000.0,57.937843,23.81,163.124,42517389.0,AXISCADES.NS,0.4850072553460814,0.008458717253976364,0.015636182986283605,1
2019-06-30,62.75,68.3499984741211,43.75,66.44999694824219,13012978,5124470000.0,490410000.0,52688840000.0,13824220000.0,28503120000.0,1130460000.0,57.937843,23.81,163.124,42517389.0,AXISCADES.NS,0.4850072553460814,0.008458717253976364,0.015636182986283605,1
2019-09-30,66.8499984741211,86.5,54.650001525878906,77.30000305175781,16098625,5124470000.0,490410000.0,52688840000.0,13824220000.0,28503120000.0,1130460000.0,57.937843,23.81,163.124,42517389.0,AXISCADES.NS,0.4850072553460814,0.008458717253976364,0.015636182986283605,0
2019-12-31,78.55000305175781,81.0,45.5,53.0,7535253,5124470000.0,490410000.0,52688840000.0,13824220000.0,28503120000.0,1130460000.0,57.937843,23.81,163.124,42517389.0,AXISCADES.NS,0.4850072553460814,0.008458717253976364,0.015636182986283605,0
2020-03-31,53.400001525878906,81.80000305175781,26.5,28.149999618530273,6941015,5124470000.0,490410000.0,52688840000.0,13824220000.0,28503120000.0,1130460000.0,57.937843,23.81,163.124,42517389.0,AXISCADES.NS,0.4850072553460814,0.008458717253976364,0.015636182986283605,1
2020-06-30,28.5,51.150001525878906,27.25,51.150001525878906,2218618,5124470000.0,490410000.0,52688840000.0,13824220000.0,28503120000.0,1130460000.0,57.937843,23.81,163.124,42517389.0,AXISCADES.NS,0.4850072553460814,0.008458717253976364,0.015636182986283605,0
2020-09-30,53.70000076293945,73.75,48.150001525878906,49.5,5405310,5124470000.0,490410000.0,52688840000.0,13824220000.0,28503120000.0,1130460000.0,57.937843,23.81,163.124,42517389.0,AXISCADES.NS,0.4850072553460814,0.008458717253976364,0.015636182986283605,1
2020-12-31,49.20000076293945,61.5,41.0,55.599998474121094,6250457,5124470000.0,490410000.0,52688840000.0,13824220000.0,28503120000.0,1130460000.0,57.937843,23.81,163.124,42517389.0,AXISCADES.NS,0.4850072553460814,0.008458717253976364,0.015636182986283605,0
2021-03-31,55.599998474121094,60.29999923706055,39.5,39.79999923706055,3930833,5124470000.0,490410000.0,52688840000.0,13824220000.0,28503120000.0,1130460000.0,57.937843,23.81,163.124,42517389.0,AXISCADES.NS,0.4850072553460814,0.008458717253976364,0.015636182986283605,1
2021-06-30,40.0,105.5,39.95000076293945,79.05000305175781,24230760,5124470000.0,490410000.0,52688840000.0,13824220000.0,28503120000.0,1130460000.0,57.937843,23.81,163.124,42517389.0,AXISCADES.NS,0.4850072553460814,0.008458717253976364,0.015636182986283605,1
2021-09-30,79.9000015258789,106.0999984741211,66.05000305175781,80.44999694824219,5811396,5124470000.0,490410000.0,52688840000.0,13824220000.0,28503120000.0,1130460000.0,57.937843,23.81,163.124,42517389.0,AXISCADES.NS,0.4850072553460814,0.008458717253976364,0.015636182986283605,1
2021-12-31,84.44999694824219,120.4000015258789,74.0,107.4000015258789,12491154,5124470000.0,490410000.0,52688840000.0,13824220000.0,28503120000.0,1130460000.0,57.937843,23.81,163.124,42517389.0,AXISCADES.NS,0.4850072553460814,0.008458717253976364,0.015636182986283605,1
2022-03-31,107.80000305175781,131.14999389648438,82.5999984741211,126.25,4117612,5124470000.0,490410000.0,52688840000.0,13824220000.0,28503120000.0,1130460000.0,57.937843,23.81,163.124,42517389.0,AXISCADES.NS,0.4850072553460814,0.008458717253976364,0.015636182986283605,0
2022-06-30,131.0,177.5,108.6500015258789,113.4000015258789,7469924,5124470000.0,490410000.0,52688840000.0,13824220000.0,28503120000.0,1130460000.0,57.937843,23.81,163.124,42517389.0,AXISCADES.NS,0.4850072553460814,0.008458717253976364,0.015636182986283605,1
2022-09-30,114.9000015258789,194.85000610351562,113.0,171.89999389648438,7383047,5124470000.0,490410000.0,52688840000.0,13824220000.0,28503120000.0,1130460000.0,57.937843,23.81,163.124,42517389.0,AXISCADES.NS,0.4850072553460814,0.008458717253976364,0.015636182986283605,1
2022-12-31,171.10000610351562,385.79998779296875,160.0500030517578,298.0,17395001,5124470000.0,490410000.0,52688840000.0,13824220000.0,28503120000.0,1130460000.0,57.937843,23.81,163.124,42517389.0,AXISCADES.NS,0.4850072553460814,0.008458717253976364,0.015636182986283605,0
2023-03-31,300.04998779296875,363.54998779296875,248.0500030517578,267.5,4359596,5124470000.0,490410000.0,52688840000.0,13824220000.0,28503120000.0,1130460000.0,57.937843,23.81,163.124,42517389.0,AXISCADES.NS,0.4850072553460814,0.008458717253976364,0.015636182986283605,1
2023-06-30,275.3999938964844,517.0,275.0,482.04998779296875,6935216,5124470000.0,490410000.0,52688840000.0,13824220000.0,28503120000.0,1130460000.0,57.937843,23.81,163.124,42517389.0,AXISCADES.NS,0.4850072553460814,0.008458717253976364,0.015636182986283605,1
2023-09-30,467.0,610.0,441.25,510.8500061035156,2942143,5124470000.0,490410000.0,52688840000.0,13824220000.0,28503120000.0,1130460000.0,57.937843,23.81,163.124,42517389.0,AXISCADES.NS,0.4850072553460814,0.008458717253976364,0.015636182986283605,1
2023-12-31,515.5,691.6500244140625,472.20001220703125,637.4500122070312,4979159,5124470000.0,490410000.0,52688840000.0,13824220000.0,28503120000.0,1130460000.0,57.937843,23.81,163.124,42517389.0,AXISCADES.NS,0.4850072553460814,0.008458717253976364,0.015636182986283605,0
2024-03-31,642.25,850.0,499.95001220703125,553.1500244140625,5916490,5124470000.0,490410000.0,52688840000.0,13824220000.0,28503120000.0,1130460000.0,57.937843,23.81,163.124,42517389.0,AXISCADES.NS,0.4850072553460814,0.008458717253976364,0.015636182986283605,0
2024-06-30,555.0,684.8499755859375,432.54998779296875,523.25,14218038,5124470000.0,490410000.0,52688840000.0,13824220000.0,28503120000.0,1130460000.0,57.937843,23.81,163.124,42517389.0,AXISCADES.NS,0.4850072553460814,0.008458717253976364,0.015636182986283605,1
2024-09-30,525.75,673.4500122070312,501.79998779296875,596.7999877929688,17861558,5124470000.0,490410000.0,11152747000.0,2553935000.0,6073409000.0,349979000.0,57.937843,23.81,163.124,42517389.0,AXISCADES.NS,0.4205109519217296,0.008458717253976364,0.015636182986283605,1
2024-12-31,598.9500122070312,658.7999877929688,420.8999938964844,633.9500122070312,12879449,2745281000.0,148101000.0,11152747000.0,2553935000.0,6073409000.0,349979000.0,57.937843,23.81,163.124,42517389.0,AXISCADES.NS,0.4205109519217296,0.008458717253976364,0.015636182986283605,1
2025-03-31,630.0,975.0499877929688,621.0,892.2999877929688,7149721,2675704000.0,307552000.0,11271128000.0,2579018000.0,6490571000.0,523506000.0,57.937843,23.81,163.124,42517389.0,AXISCADES.NS,0.3973483997016595,0.027286709901617655,0.04738442888923024,1
2025-06-30,895.0,1497.5999755859375,720.0,1480.9000244140625,7503324,2437057000.0,207485000.0,11271128000.0,2579018000.0,6490571000.0,523506000.0,57.937843,23.81,163.124,42517389.0,AXISCADES.NS,0.3973483997016595,0.027286709901617655,0.04738442888923024,1
2025-09-30,1470.0,1779.199951171875,1138.0,1594.0,7138900,2990589000.0,230190000.0,12199042000.0,2594919000.0,6927939000.0,357548000.0,57.937843,23.81,163.124,42517389.0,AXISCADES.NS,0.374558580842008,0.018869514507778563,0.03322633181383381,0
2025-12-31,1605.4000244140625,1762.0999755859375,1141.800048828125,1323.5,3624572,3431785000.0,277247000.0,12199042000.0,2594919000.0,6927939000.0,357548000.0,57.937843,23.81,163.124,42517389.0,AXISCADES.NS,0.374558580842008,0.018869514507778563,0.03322633181383381,1
2026-03-31,1330.0,1546.9000244140625,1063.300048828125,1379.5,6884372,3431785000.0,277247000.0,12199042000.0,2594919000.0,6927939000.0,357548000.0,57.937843,23.81,163.124,42517389.0,AXISCADES.NS,0.374558580842008,0.018869514507778563,0.03322633181383381,0
2016-03-31,30.102092899398226,31.47552229130428,29.184788581651517,30.85306739807129,67333299,3431785000.0,277247000.0,12199042000.0,2594919000.0,6927939000.0,357548000.0,49.822735,8.18,29.476,7309778829.0,BEL.NS,0.374558580842008,0.018869514507778563,0.03322633181383381,1
2016-06-30,30.442303266832397,33.112292215140315,27.2670286100694,31.93166160583496,580604046,3431785000.0,277247000.0,12199042000.0,2594919000.0,6927939000.0,357548000.0,49.822735,8.18,29.476,7309778829.0,BEL.NS,0.374558580842008,0.018869514507778563,0.03322633181383381,0
2016-09-30,32.00474037487965,33.12274077456474,30.116445764323178,31.739431381225586,582556194,3431785000.0,277247000.0,12199042000.0,2594919000.0,6927939000.0,357548000.0,49.822735,8.18,29.476,7309778829.0,BEL.NS,0.374558580842008,0.018869514507778563,0.03322633181383381,1
2016-12-31,31.74071253812234,38.885428636659555,30.705468311002413,35.061912536621094,648645558,3431785000.0,277247000.0,12199042000.0,2594919000.0,6927939000.0,357548000.0,49.822735,8.18,29.476,7309778829.0,BEL.NS,0.374558580842008,0.018869514507778563,0.03322633181383381,1
2017-03-31,35.31560858335688,42.53660236225393,34.499653044135535,40.274539947509766,1188416203,3431785000.0,277247000.0,12199042000.0,2594919000.0,6927939000.0,357548000.0,49.822735,8.18,29.476,7309778829.0,BEL.NS,0.374558580842008,0.018869514507778563,0.03322633181383381,1
2017-06-30,40.9040431551208,48.02113819645681,40.492941618300115,41.507843017578125,775193156,3431785000.0,277247000.0,12199042000.0,2594919000.0,6927939000.0,357548000.0,49.822735,8.18,29.476,7309778829.0,BEL.NS,0.374558580842008,0.018869514507778563,0.03322633181383381,1
2017-09-30,41.81615735455244,51.48445194698354,41.37936759228846,46.295928955078125,758634173,3431785000.0,277247000.0,12199042000.0,2594919000.0,6927939000.0,357548000.0,49.822735,8.18,29.476,7309778829.0,BEL.NS,0.374558580842008,0.018869514507778563,0.03322633181383381,1
2017-12-31,46.63718330336643,54.997747574631674,45.57078424529568,51.79854965209961,672024990,3431785000.0,277247000.0,12199042000.0,2594919000.0,6927939000.0,357548000.0,49.822735,8.18,29.476,7309778829.0,BEL.NS,0.374558580842008,0.018869514507778563,0.03322633181383381,0
2018-03-31,52.04026913829616,52.66588625208298,39.65970792200676,40.636470794677734,945858690,3431785000.0,277247000.0,12199042000.0,2594919000.0,6927939000.0,357548000.0,49.822735,8.18,29.476,7309778829.0,BEL.NS,0.374558580842008,0.018869514507778563,0.03322633181383381,0
2018-06-30,41.024307406426004,42.84856434593826,29.10197116312445,31.213512420654297,933865671,3431785000.0,277247000.0,12199042000.0,2594919000.0,6927939000.0,357548000.0,49.822735,8.18,29.476,7309778829.0,BEL.NS,0.374558580842008,0.018869514507778563,0.03322633181383381,0
2018-09-30,31.2709765498383,35.73825533912269,21.403745931396273,23.14775276184082,2288973093,3431785000.0,277247000.0,12199042000.0,2594919000.0,6927939000.0,357548000.0,49.822735,8.18,29.476,7309778829.0,BEL.NS,0.374558580842008,0.018869514507778563,0.03322633181383381,1
2018-12-31,23.21981771290285,28.624804999247775,21.562288579415902,25.352989196777344,1824486909,3431785000.0,277247000.0,12199042000.0,2594919000.0,6927939000.0,357548000.0,49.822735,8.18,29.476,7309778829.0,BEL.NS,0.374558580842008,0.018869514507778563,0.03322633181383381,1
2019-03-31,25.48270835091585,28.252974618111335,20.976352381807235,26.95265007019043,1883494086,3431785000.0,277247000.0,12199042000.0,2594919000.0,6927939000.0,357548000.0,49.822735,8.18,29.476,7309778829.0,BEL.NS,0.374558580842008,0.018869514507778563,0.03322633181383381,1
2019-06-30,27.34622618360621,34.32855835322546,24.868156548471852,32.797969818115234,2049212067,3431785000.0,277247000.0,12199042000.0,2594919000.0,6927939000.0,357548000.0,49.822735,8.18,29.476,7309778829.0,BEL.NS,0.374558580842008,0.018869514507778563,0.03322633181383381,0
2019-09-30,33.0166298084671,34.31245121528647,26.588229819552918,32.13175964355469,2264147658,3431785000.0,277247000.0,12199042000.0,2594919000.0,6927939000.0,357548000.0,49.822735,8.18,29.476,7309778829.0,BEL.NS,0.374558580842008,0.018869514507778563,0.03322633181383381,0
2019-12-31,32.22077514983208,36.22611814886685,28.64563339078347,29.68404769897461,1479697071,3431785000.0,277247000.0,12199042000.0,2594919000.0,6927939000.0,357548000.0,49.822735,8.18,29.476,7309778829.0,BEL.NS,0.374558580842008,0.018869514507778563,0.03322633181383381,0
2020-03-31,29.758224955205385,32.33944507225845,16.88809435195247,22.452117919921875,2516498460,3431785000.0,277247000.0,12199042000.0,2594919000.0,6927939000.0,357548000.0,49.822735,8.18,29.476,7309778829.0,BEL.NS,0.374558580842008,0.018869514507778563,0.03322633181383381,1
2020-06-30,22.256098587638714,28.40818821581948,17.415846231089958,26.73445701599121,3019436700,3431785000.0,277247000.0,12199042000.0,2594919000.0,6927939000.0,357548000.0,49.822735,8.18,29.476,7309778829.0,BEL.NS,0.374558580842008,0.018869514507778563,0.03322633181383381,1
2020-09-30,26.73446189995824,35.72133850340613,26.402731284643938,29.258270263671875,3101010600,3431785000.0,277247000.0,12199042000.0,2594919000.0,6927939000.0,357548000.0,49.822735,8.18,29.476,7309778829.0,BEL.NS,0.374558580842008,0.018869514507778563,0.03322633181383381,1
2020-12-31,29.411053827196547,37.64615631274317,26.3859174829674,36.653053283691406,2234977500,3431785000.0,277247000.0,12199042000.0,2594919000.0,6927939000.0,357548000.0,49.822735,8.18,29.476,7309778829.0,BEL.NS,0.374558580842008,0.018869514507778563,0.03322633181383381,1
2021-03-31,36.97390328583137,47.82555420820377,36.1528560390693,39.03947067260742,2860676964,3431785000.0,277247000.0,12199042000.0,2594919000.0,6927939000.0,357548000.0,49.822735,8.18,29.476,7309778829.0,BEL.NS,0.374558580842008,0.018869514507778563,0.03322633181383381,1
2021-06-30,39.32032585077884,55.82861876224567,37.60396616561387,55.547760009765625,3275532117,3431785000.0,277247000.0,12199042000.0,2594919000.0,6927939000.0,357548000.0,49.822735,8.18,29.476,7309778829.0,BEL.NS,0.374558580842008,0.018869514507778563,0.03322633181383381,1
2021-09-30,55.485352594763704,66.70580268958814,50.66392793522672,63.72296142578125,1634901333,3431785000.0,277247000.0,12199042000.0,2594919000.0,6927939000.0,357548000.0,49.822735,8.18,29.476,7309778829.0,BEL.NS,0.374558580842008,0.018869514507778563,0.03322633181383381,1
2021-12-31,62.79671014660751,71.58823870819747,57.60027697519416,65.92085266113281,1176639918,3431785000.0,277247000.0,12199042000.0,2594919000.0,6927939000.0,357548000.0,49.822735,8.18,29.476,7309778829.0,BEL.NS,0.374558580842008,0.018869514507778563,0.03322633181383381,1
2022-03-31,65.85803477375188,71.65603394821854,59.159731067010384,67.17498016357422,1383130515,3431785000.0,277247000.0,12199042000.0,2594919000.0,6927939000.0,357548000.0,49.822735,8.18,29.476,7309778829.0,BEL.NS,0.374558580842008,0.018869514507778563,0.03322633181383381,1
2022-06-30,67.22278419750862,82.69407954114634,66.99972076256103,74.59992218017578,1442598501,3431785000.0,277247000.0,12199042000.0,2594919000.0,6927939000.0,357548000.0,49.822735,8.18,29.476,7309778829.0,BEL.NS,0.374558580842008,0.018869514507778563,0.03322633181383381,1
2022-09-30,74.24937778004718,110.20410435736996,71.42919326885605,97.03536224365234,1673692490,3431785000.0,277247000.0,12199042000.0,2594919000.0,6927939000.0,357548000.0,49.822735,8.18,29.476,7309778829.0,BEL.NS,0.374558580842008,0.018869514507778563,0.03322633181383381,0
2022-12-31,97.51596728071317,107.84910508313075,90.97965626600867,96.02606201171875,1000942106,3431785000.0,277247000.0,12199042000.0,2594919000.0,6927939000.0,357548000.0,49.822735,8.18,29.476,7309778829.0,BEL.NS,0.374558580842008,0.018869514507778563,0.03322633181383381,0
2023-03-31,96.50668017399273,99.96708261601918,83.62629937728013,94.97691345214844,946958050,3431785000.0,277247000.0,12199042000.0,2594919000.0,6927939000.0,357548000.0,49.822735,8.18,29.476,7309778829.0,BEL.NS,0.374558580842008,0.018869514507778563,0.03322633181383381,1
2023-06-30,96.33999159891565,123.99088728045166,92.54285704350198,122.43309783935547,852289194,3431785000.0,277247000.0,12199042000.0,2594919000.0,6927939000.0,357548000.0,49.822735,8.18,29.476,7309778829.0,BEL.NS,0.374558580842008,0.018869514507778563,0.03322633181383381,1
2023-09-30,122.67649924538352,143.9263071903282,117.85707158179575,135.2701873779297,995360503,3431785000.0,277247000.0,12199042000.0,2594919000.0,6927939000.0,357548000.0,49.822735,8.18,29.476,7309778829.0,BEL.NS,0.374558580842008,0.018869514507778563,0.03322633181383381,1
2023-12-31,134.87894374097647,181.14271952937608,124.21775214659237,180.1646270751953,1007006368,3431785000.0,277247000.0,12199042000.0,2594919000.0,6927939000.0,357548000.0,49.822735,8.18,29.476,7309778829.0,BEL.NS,0.374558580842008,0.018869514507778563,0.03322633181383381,1
2024-03-31,180.75150070994346,212.85674737047657,168.62613222630216,198.54103088378906,1523797524,3431785000.0,277247000.0,12199042000.0,2594919000.0,6927939000.0,357548000.0,49.822735,8.18,29.476,7309778829.0,BEL.NS,0.374558580842008,0.018869514507778563,0.03322633181383381,1
2024-06-30,201.98966146595686,318.2568614750932,200.7580171887254,301.4079284667969,2859502686,3431785000.0,277247000.0,12199042000.0,2594919000.0,6927939000.0,357548000.0,49.822735,8.18,29.476,7309778829.0,BEL.NS,0.374558580842008,0.018869514507778563,0.03322633181383381,0
2024-09-30,306.38382189924243,335.49985031441287,263.8905617634186,281.6742858886719,1964583399,46049000000.0,10924500000.0,398060300000.0,607500000.0,176603600000.0,20022600000.0,49.822735,8.18,29.476,7309778829.0,BEL.NS,0.0034399072272592404,0.02744433443877724,0.061858874904022344,1
2024-12-31,281.67429221766037,316.99475541682625,254.356555455879,289.6275329589844,1182132894,57706900000.0,13109500000.0,398060300000.0,607500000.0,176603600000.0,20022600000.0,49.822735,8.18,29.476,7309778829.0,BEL.NS,0.0034399072272592404,0.02744433443877724,0.061858874904022344,1
2025-03-31,289.6275726143709,304.5737641451472,237.36320769259765,299.34820556640625,1303304486,84981400000.0,21270400000.0,408318600000.0,612300000.0,199738900000.0,7134500000.0,49.822735,8.18,29.476,7309778829.0,BEL.NS,0.003065502012877812,0.05209265509824926,0.1064910240318736,1
2025-06-30,300.02376462335457,423.709063057119,254.52348059282508,418.74176025390625,1827632702,44397400000.0,9699100000.0,408318600000.0,612300000.0,199738900000.0,7134500000.0,49.822735,8.18,29.476,7309778829.0,BEL.NS,0.003065502012877812,0.05209265509824926,0.1064910240318736,0
2025-09-30,422.02015685374556,433.14687776758603,359.6688265291508,402.23760986328125,920700122,44397400000.0,9699100000.0,408318600000.0,612300000.0,199738900000.0,7134500000.0,49.822735,8.18,29.476,7309778829.0,BEL.NS,0.003065502012877812,0.05209265509824926,0.1064910240318736,0
2025-12-31,400.29587050997463,429.1729277205269,378.83724126751684,397.9060363769531,826769229,71538500000.0,15791000000.0,408318600000.0,612300000.0,199738900000.0,7134500000.0,49.822735,8.18,29.476,7309778829.0,BEL.NS,0.003065502012877812,0.05209265509824926,0.1064910240318736,1
2026-03-31,398.20475474113465,473.45001220703125,392.9272344324536,407.54998779296875,1051168461,71538500000.0,15791000000.0,408318600000.0,612300000.0,199738900000.0,7134500000.0,49.822735,8.18,29.476,7309778829.0,BEL.NS,0.003065502012877812,0.05209265509824926,0.1064910240318736,0
2016-03-31,8.91774467873285,9.347211097446106,8.639853516727943,9.04405689239502,1443950,71538500000.0,15791000000.0,408318600000.0,612300000.0,199738900000.0,7134500000.0,12.322963,6.75,41.854,248858460.0,BEPL.NS,0.003065502012877812,0.05209265509824926,0.1064910240318736,1
2016-06-30,9.01879578321119,11.747169688774918,8.58932680518061,10.029302597045898,7023928,71538500000.0,15791000000.0,408318600000.0,612300000.0,199738900000.0,7134500000.0,12.322963,6.75,41.854,248858460.0,BEPL.NS,0.003065502012877812,0.05209265509824926,0.1064910240318736,1
2016-09-30,10.130355865639233,11.87348286175205,9.543278057096115,10.253946304321289,10875740,71538500000.0,15791000000.0,408318600000.0,612300000.0,199738900000.0,7134500000.0,12.322963,6.75,41.854,248858460.0,BEPL.NS,0.003065502012877812,0.05209265509824926,0.1064910240318736,1
2016-12-31,10.304708138962578,15.101725276407763,10.000132778644527,11.345330238342285,94663463,71538500000.0,15791000000.0,408318600000.0,612300000.0,199738900000.0,7134500000.0,12.322963,6.75,41.854,248858460.0,BEPL.NS,0.003065502012877812,0.05209265509824926,0.1064910240318736,1
2017-03-31,11.42147487704579,17.91902473659249,11.16766273990494,17.614452362060547,198907569,71538500000.0,15791000000.0,408318600000.0,612300000.0,199738900000.0,7134500000.0,12.322963,6.75,41.854,248858460.0,BEPL.NS,0.003065502012877812,0.05209265509824926,0.1064910240318736,1
2017-06-30,17.7413550082607,34.772043374509174,17.360642552792918,34.315185546875,372183054,71538500000.0,15791000000.0,408318600000.0,612300000.0,199738900000.0,7134500000.0,12.322963,6.75,41.854,248858460.0,BEPL.NS,0.003065502012877812,0.05209265509824926,0.1064910240318736,1
2017-09-30,34.365946911426704,48.08297939820293,33.04613473472173,41.5412483215332,264189725,71538500000.0,15791000000.0,408318600000.0,612300000.0,199738900000.0,7134500000.0,12.322963,6.75,41.854,248858460.0,BEPL.NS,0.003065502012877812,0.05209265509824926,0.1064910240318736,1
2017-12-31,42.228516673440474,101.51135155128837,41.464890683276984,95.68233489990234,249698865,71538500000.0,15791000000.0,408318600000.0,612300000.0,199738900000.0,7134500000.0,12.322963,6.75,41.854,248858460.0,BEPL.NS,0.003065502012877812,0.05209265509824926,0.1064910240318736,0
2018-03-31,96.98049845401523,110.72578646371481,79.67165519986004,86.84971618652344,81212284,71538500000.0,15791000000.0,408318600000.0,612300000.0,199738900000.0,7134500000.0,12.322963,6.75,41.854,248858460.0,BEPL.NS,0.003065502012877812,0.05209265509824926,0.1064910240318736,0
2018-06-30,89.08968606241196,114.2893469788116,60.53007902748038,73.00263977050781,94084352,71538500000.0,15791000000.0,408318600000.0,612300000.0,199738900000.0,7134500000.0,12.322963,6.75,41.854,248858460.0,BEPL.NS,0.003065502012877812,0.05209265509824926,0.1064910240318736,0
2018-09-30,74.0208161880799,82.53783426062977,57.003807294809356,58.281917572021484,53151917,71538500000.0,15791000000.0,408318600000.0,612300000.0,199738900000.0,7134500000.0,12.322963,6.75,41.854,248858460.0,BEPL.NS,0.003065502012877812,0.05209265509824926,0.1064910240318736,0
2018-12-31,59.81565454847446,76.09881843440122,30.674705078569986,45.19405746459961,72104379,71538500000.0,15791000000.0,408318600000.0,612300000.0,199738900000.0,7134500000.0,12.322963,6.75,41.854,248858460.0,BEPL.NS,0.003065502012877812,0.05209265509824926,0.1064910240318736,0
2019-03-31,44.81063285139654,47.92921883719308,28.834208499744555,38.31781768798828,53426714,71538500000.0,15791000000.0,408318600000.0,612300000.0,199738900000.0,7134500000.0,12.322963,6.75,41.854,248858460.0,BEPL.NS,0.003065502012877812,0.05209265509824926,0.1064910240318736,0
2019-06-30,37.62763134744237,44.836186365246014,28.88534608320271,32.18287658691406,56339471,71538500000.0,15791000000.0,408318600000.0,612300000.0,199738900000.0,7134500000.0,12.322963,6.75,41.854,248858460.0,BEPL.NS,0.003065502012877812,0.05209265509824926,0.1064910240318736,0
2019-09-30,32.182872912720995,36.375075797785165,23.49170806805244,29.99675941467285,33376094,71538500000.0,15791000000.0,408318600000.0,612300000.0,199738900000.0,7134500000.0,12.322963,6.75,41.854,248858460.0,BEPL.NS,0.003065502012877812,0.05209265509824926,0.1064910240318736,0
2019-12-31,30.048298104946987,32.67688122895042,19.173184377203143,26.801227569580078,48953226,71538500000.0,15791000000.0,408318600000.0,612300000.0,199738900000.0,7134500000.0,12.322963,6.75,41.854,248858460.0,BEPL.NS,0.003065502012877812,0.05209265509824926,0.1064910240318736,0
2020-03-31,26.49198391781792,30.306004103609112,11.72553743034,14.869528770446777,47043660,71538500000.0,15791000000.0,408318600000.0,612300000.0,199738900000.0,7134500000.0,12.322963,6.75,41.854,248858460.0,BEPL.NS,0.003065502012877812,0.05209265509824926,0.1064910240318736,1
2020-06-30,15.204543226170609,25.770413043484094,14.586053959710298,23.73455047607422,49856614,71538500000.0,15791000000.0,408318600000.0,612300000.0,199738900000.0,7134500000.0,12.322963,6.75,41.854,248858460.0,BEPL.NS,0.003065502012877812,0.05209265509824926,0.1064910240318736,1
2020-09-30,23.88917583524327,39.955564521696076,18.683546965497623,37.69540023803711,106611944,71538500000.0,15791000000.0,408318600000.0,612300000.0,199738900000.0,7134500000.0,12.322963,6.75,41.854,248858460.0,BEPL.NS,0.003065502012877812,0.05209265509824926,0.1064910240318736,1
2020-12-31,37.95518060929968,77.39117057424667,37.95518060929968,75.8843994140625,100537422,71538500000.0,15791000000.0,408318600000.0,612300000.0,199738900000.0,7134500000.0,12.322963,6.75,41.854,248858460.0,BEPL.NS,0.003065502012877812,0.05209265509824926,0.1064910240318736,0
2021-03-31,76.2221258439481,93.52407722616863,65.33697122775308,72.81887817382812,103381258,71538500000.0,15791000000.0,408318600000.0,612300000.0,199738900000.0,7134500000.0,12.322963,6.75,41.854,248858460.0,BEPL.NS,0.003065502012877812,0.05209265509824926,0.1064910240318736,1
2021-06-30,73.72814238450705,102.1490826760349,73.70216387197303,92.14035034179688,156404671,71538500000.0,15791000000.0,408318600000.0,612300000.0,199738900000.0,7134500000.0,12.322963,6.75,41.854,248858460.0,BEPL.NS,0.003065502012877812,0.05209265509824926,0.1064910240318736,1
2021-09-30,92.81958333114078,109.46077537855899,84.32920249220071,96.92109680175781,149055729,71538500000.0,15791000000.0,408318600000.0,612300000.0,199738900000.0,7134500000.0,12.322963,6.75,41.854,248858460.0,BEPL.NS,0.003065502012877812,0.05209265509824926,0.1064910240318736,0
2021-12-31,95.71938442528833,116.25305593818126,81.99898974056262,87.61965942382812,84361891,71538500000.0,15791000000.0,408318600000.0,612300000.0,199738900000.0,7134500000.0,12.322963,6.75,41.854,248858460.0,BEPL.NS,0.003065502012877812,0.05209265509824926,0.1064910240318736,0
2022-03-31,88.14498636142869,95.76178854834731,64.6776855779211,67.13780975341797,57876832,71538500000.0,15791000000.0,408318600000.0,612300000.0,199738900000.0,7134500000.0,12.322963,6.75,41.854,248858460.0,BEPL.NS,0.003065502012877812,0.05209265509824926,0.1064910240318736,0
2022-06-30,67.34943319319798,76.58152781554388,51.9802140708892,56.99919891357422,29569221,71538500000.0,15791000000.0,408318600000.0,612300000.0,199738900000.0,7134500000.0,12.322963,6.75,41.854,248858460.0,BEPL.NS,0.003065502012877812,0.05209265509824926,0.1064910240318736,1
2022-09-30,56.99919564090647,74.56089424522881,55.90358076188148,62.934364318847656,35178852,71538500000.0,15791000000.0,408318600000.0,612300000.0,199738900000.0,7134500000.0,12.322963,6.75,41.854,248858460.0,BEPL.NS,0.003065502012877812,0.05209265509824926,0.1064910240318736,0
2022-12-31,63.12320105432539,66.98071925871835,55.04648810695724,58.36777877807617,16817904,71538500000.0,15791000000.0,408318600000.0,612300000.0,199738900000.0,7134500000.0,12.322963,6.75,41.854,248858460.0,BEPL.NS,0.003065502012877812,0.05209265509824926,0.1064910240318736,0
2023-03-31,58.36778876574472,69.58398472715936,47.39659407006651,53.358612060546875,54764072,71538500000.0,15791000000.0,408318600000.0,612300000.0,199738900000.0,7134500000.0,12.322963,6.75,41.854,248858460.0,BEPL.NS,0.003065502012877812,0.05209265509824926,0.1064910240318736,1
2023-06-30,54.44756468468019,90.87298105043064,54.25700110882805,79.06969451904297,86680320,71538500000.0,15791000000.0,408318600000.0,612300000.0,199738900000.0,7134500000.0,12.322963,6.75,41.854,248858460.0,BEPL.NS,0.003065502012877812,0.05209265509824926,0.1064910240318736,1
2023-09-30,79.6409329684305,91.59156678563413,75.31163842617289,80.32721710205078,44114314,71538500000.0,15791000000.0,408318600000.0,612300000.0,199738900000.0,7134500000.0,12.322963,6.75,41.854,248858460.0,BEPL.NS,0.003065502012877812,0.05209265509824926,0.1064910240318736,1
2023-12-31,80.28160135456874,101.252245458574,76.58681378652105,93.0376205444336,80765760,71538500000.0,15791000000.0,408318600000.0,612300000.0,199738900000.0,7134500000.0,12.322963,6.75,41.854,248858460.0,BEPL.NS,0.003065502012877812,0.05209265509824926,0.1064910240318736,0
2024-03-31,93.22220818099399,108.91308137040535,76.04315654838076,83.26539611816406,74342722,71538500000.0,15791000000.0,408318600000.0,612300000.0,199738900000.0,7134500000.0,12.322963,6.75,41.854,248858460.0,BEPL.NS,0.003065502012877812,0.05209265509824926,0.1064910240318736,1
2024-06-30,84.05750682064155,129.25703355497916,82.47327789279493,121.84542846679688,91964820,71538500000.0,15791000000.0,408318600000.0,612300000.0,199738900000.0,7134500000.0,12.322963,6.75,41.854,248858460.0,BEPL.NS,0.003065502012877812,0.05209265509824926,0.1064910240318736,1
2024-09-30,124.37232327786843,167.40345034391984,117.74978286851469,143.2576446533203,182578304,3669093000.0,463267000.0,12042098000.0,612300000.0,9722048000.0,2559899000.0,12.322963,6.75,41.854,248858460.0,BEPL.NS,0.003065502012877812,0.038470621979658365,0.04765117390903645,0
2024-12-31,143.2860211532021,155.01371250011806,110.96290225326814,130.40953063964844,70492825,3458361000.0,408399000.0,12042098000.0,612300000.0,9722048000.0,2559899000.0,12.322963,6.75,41.854,248858460.0,BEPL.NS,0.003065502012877812,0.038470621979658365,0.04765117390903645,0
2025-03-31,131.44807590087228,132.5533141970316,91.23940325246852,104.59877014160156,38473625,3449420000.0,394986000.0,11037508000.0,612300000.0,10020618000.0,3481414000.0,12.322963,6.75,41.854,248858460.0,BEPL.NS,0.003065502012877812,0.035785795126943507,0.039417329350345455,1
2025-06-30,104.10895730524237,118.89934992197007,86.43733015648239,112.65665435791016,30174822,3079088000.0,458916000.0,11037508000.0,612300000.0,10020618000.0,3481414000.0,12.322963,6.75,41.854,248858460.0,BEPL.NS,0.003065502012877812,0.035785795126943507,0.039417329350345455,0
2025-09-30,112.65664471717189,114.2797405411904,95.8967457165521,99.33141326904297,19951687,3079088000.0,458916000.0,11037508000.0,612300000.0,10020618000.0,3481414000.0,12.322963,6.75,41.854,248858460.0,BEPL.NS,0.003065502012877812,0.035785795126943507,0.039417329350345455,0
2025-12-31,99.33141263622811,100.66222338791528,84.12620372670311,89.65223693847656,16933777,3013903000.0,422218000.0,11037508000.0,612300000.0,10020618000.0,3481414000.0,12.322963,6.75,41.854,248858460.0,BEPL.NS,0.003065502012877812,0.035785795126943507,0.039417329350345455,0
2026-03-31,89.30623598721856,91.81717233233587,74.19999694824219,83.18000030517578,18402081,3013903000.0,422218000.0,11037508000.0,612300000.0,10020618000.0,3481414000.0,12.322963,6.75,41.854,248858460.0,BEPL.NS,0.003065502012877812,0.035785795126943507,0.039417329350345455,0
2016-03-31,129.4499969482422,132.8000030517578,115.0,121.0,505717,3013903000.0,422218000.0,11037508000.0,612300000.0,10020618000.0,3481414000.0,8.209621,43.65,1880.874,37667628.0,BFINVEST.NS,0.003065502012877812,0.035785795126943507,0.039417329350345455,0
2016-06-30,121.4000015258789,127.1500015258789,105.80000305175781,113.05000305175781,2565213,3013903000.0,422218000.0,11037508000.0,612300000.0,10020618000.0,3481414000.0,8.209621,43.65,1880.874,37667628.0,BFINVEST.NS,0.003065502012877812,0.035785795126943507,0.039417329350345455,1
2016-09-30,114.3499984741211,190.8000030517578,113.1500015258789,163.14999389648438,17666841,3013903000.0,422218000.0,11037508000.0,612300000.0,10020618000.0,3481414000.0,8.209621,43.65,1880.874,37667628.0,BFINVEST.NS,0.003065502012877812,0.035785795126943507,0.039417329350345455,0
2016-12-31,164.0,186.10000610351562,115.0999984741211,139.85000610351562,5722454,3013903000.0,422218000.0,11037508000.0,612300000.0,10020618000.0,3481414000.0,8.209621,43.65,1880.874,37667628.0,BFINVEST.NS,0.003065502012877812,0.035785795126943507,0.039417329350345455,1
2017-03-31,141.39999389648438,174.0,138.5,165.64999389648438,5016452,3013903000.0,422218000.0,11037508000.0,612300000.0,10020618000.0,3481414000.0,8.209621,43.65,1880.874,37667628.0,BFINVEST.NS,0.003065502012877812,0.035785795126943507,0.039417329350345455,1
2017-06-30,166.6999969482422,204.60000610351562,145.9499969482422,182.14999389648438,6179862,3013903000.0,422218000.0,11037508000.0,612300000.0,10020618000.0,3481414000.0,8.209621,43.65,1880.874,37667628.0,BFINVEST.NS,0.003065502012877812,0.035785795126943507,0.039417329350345455,1
2017-09-30,182.9499969482422,265.0,150.5500030517578,225.64999389648438,13090693,3013903000.0,422218000.0,11037508000.0,612300000.0,10020618000.0,3481414000.0,8.209621,43.65,1880.874,37667628.0,BFINVEST.NS,0.003065502012877812,0.035785795126943507,0.039417329350345455,1
2017-12-31,228.0,431.0,215.25,396.70001220703125,31730418,3013903000.0,422218000.0,11037508000.0,612300000.0,10020618000.0,3481414000.0,8.209621,43.65,1880.874,37667628.0,BFINVEST.NS,0.003065502012877812,0.035785795126943507,0.039417329350345455,0
2018-03-31,397.95001220703125,419.29998779296875,255.10000610351562,280.6499938964844,13406571,3013903000.0,422218000.0,11037508000.0,612300000.0,10020618000.0,3481414000.0,8.209621,43.65,1880.874,37667628.0,BFINVEST.NS,0.003065502012877812,0.035785795126943507,0.039417329350345455,0
2018-06-30,283.3999938964844,377.0,225.89999389648438,232.6999969482422,18685067,3013903000.0,422218000.0,11037508000.0,612300000.0,10020618000.0,3481414000.0,8.209621,43.65,1880.874,37667628.0,BFINVEST.NS,0.003065502012877812,0.035785795126943507,0.039417329350345455,1
2018-09-30,234.4499969482422,368.79998779296875,205.64999389648438,264.04998779296875,17891223,3013903000.0,422218000.0,11037508000.0,612300000.0,10020618000.0,3481414000.0,8.209621,43.65,1880.874,37667628.0,BFINVEST.NS,0.003065502012877812,0.035785795126943507,0.039417329350345455,0
2018-12-31,266.3999938964844,277.79998779296875,208.85000610351562,254.4499969482422,7383038,3013903000.0,422218000.0,11037508000.0,612300000.0,10020618000.0,3481414000.0,8.209621,43.65,1880.874,37667628.0,BFINVEST.NS,0.003065502012877812,0.035785795126943507,0.039417329350345455,1
2019-03-31,254.60000610351562,284.0,168.0500030517578,266.45001220703125,9430947,3013903000.0,422218000.0,11037508000.0,612300000.0,10020618000.0,3481414000.0,8.209621,43.65,1880.874,37667628.0,BFINVEST.NS,0.003065502012877812,0.035785795126943507,0.039417329350345455,0
2019-06-30,267.45001220703125,275.0,203.25,256.8500061035156,4408425,3013903000.0,422218000.0,11037508000.0,612300000.0,10020618000.0,3481414000.0,8.209621,43.65,1880.874,37667628.0,BFINVEST.NS,0.003065502012877812,0.035785795126943507,0.039417329350345455,1
2019-09-30,258.8500061035156,302.0,219.6999969482422,282.75,6459713,3013903000.0,422218000.0,11037508000.0,612300000.0,10020618000.0,3481414000.0,8.209621,43.65,1880.874,37667628.0,BFINVEST.NS,0.003065502012877812,0.035785795126943507,0.039417329350345455,1
2019-12-31,281.04998779296875,377.0,268.04998779296875,319.45001220703125,10935438,3013903000.0,422218000.0,11037508000.0,612300000.0,10020618000.0,3481414000.0,8.209621,43.65,1880.874,37667628.0,BFINVEST.NS,0.003065502012877812,0.035785795126943507,0.039417329350345455,0
2020-03-31,320.20001220703125,352.8999938964844,151.0,226.8000030517578,3216743,3013903000.0,422218000.0,11037508000.0,612300000.0,10020618000.0,3481414000.0,8.209621,43.65,1880.874,37667628.0,BFINVEST.NS,0.003065502012877812,0.035785795126943507,0.039417329350345455,1
2020-06-30,228.39999389648438,348.45001220703125,224.0,307.75,1100801,3013903000.0,422218000.0,11037508000.0,612300000.0,10020618000.0,3481414000.0,8.209621,43.65,1880.874,37667628.0,BFINVEST.NS,0.003065502012877812,0.035785795126943507,0.039417329350345455,0
2020-09-30,307.8500061035156,368.5,258.29998779296875,278.8999938964844,5193785,3013903000.0,422218000.0,11037508000.0,612300000.0,10020618000.0,3481414000.0,8.209621,43.65,1880.874,37667628.0,BFINVEST.NS,0.003065502012877812,0.035785795126943507,0.039417329350345455,1
2020-12-31,282.0,327.79998779296875,252.9499969482422,297.95001220703125,2847934,3013903000.0,422218000.0,11037508000.0,612300000.0,10020618000.0,3481414000.0,8.209621,43.65,1880.874,37667628.0,BFINVEST.NS,0.003065502012877812,0.035785795126943507,0.039417329350345455,0
2021-03-31,299.3500061035156,331.1000061035156,265.1000061035156,275.5,2341011,3013903000.0,422218000.0,11037508000.0,612300000.0,10020618000.0,3481414000.0,8.209621,43.65,1880.874,37667628.0,BFINVEST.NS,0.003065502012877812,0.035785795126943507,0.039417329350345455,1
2021-06-30,276.8999938964844,422.8999938964844,265.8999938964844,364.5,11463342,3013903000.0,422218000.0,11037508000.0,612300000.0,10020618000.0,3481414000.0,8.209621,43.65,1880.874,37667628.0,BFINVEST.NS,0.003065502012877812,0.035785795126943507,0.039417329350345455,0
2021-09-30,366.3999938964844,445.0,311.1499938964844,359.1000061035156,5452897,3013903000.0,422218000.0,11037508000.0,612300000.0,10020618000.0,3481414000.0,8.209621,43.65,1880.874,37667628.0,BFINVEST.NS,0.003065502012877812,0.035785795126943507,0.039417329350345455,0
2021-12-31,357.79998779296875,397.0,290.70001220703125,321.8999938964844,1930598,3013903000.0,422218000.0,11037508000.0,612300000.0,10020618000.0,3481414000.0,8.209621,43.65,1880.874,37667628.0,BFINVEST.NS,0.003065502012877812,0.035785795126943507,0.039417329350345455,0
2022-03-31,322.8999938964844,372.54998779296875,255.8000030517578,272.20001220703125,1556734,3013903000.0,422218000.0,11037508000.0,612300000.0,10020618000.0,3481414000.0,8.209621,43.65,1880.874,37667628.0,BFINVEST.NS,0.003065502012877812,0.035785795126943507,0.039417329350345455,0
2022-06-30,273.1499938964844,342.95001220703125,235.6999969482422,254.25,1306077,3013903000.0,422218000.0,11037508000.0,612300000.0,10020618000.0,3481414000.0,8.209621,43.65,1880.874,37667628.0,BFINVEST.NS,0.003065502012877812,0.035785795126943507,0.039417329350345455,1
2022-09-30,253.14999389648438,333.0,250.0500030517578,285.8500061035156,2835537,3013903000.0,422218000.0,11037508000.0,612300000.0,10020618000.0,3481414000.0,8.209621,43.65,1880.874,37667628.0,BFINVEST.NS,0.003065502012877812,0.035785795126943507,0.039417329350345455,1
2022-12-31,283.0,331.95001220703125,260.0,292.1000061035156,1564643,3013903000.0,422218000.0,11037508000.0,612300000.0,10020618000.0,3481414000.0,8.209621,43.65,1880.874,37667628.0,BFINVEST.NS,0.003065502012877812,0.035785795126943507,0.039417329350345455,1
2023-03-31,350.5,560.0,303.79998779296875,398.8500061035156,8398335,3013903000.0,422218000.0,11037508000.0,612300000.0,10020618000.0,3481414000.0,8.209621,43.65,1880.874,37667628.0,BFINVEST.NS,0.003065502012877812,0.035785795126943507,0.039417329350345455,0
2023-06-30,397.70001220703125,453.95001220703125,368.0,378.95001220703125,2082101,3013903000.0,422218000.0,11037508000.0,612300000.0,10020618000.0,3481414000.0,8.209621,43.65,1880.874,37667628.0,BFINVEST.NS,0.003065502012877812,0.035785795126943507,0.039417329350345455,1
2023-09-30,378.95001220703125,567.0,373.5,516.1500244140625,10779511,3013903000.0,422218000.0,11037508000.0,612300000.0,10020618000.0,3481414000.0,8.209621,43.65,1880.874,37667628.0,BFINVEST.NS,0.003065502012877812,0.035785795126943507,0.039417329350345455,1
2023-12-31,518.75,578.9500122070312,447.0,534.5,5081568,3013903000.0,422218000.0,11037508000.0,612300000.0,10020618000.0,3481414000.0,8.209621,43.65,1880.874,37667628.0,BFINVEST.NS,0.003065502012877812,0.035785795126943507,0.039417329350345455,0
2024-03-31,535.4000244140625,650.0,493.0,520.4000244140625,10284699,3013903000.0,422218000.0,11037508000.0,612300000.0,10020618000.0,3481414000.0,8.209621,43.65,1880.874,37667628.0,BFINVEST.NS,0.003065502012877812,0.035785795126943507,0.039417329350345455,1
2024-06-30,520.9500122070312,721.7000122070312,500.20001220703125,686.8499755859375,9322286,3013903000.0,422218000.0,11037508000.0,612300000.0,10020618000.0,3481414000.0,8.209621,43.65,1880.874,37667628.0,BFINVEST.NS,0.003065502012877812,0.035785795126943507,0.039417329350345455,0
2024-09-30,689.7000122070312,728.0,554.0,618.0999755859375,4751805,3013903000.0,422218000.0,87739930000.0,612300000.0,79811150000.0,1260560000.0,8.209621,43.65,1880.874,37667628.0,BFINVEST.NS,0.003065502012877812,0.035785795126943507,0.039417329350345455,1
2024-12-31,620.9000244140625,829.0,597.25,683.6500244140625,9370546,129000000.0,69920000.0,87739930000.0,612300000.0,79811150000.0,1260560000.0,8.209621,43.65,1880.874,37667628.0,BFINVEST.NS,0.003065502012877812,0.035785795126943507,0.039417329350345455,0
2025-03-31,684.7000122070312,704.75,406.0,486.1000061035156,2266849,7510000.0,-33270000.0,75997900000.0,612300000.0,68998900000.0,72980000.0,8.209621,43.65,1880.874,37667628.0,BFINVEST.NS,0.003065502012877812,-0.00043777525431623767,-0.0004821815999965217,1
2025-06-30,485.0,562.4500122070312,459.0,498.1000061035156,3243890,73880000.0,384380000.0,75997900000.0,612300000.0,68998900000.0,72980000.0,8.209621,43.65,1880.874,37667628.0,BFINVEST.NS,0.003065502012877812,-0.00043777525431623767,-0.0004821815999965217,0
2025-09-30,499.6000061035156,528.0,444.75,452.0,5196980,176390000.0,399530000.0,77976150000.0,612300000.0,70826160000.0,1012740000.0,8.209621,43.65,1880.874,37667628.0,BFINVEST.NS,0.003065502012877812,0.005123746171104883,0.005640994796273015,0
2025-12-31,452.5,498.5,394.54998779296875,412.1000061035156,1620909,138660000.0,893840000.0,77976150000.0,612300000.0,70826160000.0,1012740000.0,8.209621,43.65,1880.874,37667628.0,BFINVEST.NS,0.003065502012877812,0.005123746171104883,0.005640994796273015,0
2026-03-31,413.3999938964844,429.0,352.79998779296875,358.3500061035156,1025097,138660000.0,893840000.0,77976150000.0,612300000.0,70826160000.0,1012740000.0,8.209621,43.65,1880.874,37667628.0,BFINVEST.NS,0.003065502012877812,0.005123746171104883,0.005640994796273015,0
2016-03-31,5967.889878225158,6126.5848969815,5713.015508405266,5818.8125,74968,138660000.0,893840000.0,77976150000.0,612300000.0,70826160000.0,1012740000.0,46.14954,107.13,687.572,23727934.0,BLUEDART.NS,0.003065502012877812,0.005123746171104883,0.005640994796273015,0
2016-06-30,5818.812064041713,6172.894603724243,5059.000544727508,5733.83984375,359313,138660000.0,893840000.0,77976150000.0,612300000.0,70826160000.0,1012740000.0,46.14954,107.13,687.572,23727934.0,BLUEDART.NS,0.003065502012877812,0.005123746171104883,0.005640994796273015,0
2016-09-30,5734.1755964347685,5882.290726248329,4724.730879648832,5299.03515625,593521,138660000.0,893840000.0,77976150000.0,612300000.0,70826160000.0,1012740000.0,46.14954,107.13,687.572,23727934.0,BLUEDART.NS,0.003065502012877812,0.005123746171104883,0.005640994796273015,0
2016-12-31,5350.11998222407,5432.280630651201,4030.713588811927,4238.96728515625,405703,138660000.0,893840000.0,77976150000.0,612300000.0,70826160000.0,1012740000.0,46.14954,107.13,687.572,23727934.0,BLUEDART.NS,0.003065502012877812,0.005123746171104883,0.005640994796273015,1
2017-03-31,4238.967843731574,5122.969747832101,4021.676082468242,5029.69287109375,659199,138660000.0,893840000.0,77976150000.0,612300000.0,70826160000.0,1012740000.0,46.14954,107.13,687.572,23727934.0,BLUEDART.NS,0.003065502012877812,0.005123746171104883,0.005640994796273015,0
2017-06-30,5050.427290370533,5113.304312456171,4025.8327923823945,4552.048828125,517879,138660000.0,893840000.0,77976150000.0,612300000.0,70826160000.0,1012740000.0,46.14954,107.13,687.572,23727934.0,BLUEDART.NS,0.003065502012877812,0.005123746171104883,0.005640994796273015,0
2017-09-30,4639.670805256965,4831.056691633309,3713.8533591821642,4012.27099609375,579079,138660000.0,893840000.0,77976150000.0,612300000.0,70826160000.0,1012740000.0,46.14954,107.13,687.572,23727934.0,BLUEDART.NS,0.003065502012877812,0.005123746171104883,0.005640994796273015,1
2017-12-31,3991.2283822739987,4576.863743372905,3837.680827103222,4414.7822265625,759035,138660000.0,893840000.0,77976150000.0,612300000.0,70826160000.0,1012740000.0,46.14954,107.13,687.572,23727934.0,BLUEDART.NS,0.003065502012877812,0.005123746171104883,0.005640994796273015,0
2018-03-31,4414.783168880891,4677.709853150979,3592.643705301617,3654.46044921875,643765,138660000.0,893840000.0,77976150000.0,612300000.0,70826160000.0,1012740000.0,46.14954,107.13,687.572,23727934.0,BLUEDART.NS,0.003065502012877812,0.005123746171104883,0.005640994796273015,0
2018-06-30,3693.005292524885,3917.387752793949,3117.648863082156,3548.23291015625,728055,138660000.0,893840000.0,77976150000.0,612300000.0,70826160000.0,1012740000.0,46.14954,107.13,687.572,23727934.0,BLUEDART.NS,0.003065502012877812,0.005123746171104883,0.005640994796273015,0
2018-09-30,3581.4926493335174,3814.4664400249544,2846.253406776643,2917.580078125,312060,138660000.0,893840000.0,77976150000.0,612300000.0,70826160000.0,1012740000.0,46.14954,107.13,687.572,23727934.0,BLUEDART.NS,0.003065502012877812,0.005123746171104883,0.005640994796273015,1
2018-12-31,2875.4459202256135,3298.7350440400205,2549.464881988693,3280.684326171875,574820,138660000.0,893840000.0,77976150000.0,612300000.0,70826160000.0,1012740000.0,46.14954,107.13,687.572,23727934.0,BLUEDART.NS,0.003065502012877812,0.005123746171104883,0.005640994796273015,1
2019-03-31,3318.147714584924,3600.389304321656,2807.3794235355604,3496.90234375,357224,138660000.0,893840000.0,77976150000.0,612300000.0,70826160000.0,1012740000.0,46.14954,107.13,687.572,23727934.0,BLUEDART.NS,0.003065502012877812,0.005123746171104883,0.005640994796273015,0
2019-06-30,3541.0313090979885,3545.361459255605,2573.4994653913936,2612.812255859375,215136,138660000.0,893840000.0,77976150000.0,612300000.0,70826160000.0,1012740000.0,46.14954,107.13,687.572,23727934.0,BLUEDART.NS,0.003065502012877812,0.005123746171104883,0.005640994796273015,0
2019-09-30,2602.9843210967324,2673.0459462600134,2101.9291301164253,2429.956298828125,471371,138660000.0,893840000.0,77976150000.0,612300000.0,70826160000.0,1012740000.0,46.14954,107.13,687.572,23727934.0,BLUEDART.NS,0.003065502012877812,0.005123746171104883,0.005640994796273015,0
2019-12-31,2435.6294384622756,2592.1360764671126,1971.9796715744599,2136.311279296875,611011,138660000.0,893840000.0,77976150000.0,612300000.0,70826160000.0,1012740000.0,46.14954,107.13,687.572,23727934.0,BLUEDART.NS,0.003065502012877812,0.005123746171104883,0.005640994796273015,1
2020-03-31,2142.864817575836,3374.6676580911208,1782.558038528177,2151.03271484375,972464,138660000.0,893840000.0,77976150000.0,612300000.0,70826160000.0,1012740000.0,46.14954,107.13,687.572,23727934.0,BLUEDART.NS,0.003065502012877812,0.005123746171104883,0.005640994796273015,0
2020-06-30,2150.005493193554,2445.4113594492037,1882.1841391617734,1997.5098876953125,631339,138660000.0,893840000.0,77976150000.0,612300000.0,70826160000.0,1012740000.0,46.14954,107.13,687.572,23727934.0,BLUEDART.NS,0.003065502012877812,0.005123746171104883,0.005640994796273015,1
2020-09-30,1998.3901075906363,3215.226842403543,1832.15098756611,3104.05859375,4035304,138660000.0,893840000.0,77976150000.0,612300000.0,70826160000.0,1012740000.0,46.14954,107.13,687.572,23727934.0,BLUEDART.NS,0.003065502012877812,0.005123746171104883,0.005640994796273015,1
2020-12-31,3109.5852111848626,4205.911511923375,2839.7097005631485,4007.784423828125,2548405,138660000.0,893840000.0,77976150000.0,612300000.0,70826160000.0,1012740000.0,46.14954,107.13,687.572,23727934.0,BLUEDART.NS,0.003065502012877812,0.005123746171104883,0.005640994796273015,1
2021-03-31,4029.842228390565,5717.3714726764065,3736.63729799513,5452.63134765625,2908355,138660000.0,893840000.0,77976150000.0,612300000.0,70826160000.0,1012740000.0,46.14954,107.13,687.572,23727934.0,BLUEDART.NS,0.003065502012877812,0.005123746171104883,0.005640994796273015,1
2021-06-30,5544.236615188942,6042.611830646747,4843.871267791597,5670.56640625,2160024,138660000.0,893840000.0,77976150000.0,612300000.0,70826160000.0,1012740000.0,46.14954,107.13,687.572,23727934.0,BLUEDART.NS,0.003065502012877812,0.005123746171104883,0.005640994796273015,1
2021-09-30,5693.895707798433,6491.238562265372,5204.072444881987,6381.30224609375,2189801,138660000.0,893840000.0,77976150000.0,612300000.0,70826160000.0,1012740000.0,46.14954,107.13,687.572,23727934.0,BLUEDART.NS,0.003065502012877812,0.005123746171104883,0.005640994796273015,0
2021-12-31,6374.535483656037,7134.575854572771,5818.921045798119,6200.95166015625,1382825,138660000.0,893840000.0,77976150000.0,612300000.0,70826160000.0,1012740000.0,46.14954,107.13,687.572,23727934.0,BLUEDART.NS,0.003065502012877812,0.005123746171104883,0.005640994796273015,1
2022-03-31,6200.952030831246,7355.233283805063,5341.166500295373,6755.8955078125,979726,138660000.0,893840000.0,77976150000.0,612300000.0,70826160000.0,1012740000.0,46.14954,107.13,687.572,23727934.0,BLUEDART.NS,0.003065502012877812,0.005123746171104883,0.005640994796273015,1
2022-06-30,6694.610201450269,7757.872055873022,6194.384633670473,7681.228515625,1075870,138660000.0,893840000.0,77976150000.0,612300000.0,70826160000.0,1012740000.0,46.14954,107.13,687.572,23727934.0,BLUEDART.NS,0.003065502012877812,0.005123746171104883,0.005640994796273015,1
2022-09-30,7728.337061270565,9175.479909886979,7605.274232168272,8751.6572265625,1925885,138660000.0,893840000.0,77976150000.0,612300000.0,70826160000.0,1012740000.0,46.14954,107.13,687.572,23727934.0,BLUEDART.NS,0.003065502012877812,0.005123746171104883,0.005640994796273015,0
2022-12-31,8738.457404773057,9531.425476143846,6897.380205594486,7619.25634765625,1684189,138660000.0,893840000.0,77976150000.0,612300000.0,70826160000.0,1012740000.0,46.14954,107.13,687.572,23727934.0,BLUEDART.NS,0.003065502012877812,0.005123746171104883,0.005640994796273015,0
2023-03-31,7627.116944943235,7849.582761978784,5661.013228838267,6142.9736328125,1465635,138660000.0,893840000.0,77976150000.0,612300000.0,70826160000.0,1012740000.0,46.14954,107.13,687.572,23727934.0,BLUEDART.NS,0.003065502012877812,0.005123746171104883,0.005640994796273015,1
2023-06-30,6120.282039665704,7266.6233968648385,5568.319505968758,7163.94287109375,1423681,138660000.0,893840000.0,77976150000.0,612300000.0,70826160000.0,1012740000.0,46.14954,107.13,687.572,23727934.0,BLUEDART.NS,0.003065502012877812,0.005123746171104883,0.005640994796273015,0
2023-09-30,7114.160224073614,7395.752681925692,6105.686425511298,6639.81005859375,1349490,138660000.0,893840000.0,77976150000.0,612300000.0,70826160000.0,1012740000.0,46.14954,107.13,687.572,23727934.0,BLUEDART.NS,0.003065502012877812,0.005123746171104883,0.005640994796273015,1
2023-12-31,6931.642664162115,7589.467465949056,6256.294077474906,7309.400390625,984081,138660000.0,893840000.0,77976150000.0,612300000.0,70826160000.0,1012740000.0,46.14954,107.13,687.572,23727934.0,BLUEDART.NS,0.003065502012877812,0.005123746171104883,0.005640994796273015,0
2024-03-31,7316.896025318725,7445.959642495163,5447.0667775491465,6139.39208984375,1313802,138660000.0,893840000.0,77976150000.0,612300000.0,70826160000.0,1012740000.0,46.14954,107.13,687.572,23727934.0,BLUEDART.NS,0.003065502012877812,0.005123746171104883,0.005640994796273015,1
2024-06-30,6203.973433031261,8120.860845539467,5832.667797930224,7914.01220703125,2348635,138660000.0,893840000.0,77976150000.0,612300000.0,70826160000.0,1012740000.0,46.14954,107.13,687.572,23727934.0,BLUEDART.NS,0.003065502012877812,0.005123746171104883,0.005640994796273015,1
2024-09-30,7922.500862336324,9447.758265914965,7504.529179139797,8169.298828125,2926037,14484600000.0,628400000.0,35855400000.0,10966000000.0,14248400000.0,1263600000.0,46.14954,107.13,687.572,23727934.0,BLUEDART.NS,0.76963027427641,0.017525951460588923,0.04410319755200584,0
2024-12-31,8363.756218438788,8995.966016621933,6436.109286639647,6937.38720703125,1720907,15116900000.0,810100000.0,35855400000.0,10966000000.0,14248400000.0,1263600000.0,46.14954,107.13,687.572,23727934.0,BLUEDART.NS,0.76963027427641,0.017525951460588923,0.04410319755200584,0
2025-03-31,6798.688036894291,6999.617608926311,5560.5036302828785,6110.0224609375,1394282,14173200000.0,551500000.0,36627600000.0,10075300000.0,15590400000.0,1663200000.0,46.14954,107.13,687.572,23727934.0,BLUEDART.NS,0.6462502565681445,0.015056951588419661,0.035374332922824304,1
2025-06-30,6113.507415137557,7193.825784823618,5341.851324003666,6361.9306640625,679389,14419200000.0,488300000.0,36627600000.0,10075300000.0,15590400000.0,1663200000.0,46.14954,107.13,687.572,23727934.0,BLUEDART.NS,0.6462502565681445,0.015056951588419661,0.035374332922824304,0
2025-09-30,6382.342377834478,7049.451550628618,5475.0,5703.0,3031147,14419200000.0,488300000.0,36627600000.0,10075300000.0,15590400000.0,1663200000.0,46.14954,107.13,687.572,23727934.0,BLUEDART.NS,0.6462502565681445,0.015056951588419661,0.035374332922824304,0
2025-12-31,5781.0,7036.0,5242.5,5521.0,9371881,16161600000.0,683300000.0,36627600000.0,10075300000.0,15590400000.0,1663200000.0,46.14954,107.13,687.572,23727934.0,BLUEDART.NS,0.6462502565681445,0.015056951588419661,0.035374332922824304,0
2026-03-31,5612.0,6039.5,4901.0,4944.0,1550962,16161600000.0,683300000.0,36627600000.0,10075300000.0,15590400000.0,1663200000.0,46.14954,107.13,687.572,23727934.0,BLUEDART.NS,0.6462502565681445,0.015056951588419661,0.035374332922824304,0
2016-03-31,18163.480764846357,18929.684305010946,17970.127582510897,18735.4296875,127452,16161600000.0,683300000.0,36627600000.0,10075300000.0,15590400000.0,1663200000.0,31.490047,936.01,4752.635,29493640.0,BOSCHLTD.NS,0.6462502565681445,0.015056951588419661,0.035374332922824304,1
2016-06-30,18771.936581564183,20900.71255829516,16991.649873336628,20494.19921875,1100489,16161600000.0,683300000.0,36627600000.0,10075300000.0,15590400000.0,1663200000.0,31.490047,936.01,4752.635,29493640.0,BOSCHLTD.NS,0.6462502565681445,0.015056951588419661,0.035374332922824304,1
2016-09-30,20540.574910614978,23228.812833305325,20020.270606877697,20629.115234375,977917,16161600000.0,683300000.0,36627600000.0,10075300000.0,15590400000.0,1663200000.0,31.490047,936.01,4752.635,29493640.0,BOSCHLTD.NS,0.6462502565681445,0.015056951588419661,0.035374332922824304,0
2016-12-31,20748.694464402368,21309.718670714687,15990.518252348691,19047.4921875,909383,16161600000.0,683300000.0,36627600000.0,10075300000.0,15590400000.0,1663200000.0,31.490047,936.01,4752.635,29493640.0,BOSCHLTD.NS,0.6462502565681445,0.015056951588419661,0.035374332922824304,1
2017-03-31,19183.270382012077,21716.90856390146,18115.52164036064,20657.064453125,1049447,16161600000.0,683300000.0,36627600000.0,10075300000.0,15590400000.0,1663200000.0,31.490047,936.01,4752.635,29493640.0,BOSCHLTD.NS,0.6462502565681445,0.015056951588419661,0.035374332922824304,1
2017-06-30,20556.0580193941,23003.37241425596,20275.95277767608,21260.119140625,891969,16161600000.0,683300000.0,36627600000.0,10075300000.0,15590400000.0,1663200000.0,31.490047,936.01,4752.635,29493640.0,BOSCHLTD.NS,0.6462502565681445,0.015056951588419661,0.035374332922824304,0
2017-09-30,21260.120487098946,22948.687628909098,18637.835398514948,18724.5078125,823148,16161600000.0,683300000.0,36627600000.0,10075300000.0,15590400000.0,1663200000.0,31.490047,936.01,4752.635,29493640.0,BOSCHLTD.NS,0.6462502565681445,0.015056951588419661,0.035374332922824304,0
2017-12-31,19079.857346179135,20272.224013244824,17136.28255258257,18378.591796875,1160169,16161600000.0,683300000.0,36627600000.0,10075300000.0,15590400000.0,1663200000.0,31.490047,936.01,4752.635,29493640.0,BOSCHLTD.NS,0.6462502565681445,0.015056951588419661,0.035374332922824304,0
2018-03-31,18378.088350535596,18792.768747237493,15470.771221269486,16420.9375,1138447,16161600000.0,683300000.0,36627600000.0,10075300000.0,15590400000.0,1663200000.0,31.490047,936.01,4752.635,29493640.0,BOSCHLTD.NS,0.6462502565681445,0.015056951588419661,0.035374332922824304,0
2018-06-30,16678.356779975693,18499.30653393665,15714.976142351878,16042.9365234375,993794,16161600000.0,683300000.0,36627600000.0,10075300000.0,15590400000.0,1663200000.0,31.490047,936.01,4752.635,29493640.0,BOSCHLTD.NS,0.6462502565681445,0.015056951588419661,0.035374332922824304,1
2018-09-30,16079.633439881438,20523.288136246556,15806.64687457095,18263.98828125,1136479,16161600000.0,683300000.0,36627600000.0,10075300000.0,15590400000.0,1663200000.0,31.490047,936.01,4752.635,29493640.0,BOSCHLTD.NS,0.6462502565681445,0.015056951588419661,0.035374332922824304,0
2018-12-31,18141.121647278953,18782.472684243894,16138.318113354486,17968.140625,1596162,16161600000.0,683300000.0,36627600000.0,10075300000.0,15590400000.0,1663200000.0,31.490047,936.01,4752.635,29493640.0,BOSCHLTD.NS,0.6462502565681445,0.015056951588419661,0.035374332922824304,0
2019-03-31,18040.01811540718,18086.10334886829,16092.686203933092,16387.619140625,896119,16161600000.0,683300000.0,36627600000.0,10075300000.0,15590400000.0,1663200000.0,31.490047,936.01,4752.635,29493640.0,BOSCHLTD.NS,0.6462502565681445,0.015056951588419661,0.035374332922824304,0
2019-06-30,16766.794290734982,16899.603274050667,14713.459081975036,14969.76953125,857012,16161600000.0,683300000.0,36627600000.0,10075300000.0,15590400000.0,1663200000.0,31.490047,936.01,4752.635,29493640.0,BOSCHLTD.NS,0.6462502565681445,0.015056951588419661,0.035374332922824304,0
2019-09-30,15116.685436806096,15565.631841744855,11726.979333780602,12986.19921875,1054314,16161600000.0,683300000.0,36627600000.0,10075300000.0,15590400000.0,1663200000.0,31.490047,936.01,4752.635,29493640.0,BOSCHLTD.NS,0.6462502565681445,0.015056951588419661,0.035374332922824304,1
2019-12-31,12989.615295133288,15937.888483910601,11760.175217969816,14196.662109375,1316496,16161600000.0,683300000.0,36627600000.0,10075300000.0,15590400000.0,1663200000.0,31.490047,936.01,4752.635,29493640.0,BOSCHLTD.NS,0.6462502565681445,0.015056951588419661,0.035374332922824304,0
2020-03-31,14219.7953683176,14358.622767217334,7248.567105813733,8675.703125,1378270,16161600000.0,683300000.0,36627600000.0,10075300000.0,15590400000.0,1663200000.0,31.490047,936.01,4752.635,29493640.0,BOSCHLTD.NS,0.6462502565681445,0.015056951588419661,0.035374332922824304,1
2020-06-30,8678.88887818599,10942.102930577701,8042.674063079778,10543.29296875,2665000,16161600000.0,683300000.0,36627600000.0,10075300000.0,15590400000.0,1663200000.0,31.490047,936.01,4752.635,29493640.0,BOSCHLTD.NS,0.6462502565681445,0.015056951588419661,0.035374332922824304,1
2020-09-30,10549.665537005347,13707.666322663745,10295.734856683555,12780.71875,4582090,16161600000.0,683300000.0,36627600000.0,10075300000.0,15590400000.0,1663200000.0,31.490047,936.01,4752.635,29493640.0,BOSCHLTD.NS,0.6462502565681445,0.015056951588419661,0.035374332922824304,0
2020-12-31,12808.878492485328,13074.312876724262,10486.15608265131,11901.3857421875,6477665,16161600000.0,683300000.0,36627600000.0,10075300000.0,15590400000.0,1663200000.0,31.490047,936.01,4752.635,29493640.0,BOSCHLTD.NS,0.6462502565681445,0.015056951588419661,0.035374332922824304,1
2021-03-31,11927.077397432566,15666.378777588849,11896.359099288862,13114.2919921875,4110165,16161600000.0,683300000.0,36627600000.0,10075300000.0,15590400000.0,1663200000.0,31.490047,936.01,4752.635,29493640.0,BOSCHLTD.NS,0.6462502565681445,0.015056951588419661,0.035374332922824304,1
2021-06-30,13260.018109456147,15126.432422235313,12310.588449255862,13986.2724609375,2895695,16161600000.0,683300000.0,36627600000.0,10075300000.0,15590400000.0,1663200000.0,31.490047,936.01,4752.635,29493640.0,BOSCHLTD.NS,0.6462502565681445,0.015056951588419661,0.035374332922824304,1
2021-09-30,14055.94748542673,15221.299637214905,12579.260265780973,14513.6484375,2789716,16161600000.0,683300000.0,36627600000.0,10075300000.0,15590400000.0,1663200000.0,31.490047,936.01,4752.635,29493640.0,BOSCHLTD.NS,0.6462502565681445,0.015056951588419661,0.035374332922824304,1
2021-12-31,14468.723701255134,18054.719645913614,14256.19311396493,16244.7919921875,3803822,16161600000.0,683300000.0,36627600000.0,10075300000.0,15590400000.0,1663200000.0,31.490047,936.01,4752.635,29493640.0,BOSCHLTD.NS,0.6462502565681445,0.015056951588419661,0.035374332922824304,0
2022-03-31,16244.79398441828,16816.632467993328,13004.884021295342,13541.978515625,1947707,16161600000.0,683300000.0,36627600000.0,10075300000.0,15590400000.0,1663200000.0,31.490047,936.01,4752.635,29493640.0,BOSCHLTD.NS,0.6462502565681445,0.015056951588419661,0.035374332922824304,1
2022-06-30,13524.625193249163,14725.147113422092,12129.44210174073,14283.955078125,1438883,16161600000.0,683300000.0,36627600000.0,10075300000.0,15590400000.0,1663200000.0,31.490047,936.01,4752.635,29493640.0,BOSCHLTD.NS,0.6462502565681445,0.015056951588419661,0.035374332922824304,1
2022-09-30,14324.65897341125,17315.243805500064,14257.64530998984,15025.6513671875,2760512,16161600000.0,683300000.0,36627600000.0,10075300000.0,15590400000.0,1663200000.0,31.490047,936.01,4752.635,29493640.0,BOSCHLTD.NS,0.6462502565681445,0.015056951588419661,0.035374332922824304,1
2022-12-31,15101.895702028942,17004.51687320024,14625.421518235496,16402.67578125,1653816,16161600000.0,683300000.0,36627600000.0,10075300000.0,15590400000.0,1663200000.0,31.490047,936.01,4752.635,29493640.0,BOSCHLTD.NS,0.6462502565681445,0.015056951588419661,0.035374332922824304,1
2023-03-31,16472.651397500296,18734.401189478904,15549.345264791858,18604.6875,1389621,16161600000.0,683300000.0,36627600000.0,10075300000.0,15590400000.0,1663200000.0,31.490047,936.01,4752.635,29493640.0,BOSCHLTD.NS,0.6462502565681445,0.015056951588419661,0.035374332922824304,0
2023-06-30,18729.646667208024,19066.203505788595,17524.897303961123,18290.07421875,1445767,16161600000.0,683300000.0,36627600000.0,10075300000.0,15590400000.0,1663200000.0,31.490047,936.01,4752.635,29493640.0,BOSCHLTD.NS,0.6462502565681445,0.015056951588419661,0.035374332922824304,1
2023-09-30,18345.49796288729,19251.48365806259,17478.591284743092,18539.6640625,1616862,16161600000.0,683300000.0,36627600000.0,10075300000.0,15590400000.0,1663200000.0,31.490047,936.01,4752.635,29493640.0,BOSCHLTD.NS,0.6462502565681445,0.015056951588419661,0.035374332922824304,1
2023-12-31,18578.947531686357,21737.175566260914,18130.557582713696,21643.404296875,1601689,16161600000.0,683300000.0,36627600000.0,10075300000.0,15590400000.0,1663200000.0,31.490047,936.01,4752.635,29493640.0,BOSCHLTD.NS,0.6462502565681445,0.015056951588419661,0.035374332922824304,1
2024-03-31,21738.14950009255,30584.235323963163,21543.1961170377,29485.85546875,2252245,16161600000.0,683300000.0,36627600000.0,10075300000.0,15590400000.0,1663200000.0,31.490047,936.01,4752.635,29493640.0,BOSCHLTD.NS,0.6462502565681445,0.015056951588419661,0.035374332922824304,1
2024-06-30,29504.311131169536,36011.83155922216,27000.52958931578,33465.3359375,3812250,16161600000.0,683300000.0,36627600000.0,10075300000.0,15590400000.0,1663200000.0,31.490047,936.01,4752.635,29493640.0,BOSCHLTD.NS,0.6462502565681445,0.015056951588419661,0.035374332922824304,1
2024-09-30,33382.523167800835,37668.63425242905,30486.221974575656,37174.34375,2260751,16161600000.0,683300000.0,185167000000.0,314000000.0,127330000000.0,2607000000.0,31.490047,936.01,4752.635,29493640.0,BOSCHLTD.NS,0.002466033142228854,0.015056951588419661,0.035374332922824304,0
2024-12-31,37195.16421781939,38565.36495593775,32390.870343773993,33643.56640625,1583391,44657000000.0,4587000000.0,185167000000.0,314000000.0,127330000000.0,2607000000.0,31.490047,936.01,4752.635,29493640.0,BOSCHLTD.NS,0.002466033142228854,0.015056951588419661,0.035374332922824304,0
2025-03-31,33664.08902265329,34451.64815671482,25656.770357994592,27978.703125,1519314,45052000000.0,5535000000.0,202411000000.0,1183000000.0,138133000000.0,3529000000.0,31.490047,936.01,4752.635,29493640.0,BOSCHLTD.NS,0.008564209855718765,0.027345351784240975,0.04007007738918289,1
2025-06-30,27723.86470283008,32454.50571803043,25574.485652963936,32242.384765625,1435169,47886000000.0,11161000000.0,202411000000.0,1183000000.0,138133000000.0,3529000000.0,31.490047,936.01,4752.635,29493640.0,BOSCHLTD.NS,0.008564209855718765,0.027345351784240975,0.04007007738918289,1
2025-09-30,32222.653580960854,41945.0,31689.884660761258,38145.0,2728855,47948000000.0,5545000000.0,203233000000.0,1091000000.0,140170000000.0,1085000000.0,31.490047,936.01,4752.635,29493640.0,BOSCHLTD.NS,0.0077834058643076265,0.027283954869533982,0.039559106798887064,0
2025-12-31,38145.0,39520.0,34990.0,36040.0,1257552,48856000000.0,5326000000.0,203233000000.0,1091000000.0,140170000000.0,1085000000.0,31.490047,936.01,4752.635,29493640.0,BOSCHLTD.NS,0.0077834058643076265,0.027283954869533982,0.039559106798887064,0
2026-03-31,36040.0,39600.0,29250.0,29475.0,1436861,48856000000.0,5326000000.0,203233000000.0,1091000000.0,140170000000.0,1085000000.0,31.490047,936.01,4752.635,29493640.0,BOSCHLTD.NS,0.0077834058643076265,0.027283954869533982,0.039559106798887064,0
2016-03-31,88.99941223999531,94.62542924914169,86.83799626387409,91.70116424560547,741722,48856000000.0,5326000000.0,203233000000.0,1091000000.0,140170000000.0,1085000000.0,20.693037,30.59,265.258,244593464.0,BRIGADE.NS,0.0077834058643076265,0.027283954869533982,0.039559106798887064,1
2016-06-30,93.9579422848867,120.08560814803225,85.82085363713573,101.99967193603516,8031795,48856000000.0,5326000000.0,203233000000.0,1091000000.0,140170000000.0,1085000000.0,20.693037,30.59,265.258,244593464.0,BRIGADE.NS,0.0077834058643076265,0.027283954869533982,0.039559106798887064,1
2016-09-30,102.03145663093078,120.08562641498554,99.17075043317159,110.32746887207031,6581493,48856000000.0,5326000000.0,203233000000.0,1091000000.0,140170000000.0,1085000000.0,20.693037,30.59,265.258,244593464.0,BRIGADE.NS,0.0077834058643076265,0.027283954869533982,0.039559106798887064,0
2016-12-31,110.61353713146835,119.44992221308577,88.96761168440783,95.42007446289062,2497988,48856000000.0,5326000000.0,203233000000.0,1091000000.0,140170000000.0,1085000000.0,20.693037,30.59,265.258,244593464.0,BRIGADE.NS,0.0077834058643076265,0.027283954869533982,0.039559106798887064,1
2017-03-31,95.99219868308528,157.91037168111077,95.03863377141515,147.1986541748047,15169178,48856000000.0,5326000000.0,203233000000.0,1091000000.0,140170000000.0,1085000000.0,20.693037,30.59,265.258,244593464.0,BRIGADE.NS,0.0077834058643076265,0.027283954869533982,0.039559106798887064,1
2017-06-30,147.4847087855345,192.9379743692427,145.00543423548683,164.2674560546875,15137806,48856000000.0,5326000000.0,203233000000.0,1091000000.0,140170000000.0,1085000000.0,20.693037,30.59,265.258,244593464.0,BRIGADE.NS,0.0077834058643076265,0.027283954869533982,0.039559106798887064,0
2017-09-30,167.70030396887802,187.53443668636572,151.9346899629187,160.1673126220703,8601817,48856000000.0,5326000000.0,203233000000.0,1091000000.0,140170000000.0,1085000000.0,20.693037,30.59,265.258,244593464.0,BRIGADE.NS,0.0077834058643076265,0.027283954869533982,0.039559106798887064,1
2017-12-31,157.3438384880026,208.1020109111155,154.71289818448452,202.1663360595703,14104159,48856000000.0,5326000000.0,203233000000.0,1091000000.0,140170000000.0,1085000000.0,20.693037,30.59,265.258,244593464.0,BRIGADE.NS,0.0077834058643076265,0.027283954869533982,0.039559106798887064,0
2018-03-31,206.6261025614953,208.48702181154826,157.21550650490704,157.6326141357422,5279127,48856000000.0,5326000000.0,203233000000.0,1091000000.0,140170000000.0,1085000000.0,20.693037,30.59,265.258,244593464.0,BRIGADE.NS,0.0077834058643076265,0.027283954869533982,0.039559106798887064,0
2018-06-30,157.85721404689914,198.28403253492786,134.7882324309539,136.1357879638672,8804926,48856000000.0,5326000000.0,203233000000.0,1091000000.0,140170000000.0,1085000000.0,20.693037,30.59,265.258,244593464.0,BRIGADE.NS,0.0077834058643076265,0.027283954869533982,0.039559106798887064,0
2018-09-30,136.58496220548105,144.56816684122902,114.35023200726238,123.1422348022461,8200040,48856000000.0,5326000000.0,203233000000.0,1091000000.0,140170000000.0,1085000000.0,20.693037,30.59,265.258,244593464.0,BRIGADE.NS,0.0077834058643076265,0.027283954869533982,0.039559106798887064,1
2018-12-31,123.2070553442295,158.7332347200665,101.45701153714717,141.2943115234375,7502725,48856000000.0,5326000000.0,203233000000.0,1091000000.0,140170000000.0,1085000000.0,20.693037,30.59,265.258,244593464.0,BRIGADE.NS,0.0077834058643076265,0.027283954869533982,0.039559106798887064,1
2019-03-31,142.49362738678573,167.90649944790295,121.58635312204773,157.371826171875,14499001,48856000000.0,5326000000.0,203233000000.0,1091000000.0,140170000000.0,1085000000.0,20.693037,30.59,265.258,244593464.0,BRIGADE.NS,0.0077834058643076265,0.027283954869533982,0.039559106798887064,1
2019-06-30,163.82228400531312,173.74108991372066,141.975004578152,167.38787841796875,6612939,48856000000.0,5326000000.0,203233000000.0,1091000000.0,140170000000.0,1085000000.0,20.693037,30.59,265.258,244593464.0,BRIGADE.NS,0.0077834058643076265,0.027283954869533982,0.039559106798887064,1
2019-09-30,166.60993130302742,218.41285952745724,164.1140246869483,210.92022705078125,10824919,48856000000.0,5326000000.0,203233000000.0,1091000000.0,140170000000.0,1085000000.0,20.693037,30.59,265.258,244593464.0,BRIGADE.NS,0.0077834058643076265,0.027283954869533982,0.039559106798887064,1
2019-12-31,214.49513789818295,219.0005262532344,182.66364985433043,214.0054168701172,7464582,48856000000.0,5326000000.0,203233000000.0,1091000000.0,140170000000.0,1085000000.0,20.693037,30.59,265.258,244593464.0,BRIGADE.NS,0.0077834058643076265,0.027283954869533982,0.039559106798887064,0
2020-03-31,215.47456289572602,249.65666867931833,106.16208415568208,128.29150390625,12644147,48856000000.0,5326000000.0,203233000000.0,1091000000.0,140170000000.0,1085000000.0,20.693037,30.59,265.258,244593464.0,BRIGADE.NS,0.0077834058643076265,0.027283954869533982,0.039559106798887064,1
2020-06-30,130.01651097942226,155.74382371276405,89.20769234706741,134.00868225097656,18682596,48856000000.0,5326000000.0,203233000000.0,1091000000.0,140170000000.0,1085000000.0,20.693037,30.59,265.258,244593464.0,BRIGADE.NS,0.0077834058643076265,0.027283954869533982,0.039559106798887064,1
2020-09-30,135.4872621596674,182.8511240080737,127.89723158905488,160.5738525390625,24658302,48856000000.0,5326000000.0,203233000000.0,1091000000.0,140170000000.0,1085000000.0,20.693037,30.59,265.258,244593464.0,BRIGADE.NS,0.0077834058643076265,0.027283954869533982,0.039559106798887064,1
2020-12-31,160.86956201316792,251.35867206067735,154.6595311391503,245.54293823242188,18840095,48856000000.0,5326000000.0,203233000000.0,1091000000.0,140170000000.0,1085000000.0,20.693037,30.59,265.258,244593464.0,BRIGADE.NS,0.0077834058643076265,0.027283954869533982,0.039559106798887064,1
2021-03-31,245.54294948701107,298.9689949883214,218.23848067217912,273.8824157714844,17876581,48856000000.0,5326000000.0,203233000000.0,1091000000.0,140170000000.0,1085000000.0,20.693037,30.59,265.258,244593464.0,BRIGADE.NS,0.0077834058643076265,0.027283954869533982,0.039559106798887064,1
2021-06-30,276.9874578292968,295.6175767852891,229.72213410962206,275.70599365234375,21784435,48856000000.0,5326000000.0,203233000000.0,1091000000.0,140170000000.0,1085000000.0,20.693037,30.59,265.258,244593464.0,BRIGADE.NS,0.0077834058643076265,0.027283954869533982,0.039559106798887064,1
2021-09-30,275.0159581864841,434.3287711438305,269.05236252376073,405.6373596191406,59910913,48856000000.0,5326000000.0,203233000000.0,1091000000.0,140170000000.0,1085000000.0,20.693037,30.59,265.258,244593464.0,BRIGADE.NS,0.0077834058643076265,0.027283954869533982,0.039559106798887064,1
2021-12-31,406.7751231575869,523.1732448904818,397.326719318428,485.0829162597656,42044872,48856000000.0,5326000000.0,203233000000.0,1091000000.0,140170000000.0,1085000000.0,20.693037,30.59,265.258,244593464.0,BRIGADE.NS,0.0077834058643076265,0.027283954869533982,0.039559106798887064,1
2022-03-31,486.4680288329319,548.7976611459369,423.9404752133294,511.3503723144531,35141094,48856000000.0,5326000000.0,203233000000.0,1091000000.0,140170000000.0,1085000000.0,20.693037,30.59,265.258,244593464.0,BRIGADE.NS,0.0077834058643076265,0.027283954869533982,0.039559106798887064,0
2022-06-30,509.3222229690995,524.8056508294302,372.1475269764093,439.67132568359375,19305709,48856000000.0,5326000000.0,203233000000.0,1091000000.0,140170000000.0,1085000000.0,20.693037,30.59,265.258,244593464.0,BRIGADE.NS,0.0077834058643076265,0.027283954869533982,0.039559106798887064,1
2022-09-30,434.3287285058107,580.5776801583525,429.6293006226109,504.8545227050781,16113783,48856000000.0,5326000000.0,203233000000.0,1091000000.0,140170000000.0,1085000000.0,20.693037,30.59,265.258,244593464.0,BRIGADE.NS,0.0077834058643076265,0.027283954869533982,0.039559106798887064,0
2022-12-31,501.2816907623111,522.8176433313556,441.2390464360445,461.5344543457031,13518588,48856000000.0,5326000000.0,203233000000.0,1091000000.0,140170000000.0,1085000000.0,20.693037,30.59,265.258,244593464.0,BRIGADE.NS,0.0077834058643076265,0.027283954869533982,0.039559106798887064,1
2023-03-31,463.4697374353175,505.7477128680058,427.44413740593427,471.1115417480469,8604745,48856000000.0,5326000000.0,203233000000.0,1091000000.0,140170000000.0,1085000000.0,20.693037,30.59,265.258,244593464.0,BRIGADE.NS,0.0077834058643076265,0.027283954869533982,0.039559106798887064,1
2023-06-30,471.40925566938824,603.0565058213247,461.8321950021246,570.851806640625,10980127,48856000000.0,5326000000.0,203233000000.0,1091000000.0,140170000000.0,1085000000.0,20.693037,30.59,265.258,244593464.0,BRIGADE.NS,0.0077834058643076265,0.027283954869533982,0.039559106798887064,0
2023-09-30,568.6684046057666,647.2650384679303,545.9414666629906,565.504150390625,12623230,48856000000.0,5326000000.0,203233000000.0,1091000000.0,140170000000.0,1085000000.0,20.693037,30.59,265.258,244593464.0,BRIGADE.NS,0.0077834058643076265,0.027283954869533982,0.039559106798887064,1
2023-12-31,565.7033567415474,931.0876653276982,565.7033567415474,893.0454711914062,29045988,48856000000.0,5326000000.0,203233000000.0,1091000000.0,140170000000.0,1085000000.0,20.693037,30.59,265.258,244593464.0,BRIGADE.NS,0.0077834058643076265,0.027283954869533982,0.039559106798887064,1
2024-03-31,894.2903083905675,1103.422895699924,823.5836377563758,931.4362182617188,29979082,48856000000.0,5326000000.0,203233000000.0,1091000000.0,140170000000.0,1085000000.0,20.693037,30.59,265.258,244593464.0,BRIGADE.NS,0.0077834058643076265,0.027283954869533982,0.039559106798887064,1
2024-06-30,937.7600385454919,1447.0972053568223,931.6354200757205,1342.8297119140625,34239212,48856000000.0,5326000000.0,203233000000.0,1091000000.0,140170000000.0,1085000000.0,20.693037,30.59,265.258,244593464.0,BRIGADE.NS,0.0077834058643076265,0.027283954869533982,0.039559106798887064,1
2024-09-30,1353.136853486112,1444.9823046160402,1087.00335318999,1413.41357421875,29472486,10721600000.0,1189800000.0,206401500000.0,53851500000.0,51521400000.0,7006600000.0,20.693037,30.59,265.258,244593464.0,BRIGADE.NS,1.0452258673095063,0.005764492990603266,0.0230933165636027,0
2024-12-31,1420.3457409219616,1433.3123804107154,1046.3579757962464,1239.8101806640625,21989986,14639400000.0,2362400000.0,206401500000.0,53851500000.0,51521400000.0,7006600000.0,20.693037,30.59,265.258,244593464.0,BRIGADE.NS,1.0452258673095063,0.005764492990603266,0.0230933165636027,0
2025-03-31,1239.8101912246198,1310.9770877667638,912.502282478882,974.1437377929688,20291096,14202200000.0,2468200000.0,220900400000.0,59495000000.0,56384500000.0,12992200000.0,20.693037,30.59,265.258,244593464.0,BRIGADE.NS,1.05516587005294,0.011173361388209346,0.04377444155752024,1
2025-06-30,982.1730541743494,1328.5817361047257,849.813578590405,1106.9520263671875,22433241,12811400000.0,1498800000.0,220900400000.0,59495000000.0,56384500000.0,12992200000.0,20.693037,30.59,265.258,244593464.0,BRIGADE.NS,1.05516587005294,0.011173361388209346,0.04377444155752024,0
2025-09-30,1108.0492734166528,1139.0694059971272,880.1500244140625,896.0499877929688,25387054,12811400000.0,1498800000.0,220900400000.0,59495000000.0,56384500000.0,12992200000.0,20.693037,30.59,265.258,244593464.0,BRIGADE.NS,1.05516587005294,0.011173361388209346,0.04377444155752024,0
2025-12-31,896.0999755859375,1069.3499755859375,838.5,885.0,19549327,15751100000.0,1865200000.0,220900400000.0,59495000000.0,56384500000.0,12992200000.0,20.693037,30.59,265.258,244593464.0,BRIGADE.NS,1.05516587005294,0.011173361388209346,0.04377444155752024,0
2026-03-31,885.9500122070312,905.0,601.0,633.0,21511594,15751100000.0,1865200000.0,220900400000.0,59495000000.0,56384500000.0,12992200000.0,20.693037,30.59,265.258,244593464.0,BRIGADE.NS,1.05516587005294,0.011173361388209346,0.04377444155752024,0
2016-03-31,193.1897963013063,217.95623121713137,190.79783612430845,214.94070434570312,1693840,15751100000.0,1865200000.0,220900400000.0,59495000000.0,56384500000.0,12992200000.0,11.063277,73.17,410.225,133154125.0,CANFINHOME.NS,1.05516587005294,0.011173361388209346,0.04377444155752024,1
2016-06-30,215.5549686638579,246.60381155520943,201.4080216309522,227.51473999023438,12038460,15751100000.0,1865200000.0,220900400000.0,59495000000.0,56384500000.0,12992200000.0,11.063277,73.17,410.225,133154125.0,CANFINHOME.NS,1.05516587005294,0.011173361388209346,0.04377444155752024,1
2016-09-30,228.94810257161677,335.5933485841558,222.41508082796923,305.0371398925781,16908995,15751100000.0,1865200000.0,220900400000.0,59495000000.0,56384500000.0,12992200000.0,11.063277,73.17,410.225,133154125.0,CANFINHOME.NS,1.05516587005294,0.011173361388209346,0.04377444155752024,0
2016-12-31,309.6918246272901,354.7097827296628,236.47320556640625,296.769287109375,25064935,15751100000.0,1865200000.0,220900400000.0,59495000000.0,56384500000.0,12992200000.0,11.063277,73.17,410.225,133154125.0,CANFINHOME.NS,1.05516587005294,0.011173361388209346,0.04377444155752024,1
2017-03-31,301.33959378406104,404.64525494778616,301.33959378406104,398.1793212890625,26085850,15751100000.0,1865200000.0,220900400000.0,59495000000.0,56384500000.0,12992200000.0,11.063277,73.17,410.225,133154125.0,CANFINHOME.NS,1.05516587005294,0.011173361388209346,0.04377444155752024,1
2017-06-30,400.7225046367866,627.0673601392946,394.82897573759266,608.7166748046875,47280070,15751100000.0,1865200000.0,220900400000.0,59495000000.0,56384500000.0,12992200000.0,11.063277,73.17,410.225,133154125.0,CANFINHOME.NS,1.05516587005294,0.011173361388209346,0.04377444155752024,0
2017-09-30,607.6715774337438,618.3297147305128,478.47313495336135,499.87432861328125,29635130,15751100000.0,1865200000.0,220900400000.0,59495000000.0,56384500000.0,12992200000.0,11.063277,73.17,410.225,133154125.0,CANFINHOME.NS,1.05516587005294,0.011173361388209346,0.04377444155752024,0
2017-12-31,506.1544788366601,531.6892235244998,405.6636200708894,445.2083435058594,45928086,15751100000.0,1865200000.0,220900400000.0,59495000000.0,56384500000.0,12992200000.0,11.063277,73.17,410.225,133154125.0,CANFINHOME.NS,1.05516587005294,0.011173361388209346,0.04377444155752024,1
2018-03-31,444.4080771732923,524.9100141286045,378.970861044802,456.1773376464844,87974455,15751100000.0,1865200000.0,220900400000.0,59495000000.0,56384500000.0,12992200000.0,11.063277,73.17,410.225,133154125.0,CANFINHOME.NS,1.05516587005294,0.011173361388209346,0.04377444155752024,0
2018-06-30,434.9926455299684,436.87573057555267,315.3584137814165,321.8435974121094,70157774,15751100000.0,1865200000.0,220900400000.0,59495000000.0,56384500000.0,12992200000.0,11.063277,73.17,410.225,133154125.0,CANFINHOME.NS,1.05516587005294,0.011173361388209346,0.04377444155752024,0
2018-09-30,322.45893695955334,356.92023905842217,211.12258054116555,224.94496154785156,63002242,15751100000.0,1865200000.0,220900400000.0,59495000000.0,56384500000.0,12992200000.0,11.063277,73.17,410.225,133154125.0,CANFINHOME.NS,1.05516587005294,0.011173361388209346,0.04377444155752024,1
2018-12-31,224.37688414259136,281.55987679913795,204.96879270401257,273.5126037597656,100615787,15751100000.0,1865200000.0,220900400000.0,59495000000.0,56384500000.0,12992200000.0,11.063277,73.17,410.225,133154125.0,CANFINHOME.NS,1.05516587005294,0.011173361388209346,0.04377444155752024,1
2019-03-31,270.3409917053724,328.9914099059584,223.00414799392706,327.47662353515625,90438632,15751100000.0,1865200000.0,220900400000.0,59495000000.0,56384500000.0,12992200000.0,11.063277,73.17,410.225,133154125.0,CANFINHOME.NS,1.05516587005294,0.011173361388209346,0.04377444155752024,1
2019-06-30,331.5949454189777,352.6125564302561,288.0449959915463,337.46478271484375,71440973,15751100000.0,1865200000.0,220900400000.0,59495000000.0,56384500000.0,12992200000.0,11.063277,73.17,410.225,133154125.0,CANFINHOME.NS,1.05516587005294,0.011173361388209346,0.04377444155752024,1
2019-09-30,338.93213895636745,404.3119038715342,335.1451703962707,374.37164306640625,22722681,15751100000.0,1865200000.0,220900400000.0,59495000000.0,56384500000.0,12992200000.0,11.063277,73.17,410.225,133154125.0,CANFINHOME.NS,1.05516587005294,0.011173361388209346,0.04377444155752024,0
2019-12-31,372.8008414523782,412.8797730888759,350.80976818518604,374.1811828613281,19251854,15751100000.0,1865200000.0,220900400000.0,59495000000.0,56384500000.0,12992200000.0,11.063277,73.17,410.225,133154125.0,CANFINHOME.NS,1.05516587005294,0.011173361388209346,0.04377444155752024,0
2020-03-31,376.03758490366795,494.0849192374753,251.42161791589663,265.6539306640625,46525018,15751100000.0,1865200000.0,220900400000.0,59495000000.0,56384500000.0,12992200000.0,11.063277,73.17,410.225,133154125.0,CANFINHOME.NS,1.05516587005294,0.011173361388209346,0.04377444155752024,1
2020-06-30,261.9887502573837,356.99774484621463,241.1400998820441,321.6311340332031,34898086,15751100000.0,1865200000.0,220900400000.0,59495000000.0,56384500000.0,12992200000.0,11.063277,73.17,410.225,133154125.0,CANFINHOME.NS,1.05516587005294,0.011173361388209346,0.04377444155752024,1
2020-09-30,321.6787092609012,439.8277050171022,315.252750910111,397.9507141113281,40856289,15751100000.0,1865200000.0,220900400000.0,59495000000.0,56384500000.0,12992200000.0,11.063277,73.17,410.225,133154125.0,CANFINHOME.NS,1.05516587005294,0.011173361388209346,0.04377444155752024,1
2020-12-31,399.9608759951034,491.94653684887084,394.2656108051456,478.01947021484375,26574438,15751100000.0,1865200000.0,220900400000.0,59495000000.0,56384500000.0,12992200000.0,11.063277,73.17,410.225,133154125.0,CANFINHOME.NS,1.05516587005294,0.011173361388209346,0.04377444155752024,1
2021-03-31,470.1226715018814,593.2648531125625,435.7596620523826,587.4738159179688,46615055,15751100000.0,1865200000.0,220900400000.0,59495000000.0,56384500000.0,12992200000.0,11.063277,73.17,410.225,133154125.0,CANFINHOME.NS,1.05516587005294,0.011173361388209346,0.04377444155752024,0
2021-06-30,590.5847796720243,593.3606472240868,468.25615865063514,501.13555908203125,38651012,15751100000.0,1865200000.0,220900400000.0,59495000000.0,56384500000.0,12992200000.0,11.063277,73.17,410.225,133154125.0,CANFINHOME.NS,1.05516587005294,0.011173361388209346,0.04377444155752024,1
2021-09-30,501.1355264381351,663.9706628033322,472.5625226946148,659.9349365234375,93436023,15751100000.0,1865200000.0,220900400000.0,59495000000.0,56384500000.0,12992200000.0,11.063277,73.17,410.225,133154125.0,CANFINHOME.NS,1.05516587005294,0.011173361388209346,0.04377444155752024,0
2021-12-31,659.3583197403054,693.757992447492,497.97791897868177,532.7913208007812,67941362,15751100000.0,1865200000.0,220900400000.0,59495000000.0,56384500000.0,12992200000.0,11.063277,73.17,410.225,133154125.0,CANFINHOME.NS,1.05516587005294,0.011173361388209346,0.04377444155752024,1
2022-03-31,534.7665889088701,645.5259065686809,501.2352422563543,608.4295043945312,47756188,15751100000.0,1865200000.0,220900400000.0,59495000000.0,56384500000.0,12992200000.0,11.063277,73.17,410.225,133154125.0,CANFINHOME.NS,1.05516587005294,0.011173361388209346,0.04377444155752024,0
2022-06-30,609.4893463854627,660.0272392900521,391.82493817806375,410.8067626953125,58134882,15751100000.0,1865200000.0,220900400000.0,59495000000.0,56384500000.0,12992200000.0,11.063277,73.17,410.225,133154125.0,CANFINHOME.NS,1.05516587005294,0.011173361388209346,0.04377444155752024,1
2022-09-30,412.2521081860275,654.9073413774933,409.21695192548367,463.423828125,99261936,15751100000.0,1865200000.0,220900400000.0,59495000000.0,56384500000.0,12992200000.0,11.063277,73.17,410.225,133154125.0,CANFINHOME.NS,1.05516587005294,0.011173361388209346,0.04377444155752024,1
2022-12-31,465.25894919229285,549.5792451873752,458.78761732593796,518.1988525390625,60078073,15751100000.0,1865200000.0,220900400000.0,59495000000.0,56384500000.0,12992200000.0,11.063277,73.17,410.225,133154125.0,CANFINHOME.NS,1.05516587005294,0.011173361388209346,0.04377444155752024,0
2023-03-31,519.7969618967452,587.0111663825787,492.53354841770613,512.5331420898438,43853795,15751100000.0,1865200000.0,220900400000.0,59495000000.0,56384500000.0,12992200000.0,11.063277,73.17,410.225,133154125.0,CANFINHOME.NS,1.05516587005294,0.011173361388209346,0.04377444155752024,1
2023-06-30,516.0681692342108,774.3202216479166,513.5016649419173,754.7979125976562,43479308,15751100000.0,1865200000.0,220900400000.0,59495000000.0,56384500000.0,12992200000.0,11.063277,73.17,410.225,133154125.0,CANFINHOME.NS,1.05516587005294,0.011173361388209346,0.04377444155752024,0
2023-09-30,755.9632250645788,883.4054003850192,679.7405675309008,742.612060546875,72178623,15751100000.0,1865200000.0,220900400000.0,59495000000.0,56384500000.0,12992200000.0,11.063277,73.17,410.225,133154125.0,CANFINHOME.NS,1.05516587005294,0.011173361388209346,0.04377444155752024,1
2023-12-31,742.5635486966221,818.543364953905,671.972726795805,757.0380859375,47430598,15751100000.0,1865200000.0,220900400000.0,59495000000.0,56384500000.0,12992200000.0,11.063277,73.17,410.225,133154125.0,CANFINHOME.NS,1.05516587005294,0.011173361388209346,0.04377444155752024,0
2024-03-31,757.0380432590815,837.1079291016766,683.344456423095,732.9927368164062,41023634,15751100000.0,1865200000.0,220900400000.0,59495000000.0,56384500000.0,12992200000.0,11.063277,73.17,410.225,133154125.0,CANFINHOME.NS,1.05516587005294,0.011173361388209346,0.04377444155752024,1
2024-06-30,734.014930096738,902.8674457666716,661.9762186881009,890.942138671875,50981993,15751100000.0,1865200000.0,220900400000.0,59495000000.0,56384500000.0,12992200000.0,11.063277,73.17,410.225,133154125.0,CANFINHOME.NS,1.05516587005294,0.011173361388209346,0.04377444155752024,0
2024-09-30,904.181682566649,930.7173143863047,749.4143402085377,872.5321655273438,51967444,3392183000.0,2114898000.0,391869846000.0,336026819000.0,47015772000.0,4581725000.0,11.063277,73.17,410.225,133154125.0,CANFINHOME.NS,7.147108400134321,0.0053969398809011705,0.044982734729954024,0
2024-12-31,879.7686618942782,904.998495853647,705.9367598578438,747.8969116210938,38274972,3446362000.0,2121202000.0,391869846000.0,336026819000.0,47015772000.0,4581725000.0,11.063277,73.17,410.225,133154125.0,CANFINHOME.NS,7.147108400134321,0.0053969398809011705,0.044982734729954024,0
2025-03-31,740.7558392786509,746.6164952957758,550.1125546527941,659.3963623046875,39047397,3580716000.0,2339150000.0,409673338000.0,348638672000.0,50674937000.0,56145000.0,11.063277,73.17,410.225,133154125.0,CANFINHOME.NS,6.8799034126080905,0.005709793103499452,0.046159899517980656,1
2025-06-30,656.7860788241377,805.4691146319676,605.7640251694719,780.9923706054688,21746120,3716241000.0,2238733000.0,409673338000.0,348638672000.0,50674937000.0,56145000.0,11.063277,73.17,410.225,133154125.0,CANFINHOME.NS,6.8799034126080905,0.005709793103499452,0.046159899517980656,0
2025-09-30,781.2878903418083,817.6546130968015,703.2285752291756,757.4147338867188,12979514,3716241000.0,2238733000.0,409673338000.0,348638672000.0,50674937000.0,56145000.0,11.063277,73.17,410.225,133154125.0,CANFINHOME.NS,6.8799034126080905,0.005709793103499452,0.046159899517980656,1
2025-12-31,757.8613265919095,971.5,748.2844522773999,930.0499877929688,18748804,4277786000.0,2647794000.0,409673338000.0,348638672000.0,50674937000.0,56145000.0,11.063277,73.17,410.225,133154125.0,CANFINHOME.NS,6.8799034126080905,0.005709793103499452,0.046159899517980656,0
2026-03-31,933.7000122070312,964.9000244140625,772.0,809.5,10341343,4277786000.0,2647794000.0,409673338000.0,348638672000.0,50674937000.0,56145000.0,11.063277,73.17,410.225,133154125.0,CANFINHOME.NS,6.8799034126080905,0.005709793103499452,0.046159899517980656,0
2016-03-31,195.3546307651192,196.55313284276608,189.84156245301307,193.715087890625,231525,4277786000.0,2647794000.0,409673338000.0,348638672000.0,50674937000.0,56145000.0,19.413883,80.53,405.843,76011696.0,CAPLIPOINT.NS,6.8799034126080905,0.005709793103499452,0.046159899517980656,0
2016-06-30,193.48499224647685,214.57849210172677,176.418441343499,190.57984924316406,3521555,4277786000.0,2647794000.0,409673338000.0,348638672000.0,50674937000.0,56145000.0,19.413883,80.53,405.843,76011696.0,CAPLIPOINT.NS,6.8799034126080905,0.005709793103499452,0.046159899517980656,1
2016-09-30,189.26628359709798,267.3215278451368,189.26628359709798,250.26296997070312,4422960,4277786000.0,2647794000.0,409673338000.0,348638672000.0,50674937000.0,56145000.0,19.413883,80.53,405.843,76011696.0,CAPLIPOINT.NS,6.8799034126080905,0.005709793103499452,0.046159899517980656,1
2016-12-31,253.85930627754885,410.5982065611697,253.09004739060356,329.968994140625,6440994,4277786000.0,2647794000.0,409673338000.0,348638672000.0,50674937000.0,56145000.0,19.413883,80.53,405.843,76011696.0,CAPLIPOINT.NS,6.8799034126080905,0.005709793103499452,0.046159899517980656,1
2017-03-31,330.0170940439725,442.2825820232363,315.40096079153557,373.4327392578125,3517534,4277786000.0,2647794000.0,409673338000.0,348638672000.0,50674937000.0,56145000.0,19.413883,80.53,405.843,76011696.0,CAPLIPOINT.NS,6.8799034126080905,0.005709793103499452,0.046159899517980656,1
2017-06-30,373.4327948777503,607.6756230554903,366.36507547245355,531.4697265625,9270728,4277786000.0,2647794000.0,409673338000.0,348638672000.0,50674937000.0,56145000.0,19.413883,80.53,405.843,76011696.0,CAPLIPOINT.NS,6.8799034126080905,0.005709793103499452,0.046159899517980656,1
2017-09-30,529.9312770964149,754.6544732053563,529.9312770964149,665.8203125,9472768,4277786000.0,2647794000.0,409673338000.0,348638672000.0,50674937000.0,56145000.0,19.413883,80.53,405.843,76011696.0,CAPLIPOINT.NS,6.8799034126080905,0.005709793103499452,0.046159899517980656,0
2017-12-31,668.8565048778297,701.5788630809898,585.0023464905142,608.6165161132812,2671855,4277786000.0,2647794000.0,409673338000.0,348638672000.0,50674937000.0,56145000.0,19.413883,80.53,405.843,76011696.0,CAPLIPOINT.NS,6.8799034126080905,0.005709793103499452,0.046159899517980656,0
2018-03-31,611.4597780659371,666.9768425298405,502.64230623688763,548.9548950195312,2943463,4277786000.0,2647794000.0,409673338000.0,348638672000.0,50674937000.0,56145000.0,19.413883,80.53,405.843,76011696.0,CAPLIPOINT.NS,6.8799034126080905,0.005709793103499452,0.046159899517980656,0
2018-06-30,554.0149441066883,600.4719811436324,323.8982510976845,412.6197204589844,4536422,4277786000.0,2647794000.0,409673338000.0,348638672000.0,50674937000.0,56145000.0,19.413883,80.53,405.843,76011696.0,CAPLIPOINT.NS,6.8799034126080905,0.005709793103499452,0.046159899517980656,0
2018-09-30,419.2702028221077,518.4494015680284,354.25924441993016,397.663818359375,3961673,4277786000.0,2647794000.0,409673338000.0,348638672000.0,50674937000.0,56145000.0,19.413883,80.53,405.843,76011696.0,CAPLIPOINT.NS,6.8799034126080905,0.005709793103499452,0.046159899517980656,0
2018-12-31,398.679861852548,473.9161680220317,366.8435748660454,369.6497497558594,1640420,4277786000.0,2647794000.0,409673338000.0,348638672000.0,50674937000.0,56145000.0,19.413883,80.53,405.843,76011696.0,CAPLIPOINT.NS,6.8799034126080905,0.005709793103499452,0.046159899517980656,1
2019-03-31,370.3271789550781,433.5160173475448,286.47853719187066,387.7935485839844,2989432,4277786000.0,2647794000.0,409673338000.0,348638672000.0,50674937000.0,56145000.0,19.413883,80.53,405.843,76011696.0,CAPLIPOINT.NS,6.8799034126080905,0.005709793103499452,0.046159899517980656,1
2019-06-30,391.90620855725103,451.8049116664808,310.62195575511856,436.3221740722656,2719548,4277786000.0,2647794000.0,409673338000.0,348638672000.0,50674937000.0,56145000.0,19.413883,80.53,405.843,76011696.0,CAPLIPOINT.NS,6.8799034126080905,0.005709793103499452,0.046159899517980656,0
2019-09-30,444.74093273795836,444.74093273795836,370.6657883504412,412.62591552734375,1686541,4277786000.0,2647794000.0,409673338000.0,348638672000.0,50674937000.0,56145000.0,19.413883,80.53,405.843,76011696.0,CAPLIPOINT.NS,6.8799034126080905,0.005709793103499452,0.046159899517980656,0
2019-12-31,418.1703993438878,427.02210955208966,272.45764518384516,292.6415100097656,4403658,4277786000.0,2647794000.0,409673338000.0,348638672000.0,50674937000.0,56145000.0,19.413883,80.53,405.843,76011696.0,CAPLIPOINT.NS,6.8799034126080905,0.005709793103499452,0.046159899517980656,0
2020-03-31,296.580970175915,373.0364181701182,172.5228771093074,276.506591796875,11558604,4277786000.0,2647794000.0,409673338000.0,348638672000.0,50674937000.0,56145000.0,19.413883,80.53,405.843,76011696.0,CAPLIPOINT.NS,6.8799034126080905,0.005709793103499452,0.046159899517980656,1
2020-06-30,280.031480563993,412.89959354802147,257.51148048548015,305.88055419921875,15326047,4277786000.0,2647794000.0,409673338000.0,348638672000.0,50674937000.0,56145000.0,19.413883,80.53,405.843,76011696.0,CAPLIPOINT.NS,6.8799034126080905,0.005709793103499452,0.046159899517980656,1
2020-09-30,301.6702932165707,671.6837875382375,298.7328555935206,542.4613647460938,49455301,4277786000.0,2647794000.0,409673338000.0,348638672000.0,50674937000.0,56145000.0,19.413883,80.53,405.843,76011696.0,CAPLIPOINT.NS,6.8799034126080905,0.005709793103499452,0.046159899517980656,0
2020-12-31,543.8330414799987,575.5292669439282,428.90351000535094,496.16619873046875,10431233,4277786000.0,2647794000.0,409673338000.0,348638672000.0,50674937000.0,56145000.0,19.413883,80.53,405.843,76011696.0,CAPLIPOINT.NS,6.8799034126080905,0.005709793103499452,0.046159899517980656,0
2021-03-31,494.79453199442673,504.69035948997157,392.89622231047065,395.2967224121094,8602761,4277786000.0,2647794000.0,409673338000.0,348638672000.0,50674937000.0,56145000.0,19.413883,80.53,405.843,76011696.0,CAPLIPOINT.NS,6.8799034126080905,0.005709793103499452,0.046159899517980656,1
2021-06-30,399.2159105591366,682.0896529543023,399.11792546530825,655.1792602539062,28542583,4277786000.0,2647794000.0,409673338000.0,348638672000.0,50674937000.0,56145000.0,19.413883,80.53,405.843,76011696.0,CAPLIPOINT.NS,6.8799034126080905,0.005709793103499452,0.046159899517980656,1
2021-09-30,658.0273451704493,1016.3086264266697,644.27758663389,869.9471435546875,49374880,4277786000.0,2647794000.0,409673338000.0,348638672000.0,50674937000.0,56145000.0,19.413883,80.53,405.843,76011696.0,CAPLIPOINT.NS,6.8799034126080905,0.005709793103499452,0.046159899517980656,0
2021-12-31,861.3878032755272,933.6497624387562,702.2542128032541,844.3184814453125,13508087,4277786000.0,2647794000.0,409673338000.0,348638672000.0,50674937000.0,56145000.0,19.413883,80.53,405.843,76011696.0,CAPLIPOINT.NS,6.8799034126080905,0.005709793103499452,0.046159899517980656,0
2022-03-31,846.5813537862609,873.6364923752031,639.486138220903,667.2301025390625,5742982,4277786000.0,2647794000.0,409673338000.0,348638672000.0,50674937000.0,56145000.0,19.413883,80.53,405.843,76011696.0,CAPLIPOINT.NS,6.8799034126080905,0.005709793103499452,0.046159899517980656,1
2022-06-30,672.3459395992321,816.5746073838219,615.8744061990774,700.713623046875,6111985,4277786000.0,2647794000.0,409673338000.0,348638672000.0,50674937000.0,56145000.0,19.413883,80.53,405.843,76011696.0,CAPLIPOINT.NS,6.8799034126080905,0.005709793103499452,0.046159899517980656,1
2022-09-30,694.4008873456789,845.1174905568183,681.9529905758817,736.3054809570312,5136463,4277786000.0,2647794000.0,409673338000.0,348638672000.0,50674937000.0,56145000.0,19.413883,80.53,405.843,76011696.0,CAPLIPOINT.NS,6.8799034126080905,0.005709793103499452,0.046159899517980656,0
2022-12-31,727.007689718663,777.2058160817373,689.0746839706568,705.5435791015625,2722482,4277786000.0,2647794000.0,409673338000.0,348638672000.0,50674937000.0,56145000.0,19.413883,80.53,405.843,76011696.0,CAPLIPOINT.NS,6.8799034126080905,0.005709793103499452,0.046159899517980656,0
2023-03-31,709.302237483496,747.5320075070582,568.7474839093816,589.4696655273438,4646583,4277786000.0,2647794000.0,409673338000.0,348638672000.0,50674937000.0,56145000.0,19.413883,80.53,405.843,76011696.0,CAPLIPOINT.NS,6.8799034126080905,0.005709793103499452,0.046159899517980656,1
2023-06-30,592.5853956750002,824.5461774895854,589.5191290516724,799.7567749023438,6359043,4277786000.0,2647794000.0,409673338000.0,348638672000.0,50674937000.0,56145000.0,19.413883,80.53,405.843,76011696.0,CAPLIPOINT.NS,6.8799034126080905,0.005709793103499452,0.046159899517980656,1
2023-09-30,803.9709415443785,1118.400254992913,776.4545586503641,1024.7271728515625,13124075,4277786000.0,2647794000.0,409673338000.0,348638672000.0,50674937000.0,56145000.0,19.413883,80.53,405.843,76011696.0,CAPLIPOINT.NS,6.8799034126080905,0.005709793103499452,0.046159899517980656,1
2023-12-31,1031.735425381231,1420.6116627158951,948.3336720599646,1348.094970703125,8238280,4277786000.0,2647794000.0,409673338000.0,348638672000.0,50674937000.0,56145000.0,19.413883,80.53,405.843,76011696.0,CAPLIPOINT.NS,6.8799034126080905,0.005709793103499452,0.046159899517980656,0
2024-03-31,1360.1729840647795,1609.4334910600767,1232.6350053129725,1307.537353515625,8079392,4277786000.0,2647794000.0,409673338000.0,348638672000.0,50674937000.0,56145000.0,19.413883,80.53,405.843,76011696.0,CAPLIPOINT.NS,6.8799034126080905,0.005709793103499452,0.046159899517980656,1
2024-06-30,1341.782838737528,1536.909617352639,1220.0858261352298,1466.6925048828125,7226366,4277786000.0,2647794000.0,409673338000.0,348638672000.0,50674937000.0,56145000.0,19.413883,80.53,405.843,76011696.0,CAPLIPOINT.NS,6.8799034126080905,0.005709793103499452,0.046159899517980656,1
2024-09-30,1466.3438744757264,2150.139865690346,1402.351645484547,1892.77587890625,25935775,4831000000.0,1308000000.0,29242200000.0,24300000.0,25425300000.0,1768400000.0,19.413883,80.53,405.843,76011696.0,CAPLIPOINT.NS,0.000955740935210204,0.044729876685064736,0.051444820710080115,1
2024-12-31,1894.820276101414,2633.8005058865483,1775.1973681755314,2493.832763671875,13172656,4929600000.0,1389600000.0,29242200000.0,24300000.0,25425300000.0,1768400000.0,19.413883,80.53,405.843,76011696.0,CAPLIPOINT.NS,0.000955740935210204,0.044729876685064736,0.051444820710080115,0
2025-03-31,2508.1437626070406,2618.7910684851486,1601.621795076721,1994.348388671875,9907904,4862100000.0,1425700000.0,32078500000.0,50200000.0,28504900000.0,1994500000.0,19.413883,80.53,405.843,76011696.0,CAPLIPOINT.NS,0.0017611007230335838,0.04444409807191733,0.050015962167907976,1
2025-06-30,1988.8134028200668,2290.6382335095473,1594.6408598843104,2114.760986328125,7998495,5102200000.0,1528000000.0,32078500000.0,50200000.0,28504900000.0,1994500000.0,19.413883,80.53,405.843,76011696.0,CAPLIPOINT.NS,0.0017611007230335838,0.04444409807191733,0.050015962167907976,0
2025-09-30,2112.9632999040978,2395.0,1883.4712540226033,1966.0999755859375,7049665,5102200000.0,1528000000.0,32078500000.0,50200000.0,28504900000.0,1994500000.0,19.413883,80.53,405.843,76011696.0,CAPLIPOINT.NS,0.0017611007230335838,0.04444409807191733,0.050015962167907976,0
2025-12-31,1973.800048828125,2086.89990234375,1747.0,1838.0999755859375,3818591,5427700000.0,1638800000.0,32078500000.0,50200000.0,28504900000.0,1994500000.0,19.413883,80.53,405.843,76011696.0,CAPLIPOINT.NS,0.0017611007230335838,0.04444409807191733,0.050015962167907976,0
2026-03-31,1840.0999755859375,1939.0,1555.199951171875,1563.4000244140625,3658784,5427700000.0,1638800000.0,32078500000.0,50200000.0,28504900000.0,1994500000.0,19.413883,80.53,405.843,76011696.0,CAPLIPOINT.NS,0.0017611007230335838,0.04444409807191733,0.050015962167907976,0
2016-03-31,691.924780272773,722.6056108455423,678.3722806686719,705.1757202148438,313609,5427700000.0,1638800000.0,32078500000.0,50200000.0,28504900000.0,1994500000.0,26.645489,53.51,287.625,30047013.0,CARERATING.NS,0.0017611007230335838,0.04444409807191733,0.050015962167907976,1
2016-06-30,711.5002290945762,865.094056601519,707.7356776178854,748.6187133789062,2462353,5427700000.0,1638800000.0,32078500000.0,50200000.0,28504900000.0,1994500000.0,26.645489,53.51,287.625,30047013.0,CARERATING.NS,0.0017611007230335838,0.04444409807191733,0.050015962167907976,1
2016-09-30,747.489365267895,1049.4117301558406,726.5586079090288,1038.955810546875,7975098,5427700000.0,1638800000.0,32078500000.0,50200000.0,28504900000.0,1994500000.0,26.645489,53.51,287.625,30047013.0,CARERATING.NS,0.0017611007230335838,0.04444409807191733,0.050015962167907976,0
2016-12-31,1050.1750445891353,1202.053588628769,907.8746521230806,1000.598388671875,3504818,5427700000.0,1638800000.0,32078500000.0,50200000.0,28504900000.0,1994500000.0,26.645489,53.51,287.625,30047013.0,CARERATING.NS,0.0017611007230335838,0.04444409807191733,0.050015962167907976,1
2017-03-31,1007.9186369123495,1325.0102118053758,992.6647337695687,1303.2218017578125,2360448,5427700000.0,1638800000.0,32078500000.0,50200000.0,28504900000.0,1994500000.0,26.645489,53.51,287.625,30047013.0,CARERATING.NS,0.0017611007230335838,0.04444409807191733,0.050015962167907976,0
2017-06-30,1302.6445587571295,1307.225563371228,1062.47176862351,1234.430419921875,3896021,5427700000.0,1638800000.0,32078500000.0,50200000.0,28504900000.0,1994500000.0,26.645489,53.51,287.625,30047013.0,CARERATING.NS,0.0017611007230335838,0.04444409807191733,0.050015962167907976,0
2017-09-30,1224.922517600451,1328.0894010106879,999.5323376746134,1060.0081787109375,2110406,5427700000.0,1638800000.0,32078500000.0,50200000.0,28504900000.0,1994500000.0,26.645489,53.51,287.625,30047013.0,CARERATING.NS,0.0017611007230335838,0.04444409807191733,0.050015962167907976,0
2017-12-31,1066.3862015610866,1252.2843892854467,1002.0319188827781,1040.899169921875,3008104,5427700000.0,1638800000.0,32078500000.0,50200000.0,28504900000.0,1994500000.0,26.645489,53.51,287.625,30047013.0,CARERATING.NS,0.0017611007230335838,0.04444409807191733,0.050015962167907976,0
2018-03-31,1037.5008454204692,1118.189830773592,943.3809130164825,948.5604248046875,4000718,5427700000.0,1638800000.0,32078500000.0,50200000.0,28504900000.0,1994500000.0,26.645489,53.51,287.625,30047013.0,CARERATING.NS,0.0017611007230335838,0.04444409807191733,0.050015962167907976,1
2018-06-30,944.8326370021799,1096.3336392492447,922.8981623636344,984.22802734375,3860994,5427700000.0,1638800000.0,32078500000.0,50200000.0,28504900000.0,1994500000.0,26.645489,53.51,287.625,30047013.0,CARERATING.NS,0.0017611007230335838,0.04444409807191733,0.050015962167907976,0
2018-09-30,984.8953156557757,1099.8638828481503,942.5174562773353,963.0609130859375,3010263,5427700000.0,1638800000.0,32078500000.0,50200000.0,28504900000.0,1994500000.0,26.645489,53.51,287.625,30047013.0,CARERATING.NS,0.0017611007230335838,0.04444409807191733,0.050015962167907976,0
2018-12-31,963.0609959802453,980.3056104016316,775.5708769717007,805.4476318359375,4346829,5427700000.0,1638800000.0,32078500000.0,50200000.0,28504900000.0,1994500000.0,26.645489,53.51,287.625,30047013.0,CARERATING.NS,0.0017611007230335838,0.04444409807191733,0.050015962167907976,1
2019-03-31,808.1414318059619,844.9157966758088,749.5308263614018,815.63427734375,3355238,5427700000.0,1638800000.0,32078500000.0,50200000.0,28504900000.0,1994500000.0,26.645489,53.51,287.625,30047013.0,CARERATING.NS,0.0017611007230335838,0.04444409807191733,0.050015962167907976,0
2019-06-30,827.2167800154779,829.763295886621,739.3198653063438,774.3966674804688,1664284,5427700000.0,1638800000.0,32078500000.0,50200000.0,28504900000.0,1994500000.0,26.645489,53.51,287.625,30047013.0,CARERATING.NS,0.0017611007230335838,0.04444409807191733,0.050015962167907976,0
2019-09-30,774.6429009313291,784.3772587933186,370.48142644042684,438.1761474609375,5420836,5427700000.0,1638800000.0,32078500000.0,50200000.0,28504900000.0,1994500000.0,26.645489,53.51,287.625,30047013.0,CARERATING.NS,0.0017611007230335838,0.04444409807191733,0.050015962167907976,1
2019-12-31,439.44379913882767,558.219242246505,381.0782995341489,548.771728515625,10436871,5427700000.0,1638800000.0,32078500000.0,50200000.0,28504900000.0,1994500000.0,26.645489,53.51,287.625,30047013.0,CARERATING.NS,0.0017611007230335838,0.04444409807191733,0.050015962167907976,0
2020-03-31,535.8885304326819,624.3945091795119,204.1963120886575,284.4411926269531,34869635,5427700000.0,1638800000.0,32078500000.0,50200000.0,28504900000.0,1994500000.0,26.645489,53.51,287.625,30047013.0,CARERATING.NS,0.0017611007230335838,0.04444409807191733,0.050015962167907976,1
2020-06-30,291.0884065466588,405.52524502355567,286.1355484253417,364.4687194824219,5210827,5427700000.0,1638800000.0,32078500000.0,50200000.0,28504900000.0,1994500000.0,26.645489,53.51,287.625,30047013.0,CARERATING.NS,0.0017611007230335838,0.04444409807191733,0.050015962167907976,0
2020-09-30,366.68445959199323,403.0921930724442,297.3198718078284,305.4500427246094,5966952,5427700000.0,1638800000.0,32078500000.0,50200000.0,28504900000.0,1994500000.0,26.645489,53.51,287.625,30047013.0,CARERATING.NS,0.0017611007230335838,0.04444409807191733,0.050015962167907976,1
2020-12-31,306.979908476737,541.0341395251744,258.8982545179315,468.2076416015625,25193281,5427700000.0,1638800000.0,32078500000.0,50200000.0,28504900000.0,1994500000.0,26.645489,53.51,287.625,30047013.0,CARERATING.NS,0.0017611007230335838,0.04444409807191733,0.050015962167907976,0
2021-03-31,471.8579308753978,489.04066060984286,364.7639633636976,368.1679382324219,11362250,5427700000.0,1638800000.0,32078500000.0,50200000.0,28504900000.0,1994500000.0,26.645489,53.51,287.625,30047013.0,CARERATING.NS,0.0017611007230335838,0.04444409807191733,0.050015962167907976,1
2021-06-30,373.09472798568896,680.617996552638,370.85527981216075,633.5445556640625,30328312,5427700000.0,1638800000.0,32078500000.0,50200000.0,28504900000.0,1994500000.0,26.645489,53.51,287.625,30047013.0,CARERATING.NS,0.0017611007230335838,0.04444409807191733,0.050015962167907976,0
2021-09-30,636.7245620742505,708.5664245626749,573.3476354853719,602.6917114257812,16722888,5427700000.0,1638800000.0,32078500000.0,50200000.0,28504900000.0,1994500000.0,26.645489,53.51,287.625,30047013.0,CARERATING.NS,0.0017611007230335838,0.04444409807191733,0.050015962167907976,0
2021-12-31,605.6281707356153,662.5497922834185,508.28771392363166,565.4489135742188,7434702,5427700000.0,1638800000.0,32078500000.0,50200000.0,28504900000.0,1994500000.0,26.645489,53.51,287.625,30047013.0,CARERATING.NS,0.0017611007230335838,0.04444409807191733,0.050015962167907976,0
2022-03-31,564.3987987362349,597.9558833169056,406.61183052741694,466.1015319824219,5883458,5427700000.0,1638800000.0,32078500000.0,50200000.0,28504900000.0,1994500000.0,26.645489,53.51,287.625,30047013.0,CARERATING.NS,0.0017611007230335838,0.04444409807191733,0.050015962167907976,0
2022-06-30,467.5169307452945,528.6957785422608,367.9868949499489,383.3273010253906,9710820,5427700000.0,1638800000.0,32078500000.0,50200000.0,28504900000.0,1994500000.0,26.645489,53.51,287.625,30047013.0,CARERATING.NS,0.0017611007230335838,0.04444409807191733,0.050015962167907976,1
2022-09-30,385.06225039938937,512.079284137475,374.5157104087055,470.9266662597656,12109719,5427700000.0,1638800000.0,32078500000.0,50200000.0,28504900000.0,1994500000.0,26.645489,53.51,287.625,30047013.0,CARERATING.NS,0.0017611007230335838,0.04444409807191733,0.050015962167907976,1
2022-12-31,470.88011529059537,577.1598427127869,435.0811650420661,565.05615234375,7426804,5427700000.0,1638800000.0,32078500000.0,50200000.0,28504900000.0,1994500000.0,26.645489,53.51,287.625,30047013.0,CARERATING.NS,0.0017611007230335838,0.04444409807191733,0.050015962167907976,1
2023-03-31,567.0114034965911,660.7087043016201,549.3212328302078,608.0223388671875,7736324,5427700000.0,1638800000.0,32078500000.0,50200000.0,28504900000.0,1994500000.0,26.645489,53.51,287.625,30047013.0,CARERATING.NS,0.0017611007230335838,0.04444409807191733,0.050015962167907976,1
2023-06-30,611.0963967758646,682.9372443925779,593.0298933854472,664.3031005859375,6129130,5427700000.0,1638800000.0,32078500000.0,50200000.0,28504900000.0,1994500000.0,26.645489,53.51,287.625,30047013.0,CARERATING.NS,0.0017611007230335838,0.04444409807191733,0.050015962167907976,1
2023-09-30,664.9652421023648,856.4881334350991,660.2357595838557,846.9259643554688,7467025,5427700000.0,1638800000.0,32078500000.0,50200000.0,28504900000.0,1994500000.0,26.645489,53.51,287.625,30047013.0,CARERATING.NS,0.0017611007230335838,0.04444409807191733,0.050015962167907976,1
2023-12-31,835.4803845981495,975.5319550251539,802.8337220620505,926.7380981445312,6812605,5427700000.0,1638800000.0,32078500000.0,50200000.0,28504900000.0,1994500000.0,26.645489,53.51,287.625,30047013.0,CARERATING.NS,0.0017611007230335838,0.04444409807191733,0.050015962167907976,1
2024-03-31,931.9970332716834,1230.927409109446,900.8817946002972,1090.154052734375,5265712,5427700000.0,1638800000.0,32078500000.0,50200000.0,28504900000.0,1994500000.0,26.645489,53.51,287.625,30047013.0,CARERATING.NS,0.0017611007230335838,0.04444409807191733,0.050015962167907976,0
2024-06-30,1086.0638550999925,1202.7826360222864,916.4150577697949,1045.917236328125,2370338,5427700000.0,1638800000.0,32078500000.0,50200000.0,28504900000.0,1994500000.0,26.645489,53.51,287.625,30047013.0,CARERATING.NS,0.0017611007230335838,0.04444409807191733,0.050015962167907976,0
2024-09-30,1053.0510920561326,1143.380002804662,907.0290646315443,994.8981323242188,3710030,5427700000.0,1638800000.0,8936819000.0,207502000.0,7536688000.0,666571000.0,26.645489,53.51,287.625,30047013.0,CARERATING.NS,0.027532252894109453,0.04444409807191733,0.050015962167907976,1
2024-12-31,991.4050562473817,1553.0270043559394,983.4840610636481,1363.8662109375,9044115,963787000.0,278048000.0,8936819000.0,207502000.0,7536688000.0,666571000.0,26.645489,53.51,287.625,30047013.0,CARERATING.NS,0.027532252894109453,0.04444409807191733,0.050015962167907976,0
2025-03-31,1354.3264620149341,1431.4341752619039,1050.7892335848965,1093.3468017578125,3295465,1096509000.0,426096000.0,9577442000.0,237690000.0,8062681000.0,488152000.0,26.645489,53.51,287.625,30047013.0,CARERATING.NS,0.029480268411958752,0.04448954115305527,0.05284792986352802,1
2025-06-30,1076.9367344525242,1941.5308501374109,1039.9646306203413,1778.89306640625,8677696,939050000.0,257785000.0,9577442000.0,237690000.0,8062681000.0,488152000.0,26.645489,53.51,287.625,30047013.0,CARERATING.NS,0.029480268411958752,0.04448954115305527,0.05284792986352802,0
2025-09-30,1796.6999748639457,1921.944720551317,1498.1619033017237,1516.7645263671875,4100550,1363711000.0,566686000.0,10374908000.0,254246000.0,8623961000.0,279570000.0,26.645489,53.51,287.625,30047013.0,CARERATING.NS,0.029481348535783033,0.05462082169788879,0.06571064038902773,1
2025-12-31,1531.8854123839405,1659.0,1439.5683876332912,1599.9000244140625,3329160,1121242000.0,358950000.0,10374908000.0,254246000.0,8623961000.0,279570000.0,26.645489,53.51,287.625,30047013.0,CARERATING.NS,0.029481348535783033,0.05462082169788879,0.06571064038902773,0
2026-03-31,1592.0,1788.300048828125,1414.0999755859375,1425.800048828125,2549778,1121242000.0,358950000.0,10374908000.0,254246000.0,8623961000.0,279570000.0,26.645489,53.51,287.625,30047013.0,CARERATING.NS,0.029481348535783033,0.05462082169788879,0.06571064038902773,0
2016-03-31,30.482475294421484,30.674982623010315,28.68679093939252,29.835521697998047,21070583,1121242000.0,358950000.0,10374908000.0,254246000.0,8623961000.0,279570000.0,13.481582,11.13,96.005,1325570430.0,CESC.NS,0.029481348535783033,0.05462082169788879,0.06571064038902773,1
2016-06-30,29.756629330417862,37.87034971045305,29.43472975967155,37.671531677246094,279084026,1121242000.0,358950000.0,10374908000.0,254246000.0,8623961000.0,279570000.0,13.481582,11.13,96.005,1325570430.0,CESC.NS,0.029481348535783033,0.05462082169788879,0.06571064038902773,1
2016-09-30,37.76304888462651,43.109083128260096,36.797363128501736,38.54887008666992,225158096,1121242000.0,358950000.0,10374908000.0,254246000.0,8623961000.0,279570000.0,13.481582,11.13,96.005,1325570430.0,CESC.NS,0.029481348535783033,0.05462082169788879,0.06571064038902773,1
2016-12-31,38.564635676733275,40.80214943640137,33.64149875625109,40.30036926269531,297463756,1121242000.0,358950000.0,10374908000.0,254246000.0,8623961000.0,279570000.0,13.481582,11.13,96.005,1325570430.0,CESC.NS,0.029481348535783033,0.05462082169788879,0.06571064038902773,1
2017-03-31,40.300362625120044,55.92188538485954,40.161511507428784,53.7806396484375,408859610,1121242000.0,358950000.0,10374908000.0,254246000.0,8623961000.0,279570000.0,13.481582,11.13,96.005,1325570430.0,CESC.NS,0.029481348535783033,0.05462082169788879,0.06571064038902773,1
2017-06-30,53.831785577334166,64.02274605844508,51.5973217726264,55.52921676635742,629934992,1121242000.0,358950000.0,10374908000.0,254246000.0,8623961000.0,279570000.0,13.481582,11.13,96.005,1325570430.0,CESC.NS,0.029481348535783033,0.05462082169788879,0.06571064038902773,1
2017-09-30,55.90322920315902,69.04791263476658,54.98258900726357,63.089324951171875,463690079,1121242000.0,358950000.0,10374908000.0,254246000.0,8623961000.0,279570000.0,13.481582,11.13,96.005,1325570430.0,CESC.NS,0.029481348535783033,0.05462082169788879,0.06571064038902773,1
2017-12-31,63.35784729558293,68.39578673826007,62.14311598552001,67.00203704833984,290480123,1121242000.0,358950000.0,10374908000.0,254246000.0,8623961000.0,279570000.0,13.481582,11.13,96.005,1325570430.0,CESC.NS,0.029481348535783033,0.05462082169788879,0.06571064038902773,0
2018-03-31,67.43997511277774,76.08055824713131,55.83900708479623,62.63614273071289,398062299,1121242000.0,358950000.0,10374908000.0,254246000.0,8623961000.0,279570000.0,13.481582,11.13,96.005,1325570430.0,CESC.NS,0.029481348535783033,0.05462082169788879,0.06571064038902773,0
2018-06-30,63.10614096779559,70.7719912929848,56.92486479511257,59.125762939453125,279421162,1121242000.0,358950000.0,10374908000.0,254246000.0,8623961000.0,279570000.0,13.481582,11.13,96.005,1325570430.0,CESC.NS,0.029481348535783033,0.05462082169788879,0.06571064038902773,0
2018-09-30,59.44017177701458,67.34586284681528,52.07254665335951,53.213504791259766,387838516,1121242000.0,358950000.0,10374908000.0,254246000.0,8623961000.0,279570000.0,13.481582,11.13,96.005,1325570430.0,CESC.NS,0.029481348535783033,0.05462082169788879,0.06571064038902773,0
2018-12-31,52.639779789575954,61.478991815496755,46.35971716840294,48.26249694824219,501075197,1121242000.0,358950000.0,10374908000.0,254246000.0,8623961000.0,279570000.0,13.481582,11.13,96.005,1325570430.0,CESC.NS,0.029481348535783033,0.05462082169788879,0.06571064038902773,1
2019-03-31,48.269717620456504,55.582149654367974,46.72439187949288,53.32951354980469,249092610,1121242000.0,358950000.0,10374908000.0,254246000.0,8623961000.0,279570000.0,13.481582,11.13,96.005,1325570430.0,CESC.NS,0.029481348535783033,0.05462082169788879,0.06571064038902773,1
2019-06-30,54.211297363216865,59.07594227436492,47.61643496042678,58.11634826660156,239382510,1121242000.0,358950000.0,10374908000.0,254246000.0,8623961000.0,279570000.0,13.481582,11.13,96.005,1325570430.0,CESC.NS,0.029481348535783033,0.05462082169788879,0.06571064038902773,0
2019-09-30,58.53871719632561,63.11066102098026,52.95901158302257,55.282047271728516,268281850,1121242000.0,358950000.0,10374908000.0,254246000.0,8623961000.0,279570000.0,13.481582,11.13,96.005,1325570430.0,CESC.NS,0.029481348535783033,0.05462082169788879,0.06571064038902773,0
2019-12-31,55.285748021155946,62.68829455399637,52.61074999744208,54.59661865234375,198127430,1121242000.0,358950000.0,10374908000.0,254246000.0,8623961000.0,279570000.0,13.481582,11.13,96.005,1325570430.0,CESC.NS,0.029481348535783033,0.05462082169788879,0.06571064038902773,0
2020-03-31,54.915240638745075,58.06077426464009,27.858879006374526,31.161516189575195,245615660,1121242000.0,358950000.0,10374908000.0,254246000.0,8623961000.0,279570000.0,13.481582,11.13,96.005,1325570430.0,CESC.NS,0.029481348535783033,0.05462082169788879,0.06571064038902773,1
2020-06-30,31.466612855208457,50.97354729910606,29.46061764345207,47.44208526611328,435449090,1121242000.0,358950000.0,10374908000.0,254246000.0,8623961000.0,279570000.0,13.481582,11.13,96.005,1325570430.0,CESC.NS,0.029481348535783033,0.05462082169788879,0.06571064038902773,0
2020-09-30,47.445905498574945,53.39141950694525,41.0846993155913,46.83190155029297,251444270,1121242000.0,358950000.0,10374908000.0,254246000.0,8623961000.0,279570000.0,13.481582,11.13,96.005,1325570430.0,CESC.NS,0.029481348535783033,0.05462082169788879,0.06571064038902773,1
2020-12-31,47.59081693371691,48.81500825512239,42.339386544341515,46.85477828979492,167841610,1121242000.0,358950000.0,10374908000.0,254246000.0,8623961000.0,279570000.0,13.481582,11.13,96.005,1325570430.0,CESC.NS,0.029481348535783033,0.05462082169788879,0.06571064038902773,1
2021-03-31,47.06072247520992,55.75589117870004,46.92724451043125,48.34162902832031,384479880,1121242000.0,358950000.0,10374908000.0,254246000.0,8623961000.0,279570000.0,13.481582,11.13,96.005,1325570430.0,CESC.NS,0.029481348535783033,0.05462082169788879,0.06571064038902773,1
2021-06-30,48.85881084319886,66.78483416381044,47.00593588597054,62.704444885253906,419493140,1121242000.0,358950000.0,10374908000.0,254246000.0,8623961000.0,279570000.0,13.481582,11.13,96.005,1325570430.0,CESC.NS,0.029481348535783033,0.05462082169788879,0.06571064038902773,1
2021-09-30,62.7125883378842,78.92012358117186,58.884677532216344,74.56282806396484,413258366,1121242000.0,358950000.0,10374908000.0,254246000.0,8623961000.0,279570000.0,13.481582,11.13,96.005,1325570430.0,CESC.NS,0.029481348535783033,0.05462082169788879,0.06571064038902773,0
2021-12-31,74.52210224707368,83.44031388693232,65.60389084133539,71.2643051147461,260212628,1121242000.0,358950000.0,10374908000.0,254246000.0,8623961000.0,279570000.0,13.481582,11.13,96.005,1325570430.0,CESC.NS,0.029481348535783033,0.05462082169788879,0.06571064038902773,0
2022-03-31,71.59008224465254,76.96544908138897,61.867667199857145,64.99533081054688,169007769,1121242000.0,358950000.0,10374908000.0,254246000.0,8623961000.0,279570000.0,13.481582,11.13,96.005,1325570430.0,CESC.NS,0.029481348535783033,0.05462082169788879,0.06571064038902773,0
2022-06-30,64.90965212867374,75.40658378319024,58.2687260082596,61.010780334472656,122270322,1121242000.0,358950000.0,10374908000.0,254246000.0,8623961000.0,279570000.0,13.481582,11.13,96.005,1325570430.0,CESC.NS,0.029481348535783033,0.05462082169788879,0.06571064038902773,1
2022-09-30,60.796553981323186,74.24977973364,60.410954757475515,66.23783111572266,145969119,1121242000.0,358950000.0,10374908000.0,254246000.0,8623961000.0,279570000.0,13.481582,11.13,96.005,1325570430.0,CESC.NS,0.029481348535783033,0.05462082169788879,0.06571064038902773,0
2022-12-31,66.36635277234018,71.37918469316789,61.31070300190209,65.46662902832031,112050117,1121242000.0,358950000.0,10374908000.0,254246000.0,8623961000.0,279570000.0,13.481582,11.13,96.005,1325570430.0,CESC.NS,0.029481348535783033,0.05462082169788879,0.06571064038902773,0
2023-03-31,65.80938487382387,67.35178408908462,56.49331099044438,60.63251876831055,128013918,1121242000.0,358950000.0,10374908000.0,254246000.0,8623961000.0,279570000.0,13.481582,11.13,96.005,1325570430.0,CESC.NS,0.029481348535783033,0.05462082169788879,0.06571064038902773,1
2023-06-30,61.1783416157947,67.00052728011468,60.85994271297258,65.4540023803711,136792297,1121242000.0,358950000.0,10374908000.0,254246000.0,8623961000.0,279570000.0,13.481582,11.13,96.005,1325570430.0,CESC.NS,0.029481348535783033,0.05462082169788879,0.06571064038902773,1
2023-09-30,65.63595439420193,85.87711551260443,65.49949572332974,81.8288803100586,353024954,1121242000.0,358950000.0,10374908000.0,254246000.0,8623961000.0,279570000.0,13.481582,11.13,96.005,1325570430.0,CESC.NS,0.029481348535783033,0.05462082169788879,0.06571064038902773,1
2023-12-31,81.8743653349824,121.44697714751622,74.86956431538363,120.53726196289062,635797778,1121242000.0,358950000.0,10374908000.0,254246000.0,8623961000.0,279570000.0,13.481582,11.13,96.005,1325570430.0,CESC.NS,0.029481348535783033,0.05462082169788879,0.06571064038902773,0
2024-03-31,120.99212067833983,136.36630076942149,103.08283679749388,114.25992584228516,437599980,1121242000.0,358950000.0,10374908000.0,254246000.0,8623961000.0,279570000.0,13.481582,11.13,96.005,1325570430.0,CESC.NS,0.029481348535783033,0.05462082169788879,0.06571064038902773,1
2024-06-30,115.9036113100824,160.7998279075067,114.40081353959668,152.72227478027344,446915588,1121242000.0,358950000.0,10374908000.0,254246000.0,8623961000.0,279570000.0,13.481582,11.13,96.005,1325570430.0,CESC.NS,0.029481348535783033,0.05462082169788879,0.06571064038902773,1
2024-09-30,151.74544177887026,199.58151029453586,144.28779838850807,189.18399047851562,648965031,47000000000.0,3530000000.0,383130000000.0,155730000000.0,120810000000.0,13300000000.0,13.481582,11.13,96.005,1325570430.0,CESC.NS,1.289048919791408,0.00921358285699371,0.029219435477195597,0
2024-12-31,189.2591546280134,191.719988677683,158.73346841045478,174.63499450683594,265216157,35610000000.0,2650000000.0,383130000000.0,155730000000.0,120810000000.0,13300000000.0,13.481582,11.13,96.005,1325570430.0,CESC.NS,1.289048919791408,0.00921358285699371,0.029219435477195597,0
2025-03-31,174.6350012493924,180.58985207017264,115.13322854629617,148.86048889160156,338321186,38772900000.0,3730000000.0,409810800000.0,179778300000.0,120097200000.0,21812200000.0,13.481582,11.13,96.005,1325570430.0,CESC.NS,1.4969399786173199,0.009101761105368623,0.031058176210602743,1
2025-06-30,148.49283202928015,171.25825123907867,135.4508555426839,166.16917419433594,245111801,52020000000.0,3870000000.0,409810800000.0,179778300000.0,120097200000.0,21812200000.0,13.481582,11.13,96.005,1325570430.0,CESC.NS,1.4969399786173199,0.009101761105368623,0.031058176210602743,0
2025-09-30,166.411046792727,177.05362039826068,147.07059220742906,156.68760681152344,200196285,52020000000.0,3870000000.0,409810800000.0,179778300000.0,120097200000.0,21812200000.0,13.481582,11.13,96.005,1325570430.0,CESC.NS,1.4969399786173199,0.009101761105368623,0.031058176210602743,1
2025-12-31,157.1713658840275,185.25999450683594,155.08154912646611,167.55999755859375,126086041,40050000000.0,2850000000.0,409810800000.0,179778300000.0,120097200000.0,21812200000.0,13.481582,11.13,96.005,1325570430.0,CESC.NS,1.4969399786173199,0.009101761105368623,0.031058176210602743,0
2026-03-31,168.75,177.7100067138672,138.1199951171875,150.0500030517578,122394824,40050000000.0,2850000000.0,409810800000.0,179778300000.0,120097200000.0,21812200000.0,13.481582,11.13,96.005,1325570430.0,CESC.NS,1.4969399786173199,0.009101761105368623,0.031058176210602743,0
2016-03-31,72.04547640445222,75.0818686029326,67.707756717132,74.76639556884766,2405342,40050000000.0,2850000000.0,409810800000.0,179778300000.0,120097200000.0,21812200000.0,13.955489,16.85,133.946,743047262.0,CUB.NS,1.4969399786173199,0.009101761105368623,0.031058176210602743,1
2016-06-30,74.37206788783496,94.16782230406088,73.22847726892077,91.80179595947266,32494396,40050000000.0,2850000000.0,409810800000.0,179778300000.0,120097200000.0,21812200000.0,13.955489,16.85,133.946,743047262.0,CUB.NS,1.4969399786173199,0.009101761105368623,0.031058176210602743,1
2016-09-30,92.62989222310102,116.82375921368214,92.35386011773035,104.3436050415039,31419653,40050000000.0,2850000000.0,409810800000.0,179778300000.0,120097200000.0,21812200000.0,13.955489,16.85,133.946,743047262.0,CUB.NS,1.4969399786173199,0.009101761105368623,0.031058176210602743,0
2016-12-31,103.94864516866106,120.85216253506519,100.3941657359547,102.0134506225586,60644788,40050000000.0,2850000000.0,409810800000.0,179778300000.0,120097200000.0,21812200000.0,13.955489,16.85,133.946,743047262.0,CUB.NS,1.4969399786173199,0.009101761105368623,0.031058176210602743,1
2017-03-31,102.80331742702559,133.0953505374857,101.26305023407838,119.74632263183594,48224437,40050000000.0,2850000000.0,409810800000.0,179778300000.0,120097200000.0,21812200000.0,13.955489,16.85,133.946,743047262.0,CUB.NS,1.4969399786173199,0.009101761105368623,0.031058176210602743,1
2017-06-30,119.27239272653448,161.64962847354207,116.07335504343891,139.6908721923828,46881903,40050000000.0,2850000000.0,409810800000.0,179778300000.0,120097200000.0,21812200000.0,13.955489,16.85,133.946,743047262.0,CUB.NS,1.4969399786173199,0.009101761105368623,0.031058176210602743,1
2017-09-30,140.95469736166322,156.39691601022787,127.97150561090251,141.29100036621094,33846523,40050000000.0,2850000000.0,409810800000.0,179778300000.0,120097200000.0,21812200000.0,13.955489,16.85,133.946,743047262.0,CUB.NS,1.4969399786173199,0.009101761105368623,0.031058176210602743,1
2017-12-31,141.29100317486495,158.87620239914904,135.4582624550263,156.52569580078125,38093605,40050000000.0,2850000000.0,409810800000.0,179778300000.0,120097200000.0,21812200000.0,13.955489,16.85,133.946,743047262.0,CUB.NS,1.4969399786173199,0.009101761105368623,0.031058176210602743,0
2018-03-31,157.13505715574976,161.00906718881845,128.4503088123146,150.12709045410156,62174436,40050000000.0,2850000000.0,409810800000.0,179778300000.0,120097200000.0,21812200000.0,13.955489,16.85,133.946,743047262.0,CUB.NS,1.4969399786173199,0.009101761105368623,0.031058176210602743,1
2018-06-30,149.3000679911244,177.02725778632544,147.99424045450468,160.79141235351562,44430427,40050000000.0,2850000000.0,409810800000.0,179778300000.0,120097200000.0,21812200000.0,13.955489,16.85,133.946,743047262.0,CUB.NS,1.4969399786173199,0.009101761105368623,0.031058176210602743,1
2018-09-30,161.400796499611,198.54688576444272,155.43247496540425,170.49134826660156,42426698,40050000000.0,2850000000.0,409810800000.0,179778300000.0,120097200000.0,21812200000.0,13.955489,16.85,133.946,743047262.0,CUB.NS,1.4969399786173199,0.009101761105368623,0.031058176210602743,1
2018-12-31,168.8607690878526,188.28385463815002,150.68461963251514,187.08489990234375,51084533,40050000000.0,2850000000.0,409810800000.0,179778300000.0,120097200000.0,21812200000.0,13.955489,16.85,133.946,743047262.0,CUB.NS,1.4969399786173199,0.009101761105368623,0.031058176210602743,1
2019-03-31,187.03691878915134,197.06015492279474,168.33321677016676,193.1276092529297,43313701,40050000000.0,2850000000.0,409810800000.0,179778300000.0,120097200000.0,21812200000.0,13.955489,16.85,133.946,743047262.0,CUB.NS,1.4969399786173199,0.009101761105368623,0.031058176210602743,1
2019-06-30,197.58772466257756,211.4956123144805,185.3104133224399,209.14564514160156,43770464,40050000000.0,2850000000.0,409810800000.0,179778300000.0,120097200000.0,21812200000.0,13.955489,16.85,133.946,743047262.0,CUB.NS,1.4969399786173199,0.009101761105368623,0.031058176210602743,1
2019-09-30,209.57724784484478,218.28041078801903,174.232058491713,210.25111389160156,49622255,40050000000.0,2850000000.0,409810800000.0,179778300000.0,120097200000.0,21812200000.0,13.955489,16.85,133.946,743047262.0,CUB.NS,1.4969399786173199,0.009101761105368623,0.031058176210602743,1
2019-12-31,208.71261629494924,227.89625855551492,195.39461171400802,224.96340942382812,47537669,40050000000.0,2850000000.0,409810800000.0,179778300000.0,120097200000.0,21812200000.0,13.955489,16.85,133.946,743047262.0,CUB.NS,1.4969399786173199,0.009101761105368623,0.031058176210602743,0
2020-03-31,226.35772660561105,239.7718952411458,114.66916580273725,124.56275939941406,69865031,40050000000.0,2850000000.0,409810800000.0,179778300000.0,120097200000.0,21812200000.0,13.955489,16.85,133.946,743047262.0,CUB.NS,1.4969399786173199,0.009101761105368623,0.031058176210602743,0
2020-06-30,124.51449215554337,145.5082175065367,106.17513984126346,117.08222961425781,117907673,40050000000.0,2850000000.0,409810800000.0,179778300000.0,120097200000.0,21812200000.0,13.955489,16.85,133.946,743047262.0,CUB.NS,1.4969399786173199,0.009101761105368623,0.031058176210602743,1
2020-09-30,117.17875899633924,150.47911687527818,111.58042546600616,134.8907012939453,192381610,40050000000.0,2850000000.0,409810800000.0,179778300000.0,120097200000.0,21812200000.0,13.955489,16.85,133.946,743047262.0,CUB.NS,1.4969399786173199,0.009101761105368623,0.031058176210602743,1
2020-12-31,136.09725096916776,193.0457003603182,133.8772139337999,173.83767700195312,117558281,40050000000.0,2850000000.0,409810800000.0,179778300000.0,120097200000.0,21812200000.0,13.955489,16.85,133.946,743047262.0,CUB.NS,1.4969399786173199,0.009101761105368623,0.031058176210602743,0
2021-03-31,173.8376701727238,183.10385152680757,144.78430476334003,150.52740478515625,195151084,40050000000.0,2850000000.0,409810800000.0,179778300000.0,120097200000.0,21812200000.0,13.955489,16.85,133.946,743047262.0,CUB.NS,1.4969399786173199,0.009101761105368623,0.031058176210602743,1
2021-06-30,151.01001486574754,173.7411417259814,149.6586998383614,161.09605407714844,154835774,40050000000.0,2850000000.0,409810800000.0,179778300000.0,120097200000.0,21812200000.0,13.955489,16.85,133.946,743047262.0,CUB.NS,1.4969399786173199,0.009101761105368623,0.031058176210602743,0
2021-09-30,162.06300689799272,163.2233758432421,138.02088219039166,152.64111328125,116041583,40050000000.0,2850000000.0,409810800000.0,179778300000.0,120097200000.0,21812200000.0,13.955489,16.85,133.946,743047262.0,CUB.NS,1.4969399786173199,0.009101761105368623,0.031058176210602743,0
2021-12-31,152.4959034982783,178.1055235248271,124.61092737214373,130.37188720703125,142418385,40050000000.0,2850000000.0,409810800000.0,179778300000.0,120097200000.0,21812200000.0,13.955489,16.85,133.946,743047262.0,CUB.NS,1.4969399786173199,0.009101761105368623,0.031058176210602743,0
2022-03-31,130.7107694458726,145.76672527816152,105.53684216348476,124.80458068847656,160141050,40050000000.0,2850000000.0,409810800000.0,179778300000.0,120097200000.0,21812200000.0,13.955489,16.85,133.946,743047262.0,CUB.NS,1.4969399786173199,0.009101761105368623,0.031058176210602743,1
2022-06-30,125.38552278393931,141.84538799189605,113.8151988601211,128.82272338867188,131206974,40050000000.0,2850000000.0,409810800000.0,179778300000.0,120097200000.0,21812200000.0,13.955489,16.85,133.946,743047262.0,CUB.NS,1.4969399786173199,0.009101761105368623,0.031058176210602743,1
2022-09-30,128.77432864424557,189.33812244561977,126.78945821786387,169.61032104492188,212600442,40050000000.0,2850000000.0,409810800000.0,179778300000.0,120097200000.0,21812200000.0,13.955489,16.85,133.946,743047262.0,CUB.NS,1.4969399786173199,0.009101761105368623,0.031058176210602743,1
2022-12-31,168.9283573618572,199.71348188103798,145.1576002689779,175.74783325195312,235800135,40050000000.0,2850000000.0,409810800000.0,179778300000.0,120097200000.0,21812200000.0,13.955489,16.85,133.946,743047262.0,CUB.NS,1.4969399786173199,0.009101761105368623,0.031058176210602743,0
2023-03-31,175.89398037823804,177.69626366731097,117.24641556295623,122.60458374023438,231425536,40050000000.0,2850000000.0,409810800000.0,179778300000.0,120097200000.0,21812200000.0,13.955489,16.85,133.946,743047262.0,CUB.NS,1.4969399786173199,0.009101761105368623,0.031058176210602743,1
2023-06-30,123.72493044574829,142.23495062301626,116.41834285862274,124.01719665527344,262061255,40050000000.0,2850000000.0,409810800000.0,179778300000.0,120097200000.0,21812200000.0,13.955489,16.85,133.946,743047262.0,CUB.NS,1.4969399786173199,0.009101761105368623,0.031058176210602743,1
2023-09-30,124.89398163456225,135.36429359769605,117.84252918149836,124.3702392578125,241824169,40050000000.0,2850000000.0,409810800000.0,179778300000.0,120097200000.0,21812200000.0,13.955489,16.85,133.946,743047262.0,CUB.NS,1.4969399786173199,0.009101761105368623,0.031058176210602743,1
2023-12-31,124.61564168579316,164.71450904855692,121.86713881471567,146.26019287109375,325169121,40050000000.0,2850000000.0,409810800000.0,179778300000.0,120097200000.0,21812200000.0,13.955489,16.85,133.946,743047262.0,CUB.NS,1.4969399786173199,0.009101761105368623,0.031058176210602743,0
2024-03-31,147.1436450696246,152.05169862923452,123.09414390203118,132.66485595703125,238397719,40050000000.0,2850000000.0,409810800000.0,179778300000.0,120097200000.0,21812200000.0,13.955489,16.85,133.946,743047262.0,CUB.NS,1.4969399786173199,0.009101761105368623,0.031058176210602743,1
2024-06-30,133.99003623484896,168.66058251930875,128.0022142384581,164.0077362060547,321507883,40050000000.0,2850000000.0,409810800000.0,179778300000.0,120097200000.0,21812200000.0,13.955489,16.85,133.946,743047262.0,CUB.NS,1.4969399786173199,0.009101761105368623,0.031058176210602743,0
2024-09-30,164.91081561150372,173.56865425034565,149.2246674493239,162.39993286132812,202078736,8088062000.0,2851771000.0,713660089000.0,25465546000.0,88799027000.0,38718812000.0,13.955489,16.85,133.946,743047262.0,CUB.NS,0.2867773089450631,0.0039959793800378824,0.032114890177794404,1
2024-12-31,163.21228118439487,186.14620904560417,148.79809614679698,170.72154235839844,310386199,8161313000.0,2859954000.0,713660089000.0,25465546000.0,88799027000.0,38718812000.0,13.955489,16.85,133.946,743047262.0,CUB.NS,0.2867773089450631,0.0039959793800378824,0.032114890177794404,0
2025-03-31,170.394625071505,179.21154918124446,141.57613306646616,155.7129364013672,143984281,8514884000.0,2879635000.0,776232149000.0,17904100000.0,94666172000.0,52905427000.0,13.955489,16.85,133.946,743047262.0,CUB.NS,0.1891288051660101,0.0037097600295346697,0.03041883852660695,1
2025-06-30,155.7129296400658,218.93727480449655,148.1541575900488,216.6686553955078,144444441,8691635000.0,3059196000.0,776232149000.0,17904100000.0,94666172000.0,52905427000.0,13.955489,16.85,133.946,743047262.0,CUB.NS,0.1891288051660101,0.0037097600295346697,0.03041883852660695,0
2025-09-30,212.9932749058481,230.37947319931502,193.5,213.72999572753906,125909497,8691635000.0,3059196000.0,776232149000.0,17904100000.0,94666172000.0,52905427000.0,13.955489,16.85,133.946,743047262.0,CUB.NS,0.1891288051660101,0.0037097600295346697,0.03041883852660695,1
2025-12-31,213.0,302.20001220703125,209.3000030517578,290.79998779296875,215142403,9975218000.0,3321609000.0,776232149000.0,17904100000.0,94666172000.0,52905427000.0,13.955489,16.85,133.946,743047262.0,CUB.NS,0.1891288051660101,0.0037097600295346697,0.03041883852660695,0
2026-03-31,289.29998779296875,324.1000061035156,226.4499969482422,235.14999389648438,119222683,9975218000.0,3321609000.0,776232149000.0,17904100000.0,94666172000.0,52905427000.0,13.955489,16.85,133.946,743047262.0,CUB.NS,0.1891288051660101,0.0037097600295346697,0.03041883852660695,0
2016-03-31,25.832807540893555,25.832807540893555,22.902990341186523,25.029470443725586,802958,9975218000.0,3321609000.0,776232149000.0,17904100000.0,94666172000.0,52905427000.0,20.698246,2.85,25.616,18677749.0,DCM.NS,0.1891288051660101,0.0037097600295346697,0.03041883852660695,1
2016-06-30,25.029470443725586,33.70866394042969,24.57267189025879,28.085302352905273,13493814,9975218000.0,3321609000.0,776232149000.0,17904100000.0,94666172000.0,52905427000.0,20.698246,2.85,25.616,18677749.0,DCM.NS,0.1891288051660101,0.0037097600295346697,0.03041883852660695,0
2016-09-30,28.1640625,31.330156326293945,23.974105834960938,25.533525466918945,10461536,9975218000.0,3321609000.0,776232149000.0,17904100000.0,94666172000.0,52905427000.0,20.698246,2.85,25.616,18677749.0,DCM.NS,0.1891288051660101,0.0037097600295346697,0.03041883852660695,1
2016-12-31,26.5101318359375,49.33436584472656,26.46287727355957,33.9291877746582,39301556,9975218000.0,3321609000.0,776232149000.0,17904100000.0,94666172000.0,52905427000.0,20.698246,2.85,25.616,18677749.0,DCM.NS,0.1891288051660101,0.0037097600295346697,0.03041883852660695,1
2017-03-31,34.19696807861328,40.63941955566406,33.330623626708984,39.17450714111328,15651749,9975218000.0,3321609000.0,776232149000.0,17904100000.0,94666172000.0,52905427000.0,20.698246,2.85,25.616,18677749.0,DCM.NS,0.1891288051660101,0.0037097600295346697,0.03041883852660695,0
2017-06-30,39.82032775878906,48.13723373413086,36.165931701660156,36.260440826416016,16299301,9975218000.0,3321609000.0,776232149000.0,17904100000.0,94666172000.0,52905427000.0,20.698246,2.85,25.616,18677749.0,DCM.NS,0.1891288051660101,0.0037097600295346697,0.03041883852660695,0
2017-09-30,36.9062614440918,43.31720733642578,34.70102310180664,36.15018081665039,10616976,9975218000.0,3321609000.0,776232149000.0,17904100000.0,94666172000.0,52905427000.0,20.698246,2.85,25.616,18677749.0,DCM.NS,0.1891288051660101,0.0037097600295346697,0.03041883852660695,1
2017-12-31,35.09481430053711,38.35541915893555,32.65330123901367,36.27619552612305,6592092,9975218000.0,3321609000.0,776232149000.0,17904100000.0,94666172000.0,52905427000.0,20.698246,2.85,25.616,18677749.0,DCM.NS,0.1891288051660101,0.0037097600295346697,0.03041883852660695,0
2018-03-31,35.913902282714844,40.00934982299805,26.46287727355957,27.72301483154297,10043127,9975218000.0,3321609000.0,776232149000.0,17904100000.0,94666172000.0,52905427000.0,20.698246,2.85,25.616,18677749.0,DCM.NS,0.1891288051660101,0.0037097600295346697,0.03041883852660695,1
2018-06-30,28.274324417114258,32.921077728271484,25.45476722717285,28.40033721923828,3673979,9975218000.0,3321609000.0,776232149000.0,17904100000.0,94666172000.0,52905427000.0,20.698246,2.85,25.616,18677749.0,DCM.NS,0.1891288051660101,0.0037097600295346697,0.03041883852660695,0
2018-09-30,28.35308265686035,33.70866394042969,24.163127899169922,24.71443748474121,5321166,9975218000.0,3321609000.0,776232149000.0,17904100000.0,94666172000.0,52905427000.0,20.698246,2.85,25.616,18677749.0,DCM.NS,0.1891288051660101,0.0037097600295346697,0.03041883852660695,0
2018-12-31,25.06097412109375,25.155485153198242,21.753114700317383,23.249526977539062,1701919,9975218000.0,3321609000.0,776232149000.0,17904100000.0,94666172000.0,52905427000.0,20.698246,2.85,25.616,18677749.0,DCM.NS,0.1891288051660101,0.0037097600295346697,0.03041883852660695,0
2019-03-31,22.997499465942383,24.493913650512695,17.405641555786133,18.27198600769043,2639201,9975218000.0,3321609000.0,776232149000.0,17904100000.0,94666172000.0,52905427000.0,20.698246,2.85,25.616,18677749.0,DCM.NS,0.1891288051660101,0.0037097600295346697,0.03041883852660695,1
2019-06-30,19.595130920410156,43.0,17.3741397857666,32.25,7370491,9975218000.0,3321609000.0,776232149000.0,17904100000.0,94666172000.0,52905427000.0,20.698246,2.85,25.616,18677749.0,DCM.NS,0.1891288051660101,0.0037097600295346697,0.03041883852660695,0
2019-09-30,33.79999923706055,33.79999923706055,17.0,24.450000762939453,896820,9975218000.0,3321609000.0,776232149000.0,17904100000.0,94666172000.0,52905427000.0,20.698246,2.85,25.616,18677749.0,DCM.NS,0.1891288051660101,0.0037097600295346697,0.03041883852660695,0
2019-12-31,24.950000762939453,25.0,18.0,19.600000381469727,294280,9975218000.0,3321609000.0,776232149000.0,17904100000.0,94666172000.0,52905427000.0,20.698246,2.85,25.616,18677749.0,DCM.NS,0.1891288051660101,0.0037097600295346697,0.03041883852660695,0
2020-03-31,20.5,26.700000762939453,12.800000190734863,13.399999618530273,601048,9975218000.0,3321609000.0,776232149000.0,17904100000.0,94666172000.0,52905427000.0,20.698246,2.85,25.616,18677749.0,DCM.NS,0.1891288051660101,0.0037097600295346697,0.03041883852660695,1
2020-06-30,13.399999618530273,22.0,12.550000190734863,18.700000762939453,556510,9975218000.0,3321609000.0,776232149000.0,17904100000.0,94666172000.0,52905427000.0,20.698246,2.85,25.616,18677749.0,DCM.NS,0.1891288051660101,0.0037097600295346697,0.03041883852660695,1
2020-09-30,18.950000762939453,24.899999618530273,17.0,19.899999618530273,1833892,9975218000.0,3321609000.0,776232149000.0,17904100000.0,94666172000.0,52905427000.0,20.698246,2.85,25.616,18677749.0,DCM.NS,0.1891288051660101,0.0037097600295346697,0.03041883852660695,1
2020-12-31,20.0,40.79999923706055,16.649999618530273,29.799999237060547,3773936,9975218000.0,3321609000.0,776232149000.0,17904100000.0,94666172000.0,52905427000.0,20.698246,2.85,25.616,18677749.0,DCM.NS,0.1891288051660101,0.0037097600295346697,0.03041883852660695,0
2021-03-31,30.5,35.400001525878906,23.0,24.149999618530273,2308927,9975218000.0,3321609000.0,776232149000.0,17904100000.0,94666172000.0,52905427000.0,20.698246,2.85,25.616,18677749.0,DCM.NS,0.1891288051660101,0.0037097600295346697,0.03041883852660695,1
2021-06-30,24.899999618530273,43.25,23.200000762939453,42.0,4871288,9975218000.0,3321609000.0,776232149000.0,17904100000.0,94666172000.0,52905427000.0,20.698246,2.85,25.616,18677749.0,DCM.NS,0.1891288051660101,0.0037097600295346697,0.03041883852660695,1
2021-09-30,42.79999923706055,63.79999923706055,38.04999923706055,55.70000076293945,1847018,9975218000.0,3321609000.0,776232149000.0,17904100000.0,94666172000.0,52905427000.0,20.698246,2.85,25.616,18677749.0,DCM.NS,0.1891288051660101,0.0037097600295346697,0.03041883852660695,1
2021-12-31,58.29999923706055,143.5,49.650001525878906,132.4499969482422,2377158,9975218000.0,3321609000.0,776232149000.0,17904100000.0,94666172000.0,52905427000.0,20.698246,2.85,25.616,18677749.0,DCM.NS,0.1891288051660101,0.0037097600295346697,0.03041883852660695,0
2022-03-31,137.0,146.0,75.3499984741211,82.9000015258789,3335611,9975218000.0,3321609000.0,776232149000.0,17904100000.0,94666172000.0,52905427000.0,20.698246,2.85,25.616,18677749.0,DCM.NS,0.1891288051660101,0.0037097600295346697,0.03041883852660695,0
2022-06-30,85.80000305175781,112.0,62.25,66.4000015258789,5037912,9975218000.0,3321609000.0,776232149000.0,17904100000.0,94666172000.0,52905427000.0,20.698246,2.85,25.616,18677749.0,DCM.NS,0.1891288051660101,0.0037097600295346697,0.03041883852660695,1
2022-09-30,66.75,92.3499984741211,43.0,75.75,13705763,9975218000.0,3321609000.0,776232149000.0,17904100000.0,94666172000.0,52905427000.0,20.698246,2.85,25.616,18677749.0,DCM.NS,0.1891288051660101,0.0037097600295346697,0.03041883852660695,1
2022-12-31,76.3499984741211,101.44999694824219,71.9000015258789,81.25,5594331,9975218000.0,3321609000.0,776232149000.0,17904100000.0,94666172000.0,52905427000.0,20.698246,2.85,25.616,18677749.0,DCM.NS,0.1891288051660101,0.0037097600295346697,0.03041883852660695,0
2023-03-31,81.25,87.9000015258789,67.25,70.05000305175781,2154909,9975218000.0,3321609000.0,776232149000.0,17904100000.0,94666172000.0,52905427000.0,20.698246,2.85,25.616,18677749.0,DCM.NS,0.1891288051660101,0.0037097600295346697,0.03041883852660695,0
2023-06-30,72.5,78.5,62.0,68.75,2220559,9975218000.0,3321609000.0,776232149000.0,17904100000.0,94666172000.0,52905427000.0,20.698246,2.85,25.616,18677749.0,DCM.NS,0.1891288051660101,0.0037097600295346697,0.03041883852660695,1
2023-09-30,69.25,100.5,65.8499984741211,97.05000305175781,8844805,9975218000.0,3321609000.0,776232149000.0,17904100000.0,94666172000.0,52905427000.0,20.698246,2.85,25.616,18677749.0,DCM.NS,0.1891288051660101,0.0037097600295346697,0.03041883852660695,0
2023-12-31,96.0,96.0,70.44999694824219,79.0999984741211,4741580,9975218000.0,3321609000.0,776232149000.0,17904100000.0,94666172000.0,52905427000.0,20.698246,2.85,25.616,18677749.0,DCM.NS,0.1891288051660101,0.0037097600295346697,0.03041883852660695,0
2024-03-31,79.75,94.9000015258789,68.3499984741211,72.0,6412355,9975218000.0,3321609000.0,776232149000.0,17904100000.0,94666172000.0,52905427000.0,20.698246,2.85,25.616,18677749.0,DCM.NS,0.1891288051660101,0.0037097600295346697,0.03041883852660695,1
2024-06-30,72.80000305175781,81.94999694824219,66.69999694824219,77.12000274658203,2169733,9975218000.0,3321609000.0,776232149000.0,17904100000.0,94666172000.0,52905427000.0,20.698246,2.85,25.616,18677749.0,DCM.NS,0.1891288051660101,0.0037097600295346697,0.03041883852660695,1
2024-09-30,78.11000061035156,113.80000305175781,76.80999755859375,92.3499984741211,11183543,9975218000.0,3321609000.0,1145900000.0,14700000.0,214900000.0,95300000.0,20.698246,2.85,25.616,18677749.0,DCM.NS,0.06840390879478828,0.0037097600295346697,0.03041883852660695,1
2024-12-31,92.5,141.8800048828125,83.0,105.08000183105469,9483612,173400000.0,205600000.0,1145900000.0,14700000.0,214900000.0,95300000.0,20.698246,2.85,25.616,18677749.0,DCM.NS,0.06840390879478828,0.0037097600295346697,0.03041883852660695,0
2025-03-31,106.0,115.88999938964844,91.66000366210938,97.13999938964844,2672830,163646000.0,9367000.0,1251088000.0,12647000.0,429211000.0,95677000.0,20.698246,2.85,25.616,18677749.0,DCM.NS,0.029465694029276977,0.007487083242745514,0.021823765001362967,1
2025-06-30,98.0199966430664,114.44999694824219,92.56999969482422,107.48999786376953,1795750,176100000.0,32400000.0,1251088000.0,12647000.0,429211000.0,95677000.0,20.698246,2.85,25.616,18677749.0,DCM.NS,0.029465694029276977,0.007487083242745514,0.021823765001362967,0
2025-09-30,109.25,136.0,94.91999816894531,97.26000213623047,3851467,176200000.0,14500000.0,1306100000.0,13000000.0,476200000.0,94400000.0,20.698246,2.85,25.616,18677749.0,DCM.NS,0.027299454010919783,0.01110175331138504,0.030449391012179756,0
2025-12-31,97.0,103.80000305175781,89.0,93.45999908447266,1002923,176800000.0,-3000000.0,1306100000.0,13000000.0,476200000.0,94400000.0,20.698246,2.85,25.616,18677749.0,DCM.NS,0.027299454010919783,0.01110175331138504,0.030449391012179756,0
2026-03-31,93.5999984741211,93.8499984741211,55.119998931884766,58.9900016784668,806983,176800000.0,-3000000.0,1306100000.0,13000000.0,476200000.0,94400000.0,20.698246,2.85,25.616,18677749.0,DCM.NS,0.027299454010919783,0.01110175331138504,0.030449391012179756,0
2016-03-31,517.9002273326865,542.9583947103143,500.74532374757706,515.1572875976562,19894,176800000.0,-3000000.0,1306100000.0,13000000.0,476200000.0,94400000.0,26.446325,18.91,466.989,9178977.0,DICIND.NS,0.027299454010919783,0.01110175331138504,0.030449391012179756,1
2016-06-30,523.4789643364335,630.762400482291,510.03791350484545,550.8408813476562,282113,176800000.0,-3000000.0,1306100000.0,13000000.0,476200000.0,94400000.0,26.446325,18.91,466.989,9178977.0,DICIND.NS,0.027299454010919783,0.01110175331138504,0.030449391012179756,0
2016-09-30,552.1979245052361,571.8039208984375,478.2658434059609,500.7729187011719,162689,176800000.0,-3000000.0,1306100000.0,13000000.0,476200000.0,94400000.0,26.446325,18.91,466.989,9178977.0,DICIND.NS,0.027299454010919783,0.01110175331138504,0.030449391012179756,0
2016-12-31,496.9359541658313,561.5095704431993,412.7095838693272,423.4718322753906,169166,176800000.0,-3000000.0,1306100000.0,13000000.0,476200000.0,94400000.0,26.446325,18.91,466.989,9178977.0,DICIND.NS,0.027299454010919783,0.01110175331138504,0.030449391012179756,1
2017-03-31,431.37978135402176,477.28318415928214,421.55336290458945,440.4517517089844,162114,176800000.0,-3000000.0,1306100000.0,13000000.0,476200000.0,94400000.0,26.446325,18.91,466.989,9178977.0,DICIND.NS,0.027299454010919783,0.01110175331138504,0.030449391012179756,1
2017-06-30,446.54098134337437,539.4366139200094,409.72257830884234,496.10418701171875,635894,176800000.0,-3000000.0,1306100000.0,13000000.0,476200000.0,94400000.0,26.446325,18.91,466.989,9178977.0,DICIND.NS,0.027299454010919783,0.01110175331138504,0.030449391012179756,0
2017-09-30,496.1985547976125,561.8107687108902,450.31720364778687,460.9378662109375,296856,176800000.0,-3000000.0,1306100000.0,13000000.0,476200000.0,94400000.0,26.446325,18.91,466.989,9178977.0,DICIND.NS,0.027299454010919783,0.01110175331138504,0.030449391012179756,1
2017-12-31,456.028785668478,566.3423444910622,450.27003496076725,533.7249755859375,861817,176800000.0,-3000000.0,1306100000.0,13000000.0,476200000.0,94400000.0,26.446325,18.91,466.989,9178977.0,DICIND.NS,0.027299454010919783,0.01110175331138504,0.030449391012179756,0
2018-03-31,526.4557044148569,589.9438801837651,421.52332218798574,455.32073974609375,365026,176800000.0,-3000000.0,1306100000.0,13000000.0,476200000.0,94400000.0,26.446325,18.91,466.989,9178977.0,DICIND.NS,0.027299454010919783,0.01110175331138504,0.030449391012179756,0
2018-06-30,448.80666791840275,479.58305459350476,364.5964646704609,377.9549255371094,80602,176800000.0,-3000000.0,1306100000.0,13000000.0,476200000.0,94400000.0,26.446325,18.91,466.989,9178977.0,DICIND.NS,0.027299454010919783,0.01110175331138504,0.030449391012179756,0
2018-09-30,373.9898418575859,443.61435656438346,365.351728388303,375.87799072265625,97532,176800000.0,-3000000.0,1306100000.0,13000000.0,476200000.0,94400000.0,26.446325,18.91,466.989,9178977.0,DICIND.NS,0.027299454010919783,0.01110175331138504,0.030449391012179756,0
2018-12-31,369.17511643160765,396.50569181900954,310.5961383599886,363.46356201171875,68979,176800000.0,-3000000.0,1306100000.0,13000000.0,476200000.0,94400000.0,26.446325,18.91,466.989,9178977.0,DICIND.NS,0.027299454010919783,0.01110175331138504,0.030449391012179756,0
2019-03-31,358.8848516747725,376.6804261673328,296.0103784485025,326.9283752441406,62768,176800000.0,-3000000.0,1306100000.0,13000000.0,476200000.0,94400000.0,26.446325,18.91,466.989,9178977.0,DICIND.NS,0.027299454010919783,0.01110175331138504,0.030449391012179756,0
2019-06-30,334.15048958308444,397.78021678291185,295.3495325834945,304.3653564453125,255501,176800000.0,-3000000.0,1306100000.0,13000000.0,476200000.0,94400000.0,26.446325,18.91,466.989,9178977.0,DICIND.NS,0.027299454010919783,0.01110175331138504,0.030449391012179756,1
2019-09-30,302.14679155984675,358.6489026898819,272.0312339701593,328.43890380859375,68560,176800000.0,-3000000.0,1306100000.0,13000000.0,476200000.0,94400000.0,26.446325,18.91,466.989,9178977.0,DICIND.NS,0.027299454010919783,0.01110175331138504,0.030449391012179756,0
2019-12-31,319.1398735995733,350.52993936590207,283.69038877272254,309.793701171875,59017,176800000.0,-3000000.0,1306100000.0,13000000.0,476200000.0,94400000.0,26.446325,18.91,466.989,9178977.0,DICIND.NS,0.027299454010919783,0.01110175331138504,0.030449391012179756,0
2020-03-31,308.7080345410139,418.2191467285156,222.04319282677884,256.1709899902344,355685,176800000.0,-3000000.0,1306100000.0,13000000.0,476200000.0,94400000.0,26.446325,18.91,466.989,9178977.0,DICIND.NS,0.027299454010919783,0.01110175331138504,0.030449391012179756,1
2020-06-30,256.07663714253704,352.9451700259688,253.95249913858973,318.8848571777344,250421,176800000.0,-3000000.0,1306100000.0,13000000.0,476200000.0,94400000.0,26.446325,18.91,466.989,9178977.0,DICIND.NS,0.027299454010919783,0.01110175331138504,0.030449391012179756,1
2020-09-30,316.73217278950585,400.8783208737477,301.37631839843147,369.2099304199219,833899,176800000.0,-3000000.0,1306100000.0,13000000.0,476200000.0,94400000.0,26.446325,18.91,466.989,9178977.0,DICIND.NS,0.027299454010919783,0.01110175331138504,0.030449391012179756,1
2020-12-31,368.82723112749267,406.5231868275849,327.83047348631925,396.6686706542969,356818,176800000.0,-3000000.0,1306100000.0,13000000.0,476200000.0,94400000.0,26.446325,18.91,466.989,9178977.0,DICIND.NS,0.027299454010919783,0.01110175331138504,0.030449391012179756,0
2021-03-31,396.812167712198,436.2302878032583,366.4831729915827,380.84783935546875,593412,176800000.0,-3000000.0,1306100000.0,13000000.0,476200000.0,94400000.0,26.446325,18.91,466.989,9178977.0,DICIND.NS,0.027299454010919783,0.01110175331138504,0.030449391012179756,1
2021-06-30,382.49675597181584,513.8754030499604,364.94077870533687,458.54022216796875,961726,176800000.0,-3000000.0,1306100000.0,13000000.0,476200000.0,94400000.0,26.446325,18.91,466.989,9178977.0,DICIND.NS,0.027299454010919783,0.01110175331138504,0.030449391012179756,0
2021-09-30,481.0428936823884,533.3712837319347,407.37576721533117,453.1085205078125,729158,176800000.0,-3000000.0,1306100000.0,13000000.0,476200000.0,94400000.0,26.446325,18.91,466.989,9178977.0,DICIND.NS,0.027299454010919783,0.01110175331138504,0.030449391012179756,0
2021-12-31,449.22877132235254,464.60236663888867,358.1511657571192,382.9331970214844,223858,176800000.0,-3000000.0,1306100000.0,13000000.0,476200000.0,94400000.0,26.446325,18.91,466.989,9178977.0,DICIND.NS,0.027299454010919783,0.01110175331138504,0.030449391012179756,0
2022-03-31,386.08548781450213,446.17344808806234,329.9743837823544,337.289794921875,280716,176800000.0,-3000000.0,1306100000.0,13000000.0,476200000.0,94400000.0,26.446325,18.91,466.989,9178977.0,DICIND.NS,0.027299454010919783,0.01110175331138504,0.030449391012179756,1
2022-06-30,344.0729394561684,398.14152489149285,315.71150580476734,374.89202880859375,181719,176800000.0,-3000000.0,1306100000.0,13000000.0,476200000.0,94400000.0,26.446325,18.91,466.989,9178977.0,DICIND.NS,0.027299454010919783,0.01110175331138504,0.030449391012179756,1
2022-09-30,374.8920692732185,419.7689998141031,319.79122470493263,375.6293640136719,186979,176800000.0,-3000000.0,1306100000.0,13000000.0,476200000.0,94400000.0,26.446325,18.91,466.989,9178977.0,DICIND.NS,0.027299454010919783,0.01110175331138504,0.030449391012179756,1
2022-12-31,372.7292891574873,435.49803669398125,358.9663829005349,380.05316162109375,173081,176800000.0,-3000000.0,1306100000.0,13000000.0,476200000.0,94400000.0,26.446325,18.91,466.989,9178977.0,DICIND.NS,0.027299454010919783,0.01110175331138504,0.030449391012179756,0
2023-03-31,381.134521428207,403.0568752813231,356.8527949442493,371.8248596191406,118024,176800000.0,-3000000.0,1306100000.0,13000000.0,476200000.0,94400000.0,26.446325,18.91,466.989,9178977.0,DICIND.NS,0.027299454010919783,0.01110175331138504,0.030449391012179756,1
2023-06-30,372.2696003615031,448.66045560735256,369.15661332039366,431.2180480957031,358361,176800000.0,-3000000.0,1306100000.0,13000000.0,476200000.0,94400000.0,26.446325,18.91,466.989,9178977.0,DICIND.NS,0.027299454010919783,0.01110175331138504,0.030449391012179756,1
2023-09-30,434.0345448947819,493.4771022086656,418.02505460399976,442.9286804199219,414007,176800000.0,-3000000.0,1306100000.0,13000000.0,476200000.0,94400000.0,26.446325,18.91,466.989,9178977.0,DICIND.NS,0.027299454010919783,0.01110175331138504,0.030449391012179756,1
2023-12-31,439.766311025515,538.590186175422,405.6720922274852,489.37591552734375,413732,176800000.0,-3000000.0,1306100000.0,13000000.0,476200000.0,94400000.0,26.446325,18.91,466.989,9178977.0,DICIND.NS,0.027299454010919783,0.01110175331138504,0.030449391012179756,0
2024-03-31,489.9688241492341,548.4725689307537,412.0956132007563,415.4062194824219,335856,176800000.0,-3000000.0,1306100000.0,13000000.0,476200000.0,94400000.0,26.446325,18.91,466.989,9178977.0,DICIND.NS,0.027299454010919783,0.01110175331138504,0.030449391012179756,1
2024-06-30,417.3332591590804,572.1903206503538,412.6391362549253,526.0889282226562,527854,176800000.0,-3000000.0,1306100000.0,13000000.0,476200000.0,94400000.0,26.446325,18.91,466.989,9178977.0,DICIND.NS,0.027299454010919783,0.01110175331138504,0.030449391012179756,1
2024-09-30,522.284283259475,764.9957070536544,497.72651487004606,721.364990234375,1325683,176800000.0,-3000000.0,1306100000.0,13000000.0,476200000.0,94400000.0,26.446325,18.91,466.989,9178977.0,DICIND.NS,0.027299454010919783,0.01110175331138504,0.030449391012179756,0
2024-12-31,712.1249290301106,830.0218715989437,653.2753221152499,657.080078125,264409,2184571000.0,71485000.0,5873675000.0,34329000.0,4152516000.0,391273000.0,26.446325,18.91,466.989,9178977.0,DICIND.NS,0.008267036177584867,0.012170404389074983,0.017214864433996162,0
2025-03-31,660.538924960103,739.202722599596,587.5080196474437,643.0089721679688,341557,2092554000.0,25876000.0,5873675000.0,34329000.0,4152516000.0,391273000.0,26.446325,18.91,466.989,9178977.0,DICIND.NS,0.008267036177584867,0.012170404389074983,0.017214864433996162,1
2025-06-30,646.340107318651,738.4187031202651,565.3984258792765,650.4169921875,242962,2257998000.0,43626000.0,6125481000.0,41487000.0,4182242000.0,422329000.0,26.446325,18.91,466.989,9178977.0,DICIND.NS,0.009919798997762444,0.007122052945719691,0.01043124716360268,0
2025-09-30,659.9132874597584,659.9132874597584,493.20722305764707,504.7916259765625,140716,2222335000.0,58700000.0,6125481000.0,41487000.0,4182242000.0,422329000.0,26.446325,18.91,466.989,9178977.0,DICIND.NS,0.009919798997762444,0.007122052945719691,0.01043124716360268,0
2025-12-31,508.17246900045365,580.7117009778319,467.3536123824089,482.4680480957031,115817,2310835000.0,45564000.0,6303668000.0,40873000.0,4286480000.0,645453000.0,26.446325,18.91,466.989,9178977.0,DICIND.NS,0.009535329687762453,0.0072281725496964625,0.010629700826785615,1
2026-03-31,491.26818594024496,566.7905274659857,447.9634122961736,500.1000061035156,127231,2310835000.0,45564000.0,6303668000.0,40873000.0,4286480000.0,645453000.0,26.446325,18.91,466.989,9178977.0,DICIND.NS,0.009535329687762453,0.0072281725496964625,0.010629700826785615,0
2016-03-31,1705.558140790494,1803.5166547570163,1677.9694864081537,1787.727783203125,3321200,2310835000.0,45564000.0,6303668000.0,40873000.0,4286480000.0,645453000.0,34.44798,194.83,805.256,274314204.0,EICHERMOT.NS,0.009535329687762453,0.0072281725496964625,0.010629700826785615,1
2016-06-30,1778.4069878569846,1929.3245097092893,1677.6899562364754,1791.6236572265625,39034480,2310835000.0,45564000.0,6303668000.0,40873000.0,4286480000.0,645453000.0,34.44798,194.83,805.256,274314204.0,EICHERMOT.NS,0.009535329687762453,0.0072281725496964625,0.010629700826785615,1
2016-09-30,1791.5863115036866,2483.101860575015,1775.5690927847495,2314.074951171875,29311570,2310835000.0,45564000.0,6303668000.0,40873000.0,4286480000.0,645453000.0,34.44798,194.83,805.256,274314204.0,EICHERMOT.NS,0.009535329687762453,0.0072281725496964625,0.010629700826785615,0
2016-12-31,2359.950716174226,2470.3984567909274,1820.2935216480146,2032.153076171875,35812880,2310835000.0,45564000.0,6303668000.0,40873000.0,4286480000.0,645453000.0,34.44798,194.83,805.256,274314204.0,EICHERMOT.NS,0.009535329687762453,0.0072281725496964625,0.010629700826785615,1
2017-03-31,2087.7919488912084,2406.077372976717,2058.7908029152095,2384.882568359375,27026640,2310835000.0,45564000.0,6303668000.0,40873000.0,4286480000.0,645453000.0,34.44798,194.83,805.256,274314204.0,EICHERMOT.NS,0.009535329687762453,0.0072281725496964625,0.010629700826785615,1
2017-06-30,2400.0285132517206,2800.903306481835,2360.0527987736486,2520.207275390625,24888520,2310835000.0,45564000.0,6303668000.0,40873000.0,4286480000.0,645453000.0,34.44798,194.83,805.256,274314204.0,EICHERMOT.NS,0.009535329687762453,0.0072281725496964625,0.010629700826785615,1
2017-09-30,2544.4030705122154,3131.1578327618613,2527.6261713922518,2919.16845703125,26280860,2310835000.0,45564000.0,6303668000.0,40873000.0,4286480000.0,645453000.0,34.44798,194.83,805.256,274314204.0,EICHERMOT.NS,0.009535329687762453,0.0072281725496964625,0.010629700826785615,0
2017-12-31,2973.9448606413594,3064.438199402851,2629.031136540257,2837.573974609375,20347780,2310835000.0,45564000.0,6303668000.0,40873000.0,4286480000.0,645453000.0,34.44798,194.83,805.256,274314204.0,EICHERMOT.NS,0.009535329687762453,0.0072281725496964625,0.010629700826785615,0
2018-03-31,2843.1013459827486,2844.9763769624137,2451.061223093951,2653.501220703125,35669580,2310835000.0,45564000.0,6303668000.0,40873000.0,4286480000.0,645453000.0,34.44798,194.83,805.256,274314204.0,EICHERMOT.NS,0.009535329687762453,0.0072281725496964625,0.010629700826785615,1
2018-06-30,2666.347534131142,3014.8800036316056,2595.418980510643,2673.870849609375,23724670,2310835000.0,45564000.0,6303668000.0,40873000.0,4286480000.0,645453000.0,34.44798,194.83,805.256,274314204.0,EICHERMOT.NS,0.009535329687762453,0.0072281725496964625,0.010629700826785615,0
2018-09-30,2679.907884615701,2798.267720699403,2208.913472070723,2271.048095703125,34462620,2310835000.0,45564000.0,6303668000.0,40873000.0,4286480000.0,645453000.0,34.44798,194.83,805.256,274314204.0,EICHERMOT.NS,0.009535329687762453,0.0072281725496964625,0.010629700826785615,0
2018-12-31,2279.9308232539033,2380.4054716688966,1878.1397948357376,2174.606201171875,62651780,2310835000.0,45564000.0,6303668000.0,40873000.0,4286480000.0,645453000.0,34.44798,194.83,805.256,274314204.0,EICHERMOT.NS,0.009535329687762453,0.0072281725496964625,0.010629700826785615,0
2019-03-31,2174.9725437104407,2193.0718955068874,1765.350128034072,1962.4493408203125,87940820,2310835000.0,45564000.0,6303668000.0,40873000.0,4286480000.0,645453000.0,34.44798,194.83,805.256,274314204.0,EICHERMOT.NS,0.009535329687762453,0.0072281725496964625,0.010629700826785615,0
2019-06-30,1952.092404566965,2032.8756327353158,1709.4786360604223,1797.1640625,61782680,2310835000.0,45564000.0,6303668000.0,40873000.0,4286480000.0,645453000.0,34.44798,194.83,805.256,274314204.0,EICHERMOT.NS,0.009535329687762453,0.0072281725496964625,0.010629700826785615,0
2019-09-30,1811.3619327829254,1905.1506136724026,1437.8157702488443,1680.466064453125,107813330,2310835000.0,45564000.0,6303668000.0,40873000.0,4286480000.0,645453000.0,34.44798,194.83,805.256,274314204.0,EICHERMOT.NS,0.009535329687762453,0.0072281725496964625,0.010629700826785615,1
2019-12-31,1698.8927503308053,2218.2087356944467,1664.2716850829022,2129.7880859375,86225700,2310835000.0,45564000.0,6303668000.0,40873000.0,4286480000.0,645453000.0,34.44798,194.83,805.256,274314204.0,EICHERMOT.NS,0.009535329687762453,0.0072281725496964625,0.010629700826785615,0
2020-03-31,2129.7880258716973,2137.3083649815503,1234.6544850510727,1248.5645751953125,116860920,2310835000.0,45564000.0,6303668000.0,40873000.0,4286480000.0,645453000.0,34.44798,194.83,805.256,274314204.0,EICHERMOT.NS,0.009535329687762453,0.0072281725496964625,0.010629700826785615,1
2020-06-30,1248.564850442294,1768.6641718901044,1186.994171993054,1747.9945068359375,161500390,2310835000.0,45564000.0,6303668000.0,40873000.0,4286480000.0,645453000.0,34.44798,194.83,805.256,274314204.0,EICHERMOT.NS,0.009535329687762453,0.0072281725496964625,0.010629700826785615,1
2020-09-30,1767.6058467342718,2276.00705211336,1713.2620153320836,2100.152587890625,158722517,2310835000.0,45564000.0,6303668000.0,40873000.0,4286480000.0,645453000.0,34.44798,194.83,805.256,274314204.0,EICHERMOT.NS,0.009535329687762453,0.0072281725496964625,0.010629700826785615,1
2020-12-31,2087.9487609611388,2599.9254168340462,1921.2940833847717,2412.963134765625,96926189,2310835000.0,45564000.0,6303668000.0,40873000.0,4286480000.0,645453000.0,34.44798,194.83,805.256,274314204.0,EICHERMOT.NS,0.009535329687762453,0.0072281725496964625,0.010629700826785615,1
2021-03-31,2413.0583875081265,2895.4797614442455,2335.832915507195,2482.609130859375,93894758,2310835000.0,45564000.0,6303668000.0,40873000.0,4286480000.0,645453000.0,34.44798,194.83,805.256,274314204.0,EICHERMOT.NS,0.009535329687762453,0.0072281725496964625,0.010629700826785615,1
2021-06-30,2489.13992891545,2667.521431767108,2196.350628291814,2546.677734375,46699689,2310835000.0,45564000.0,6303668000.0,40873000.0,4286480000.0,645453000.0,34.44798,194.83,805.256,274314204.0,EICHERMOT.NS,0.009535329687762453,0.0072281725496964625,0.010629700826785615,1
2021-09-30,2555.115461001244,2872.2562527249443,2370.7146746537023,2676.7431640625,57632203,2310835000.0,45564000.0,6303668000.0,40873000.0,4286480000.0,645453000.0,34.44798,194.83,805.256,274314204.0,EICHERMOT.NS,0.009535329687762453,0.0072281725496964625,0.010629700826785615,0
2021-12-31,2673.6732493216114,2839.398947584396,2264.036493434224,2486.506591796875,45543344,2310835000.0,45564000.0,6303668000.0,40873000.0,4286480000.0,645453000.0,34.44798,194.83,805.256,274314204.0,EICHERMOT.NS,0.009535329687762453,0.0072281725496964625,0.010629700826785615,0
2022-03-31,2513.560027055773,2762.8918547949133,2071.7374051243823,2357.23583984375,46619530,2310835000.0,45564000.0,6303668000.0,40873000.0,4286480000.0,645453000.0,34.44798,194.83,805.256,274314204.0,EICHERMOT.NS,0.009535329687762453,0.0072281725496964625,0.010629700826785615,1
2022-06-30,2357.2359922618043,2804.095162081706,2216.069531806754,2680.724365234375,45651091,2310835000.0,45564000.0,6303668000.0,40873000.0,4286480000.0,645453000.0,34.44798,194.83,805.256,274314204.0,EICHERMOT.NS,0.009535329687762453,0.0072281725496964625,0.010629700826785615,1
2022-09-30,2662.1614082004335,3657.4305752437213,2634.101053478533,3545.744873046875,55947209,2310835000.0,45564000.0,6303668000.0,40873000.0,4286480000.0,645453000.0,34.44798,194.83,805.256,274314204.0,EICHERMOT.NS,0.009535329687762453,0.0072281725496964625,0.010629700826785615,0
2022-12-31,3651.3947922307543,3756.320622091372,2982.342632635048,3117.109130859375,43011898,2310835000.0,45564000.0,6303668000.0,40873000.0,4286480000.0,645453000.0,34.44798,194.83,805.256,274314204.0,EICHERMOT.NS,0.009535329687762453,0.0072281725496964625,0.010629700826785615,0
2023-03-31,3116.3849508180115,3239.949009588139,2738.7872554549476,2847.769287109375,34741552,2310835000.0,45564000.0,6303668000.0,40873000.0,4286480000.0,645453000.0,34.44798,194.83,805.256,274314204.0,EICHERMOT.NS,0.009535329687762453,0.0072281725496964625,0.010629700826785615,1
2023-06-30,2945.451803173072,3619.525732042425,2822.0328750934204,3457.38134765625,38493136,2310835000.0,45564000.0,6303668000.0,40873000.0,4286480000.0,645453000.0,34.44798,194.83,805.256,274314204.0,EICHERMOT.NS,0.009535329687762453,0.0072281725496964625,0.010629700826785615,0
2023-09-30,3467.8591546778885,3540.3366334583156,3051.6815388944283,3365.536865234375,55887046,2310835000.0,45564000.0,6303668000.0,40873000.0,4286480000.0,645453000.0,34.44798,194.83,805.256,274314204.0,EICHERMOT.NS,0.009535329687762453,0.0072281725496964625,0.010629700826785615,1
2023-12-31,3345.9604283033063,4100.801029556413,3197.648287396936,4045.635498046875,34699479,2310835000.0,45564000.0,6303668000.0,40873000.0,4286480000.0,645453000.0,34.44798,194.83,805.256,274314204.0,EICHERMOT.NS,0.009535329687762453,0.0072281725496964625,0.010629700826785615,0
2024-03-31,4047.099950595735,4047.099950595735,3478.3090071550264,3924.36865234375,41322436,2310835000.0,45564000.0,6303668000.0,40873000.0,4286480000.0,645453000.0,34.44798,194.83,805.256,274314204.0,EICHERMOT.NS,0.009535329687762453,0.0072281725496964625,0.010629700826785615,1
2024-06-30,3964.888621610008,4858.472649632763,3794.3147754855945,4562.58056640625,45163905,2310835000.0,45564000.0,6303668000.0,40873000.0,4286480000.0,645453000.0,34.44798,194.83,805.256,274314204.0,EICHERMOT.NS,0.009535329687762453,0.0072281725496964625,0.010629700826785615,1
2024-09-30,4530.408563405728,5039.653057592901,4447.41642174718,4961.9111328125,37125343,2310835000.0,45564000.0,243799500000.0,4038600000.0,189795500000.0,1468300000.0,34.44798,194.83,805.256,274314204.0,EICHERMOT.NS,0.021278692065934125,0.0072281725496964625,0.010629700826785615,0
2024-12-31,4961.960222474869,5002.139732369932,4451.035622592079,4760.1767578125,32323905,48881100000.0,11705000000.0,243799500000.0,4038600000.0,189795500000.0,1468300000.0,34.44798,194.83,805.256,274314204.0,EICHERMOT.NS,0.021278692065934125,0.0072281725496964625,0.010629700826785615,1
2025-03-31,4767.1860021505045,5504.1303926136425,4586.528606929082,5279.24658203125,32159648,51503800000.0,13621500000.0,271744100000.0,4581300000.0,212964900000.0,2189600000.0,34.44798,194.83,805.256,274314204.0,EICHERMOT.NS,0.02151199563871793,0.050126203291994194,0.0639612443177256,1
2025-06-30,5296.867839252867,5830.893354318284,4935.948176874294,5584.09375,30536313,49456200000.0,12052200000.0,271744100000.0,4581300000.0,212964900000.0,2189600000.0,34.44798,194.83,805.256,274314204.0,EICHERMOT.NS,0.02151199563871793,0.050126203291994194,0.0639612443177256,1
2025-09-30,5584.0936121569775,7122.5,5284.478673610159,7005.5,32662730,60711900000.0,13694500000.0,289441100000.0,4457800000.0,220860700000.0,2491800000.0,34.44798,194.83,805.256,274314204.0,EICHERMOT.NS,0.02018376288764819,0.04731359851797136,0.06200514623018038,1
2025-12-31,7000.0,7374.5,6670.0,7312.5,28663745,59998300000.0,14206100000.0,289441100000.0,4457800000.0,220860700000.0,2491800000.0,34.44798,194.83,805.256,274314204.0,EICHERMOT.NS,0.02018376288764819,0.04731359851797136,0.06200514623018038,0
2026-03-31,7317.0,8230.0,6643.5,6711.5,28710468,59998300000.0,14206100000.0,289441100000.0,4457800000.0,220860700000.0,2491800000.0,34.44798,194.83,805.256,274314204.0,EICHERMOT.NS,0.02018376288764819,0.04731359851797136,0.06200514623018038,0
2016-03-31,62.37603525762086,63.16632044803531,59.10470878527079,62.52307891845703,5919060,59998300000.0,14206100000.0,289441100000.0,4457800000.0,220860700000.0,2491800000.0,13.223187,13.8,48.281,562042373.0,ENGINERSIN.NS,0.02018376288764819,0.04731359851797136,0.06200514623018038,1
2016-06-30,61.75119200620193,76.50895164339492,59.30685292842493,74.87329864501953,92375722,59998300000.0,14206100000.0,289441100000.0,4457800000.0,220860700000.0,2491800000.0,13.223187,13.8,48.281,562042373.0,ENGINERSIN.NS,0.02018376288764819,0.04731359851797136,0.06200514623018038,1
2016-09-30,75.00196661879325,102.17052874160804,71.3814311407225,92.00531768798828,180246002,59998300000.0,14206100000.0,289441100000.0,4457800000.0,220860700000.0,2491800000.0,13.223187,13.8,48.281,562042373.0,ENGINERSIN.NS,0.02018376288764819,0.04731359851797136,0.06200514623018038,1
2016-12-31,92.83853981344815,127.20399512607929,87.50597105368252,111.83583068847656,297360893,59998300000.0,14206100000.0,289441100000.0,4457800000.0,220860700000.0,2491800000.0,13.223187,13.8,48.281,562042373.0,ENGINERSIN.NS,0.02018376288764819,0.04731359851797136,0.06200514623018038,0
2017-03-31,112.57645747292372,120.13090845669376,105.61449993905912,108.43619537353516,208024288,59998300000.0,14206100000.0,289441100000.0,4457800000.0,220860700000.0,2491800000.0,13.223187,13.8,48.281,562042373.0,ENGINERSIN.NS,0.02018376288764819,0.04731359851797136,0.06200514623018038,1
2017-06-30,108.66216939379851,132.3531612542813,108.47384674320267,115.78076934814453,204545853,59998300000.0,14206100000.0,289441100000.0,4457800000.0,220860700000.0,2491800000.0,13.223187,13.8,48.281,562042373.0,ENGINERSIN.NS,0.02018376288764819,0.04731359851797136,0.06200514623018038,0
2017-09-30,116.04440543033584,126.1761621809747,105.9503366338513,112.4034423828125,105295797,59998300000.0,14206100000.0,289441100000.0,4457800000.0,220860700000.0,2491800000.0,13.223187,13.8,48.281,562042373.0,ENGINERSIN.NS,0.02018376288764819,0.04731359851797136,0.06200514623018038,1
2017-12-31,113.42358375772854,155.96691855179654,110.6654418369739,150.60174560546875,176501696,59998300000.0,14206100000.0,289441100000.0,4457800000.0,220860700000.0,2491800000.0,13.223187,13.8,48.281,562042373.0,ENGINERSIN.NS,0.02018376288764819,0.04731359851797136,0.06200514623018038,0
2018-03-31,151.84857596404262,154.19106934436516,112.95663032281611,121.63082122802734,123231477,59998300000.0,14206100000.0,289441100000.0,4457800000.0,220860700000.0,2491800000.0,13.223187,13.8,48.281,562042373.0,ENGINERSIN.NS,0.02018376288764819,0.04731359851797136,0.06200514623018038,0
2018-06-30,122.01461489722719,128.88491045424317,91.96196025550591,95.33952331542969,105443463,59998300000.0,14206100000.0,289441100000.0,4457800000.0,220860700000.0,2491800000.0,13.223187,13.8,48.281,562042373.0,ENGINERSIN.NS,0.02018376288764819,0.04731359851797136,0.06200514623018038,0
2018-09-30,95.95364397501633,107.75396150962682,90.19633998414676,92.37162017822266,142250922,59998300000.0,14206100000.0,289441100000.0,4457800000.0,220860700000.0,2491800000.0,13.223187,13.8,48.281,562042373.0,ENGINERSIN.NS,0.02018376288764819,0.04731359851797136,0.06200514623018038,1
2018-12-31,95.8676161348181,100.45121715586215,77.8050380878654,97.11062622070312,135489967,59998300000.0,14206100000.0,289441100000.0,4457800000.0,220860700000.0,2491800000.0,13.223187,13.8,48.281,562042373.0,ENGINERSIN.NS,0.02018376288764819,0.04731359851797136,0.06200514623018038,0
2019-03-31,97.11062513505051,99.44129171631643,82.31414817299104,92.47344207763672,142966928,59998300000.0,14206100000.0,289441100000.0,4457800000.0,220860700000.0,2491800000.0,13.223187,13.8,48.281,562042373.0,ENGINERSIN.NS,0.02018376288764819,0.04731359851797136,0.06200514623018038,1
2019-06-30,94.3933080037435,102.95267504850703,81.99418660035391,97.07311248779297,100228213,59998300000.0,14206100000.0,289441100000.0,4457800000.0,220860700000.0,2491800000.0,13.223187,13.8,48.281,562042373.0,ENGINERSIN.NS,0.02018376288764819,0.04731359851797136,0.06200514623018038,0
2019-09-30,97.35308809689363,99.1129642935965,73.9947450416479,94.52493286132812,136987476,59998300000.0,14206100000.0,289441100000.0,4457800000.0,220860700000.0,2491800000.0,13.223187,13.8,48.281,562042373.0,ENGINERSIN.NS,0.02018376288764819,0.04731359851797136,0.06200514623018038,0
2019-12-31,94.64575227031989,99.07597644859196,78.53583461116966,79.74407958984375,74341092,59998300000.0,14206100000.0,289441100000.0,4457800000.0,220860700000.0,2491800000.0,13.223187,13.8,48.281,562042373.0,ENGINERSIN.NS,0.02018376288764819,0.04731359851797136,0.06200514623018038,0
2020-03-31,80.0260055960321,84.57706186705971,41.299042380912304,50.406654357910156,79724092,59998300000.0,14206100000.0,289441100000.0,4457800000.0,220860700000.0,2491800000.0,13.223187,13.8,48.281,562042373.0,ENGINERSIN.NS,0.02018376288764819,0.04731359851797136,0.06200514623018038,1
2020-06-30,50.40665305412236,70.34267804962852,48.3920676503717,63.29161834716797,142263393,59998300000.0,14206100000.0,289441100000.0,4457800000.0,220860700000.0,2491800000.0,13.223187,13.8,48.281,562042373.0,ENGINERSIN.NS,0.02018376288764819,0.04731359851797136,0.06200514623018038,0
2020-09-30,63.41753267789573,65.47409059547554,53.47050293803705,55.34298324584961,209083430,59998300000.0,14206100000.0,289441100000.0,4457800000.0,220860700000.0,2491800000.0,13.223187,13.8,48.281,562042373.0,ENGINERSIN.NS,0.02018376288764819,0.04731359851797136,0.06200514623018038,1
2020-12-31,55.81600123334959,68.71646483690598,51.945870245359124,67.3834228515625,155076017,59998300000.0,14206100000.0,289441100000.0,4457800000.0,220860700000.0,2491800000.0,13.223187,13.8,48.281,562042373.0,ENGINERSIN.NS,0.02018376288764819,0.04731359851797136,0.06200514623018038,1
2021-03-31,67.08241022004547,80.24088800665136,60.37417020674654,67.43745422363281,287690292,59998300000.0,14206100000.0,289441100000.0,4457800000.0,220860700000.0,2491800000.0,13.223187,13.8,48.281,562042373.0,ENGINERSIN.NS,0.02018376288764819,0.04731359851797136,0.06200514623018038,1
2021-06-30,67.96295304927908,78.38510899185445,61.30678322110868,69.7145767211914,222306933,59998300000.0,14206100000.0,289441100000.0,4457800000.0,220860700000.0,2491800000.0,13.223187,13.8,48.281,562042373.0,ENGINERSIN.NS,0.02018376288764819,0.04731359851797136,0.06200514623018038,0
2021-09-30,69.93353335209417,71.24725118777148,59.24863801358668,69.550537109375,113381981,59998300000.0,14206100000.0,289441100000.0,4457800000.0,220860700000.0,2491800000.0,13.223187,13.8,48.281,562042373.0,ENGINERSIN.NS,0.02018376288764819,0.04731359851797136,0.06200514623018038,0
2021-12-31,69.41803975159068,72.8624564964776,59.438109432218,61.822689056396484,111550276,59998300000.0,14206100000.0,289441100000.0,4457800000.0,220860700000.0,2491800000.0,13.223187,13.8,48.281,562042373.0,ENGINERSIN.NS,0.02018376288764819,0.04731359851797136,0.06200514623018038,0
2022-03-31,62.04347610473633,65.13462453219834,52.791011040814446,58.29766845703125,90827774,59998300000.0,14206100000.0,289441100000.0,4457800000.0,220860700000.0,2491800000.0,13.223187,13.8,48.281,562042373.0,ENGINERSIN.NS,0.02018376288764819,0.04731359851797136,0.06200514623018038,0
2022-06-30,58.34316886790691,64.85103060771281,50.97063368055556,51.880821228027344,62457499,59998300000.0,14206100000.0,289441100000.0,4457800000.0,220860700000.0,2491800000.0,13.223187,13.8,48.281,562042373.0,ENGINERSIN.NS,0.02018376288764819,0.04731359851797136,0.06200514623018038,1
2022-09-30,51.880830805352396,68.17534065545928,51.51675341086106,58.98366928100586,65049546,59998300000.0,14206100000.0,289441100000.0,4457800000.0,220860700000.0,2491800000.0,13.223187,13.8,48.281,562042373.0,ENGINERSIN.NS,0.02018376288764819,0.04731359851797136,0.06200514623018038,1
2022-12-31,59.214615246719404,81.10832425433244,57.644183544883845,72.8404541015625,258798963,59998300000.0,14206100000.0,289441100000.0,4457800000.0,220860700000.0,2491800000.0,13.223187,13.8,48.281,562042373.0,ENGINERSIN.NS,0.02018376288764819,0.04731359851797136,0.06200514623018038,0
2023-03-31,73.25614799984781,83.83348190198657,66.34836608860411,70.51585388183594,190199187,59998300000.0,14206100000.0,289441100000.0,4457800000.0,220860700000.0,2491800000.0,13.223187,13.8,48.281,562042373.0,ENGINERSIN.NS,0.02018376288764819,0.04731359851797136,0.06200514623018038,1
2023-06-30,70.98943195149255,115.9793936007638,69.90019986574596,108.87570190429688,540485325,59998300000.0,14206100000.0,289441100000.0,4457800000.0,220860700000.0,2491800000.0,13.223187,13.8,48.281,562042373.0,ENGINERSIN.NS,0.02018376288764819,0.04731359851797136,0.06200514623018038,1
2023-09-30,109.39665994809883,159.44667322549606,106.88667806826354,140.5284881591797,385085831,59998300000.0,14206100000.0,289441100000.0,4457800000.0,220860700000.0,2491800000.0,13.223187,13.8,48.281,562042373.0,ENGINERSIN.NS,0.02018376288764819,0.04731359851797136,0.06200514623018038,1
2023-12-31,138.28878324755274,169.02492439007324,110.98365630699061,163.40187072753906,388540109,59998300000.0,14206100000.0,289441100000.0,4457800000.0,220860700000.0,2491800000.0,13.223187,13.8,48.281,562042373.0,ENGINERSIN.NS,0.02018376288764819,0.04731359851797136,0.06200514623018038,1
2024-03-31,164.35495123621126,261.0426888634764,162.25822524289808,194.1855926513672,803762948,59998300000.0,14206100000.0,289441100000.0,4457800000.0,220860700000.0,2491800000.0,13.223187,13.8,48.281,562042373.0,ENGINERSIN.NS,0.02018376288764819,0.04731359851797136,0.06200514623018038,1
2024-06-30,196.0606197002294,278.7541631146057,182.88734898652348,241.19589233398438,586987110,59998300000.0,14206100000.0,289441100000.0,4457800000.0,220860700000.0,2491800000.0,13.223187,13.8,48.281,562042373.0,ENGINERSIN.NS,0.02018376288764819,0.04731359851797136,0.06200514623018038,0
2024-09-30,241.349736328125,292.215900492051,195.43293391727218,204.50328063964844,467883820,59998300000.0,14206100000.0,49052044000.0,290789000.0,23820433000.0,648636000.0,13.223187,13.8,48.281,562042373.0,ENGINERSIN.NS,0.012207544673936028,0.04731359851797136,0.06200514623018038,0
2024-12-31,203.81745152931788,205.94255945046953,165.73935495606256,175.81430053710938,214167042,7645877000.0,1087322000.0,49052044000.0,290789000.0,23820433000.0,648636000.0,13.223187,13.8,48.281,562042373.0,ENGINERSIN.NS,0.012207544673936028,0.04731359851797136,0.06200514623018038,0
2025-03-31,177.06038734120213,183.23287968950376,139.04473736302018,157.01690673828125,208774954,10102571000.0,2798100000.0,52654661000.0,221364000.0,26692809000.0,1386412000.0,13.223187,13.8,48.281,562042373.0,ENGINERSIN.NS,0.0082930200414651,0.05314059471392286,0.10482598515577735,1
2025-06-30,157.42756985193233,240.5317361795886,145.5080746136269,235.46669006347656,343321986,8703593000.0,654009000.0,52654661000.0,221364000.0,26692809000.0,1386412000.0,13.223187,13.8,48.281,562042373.0,ENGINERSIN.NS,0.0082930200414651,0.05314059471392286,0.10482598515577735,0
2025-09-30,235.4666740013769,249.78182871197993,185.00184837188985,190.69032287597656,192198962,9212891000.0,834866000.0,54567388000.0,197738000.0,27052736000.0,742322000.0,13.223187,13.8,48.281,562042373.0,ENGINERSIN.NS,0.007309353109423018,0.015299724443471621,0.0308606863276232,1
2025-12-31,190.769319039302,208.3696832505836,187.11978169739402,199.76651000976562,109960012,12102413000.0,3471679000.0,54567388000.0,197738000.0,27052736000.0,742322000.0,13.223187,13.8,48.281,562042373.0,ENGINERSIN.NS,0.007309353109423018,0.015299724443471621,0.0308606863276232,0
2026-03-31,200.52093666334125,234.9172210551454,162.352472800208,182.47999572753906,561313298,12102413000.0,3471679000.0,54567388000.0,197738000.0,27052736000.0,742322000.0,13.223187,13.8,48.281,562042373.0,ENGINERSIN.NS,0.007309353109423018,0.015299724443471621,0.0308606863276232,0
2016-03-31,514.3631814809946,529.2382202148438,473.69159236607703,499.6054992675781,15814,12102413000.0,3471679000.0,54567388000.0,197738000.0,27052736000.0,742322000.0,37.837242,136.77,270.717,15393020.0,ESABINDIA.NS,0.007309353109423018,0.015299724443471621,0.0308606863276232,1
2016-06-30,492.441999198362,538.6329620145856,416.69675484713076,526.6937866210938,203839,12102413000.0,3471679000.0,54567388000.0,197738000.0,27052736000.0,742322000.0,37.837242,136.77,270.717,15393020.0,ESABINDIA.NS,0.007309353109423018,0.015299724443471621,0.0308606863276232,0
2016-09-30,526.1065003641291,527.7114618093863,439.3857430863656,485.9278869628906,117847,12102413000.0,3471679000.0,54567388000.0,197738000.0,27052736000.0,742322000.0,37.837242,136.77,270.717,15393020.0,ESABINDIA.NS,0.007309353109423018,0.015299724443471621,0.0308606863276232,0
2016-12-31,484.1635344435514,516.0018967080457,411.89969347919873,452.8740234375,131476,12102413000.0,3471679000.0,54567388000.0,197738000.0,27052736000.0,742322000.0,37.837242,136.77,270.717,15393020.0,ESABINDIA.NS,0.007309353109423018,0.015299724443471621,0.0308606863276232,1
2017-03-31,447.03165993610634,481.7716714805646,434.7982134581016,476.12548828125,219628,12102413000.0,3471679000.0,54567388000.0,197738000.0,27052736000.0,742322000.0,37.837242,136.77,270.717,15393020.0,ESABINDIA.NS,0.007309353109423018,0.015299724443471621,0.0308606863276232,1
2017-06-30,475.85097822187134,521.3344472845528,431.30857986125153,510.78692626953125,187579,12102413000.0,3471679000.0,54567388000.0,197738000.0,27052736000.0,742322000.0,37.837242,136.77,270.717,15393020.0,ESABINDIA.NS,0.007309353109423018,0.015299724443471621,0.0308606863276232,1
2017-09-30,513.6100924150091,659.5801831380815,490.78991954734965,583.3360595703125,904715,12102413000.0,3471679000.0,54567388000.0,197738000.0,27052736000.0,742322000.0,37.837242,136.77,270.717,15393020.0,ESABINDIA.NS,0.007309353109423018,0.015299724443471621,0.0308606863276232,1
2017-12-31,596.6454222652251,844.1056671828176,583.3753214421002,628.6428833007812,1560661,12102413000.0,3471679000.0,54567388000.0,197738000.0,27052736000.0,742322000.0,37.837242,136.77,270.717,15393020.0,ESABINDIA.NS,0.007309353109423018,0.015299724443471621,0.0308606863276232,0
2018-03-31,629.2316325062302,769.510370979489,552.2413296981351,555.5784912109375,931801,12102413000.0,3471679000.0,54567388000.0,197738000.0,27052736000.0,742322000.0,37.837242,136.77,270.717,15393020.0,ESABINDIA.NS,0.007309353109423018,0.015299724443471621,0.0308606863276232,0
2018-06-30,555.9320009948839,587.3013374723203,466.41751865376864,500.2209777832031,415310,12102413000.0,3471679000.0,54567388000.0,197738000.0,27052736000.0,742322000.0,37.837242,136.77,270.717,15393020.0,ESABINDIA.NS,0.007309353109423018,0.015299724443471621,0.0308606863276232,1
2018-09-30,507.2093841697132,752.5976248383641,472.14956501785497,591.540283203125,531525,12102413000.0,3471679000.0,54567388000.0,197738000.0,27052736000.0,742322000.0,37.837242,136.77,270.717,15393020.0,ESABINDIA.NS,0.007309353109423018,0.015299724443471621,0.0308606863276232,1
2018-12-31,606.5211997945945,824.1612352580835,587.2933868431506,791.7398071289062,562213,12102413000.0,3471679000.0,54567388000.0,197738000.0,27052736000.0,742322000.0,37.837242,136.77,270.717,15393020.0,ESABINDIA.NS,0.007309353109423018,0.015299724443471621,0.0308606863276232,1
2019-03-31,791.3089133489347,825.1402212935117,702.4853601406154,802.0831909179688,210345,12102413000.0,3471679000.0,54567388000.0,197738000.0,27052736000.0,742322000.0,37.837242,136.77,270.717,15393020.0,ESABINDIA.NS,0.007309353109423018,0.015299724443471621,0.0308606863276232,1
2019-06-30,805.7894860257414,1155.9547075557311,711.6652072098278,991.5816650390625,537762,12102413000.0,3471679000.0,54567388000.0,197738000.0,27052736000.0,742322000.0,37.837242,136.77,270.717,15393020.0,ESABINDIA.NS,0.007309353109423018,0.015299724443471621,0.0308606863276232,1
2019-09-30,986.927228788868,1119.6667170656592,810.2285359331436,1096.69580078125,211176,12102413000.0,3471679000.0,54567388000.0,197738000.0,27052736000.0,742322000.0,37.837242,136.77,270.717,15393020.0,ESABINDIA.NS,0.007309353109423018,0.015299724443471621,0.0308606863276232,1
2019-12-31,1074.026945323215,1210.9900827005001,1024.8528088883852,1112.1680908203125,216288,12102413000.0,3471679000.0,54567388000.0,197738000.0,27052736000.0,742322000.0,37.837242,136.77,270.717,15393020.0,ESABINDIA.NS,0.007309353109423018,0.015299724443471621,0.0308606863276232,0
2020-03-31,1103.5054073032602,1489.3983719379646,748.0824296001805,936.15869140625,426186,12102413000.0,3471679000.0,54567388000.0,197738000.0,27052736000.0,742322000.0,37.837242,136.77,270.717,15393020.0,ESABINDIA.NS,0.007309353109423018,0.015299724443471621,0.0308606863276232,1
2020-06-30,944.347081187636,1417.8999673507005,840.3965894918109,1263.732177734375,664945,12102413000.0,3471679000.0,54567388000.0,197738000.0,27052736000.0,742322000.0,37.837242,136.77,270.717,15393020.0,ESABINDIA.NS,0.007309353109423018,0.015299724443471621,0.0308606863276232,0
2020-09-30,1253.9070859286142,1423.9069595344397,1172.7380634102078,1243.2257080078125,354907,12102413000.0,3471679000.0,54567388000.0,197738000.0,27052736000.0,742322000.0,37.837242,136.77,270.717,15393020.0,ESABINDIA.NS,0.007309353109423018,0.015299724443471621,0.0308606863276232,1
2020-12-31,1254.8985595703125,1780.2216688436313,1162.777968118869,1716.088623046875,656763,12102413000.0,3471679000.0,54567388000.0,197738000.0,27052736000.0,742322000.0,37.837242,136.77,270.717,15393020.0,ESABINDIA.NS,0.007309353109423018,0.015299724443471621,0.0308606863276232,0
2021-03-31,1721.6322959422894,1957.8759605774678,1541.3562974999597,1629.81787109375,1882963,12102413000.0,3471679000.0,54567388000.0,197738000.0,27052736000.0,742322000.0,37.837242,136.77,270.717,15393020.0,ESABINDIA.NS,0.007309353109423018,0.015299724443471621,0.0308606863276232,1
2021-06-30,1637.9680749683002,1820.3692724222637,1602.726184823895,1675.30419921875,649516,12102413000.0,3471679000.0,54567388000.0,197738000.0,27052736000.0,742322000.0,37.837242,136.77,270.717,15393020.0,ESABINDIA.NS,0.007309353109423018,0.015299724443471621,0.0308606863276232,1
2021-09-30,1701.986095332828,2168.1522109596317,1665.560458302528,2026.484619140625,1887340,12102413000.0,3471679000.0,54567388000.0,197738000.0,27052736000.0,742322000.0,37.837242,136.77,270.717,15393020.0,ESABINDIA.NS,0.007309353109423018,0.015299724443471621,0.0308606863276232,1
2021-12-31,2001.4352744716964,3254.569742634928,1989.1644551707004,3120.637451171875,1098905,12102413000.0,3471679000.0,54567388000.0,197738000.0,27052736000.0,742322000.0,37.837242,136.77,270.717,15393020.0,ESABINDIA.NS,0.007309353109423018,0.015299724443471621,0.0308606863276232,0
2022-03-31,3132.6856447959008,3363.4271463105874,2471.9860842317125,2828.302978515625,472668,12102413000.0,3471679000.0,54567388000.0,197738000.0,27052736000.0,742322000.0,37.837242,136.77,270.717,15393020.0,ESABINDIA.NS,0.007309353109423018,0.015299724443471621,0.0308606863276232,1
2022-06-30,2842.484635051459,3978.3640129767887,2830.7837008502224,3307.01220703125,867895,12102413000.0,3471679000.0,54567388000.0,197738000.0,27052736000.0,742322000.0,37.837242,136.77,270.717,15393020.0,ESABINDIA.NS,0.007309353109423018,0.015299724443471621,0.0308606863276232,1
2022-09-30,3330.5536953574615,3525.1197243830547,2844.2439164854927,3441.346435546875,375063,12102413000.0,3471679000.0,54567388000.0,197738000.0,27052736000.0,742322000.0,37.837242,136.77,270.717,15393020.0,ESABINDIA.NS,0.007309353109423018,0.015299724443471621,0.0308606863276232,1
2022-12-31,3391.5724642548357,4119.170923205511,3090.9960933139046,3931.346923828125,452685,12102413000.0,3471679000.0,54567388000.0,197738000.0,27052736000.0,742322000.0,37.837242,136.77,270.717,15393020.0,ESABINDIA.NS,0.007309353109423018,0.015299724443471621,0.0308606863276232,0
2023-03-31,3931.3462804799046,4083.1346069903125,3208.4131907985975,3377.78759765625,286618,12102413000.0,3471679000.0,54567388000.0,197738000.0,27052736000.0,742322000.0,37.837242,136.77,270.717,15393020.0,ESABINDIA.NS,0.007309353109423018,0.015299724443471621,0.0308606863276232,1
2023-06-30,3377.7873950739663,3918.610422324472,3102.4284469388563,3801.677978515625,729738,12102413000.0,3471679000.0,54567388000.0,197738000.0,27052736000.0,742322000.0,37.837242,136.77,270.717,15393020.0,ESABINDIA.NS,0.007309353109423018,0.015299724443471621,0.0308606863276232,1
2023-09-30,3782.365102237622,5616.634074078606,3782.365102237622,4860.02197265625,436298,12102413000.0,3471679000.0,54567388000.0,197738000.0,27052736000.0,742322000.0,37.837242,136.77,270.717,15393020.0,ESABINDIA.NS,0.007309353109423018,0.015299724443471621,0.0308606863276232,1
2023-12-31,4860.0216839570385,6226.303520446638,4619.6094313019275,5676.6318359375,452525,12102413000.0,3471679000.0,54567388000.0,197738000.0,27052736000.0,742322000.0,37.837242,136.77,270.717,15393020.0,ESABINDIA.NS,0.007309353109423018,0.015299724443471621,0.0308606863276232,0
2024-03-31,5687.972643165066,5718.2769312562405,4458.8841777393045,5068.892578125,314403,12102413000.0,3471679000.0,54567388000.0,197738000.0,27052736000.0,742322000.0,37.837242,136.77,270.717,15393020.0,ESABINDIA.NS,0.007309353109423018,0.015299724443471621,0.0308606863276232,1
2024-06-30,5068.891708727622,6446.935897282555,4788.182073700773,5889.8818359375,596014,12102413000.0,3471679000.0,54567388000.0,197738000.0,27052736000.0,742322000.0,37.837242,136.77,270.717,15393020.0,ESABINDIA.NS,0.007309353109423018,0.015299724443471621,0.0308606863276232,1
2024-09-30,5917.2685857650085,6785.278822614035,5736.318455955104,6021.26318359375,480282,12102413000.0,3471679000.0,5727400000.0,42600000.0,3474900000.0,462900000.0,37.837242,136.77,270.717,15393020.0,ESABINDIA.NS,0.012259345592678926,0.015299724443471621,0.0308606863276232,0
2024-12-31,6051.410043619152,6622.4889066549495,5671.680624809777,5760.7822265625,214621,3374900000.0,403800000.0,5727400000.0,42600000.0,3474900000.0,462900000.0,37.837242,136.77,270.717,15393020.0,ESABINDIA.NS,0.012259345592678926,0.015299724443471621,0.0308606863276232,0
2025-03-31,5762.592133945607,5818.340429726914,4206.645360891688,4450.935546875,333223,3607100000.0,474300000.0,6471000000.0,39300000.0,3612500000.0,651100000.0,37.837242,136.77,270.717,15393020.0,ESABINDIA.NS,0.010878892733564014,0.07329624478442281,0.1312941176470588,1
2025-06-30,4470.986427504073,5404.753408665593,4062.213493849811,5068.61474609375,283021,3520200000.0,409400000.0,6471000000.0,39300000.0,3612500000.0,651100000.0,37.837242,136.77,270.717,15393020.0,ESABINDIA.NS,0.010878892733564014,0.07329624478442281,0.1312941176470588,0
2025-09-30,5091.220648123422,5822.961008793388,4857.155613546208,4886.3857421875,212803,3815500000.0,792000000.0,6367500000.0,36500000.0,4166500000.0,385100000.0,37.837242,136.77,270.717,15393020.0,ESABINDIA.NS,0.00876035041401656,0.12438162544169612,0.19008760350414017,1
2025-12-31,4902.735060855731,6396.28357063119,4666.9123474723465,6063.7763671875,750101,3788300000.0,430000000.0,6367500000.0,36500000.0,4166500000.0,385100000.0,37.837242,136.77,270.717,15393020.0,ESABINDIA.NS,0.00876035041401656,0.12438162544169612,0.19008760350414017,0
2026-03-31,6128.486274255552,6365.920174131603,5150.0,5175.0,185135,3788300000.0,430000000.0,6367500000.0,36500000.0,4166500000.0,385100000.0,37.837242,136.77,270.717,15393020.0,ESABINDIA.NS,0.00876035041401656,0.12438162544169612,0.19008760350414017,0
2016-03-31,173.93390440064505,179.65160621052624,167.68765831473016,177.9699249267578,117914,3788300000.0,430000000.0,6367500000.0,36500000.0,4166500000.0,385100000.0,24.808414,13.31,149.974,162810084.0,FDC.NS,0.00876035041401656,0.12438162544169612,0.19008760350414017,1
2016-06-30,176.8168088400257,184.69667512933069,158.5585302681198,179.07505798339844,1857634,3788300000.0,430000000.0,6367500000.0,36500000.0,4166500000.0,385100000.0,24.808414,13.31,149.974,162810084.0,FDC.NS,0.00876035041401656,0.12438162544169612,0.19008760350414017,1
2016-09-30,180.18014460114645,228.51648872872187,173.0690494822248,206.2222137451172,8884487,3788300000.0,430000000.0,6367500000.0,36500000.0,4166500000.0,385100000.0,24.808414,13.31,149.974,162810084.0,FDC.NS,0.00876035041401656,0.12438162544169612,0.19008760350414017,1
2016-12-31,205.74172468538873,234.47443343202457,188.34830987877584,212.42037963867188,3550067,3788300000.0,430000000.0,6367500000.0,36500000.0,4166500000.0,385100000.0,24.808414,13.31,149.974,162810084.0,FDC.NS,0.00876035041401656,0.12438162544169612,0.19008760350414017,0
2017-03-31,215.7356942284783,225.82578822777262,193.82577766087755,195.93991088867188,5773066,3788300000.0,430000000.0,6367500000.0,36500000.0,4166500000.0,385100000.0,24.808414,13.31,149.974,162810084.0,FDC.NS,0.00876035041401656,0.12438162544169612,0.19008760350414017,0
2017-06-30,196.99696153940246,203.24322964128828,164.32429284508052,175.23121643066406,3044210,3788300000.0,430000000.0,6367500000.0,36500000.0,4166500000.0,385100000.0,24.808414,13.31,149.974,162810084.0,FDC.NS,0.00876035041401656,0.12438162544169612,0.19008760350414017,1
2017-09-30,176.2402029297497,186.61857912123742,158.86318047776376,181.5857391357422,4186782,3788300000.0,430000000.0,6367500000.0,36500000.0,4166500000.0,385100000.0,24.808414,13.31,149.974,162810084.0,FDC.NS,0.00876035041401656,0.12438162544169612,0.19008760350414017,1
2017-12-31,183.92124113710886,262.64732730100513,172.24370319211297,245.7148895263672,7774110,3788300000.0,430000000.0,6367500000.0,36500000.0,4166500000.0,385100000.0,24.808414,13.31,149.974,162810084.0,FDC.NS,0.00876035041401656,0.12438162544169612,0.19008760350414017,0
2018-03-31,246.201449603382,311.20642359673167,212.23927932103354,242.26028442382812,8354094,3788300000.0,430000000.0,6367500000.0,36500000.0,4166500000.0,385100000.0,24.808414,13.31,149.974,162810084.0,FDC.NS,0.00876035041401656,0.12438162544169612,0.19008760350414017,0
2018-06-30,243.37937984054784,262.258065037222,204.50290091915818,219.87832641601562,2118547,3788300000.0,430000000.0,6367500000.0,36500000.0,4166500000.0,385100000.0,24.808414,13.31,149.974,162810084.0,FDC.NS,0.00876035041401656,0.12438162544169612,0.19008760350414017,0
2018-09-30,219.927001953125,261.96613162362877,204.35694069395862,208.44407653808594,3312050,3788300000.0,430000000.0,6367500000.0,36500000.0,4166500000.0,385100000.0,24.808414,13.31,149.974,162810084.0,FDC.NS,0.00876035041401656,0.12438162544169612,0.19008760350414017,0
2018-12-31,206.69244589325723,212.1419641459449,166.30760495404598,167.47537231445312,3168271,3788300000.0,430000000.0,6367500000.0,36500000.0,4166500000.0,385100000.0,24.808414,13.31,149.974,162810084.0,FDC.NS,0.00876035041401656,0.12438162544169612,0.19008760350414017,0
2019-03-31,167.62133576345306,180.8558965694592,144.31491918753653,161.1013946533203,2402232,3788300000.0,430000000.0,6367500000.0,36500000.0,4166500000.0,385100000.0,24.808414,13.31,149.974,162810084.0,FDC.NS,0.00876035041401656,0.12438162544169612,0.19008760350414017,1
2019-06-30,163.29092741685392,213.11510732489305,150.20235576652067,182.26693725585938,7525172,3788300000.0,430000000.0,6367500000.0,36500000.0,4166500000.0,385100000.0,24.808414,13.31,149.974,162810084.0,FDC.NS,0.00876035041401656,0.12438162544169612,0.19008760350414017,0
2019-09-30,181.0018616620776,187.81375968161817,147.13699140196644,169.95684814453125,1924247,3788300000.0,430000000.0,6367500000.0,36500000.0,4166500000.0,385100000.0,24.808414,13.31,149.974,162810084.0,FDC.NS,0.00876035041401656,0.12438162544169612,0.19008760350414017,1
2019-12-31,170.92997734314653,213.9908952679982,153.90024252451477,206.05990600585938,7542924,3788300000.0,430000000.0,6367500000.0,36500000.0,4166500000.0,385100000.0,24.808414,13.31,149.974,162810084.0,FDC.NS,0.00876035041401656,0.12438162544169612,0.19008760350414017,0
2020-03-31,206.30318909050013,262.74461470710736,171.01694513830017,190.5128631591797,15854655,3788300000.0,430000000.0,6367500000.0,36500000.0,4166500000.0,385100000.0,24.808414,13.31,149.974,162810084.0,FDC.NS,0.00876035041401656,0.12438162544169612,0.19008760350414017,1
2020-06-30,185.23578690949736,291.02194939708875,185.23578690949736,273.2362060546875,25373079,3788300000.0,430000000.0,6367500000.0,36500000.0,4166500000.0,385100000.0,24.808414,13.31,149.974,162810084.0,FDC.NS,0.00876035041401656,0.12438162544169612,0.19008760350414017,1
2020-09-30,274.6043395631045,370.37384929653,231.21492298759534,348.0439147949219,49573932,3788300000.0,430000000.0,6367500000.0,36500000.0,4166500000.0,385100000.0,24.808414,13.31,149.974,162810084.0,FDC.NS,0.00876035041401656,0.12438162544169612,0.19008760350414017,0
2020-12-31,350.82905976477633,364.5104207895647,310.6644979720568,324.5412902832031,12418220,3788300000.0,430000000.0,6367500000.0,36500000.0,4166500000.0,385100000.0,24.808414,13.31,149.974,162810084.0,FDC.NS,0.00876035041401656,0.12438162544169612,0.19008760350414017,0
2021-03-31,324.541313824642,328.35253511596363,249.39155813670376,279.392822265625,12125313,3788300000.0,430000000.0,6367500000.0,36500000.0,4166500000.0,385100000.0,24.808414,13.31,149.974,162810084.0,FDC.NS,0.00876035041401656,0.12438162544169612,0.19008760350414017,1
2021-06-30,279.58828316346995,395.68435731868954,276.0702219252493,345.8940124511719,41434384,3788300000.0,430000000.0,6367500000.0,36500000.0,4166500000.0,385100000.0,24.808414,13.31,149.974,162810084.0,FDC.NS,0.00876035041401656,0.12438162544169612,0.19008760350414017,0
2021-09-30,346.72465215642575,379.8530923550856,318.6289894221606,341.4475402832031,15623559,3788300000.0,430000000.0,6367500000.0,36500000.0,4166500000.0,385100000.0,24.808414,13.31,149.974,162810084.0,FDC.NS,0.00876035041401656,0.12438162544169612,0.19008760350414017,0
2021-12-31,337.14770445586595,360.60145034285836,265.6137399215872,297.2763366699219,13203336,3788300000.0,430000000.0,6367500000.0,36500000.0,4166500000.0,385100000.0,24.808414,13.31,149.974,162810084.0,FDC.NS,0.00876035041401656,0.12438162544169612,0.19008760350414017,0
2022-03-31,299.0353486741606,315.5506948322787,242.5508921858382,251.24832153320312,14827695,3788300000.0,430000000.0,6367500000.0,36500000.0,4166500000.0,385100000.0,24.808414,13.31,149.974,162810084.0,FDC.NS,0.00876035041401656,0.12438162544169612,0.19008760350414017,0
2022-06-30,252.12783942021937,281.4450472845986,219.87892872499697,233.21824645996094,6274964,3788300000.0,430000000.0,6367500000.0,36500000.0,4166500000.0,385100000.0,24.808414,13.31,149.974,162810084.0,FDC.NS,0.00876035041401656,0.12438162544169612,0.19008760350414017,1
2022-09-30,234.34207768798623,281.05413128961675,228.13659977017292,257.8935546875,7918126,3788300000.0,430000000.0,6367500000.0,36500000.0,4166500000.0,385100000.0,24.808414,13.31,149.974,162810084.0,FDC.NS,0.00876035041401656,0.12438162544169612,0.19008760350414017,1
2022-12-31,259.21283787596764,310.7622293496177,256.6231585611261,264.6853942871094,14247456,3788300000.0,430000000.0,6367500000.0,36500000.0,4166500000.0,385100000.0,24.808414,13.31,149.974,162810084.0,FDC.NS,0.00876035041401656,0.12438162544169612,0.19008760350414017,0
2023-03-31,263.9035750731339,274.60434904301,239.66804152392126,250.46652221679688,4911241,3788300000.0,430000000.0,6367500000.0,36500000.0,4166500000.0,385100000.0,24.808414,13.31,149.974,162810084.0,FDC.NS,0.00876035041401656,0.12438162544169612,0.19008760350414017,1
2023-06-30,251.73695316486388,320.4857575574131,251.15060337914747,303.1885986328125,22530245,3788300000.0,430000000.0,6367500000.0,36500000.0,4166500000.0,385100000.0,24.808414,13.31,149.974,162810084.0,FDC.NS,0.00876035041401656,0.12438162544169612,0.19008760350414017,1
2023-09-30,303.1886418078529,419.18700285127983,299.5728426919068,374.9179992675781,33967478,3788300000.0,430000000.0,6367500000.0,36500000.0,4166500000.0,385100000.0,24.808414,13.31,149.974,162810084.0,FDC.NS,0.00876035041401656,0.12438162544169612,0.19008760350414017,1
2023-12-31,373.4033191832352,414.3496467217383,335.4863641840249,387.42669677734375,14186510,3788300000.0,430000000.0,6367500000.0,36500000.0,4166500000.0,385100000.0,24.808414,13.31,149.974,162810084.0,FDC.NS,0.00876035041401656,0.12438162544169612,0.19008760350414017,1
2024-03-31,390.602723673725,476.59980357368994,383.07795265794243,415.2291564941406,26925005,3788300000.0,430000000.0,6367500000.0,36500000.0,4166500000.0,385100000.0,24.808414,13.31,149.974,162810084.0,FDC.NS,0.00876035041401656,0.12438162544169612,0.19008760350414017,1
2024-06-30,418.94267603927057,475.8180068426957,395.78209627199186,451.5335998535156,9326256,3788300000.0,430000000.0,6367500000.0,36500000.0,4166500000.0,385100000.0,24.808414,13.31,149.974,162810084.0,FDC.NS,0.00876035041401656,0.12438162544169612,0.19008760350414017,1
2024-09-30,453.7812633289032,643.8543595346272,452.75514855294733,527.2696533203125,52554967,3788300000.0,430000000.0,26880794000.0,201213000.0,22917271000.0,444181000.0,24.808414,13.31,149.974,162810084.0,FDC.NS,0.008779972100517553,0.12438162544169612,0.19008760350414017,0
2024-12-31,527.2208276554909,556.9777881176102,469.12390728889903,493.1612854003906,8742037,4641131000.0,370403000.0,26880794000.0,201213000.0,22917271000.0,444181000.0,24.808414,13.31,149.974,162810084.0,FDC.NS,0.008779972100517553,0.12438162544169612,0.19008760350414017,0
2025-03-31,490.7421129138435,518.3402055636001,361.63843420680666,388.9896545410156,7268200,4863403000.0,386713000.0,27138022000.0,211684000.0,22810805000.0,514724000.0,24.808414,13.31,149.974,162810084.0,FDC.NS,0.009279988145968544,0.014249859477599363,0.0169530623754839,1
2025-06-30,389.1377742344795,513.3538101475908,372.5492760173028,481.3617248535156,11690211,6484058000.0,1213514000.0,27138022000.0,211684000.0,22810805000.0,514724000.0,24.808414,13.31,149.974,162810084.0,FDC.NS,0.009279988145968544,0.014249859477599363,0.0169530623754839,0
2025-09-30,481.36175052261274,521.1543090908798,435.5459930926757,436.7308654785156,12400258,4730325000.0,283711000.0,28855539000.0,207120700.0,24313902000.0,356202000.0,24.808414,13.31,149.974,162810084.0,FDC.NS,0.00851861210923693,0.009832115768137271,0.011668674160157428,0
2025-12-31,440.58177958505416,470.40150899268315,398.4687794498419,417.7726135253906,7669844,4647077000.0,283026000.0,28855539000.0,207120700.0,24313902000.0,356202000.0,24.808414,13.31,149.974,162810084.0,FDC.NS,0.00851861210923693,0.009832115768137271,0.011668674160157428,0
2026-03-31,416.6864727458031,417.3776708913644,325.0,330.20001220703125,4372306,4647077000.0,283026000.0,28855539000.0,207120700.0,24313902000.0,356202000.0,24.808414,13.31,149.974,162810084.0,FDC.NS,0.00851861210923693,0.009832115768137271,0.011668674160157428,0
2016-03-31,241.89856315676604,277.27390417077766,232.34991009061537,255.7213134765625,1503994,4647077000.0,283026000.0,28855539000.0,207120700.0,24313902000.0,356202000.0,18.425426,44.52,372.715,152939345.0,FINCABLES.NS,0.00851861210923693,0.009832115768137271,0.011668674160157428,1
2016-06-30,257.9948079788182,340.97697103883365,240.71634458464914,330.8826599121094,9419772,4647077000.0,283026000.0,28855539000.0,207120700.0,24313902000.0,356202000.0,18.425426,44.52,372.715,152939345.0,FINCABLES.NS,0.00851861210923693,0.009832115768137271,0.011668674160157428,1
2016-09-30,332.6559378600576,419.8233928505959,320.6519672882329,404.3183898925781,5301169,4647077000.0,283026000.0,28855539000.0,207120700.0,24313902000.0,356202000.0,18.425426,44.52,372.715,152939345.0,FINCABLES.NS,0.00851861210923693,0.009832115768137271,0.011668674160157428,0
2016-12-31,409.6238686640859,414.1061584240336,324.73533613315385,378.38525390625,3440885,4647077000.0,283026000.0,28855539000.0,207120700.0,24313902000.0,356202000.0,18.425426,44.52,372.715,152939345.0,FINCABLES.NS,0.00851861210923693,0.009832115768137271,0.011668674160157428,1
2017-03-31,365.898975495305,477.49817166293184,365.898975495305,472.5127868652344,4770241,4647077000.0,283026000.0,28855539000.0,207120700.0,24313902000.0,356202000.0,18.425426,44.52,372.715,152939345.0,FINCABLES.NS,0.00851861210923693,0.009832115768137271,0.011668674160157428,0
2017-06-30,472.87870946950574,523.967348334694,413.00848476308045,417.3992614746094,3892738,4647077000.0,283026000.0,28855539000.0,207120700.0,24313902000.0,356202000.0,18.425426,44.52,372.715,152939345.0,FINCABLES.NS,0.00851861210923693,0.009832115768137271,0.011668674160157428,1
2017-09-30,424.1684247616678,520.7199346798217,419.77762003444514,498.514892578125,5380485,4647077000.0,283026000.0,28855539000.0,207120700.0,24313902000.0,356202000.0,18.425426,44.52,372.715,152939345.0,FINCABLES.NS,0.00851861210923693,0.009832115768137271,0.011668674160157428,1
2017-12-31,498.1008730169321,673.1491324157207,490.3741122266786,650.7966918945312,6590335,4647077000.0,283026000.0,28855539000.0,207120700.0,24313902000.0,356202000.0,18.425426,44.52,372.715,152939345.0,FINCABLES.NS,0.00851861210923693,0.009832115768137271,0.011668674160157428,0
2018-03-31,646.7492996131815,697.1572489245357,563.870351881371,620.7634887695312,4933922,4647077000.0,283026000.0,28855539000.0,207120700.0,24313902000.0,356202000.0,18.425426,44.52,372.715,152939345.0,FINCABLES.NS,0.00851861210923693,0.009832115768137271,0.011668674160157428,0
2018-06-30,620.7173669791882,678.8521555609632,513.0484878539007,534.8491821289062,4476964,4647077000.0,283026000.0,28855539000.0,207120700.0,24313902000.0,356202000.0,18.425426,44.52,372.715,152939345.0,FINCABLES.NS,0.00851861210923693,0.009832115768137271,0.011668674160157428,0
2018-09-30,542.8518913103499,596.8932040425847,472.5975902962269,491.3625183105469,4363922,4647077000.0,283026000.0,28855539000.0,207120700.0,24313902000.0,356202000.0,18.425426,44.52,372.715,152939345.0,FINCABLES.NS,0.00851861210923693,0.009832115768137271,0.011668674160157428,0
2018-12-31,495.3009200462928,504.8454788288598,410.32590837379604,420.889892578125,2180850,4647077000.0,283026000.0,28855539000.0,207120700.0,24313902000.0,356202000.0,18.425426,44.52,372.715,152939345.0,FINCABLES.NS,0.00851861210923693,0.009832115768137271,0.011668674160157428,1
2019-03-31,419.6852527429322,470.6053424274741,330.81837992058274,447.4387512207031,6131417,4647077000.0,283026000.0,28855539000.0,207120700.0,24313902000.0,356202000.0,18.425426,44.52,372.715,152939345.0,FINCABLES.NS,0.00851861210923693,0.009832115768137271,0.011668674160157428,0
2019-06-30,442.9444777667054,461.4776984752482,374.55679047339794,408.0556640625,5015627,4647077000.0,283026000.0,28855539000.0,207120700.0,24313902000.0,356202000.0,18.425426,44.52,372.715,152939345.0,FINCABLES.NS,0.00851861210923693,0.009832115768137271,0.011668674160157428,0
2019-09-30,407.73126902757883,409.5845929777042,324.65607921520166,364.31817626953125,3901815,4647077000.0,283026000.0,28855539000.0,207120700.0,24313902000.0,356202000.0,18.425426,44.52,372.715,152939345.0,FINCABLES.NS,0.00851861210923693,0.009832115768137271,0.011668674160157428,0
2019-12-31,364.31814900875344,373.3252465709411,324.2084558438916,348.1804504394531,4780738,4647077000.0,283026000.0,28855539000.0,207120700.0,24313902000.0,356202000.0,18.425426,44.52,372.715,152939345.0,FINCABLES.NS,0.00851861210923693,0.009832115768137271,0.011668674160157428,0
2020-03-31,349.0717545453272,403.395861740958,152.3699804765143,191.1661834716797,6864836,4647077000.0,283026000.0,28855539000.0,207120700.0,24313902000.0,356202000.0,18.425426,44.52,372.715,152939345.0,FINCABLES.NS,0.00851861210923693,0.009832115768137271,0.011668674160157428,1
2020-06-30,193.2772136586401,304.83382924089415,180.14185865583474,267.7734375,6656100,4647077000.0,283026000.0,28855539000.0,207120700.0,24313902000.0,356202000.0,18.425426,44.52,372.715,152939345.0,FINCABLES.NS,0.00851861210923693,0.009832115768137271,0.011668674160157428,0
2020-09-30,274.62256483105114,293.1527626708586,244.37970907957725,263.7005615234375,11839335,4647077000.0,283026000.0,28855539000.0,207120700.0,24313902000.0,356202000.0,18.425426,44.52,372.715,152939345.0,FINCABLES.NS,0.00851861210923693,0.009832115768137271,0.011668674160157428,1
2020-12-31,263.7005783217693,351.36162571580024,256.3357056969716,329.64959716796875,16385951,4647077000.0,283026000.0,28855539000.0,207120700.0,24313902000.0,356202000.0,18.425426,44.52,372.715,152939345.0,FINCABLES.NS,0.00851861210923693,0.009832115768137271,0.011668674160157428,1
2021-03-31,330.65390895873605,407.7937384273382,321.7108486239161,364.36968994140625,19959064,4647077000.0,283026000.0,28855539000.0,207120700.0,24313902000.0,356202000.0,18.425426,44.52,372.715,152939345.0,FINCABLES.NS,0.00851861210923693,0.009832115768137271,0.011668674160157428,1
2021-06-30,364.8957463009948,516.2104062521298,334.7667374217667,497.17645263671875,39037328,4647077000.0,283026000.0,28855539000.0,207120700.0,24313902000.0,356202000.0,18.425426,44.52,372.715,152939345.0,FINCABLES.NS,0.00851861210923693,0.009832115768137271,0.011668674160157428,0
2021-09-30,506.9325058336104,533.426983784181,420.9453117128472,470.8048400878906,19584492,4647077000.0,283026000.0,28855539000.0,207120700.0,24313902000.0,356202000.0,18.425426,44.52,372.715,152939345.0,FINCABLES.NS,0.00851861210923693,0.009832115768137271,0.011668674160157428,1
2021-12-31,473.60780214380014,588.2401559512793,427.93847754042787,510.4331970214844,18902360,4647077000.0,283026000.0,28855539000.0,207120700.0,24313902000.0,356202000.0,18.425426,44.52,372.715,152939345.0,FINCABLES.NS,0.00851861210923693,0.009832115768137271,0.011668674160157428,0
2022-03-31,507.7268856199591,530.9240196170638,356.17236458147806,365.01629638671875,10516782,4647077000.0,283026000.0,28855539000.0,207120700.0,24313902000.0,356202000.0,18.425426,44.52,372.715,152939345.0,FINCABLES.NS,0.00851861210923693,0.009832115768137271,0.011668674160157428,0
2022-06-30,366.65940869005374,414.64848104940876,332.00872552805936,363.7114562988281,13304152,4647077000.0,283026000.0,28855539000.0,207120700.0,24313902000.0,356202000.0,18.425426,44.52,372.715,152939345.0,FINCABLES.NS,0.00851861210923693,0.009832115768137271,0.011668674160157428,1
2022-09-30,361.48838182716906,479.4314952573872,358.92703956649524,459.5142822265625,17391825,4647077000.0,283026000.0,28855539000.0,207120700.0,24313902000.0,356202000.0,18.425426,44.52,372.715,152939345.0,FINCABLES.NS,0.00851861210923693,0.009832115768137271,0.011668674160157428,1
2022-12-31,460.93345864524645,581.2684454566714,436.3183676069285,535.365966796875,23716716,4647077000.0,283026000.0,28855539000.0,207120700.0,24313902000.0,356202000.0,18.425426,44.52,372.715,152939345.0,FINCABLES.NS,0.00851861210923693,0.009832115768137271,0.011668674160157428,1
2023-03-31,538.3021314997518,829.4747073756374,513.5891957245228,795.3169555664062,46008940,4647077000.0,283026000.0,28855539000.0,207120700.0,24313902000.0,356202000.0,18.425426,44.52,372.715,152939345.0,FINCABLES.NS,0.00851861210923693,0.009832115768137271,0.011668674160157428,1
2023-06-30,805.7893748932928,917.0710678758012,757.5868756444314,840.4853515625,25337321,4647077000.0,283026000.0,28855539000.0,207120700.0,24313902000.0,356202000.0,18.425426,44.52,372.715,152939345.0,FINCABLES.NS,0.00851861210923693,0.009832115768137271,0.011668674160157428,1
2023-09-30,845.623737844973,1200.7497492838943,787.5360710840484,1104.2169189453125,38367079,4647077000.0,283026000.0,28855539000.0,207120700.0,24313902000.0,356202000.0,18.425426,44.52,372.715,152939345.0,FINCABLES.NS,0.00851861210923693,0.009832115768137271,0.011668674160157428,0
2023-12-31,1113.0329185260728,1140.6136898493826,828.605984751388,1053.1431884765625,32804512,4647077000.0,283026000.0,28855539000.0,207120700.0,24313902000.0,356202000.0,18.425426,44.52,372.715,152939345.0,FINCABLES.NS,0.00851861210923693,0.009832115768137271,0.011668674160157428,0
2024-03-31,1039.2050780136806,1165.2887361360415,818.8049292765668,986.0134887695312,17500518,4647077000.0,283026000.0,28855539000.0,207120700.0,24313902000.0,356202000.0,18.425426,44.52,372.715,152939345.0,FINCABLES.NS,0.00851861210923693,0.009832115768137271,0.011668674160157428,1
2024-06-30,987.9836052823335,1674.548424596206,946.2183273723856,1536.053466796875,36733662,4647077000.0,283026000.0,28855539000.0,207120700.0,24313902000.0,356202000.0,18.425426,44.52,372.715,152939345.0,FINCABLES.NS,0.00851861210923693,0.009832115768137271,0.011668674160157428,0
2024-09-30,1559.152333501865,1672.529079687221,1348.6517887328766,1399.3121337890625,14618981,4647077000.0,283026000.0,61014400000.0,185800000.0,51920700000.0,698800000.0,18.425426,44.52,372.715,152939345.0,FINCABLES.NS,0.0035785341877131857,0.009832115768137271,0.011668674160157428,0
2024-12-31,1410.6057128760408,1431.5086875180396,1075.9101253071244,1170.9642333984375,19626915,11821100000.0,1472500000.0,61014400000.0,185800000.0,51920700000.0,698800000.0,18.425426,44.52,372.715,152939345.0,FINCABLES.NS,0.0035785341877131857,0.009832115768137271,0.011668674160157428,0
2025-03-31,1167.5464978355199,1178.7905265639045,772.7175168832962,904.8224487304688,52833628,14695300000.0,1917100000.0,62865400000.0,199900000.0,54952400000.0,901300000.0,18.425426,44.52,372.715,152939345.0,FINCABLES.NS,0.0036376937131044323,0.030495312206714663,0.03488655636514511,1
2025-06-30,904.7729534389949,1018.4020662363782,773.7577040441988,970.4539184570312,24865362,13955200000.0,1626200000.0,62865400000.0,199900000.0,54952400000.0,901300000.0,18.425426,44.52,372.715,152939345.0,FINCABLES.NS,0.0036376937131044323,0.030495312206714663,0.03488655636514511,0
2025-09-30,979.2708587504032,990.5644536142007,800.9000244140625,817.4500122070312,14264653,13757900000.0,1626400000.0,66566700000.0,215200000.0,57025800000.0,489900000.0,18.425426,44.52,372.715,152939345.0,FINCABLES.NS,0.0037737304869024197,0.024432636738789815,0.028520424088745795,0
2025-12-31,820.0,833.75,707.2999877929688,749.7000122070312,13735821,15986200000.0,1640300000.0,66566700000.0,215200000.0,57025800000.0,489900000.0,18.425426,44.52,372.715,152939345.0,FINCABLES.NS,0.0037737304869024197,0.024432636738789815,0.028520424088745795,1
2026-03-31,751.0,993.7999877929688,700.7999877929688,820.2999877929688,26657518,15986200000.0,1640300000.0,66566700000.0,215200000.0,57025800000.0,489900000.0,18.425426,44.52,372.715,152939345.0,FINCABLES.NS,0.0037737304869024197,0.024432636738789815,0.028520424088745795,0
2016-03-31,61.29263428689434,62.967305659131895,58.45408235403792,60.98283767700195,1779265,15986200000.0,1640300000.0,66566700000.0,215200000.0,57025800000.0,489900000.0,20.74261,8.12,95.717,618313905.0,FINPIPE.NS,0.0037737304869024197,0.024432636738789815,0.028520424088745795,1
2016-06-30,61.44335950967737,72.47937835038707,58.78064910993445,71.57506561279297,26991470,15986200000.0,1640300000.0,66566700000.0,215200000.0,57025800000.0,489900000.0,20.74261,8.12,95.717,618313905.0,FINPIPE.NS,0.0037737304869024197,0.024432636738789815,0.028520424088745795,1
2016-09-30,71.57507450047079,85.10270834398149,71.53319881965044,77.15694427490234,21281715,15986200000.0,1640300000.0,66566700000.0,215200000.0,57025800000.0,489900000.0,20.74261,8.12,95.717,618313905.0,FINPIPE.NS,0.0037737304869024197,0.024432636738789815,0.028520424088745795,0
2016-12-31,77.276664850659,83.32365327037422,65.17413050835255,74.41140747070312,13026430,15986200000.0,1640300000.0,66566700000.0,215200000.0,57025800000.0,489900000.0,20.74261,8.12,95.717,618313905.0,FINPIPE.NS,0.0037737304869024197,0.024432636738789815,0.028520424088745795,1
2017-03-31,75.25816563925801,99.6257602920336,73.57321642029386,99.03559875488281,19130795,15986200000.0,1640300000.0,66566700000.0,215200000.0,57025800000.0,489900000.0,20.74261,8.12,95.717,618313905.0,FINPIPE.NS,0.0037737304869024197,0.024432636738789815,0.028520424088745795,1
2017-06-30,100.0619582841458,114.69619920875785,94.25444478627726,103.28646087646484,19496905,15986200000.0,1640300000.0,66566700000.0,215200000.0,57025800000.0,489900000.0,20.74261,8.12,95.717,618313905.0,FINPIPE.NS,0.0037737304869024197,0.024432636738789815,0.028520424088745795,1
2017-09-30,105.03126848297724,120.76037288072281,97.71690339046796,110.65052795410156,17990845,15986200000.0,1640300000.0,66566700000.0,215200000.0,57025800000.0,489900000.0,20.74261,8.12,95.717,618313905.0,FINPIPE.NS,0.0037737304869024197,0.024432636738789815,0.028520424088745795,1
2017-12-31,108.59370150117721,131.78534918293423,105.63047716717388,114.99079132080078,17788875,15986200000.0,1640300000.0,66566700000.0,215200000.0,57025800000.0,489900000.0,20.74261,8.12,95.717,618313905.0,FINPIPE.NS,0.0037737304869024197,0.024432636738789815,0.028520424088745795,1
2018-03-31,116.26323882014455,123.75848662186468,106.50200302269982,114.99950408935547,21384905,15986200000.0,1640300000.0,66566700000.0,215200000.0,57025800000.0,489900000.0,20.74261,8.12,95.717,618313905.0,FINPIPE.NS,0.0037737304869024197,0.024432636738789815,0.028520424088745795,0
2018-06-30,114.9995050267579,116.50727330493709,96.94993361915137,100.72370910644531,16134145,15986200000.0,1640300000.0,66566700000.0,215200000.0,57025800000.0,489900000.0,20.74261,8.12,95.717,618313905.0,FINPIPE.NS,0.0037737304869024197,0.024432636738789815,0.028520424088745795,0
2018-09-30,100.7760046672817,112.48948126909043,91.4551829231246,93.17607879638672,13868545,15986200000.0,1640300000.0,66566700000.0,215200000.0,57025800000.0,489900000.0,20.74261,8.12,95.717,618313905.0,FINPIPE.NS,0.0037737304869024197,0.024432636738789815,0.028520424088745795,1
2018-12-31,93.23816111302976,102.86268728161801,81.64438182136752,96.60897064208984,18780315,15986200000.0,1640300000.0,66566700000.0,215200000.0,57025800000.0,489900000.0,20.74261,8.12,95.717,618313905.0,FINPIPE.NS,0.0037737304869024197,0.024432636738789815,0.028520424088745795,0
2019-03-31,96.68880687430747,101.1063322508076,77.52844500742845,88.37710571289062,8964360,15986200000.0,1640300000.0,66566700000.0,215200000.0,57025800000.0,489900000.0,20.74261,8.12,95.717,618313905.0,FINPIPE.NS,0.0037737304869024197,0.024432636738789815,0.028520424088745795,1
2019-06-30,87.63199331159761,92.96317664382843,78.14939229966976,89.9383316040039,12360795,15986200000.0,1640300000.0,66566700000.0,215200000.0,57025800000.0,489900000.0,20.74261,8.12,95.717,618313905.0,FINPIPE.NS,0.0037737304869024197,0.024432636738789815,0.028520424088745795,1
2019-09-30,89.81413820956615,112.85552270037479,87.81827360031582,107.82565307617188,14757375,15986200000.0,1640300000.0,66566700000.0,215200000.0,57025800000.0,489900000.0,20.74261,8.12,95.717,618313905.0,FINPIPE.NS,0.0037737304869024197,0.024432636738789815,0.028520424088745795,0
2019-12-31,107.82565169805959,113.42545072398417,96.97885771893081,98.8243408203125,10616660,15986200000.0,1640300000.0,66566700000.0,215200000.0,57025800000.0,489900000.0,20.74261,8.12,95.717,618313905.0,FINPIPE.NS,0.0037737304869024197,0.024432636738789815,0.028520424088745795,0
2020-03-31,98.06443994913596,107.09286683668664,53.428322543626315,72.37101745605469,13793720,15986200000.0,1640300000.0,66566700000.0,215200000.0,57025800000.0,489900000.0,20.74261,8.12,95.717,618313905.0,FINPIPE.NS,0.0037737304869024197,0.024432636738789815,0.028520424088745795,1
2020-06-30,74.62827967526331,97.75383563415767,65.74659811503325,91.77437591552734,15182555,15986200000.0,1640300000.0,66566700000.0,215200000.0,57025800000.0,489900000.0,20.74261,8.12,95.717,618313905.0,FINPIPE.NS,0.0037737304869024197,0.024432636738789815,0.028520424088745795,1
2020-09-30,91.72828995407349,101.300981773722,80.70911288421017,92.51143646240234,19436310,15986200000.0,1640300000.0,66566700000.0,215200000.0,57025800000.0,489900000.0,20.74261,8.12,95.717,618313905.0,FINPIPE.NS,0.0037737304869024197,0.024432636738789815,0.028520424088745795,1
2020-12-31,92.98131809350423,123.76317356206899,91.71908622890096,119.04594421386719,30090045,15986200000.0,1640300000.0,66566700000.0,215200000.0,57025800000.0,489900000.0,20.74261,8.12,95.717,618313905.0,FINPIPE.NS,0.0037737304869024197,0.024432636738789815,0.028520424088745795,0
2021-03-31,119.22098489388374,128.06582970298825,105.40093774184854,117.19404602050781,49814275,15986200000.0,1640300000.0,66566700000.0,215200000.0,57025800000.0,489900000.0,20.74261,8.12,95.717,618313905.0,FINPIPE.NS,0.0037737304869024197,0.024432636738789815,0.028520424088745795,1
2021-06-30,119.4513219722198,182.2864915971516,119.40526637458238,169.47991943359375,69432764,15986200000.0,1640300000.0,66566700000.0,215200000.0,57025800000.0,489900000.0,20.74261,8.12,95.717,618313905.0,FINPIPE.NS,0.0037737304869024197,0.024432636738789815,0.028520424088745795,1
2021-09-30,171.27651734040035,197.64143345358477,148.01276864029427,196.6993865966797,68250931,15986200000.0,1640300000.0,66566700000.0,215200000.0,57025800000.0,489900000.0,20.74261,8.12,95.717,618313905.0,FINPIPE.NS,0.0037737304869024197,0.024432636738789815,0.028520424088745795,0
2021-12-31,195.7573355142398,230.33045604364546,174.27866543819036,195.0037078857422,47367351,15986200000.0,1640300000.0,66566700000.0,215200000.0,57025800000.0,489900000.0,20.74261,8.12,95.717,618313905.0,FINPIPE.NS,0.0037737304869024197,0.024432636738789815,0.028520424088745795,0
2022-03-31,195.94574227536657,197.82983595109124,131.98077075894923,145.68753051757812,35607823,15986200000.0,1640300000.0,66566700000.0,215200000.0,57025800000.0,489900000.0,20.74261,8.12,95.717,618313905.0,FINPIPE.NS,0.0037737304869024197,0.024432636738789815,0.028520424088745795,0
2022-06-30,145.4991336720666,161.46683341350754,117.75584393237011,128.30677795410156,26382003,15986200000.0,1640300000.0,66566700000.0,215200000.0,57025800000.0,489900000.0,20.74261,8.12,95.717,618313905.0,FINPIPE.NS,0.0037737304869024197,0.024432636738789815,0.028520424088745795,1
2022-09-30,127.92994994018234,150.23019499123586,117.68515552263803,132.31103515625,37174372,15986200000.0,1640300000.0,66566700000.0,215200000.0,57025800000.0,489900000.0,20.74261,8.12,95.717,618313905.0,FINPIPE.NS,0.0037737304869024197,0.024432636738789815,0.028520424088745795,1
2022-12-31,132.6984887708935,188.87742420983693,125.91826060615199,181.41917419433594,74812235,15986200000.0,1640300000.0,66566700000.0,215200000.0,57025800000.0,489900000.0,20.74261,8.12,95.717,618313905.0,FINPIPE.NS,0.0037737304869024197,0.024432636738789815,0.028520424088745795,0
2023-03-31,179.77256238721884,185.97159223216565,153.0391445159912,165.24351501464844,30433843,15986200000.0,1640300000.0,66566700000.0,215200000.0,57025800000.0,489900000.0,20.74261,8.12,95.717,618313905.0,FINPIPE.NS,0.0037737304869024197,0.024432636738789815,0.028520424088745795,1
2023-06-30,169.505362684675,189.36170333172353,156.42923619831916,170.28025817871094,57561835,15986200000.0,1640300000.0,66566700000.0,215200000.0,57025800000.0,489900000.0,20.74261,8.12,95.717,618313905.0,FINPIPE.NS,0.0037737304869024197,0.024432636738789815,0.028520424088745795,1
2023-09-30,170.47396671584406,253.6073980066201,164.71079078658272,218.5345458984375,73406210,15986200000.0,1640300000.0,66566700000.0,215200000.0,57025800000.0,489900000.0,20.74261,8.12,95.717,618313905.0,FINPIPE.NS,0.0037737304869024197,0.024432636738789815,0.028520424088745795,0
2023-12-31,218.77843737993086,227.2661735288104,181.2666107976963,205.85174560546875,57329176,15986200000.0,1640300000.0,66566700000.0,215200000.0,57025800000.0,489900000.0,20.74261,8.12,95.717,618313905.0,FINPIPE.NS,0.0037737304869024197,0.024432636738789815,0.028520424088745795,1
2024-03-31,206.339533013766,246.48550403104377,198.43717440631752,240.43678283691406,73616528,15986200000.0,1640300000.0,66566700000.0,215200000.0,57025800000.0,489900000.0,20.74261,8.12,95.717,618313905.0,FINPIPE.NS,0.0037737304869024197,0.024432636738789815,0.028520424088745795,1
2024-06-30,240.4367752714206,347.2162688186151,233.21733248740608,317.5092468261719,100758712,15986200000.0,1640300000.0,66566700000.0,215200000.0,57025800000.0,489900000.0,20.74261,8.12,95.717,618313905.0,FINPIPE.NS,0.0037737304869024197,0.024432636738789815,0.028520424088745795,0
2024-09-30,319.0214023092979,326.1920731451206,268.5340792233878,274.04949951171875,50305019,15986200000.0,1640300000.0,83933600000.0,3690000000.0,67867800000.0,151700000.0,20.74261,8.12,95.717,618313905.0,FINPIPE.NS,0.05437040835270924,0.024432636738789815,0.028520424088745795,0
2024-12-31,275.3772062740547,328.7807247829667,231.3660352534968,247.3969268798828,116299952,10012400000.0,940200000.0,83933600000.0,3690000000.0,67867800000.0,151700000.0,20.74261,8.12,95.717,618313905.0,FINPIPE.NS,0.05437040835270924,0.024432636738789815,0.028520424088745795,0
2025-03-31,249.21636689850283,250.88831195029516,164.04614509390746,176.9593505859375,78053910,11391700000.0,1645800000.0,73819300000.0,2367500000.0,60968600000.0,443900000.0,20.74261,8.12,95.717,618313905.0,FINPIPE.NS,0.03883146406510893,0.022294982477482177,0.0269942232559055,1
2025-06-30,175.87752830446925,234.07062483931125,151.37878141907683,214.43032836914062,120762128,10431500000.0,981600000.0,73819300000.0,2367500000.0,60968600000.0,443900000.0,20.74261,8.12,95.717,618313905.0,FINPIPE.NS,0.03883146406510893,0.022294982477482177,0.0269942232559055,0
2025-09-30,214.587703553526,222.5,182.74228734541225,200.10000610351562,47317943,8587400000.0,1235600000.0,67765300000.0,212200000.0,59134000000.0,227600000.0,20.74261,8.12,95.717,618313905.0,FINPIPE.NS,0.003588460107552339,0.01823352069569529,0.020894916630026718,0
2025-12-31,200.5,206.69000244140625,162.11000061035156,174.00999450683594,36509006,8976600000.0,1160800000.0,67765300000.0,212200000.0,59134000000.0,227600000.0,20.74261,8.12,95.717,618313905.0,FINPIPE.NS,0.003588460107552339,0.01823352069569529,0.020894916630026718,0
2026-03-31,175.0,197.8000030517578,167.5800018310547,168.39999389648438,34643067,8976600000.0,1160800000.0,67765300000.0,212200000.0,59134000000.0,227600000.0,20.74261,8.12,95.717,618313905.0,FINPIPE.NS,0.003588460107552339,0.01823352069569529,0.020894916630026718,0
2017-12-31,358.6730850036207,379.34953343324116,317.5311694722836,318.03753662109375,78152060,8976600000.0,1160800000.0,67765300000.0,212200000.0,59134000000.0,227600000.0,6.5849886,54.89,567.457,1754400000.0,GICRE.NS,0.003588460107552339,0.01823352069569529,0.020894916630026718,0
2018-03-31,317.74215888789996,341.58337579727174,293.3945817848801,309.7669372558594,15651862,8976600000.0,1160800000.0,67765300000.0,212200000.0,59134000000.0,227600000.0,6.5849886,54.89,567.457,1754400000.0,GICRE.NS,0.003588460107552339,0.01823352069569529,0.020894916630026718,0
2018-06-30,309.76694272489897,323.5653019026171,282.7187597013034,309.2394714355469,7942512,8976600000.0,1160800000.0,67765300000.0,212200000.0,59134000000.0,227600000.0,6.5849886,54.89,567.457,1754400000.0,GICRE.NS,0.003588460107552339,0.01823352069569529,0.020894916630026718,0
2018-09-30,309.9779252624166,335.0675367378144,284.326268656299,287.0383605957031,6587508,8976600000.0,1160800000.0,67765300000.0,212200000.0,59134000000.0,227600000.0,6.5849886,54.89,567.457,1754400000.0,GICRE.NS,0.003588460107552339,0.01823352069569529,0.020894916630026718,0
2018-12-31,284.41378595903757,290.45026407455134,216.17545991464237,226.58616638183594,7813090,8976600000.0,1160800000.0,67765300000.0,212200000.0,59134000000.0,227600000.0,6.5849886,54.89,567.457,1754400000.0,GICRE.NS,0.003588460107552339,0.01823352069569529,0.020894916630026718,0
2019-03-31,227.4610268518223,242.33347196966764,181.40016637021574,208.82672119140625,4976627,8976600000.0,1160800000.0,67765300000.0,212200000.0,59134000000.0,227600000.0,6.5849886,54.89,567.457,1754400000.0,GICRE.NS,0.003588460107552339,0.01823352069569529,0.020894916630026718,0
2019-06-30,210.88260616314818,236.7344599419514,178.55691532194822,191.0235137939453,9118628,8976600000.0,1160800000.0,67765300000.0,212200000.0,59134000000.0,227600000.0,6.5849886,54.89,567.457,1754400000.0,GICRE.NS,0.003588460107552339,0.01823352069569529,0.020894916630026718,1
2019-09-30,191.0235076794756,216.96282460370998,140.68787348086823,198.3157958984375,10361087,8976600000.0,1160800000.0,67765300000.0,212200000.0,59134000000.0,227600000.0,6.5849886,54.89,567.457,1754400000.0,GICRE.NS,0.003588460107552339,0.01823352069569529,0.020894916630026718,1
2019-12-31,200.2998706234394,301.26144613760863,185.91543388934022,204.1778106689453,41403994,8976600000.0,1160800000.0,67765300000.0,212200000.0,59134000000.0,227600000.0,6.5849886,54.89,567.457,1754400000.0,GICRE.NS,0.003588460107552339,0.01823352069569529,0.020894916630026718,0
2020-03-31,203.8170795074502,247.82711236383972,73.50040545993382,94.8741455078125,23651289,8976600000.0,1160800000.0,67765300000.0,212200000.0,59134000000.0,227600000.0,6.5849886,54.89,567.457,1754400000.0,GICRE.NS,0.003588460107552339,0.01823352069569529,0.020894916630026718,1
2020-06-30,94.87414252739352,150.38272185456566,92.84498598682791,134.4651641845703,17421915,8976600000.0,1160800000.0,67765300000.0,212200000.0,59134000000.0,227600000.0,6.5849886,54.89,567.457,1754400000.0,GICRE.NS,0.003588460107552339,0.01823352069569529,0.020894916630026718,0
2020-09-30,138.11761741823244,152.41188783436803,107.31960793472159,109.03311920166016,31006466,8976600000.0,1160800000.0,67765300000.0,212200000.0,59134000000.0,227600000.0,6.5849886,54.89,567.457,1754400000.0,GICRE.NS,0.003588460107552339,0.01823352069569529,0.020894916630026718,1
2020-12-31,109.66441221153529,133.92404424975157,103.71222505363984,125.44671630859375,28398637,8976600000.0,1160800000.0,67765300000.0,212200000.0,59134000000.0,227600000.0,6.5849886,54.89,567.457,1754400000.0,GICRE.NS,0.003588460107552339,0.01823352069569529,0.020894916630026718,1
2021-03-31,126.25835437765635,220.23065387985795,117.78101593615052,179.82797241210938,95671102,8976600000.0,1160800000.0,67765300000.0,212200000.0,59134000000.0,227600000.0,6.5849886,54.89,567.457,1754400000.0,GICRE.NS,0.003588460107552339,0.01823352069569529,0.020894916630026718,1
2021-06-30,180.36907654642735,196.4219236190129,170.40369339495206,188.03477478027344,49811299,8976600000.0,1160800000.0,67765300000.0,212200000.0,59134000000.0,227600000.0,6.5849886,54.89,567.457,1754400000.0,GICRE.NS,0.003588460107552339,0.01823352069569529,0.020894916630026718,0
2021-09-30,188.48570049373956,188.48570049373956,122.24515715464516,130.81268310546875,82463303,8976600000.0,1160800000.0,67765300000.0,212200000.0,59134000000.0,227600000.0,6.5849886,54.89,567.457,1754400000.0,GICRE.NS,0.003588460107552339,0.01823352069569529,0.020894916630026718,0
2021-12-31,130.6323045362771,137.8019791733057,105.15517295529865,126.97982788085938,50870467,8976600000.0,1160800000.0,67765300000.0,212200000.0,59134000000.0,227600000.0,6.5849886,54.89,567.457,1754400000.0,GICRE.NS,0.003588460107552339,0.01823352069569529,0.020894916630026718,0
2022-03-31,127.88169107343576,133.78877182309782,98.3913391029901,102.67509460449219,45866947,8976600000.0,1160800000.0,67765300000.0,212200000.0,59134000000.0,227600000.0,6.5849886,54.89,567.457,1754400000.0,GICRE.NS,0.003588460107552339,0.01823352069569529,0.020894916630026718,1
2022-06-30,103.48676288622346,126.88965562206545,96.48269527707563,105.85529327392578,63444059,8976600000.0,1160800000.0,67765300000.0,212200000.0,59134000000.0,227600000.0,6.5849886,54.89,567.457,1754400000.0,GICRE.NS,0.003588460107552339,0.01823352069569529,0.020894916630026718,1
2022-09-30,104.84452399006818,122.30330801453628,103.28242455339768,112.97663879394531,16350815,8976600000.0,1160800000.0,67765300000.0,212200000.0,59134000000.0,227600000.0,6.5849886,54.89,567.457,1754400000.0,GICRE.NS,0.003588460107552339,0.01823352069569529,0.020894916630026718,1
2022-12-31,112.01181364660904,184.46572208155555,109.7146087078574,164.25030517578125,186232909,8976600000.0,1160800000.0,67765300000.0,212200000.0,59134000000.0,227600000.0,6.5849886,54.89,567.457,1754400000.0,GICRE.NS,0.003588460107552339,0.01823352069569529,0.020894916630026718,0
2023-03-31,164.66379493932774,187.4520955618365,117.43322862371639,122.80868530273438,158732745,8976600000.0,1160800000.0,67765300000.0,212200000.0,59134000000.0,227600000.0,6.5849886,54.89,567.457,1754400000.0,GICRE.NS,0.003588460107552339,0.01823352069569529,0.020894916630026718,1
2023-06-30,123.86540713691998,178.03354394642702,122.80868347961832,167.8339385986328,78835389,8976600000.0,1160800000.0,67765300000.0,212200000.0,59134000000.0,227600000.0,6.5849886,54.89,567.457,1754400000.0,GICRE.NS,0.003588460107552339,0.01823352069569529,0.020894916630026718,1
2023-09-30,168.15555485255385,227.19226701167094,167.51232714037727,213.81686401367188,75840163,8976600000.0,1160800000.0,67765300000.0,212200000.0,59134000000.0,227600000.0,6.5849886,54.89,567.457,1754400000.0,GICRE.NS,0.003588460107552339,0.01823352069569529,0.020894916630026718,1
2023-12-31,213.4374217021412,320.3932625728426,201.247773571893,292.21954345703125,148860708,8976600000.0,1160800000.0,67765300000.0,212200000.0,59134000000.0,227600000.0,6.5849886,54.89,567.457,1754400000.0,GICRE.NS,0.003588460107552339,0.01823352069569529,0.020894916630026718,1
2024-03-31,293.0732962316737,443.76007852704254,281.8322674607624,312.80438232421875,234394687,8976600000.0,1160800000.0,67765300000.0,212200000.0,59134000000.0,227600000.0,6.5849886,54.89,567.457,1754400000.0,GICRE.NS,0.003588460107552339,0.01823352069569529,0.020894916630026718,1
2024-06-30,312.8043788693986,396.51928946843833,294.6859269945378,359.28631591796875,109518639,8976600000.0,1160800000.0,67765300000.0,212200000.0,59134000000.0,227600000.0,6.5849886,54.89,567.457,1754400000.0,GICRE.NS,0.003588460107552339,0.01823352069569529,0.020894916630026718,1
2024-09-30,362.79618898544106,419.76022662940306,336.94656292293746,384.9798583984375,169999317,8976600000.0,1160800000.0,67765300000.0,212200000.0,59134000000.0,227600000.0,6.5849886,54.89,567.457,1754400000.0,GICRE.NS,0.003588460107552339,0.01823352069569529,0.020894916630026718,1
2024-12-31,381.4765057954016,511.3926047745817,337.68455316140233,432.3238220214844,135054476,113740100000.0,16766200000.0,1961602900000.0,212200000.0,595809600000.0,252495300000.0,6.5849886,54.89,567.457,1754400000.0,GICRE.NS,0.003588460107552339,0.008547193726110416,0.028140197808158848,0
2025-03-31,435.38926379873175,463.17283780053305,341.57717801041684,409.7953186035156,73458299,141991500000.0,24988600000.0,1947694300000.0,212200000.0,614997000000.0,252796400000.0,6.5849886,54.89,567.457,1754400000.0,GICRE.NS,0.003588460107552339,0.012829836797283846,0.04063206812390955,0
2025-06-30,406.34060824654307,441.61742486208345,358.16946665224316,374.8103942871094,56830247,146204800000.0,25305900000.0,2034867800000.0,212200000.0,663223200000.0,254399400000.0,6.5849886,54.89,567.457,1754400000.0,GICRE.NS,0.003588460107552339,0.012436139586070406,0.03815593302526209,0
2025-09-30,375.63758285754335,393.20299825611926,353.06038610548205,368.6499938964844,53133050,131066000000.0,28735400000.0,2049233500000.0,212200000.0,676076200000.0,261938900000.0,6.5849886,54.89,567.457,1754400000.0,GICRE.NS,0.003588460107552339,0.01402251134387565,0.04250319712482114,1
2025-12-31,368.79998779296875,402.0,361.29998779296875,380.79998779296875,38495092,126693700000.0,17256600000.0,2105951600000.0,13700000.0,705915100000.0,268970500000.0,6.5849886,54.89,567.457,1754400000.0,GICRE.NS,1.94074329901712e-05,0.008194205412887932,0.024445715922495496,0
2026-03-31,380.75,400.29998779296875,350.25,361.45001220703125,23254982,126693700000.0,17256600000.0,2105951600000.0,13700000.0,705915100000.0,268970500000.0,6.5849886,54.89,567.457,1754400000.0,GICRE.NS,1.94074329901712e-05,0.008194205412887932,0.024445715922495496,0
2016-03-31,60.15113476748448,62.67154237518359,59.06021587848664,59.925437927246094,115584,126693700000.0,17256600000.0,2105951600000.0,13700000.0,705915100000.0,268970500000.0,13.416051,9.47,227.48,155215944.0,GIPCL.NS,1.94074329901712e-05,0.008194205412887932,0.024445715922495496,1
2016-06-30,60.000669983198065,72.22650809455959,59.436400359531625,69.78134155273438,2515656,126693700000.0,17256600000.0,2105951600000.0,13700000.0,705915100000.0,268970500000.0,13.416051,9.47,227.48,155215944.0,GIPCL.NS,1.94074329901712e-05,0.008194205412887932,0.024445715922495496,0
2016-09-30,69.7813419607234,74.33312911991497,65.49289583261422,66.71183013916016,4711000,126693700000.0,17256600000.0,2105951600000.0,13700000.0,705915100000.0,268970500000.0,13.416051,9.47,227.48,155215944.0,GIPCL.NS,1.94074329901712e-05,0.008194205412887932,0.024445715922495496,1
2016-12-31,66.98301734641412,84.76508445876236,66.05322560305318,74.15007781982422,8680742,126693700000.0,17256600000.0,2105951600000.0,13700000.0,705915100000.0,268970500000.0,13.416051,9.47,227.48,155215944.0,GIPCL.NS,1.94074329901712e-05,0.008194205412887932,0.024445715922495496,1
2017-03-31,73.80139866109518,89.87888525535253,72.87161962519681,79.84498596191406,6528177,126693700000.0,17256600000.0,2105951600000.0,13700000.0,705915100000.0,268970500000.0,13.416051,9.47,227.48,155215944.0,GIPCL.NS,1.94074329901712e-05,0.008194205412887932,0.024445715922495496,1
2017-06-30,80.46484374237731,96.38734813672079,79.49632307700936,94.21785736083984,12790639,126693700000.0,17256600000.0,2105951600000.0,13700000.0,705915100000.0,268970500000.0,13.416051,9.47,227.48,155215944.0,GIPCL.NS,1.94074329901712e-05,0.008194205412887932,0.024445715922495496,1
2017-09-30,94.76024636369655,117.08628076864473,88.724515632298,102.56916046142578,12906181,126693700000.0,17256600000.0,2105951600000.0,13700000.0,705915100000.0,268970500000.0,13.416051,9.47,227.48,155215944.0,GIPCL.NS,1.94074329901712e-05,0.008194205412887932,0.024445715922495496,1
2017-12-31,103.59763685711555,119.30143890438876,96.91263681341556,104.38876342773438,10875832,126693700000.0,17256600000.0,2105951600000.0,13700000.0,705915100000.0,268970500000.0,13.416051,9.47,227.48,155215944.0,GIPCL.NS,1.94074329901712e-05,0.008194205412887932,0.024445715922495496,0
2018-03-31,105.61499469179766,111.15285806375678,75.94786100058019,76.58076477050781,8438477,126693700000.0,17256600000.0,2105951600000.0,13700000.0,705915100000.0,268970500000.0,13.416051,9.47,227.48,155215944.0,GIPCL.NS,1.94074329901712e-05,0.008194205412887932,0.024445715922495496,0
2018-06-30,78.71679097131604,85.36223896210747,68.5904132317847,70.37043762207031,3717290,126693700000.0,17256600000.0,2105951600000.0,13700000.0,705915100000.0,268970500000.0,13.416051,9.47,227.48,155215944.0,GIPCL.NS,1.94074329901712e-05,0.008194205412887932,0.024445715922495496,0
2018-09-30,70.40999407887047,76.73898841320067,60.80824060276047,61.29731369018555,3683180,126693700000.0,17256600000.0,2105951600000.0,13700000.0,705915100000.0,268970500000.0,13.416051,9.47,227.48,155215944.0,GIPCL.NS,1.94074329901712e-05,0.008194205412887932,0.024445715922495496,1
2018-12-31,61.09354500981245,69.53008209831587,54.69481493777741,63.57966613769531,4293682,126693700000.0,17256600000.0,2105951600000.0,13700000.0,705915100000.0,268970500000.0,13.416051,9.47,227.48,155215944.0,GIPCL.NS,1.94074329901712e-05,0.008194205412887932,0.024445715922495496,0
2019-03-31,63.212873890211206,66.84016082819892,55.30616479326068,56.202796936035156,5137509,126693700000.0,17256600000.0,2105951600000.0,13700000.0,705915100000.0,268970500000.0,13.416051,9.47,227.48,155215944.0,GIPCL.NS,1.94074329901712e-05,0.008194205412887932,0.024445715922495496,1
2019-06-30,57.50699808329525,66.75865181103154,55.34691183025553,60.03387451171875,5650825,126693700000.0,17256600000.0,2105951600000.0,13700000.0,705915100000.0,268970500000.0,13.416051,9.47,227.48,155215944.0,GIPCL.NS,1.94074329901712e-05,0.008194205412887932,0.024445715922495496,0
2019-09-30,60.11539199422925,62.21365654699905,55.18389494365024,58.26425552368164,5240858,126693700000.0,17256600000.0,2105951600000.0,13700000.0,705915100000.0,268970500000.0,13.416051,9.47,227.48,155215944.0,GIPCL.NS,1.94074329901712e-05,0.008194205412887932,0.024445715922495496,1
2019-12-31,58.60399892570934,63.53012471529558,54.52718811725437,61.1519889831543,4374629,126693700000.0,17256600000.0,2105951600000.0,13700000.0,705915100000.0,268970500000.0,13.416051,9.47,227.48,155215944.0,GIPCL.NS,1.94074329901712e-05,0.008194205412887932,0.024445715922495496,0
2020-03-31,62.76572127882429,73.80706061612871,37.58299693692695,42.38172912597656,12891325,126693700000.0,17256600000.0,2105951600000.0,13700000.0,705915100000.0,268970500000.0,13.416051,9.47,227.48,155215944.0,GIPCL.NS,1.94074329901712e-05,0.008194205412887932,0.024445715922495496,1
2020-06-30,42.509130144853415,69.98506266054405,40.852925511768284,61.91639709472656,15032322,126693700000.0,17256600000.0,2105951600000.0,13700000.0,705915100000.0,268970500000.0,13.416051,9.47,227.48,155215944.0,GIPCL.NS,1.94074329901712e-05,0.008194205412887932,0.024445715922495496,0
2020-09-30,61.23693257500595,70.2398605523892,56.990262443956034,58.09439468383789,18668663,126693700000.0,17256600000.0,2105951600000.0,13700000.0,705915100000.0,268970500000.0,13.416051,9.47,227.48,155215944.0,GIPCL.NS,1.94074329901712e-05,0.008194205412887932,0.024445715922495496,1
2020-12-31,60.175252473530016,83.4032174563164,55.20665635313556,73.84752655029297,28901043,126693700000.0,17256600000.0,2105951600000.0,13700000.0,705915100000.0,268970500000.0,13.416051,9.47,227.48,155215944.0,GIPCL.NS,1.94074329901712e-05,0.008194205412887932,0.024445715922495496,0
2021-03-31,74.33192114998208,81.4656606768813,63.63128558765449,66.7137680053711,34372446,126693700000.0,17256600000.0,2105951600000.0,13700000.0,705915100000.0,268970500000.0,13.416051,9.47,227.48,155215944.0,GIPCL.NS,1.94074329901712e-05,0.008194205412887932,0.024445715922495496,1
2021-06-30,67.63852348221968,80.14458855918642,63.45514232343946,73.71541595458984,40235401,126693700000.0,17256600000.0,2105951600000.0,13700000.0,705915100000.0,268970500000.0,13.416051,9.47,227.48,155215944.0,GIPCL.NS,1.94074329901712e-05,0.008194205412887932,0.024445715922495496,1
2021-09-30,73.9796192756706,93.09102462035283,71.73381728023394,78.35208129882812,56028780,126693700000.0,17256600000.0,2105951600000.0,13700000.0,705915100000.0,268970500000.0,13.416051,9.47,227.48,155215944.0,GIPCL.NS,1.94074329901712e-05,0.008194205412887932,0.024445715922495496,0
2021-12-31,79.53509961646269,91.82026877684417,69.57045840495572,75.12154388427734,29606395,126693700000.0,17256600000.0,2105951600000.0,13700000.0,705915100000.0,268970500000.0,13.416051,9.47,227.48,155215944.0,GIPCL.NS,1.94074329901712e-05,0.008194205412887932,0.024445715922495496,0
2022-03-31,75.39454242604744,87.67970602415562,62.24485498970367,66.84042358398438,23032793,126693700000.0,17256600000.0,2105951600000.0,13700000.0,705915100000.0,268970500000.0,13.416051,9.47,227.48,155215944.0,GIPCL.NS,1.94074329901712e-05,0.008194205412887932,0.024445715922495496,1
2022-06-30,66.79492401690118,95.91532375829019,64.11038047331981,69.66146850585938,41492777,126693700000.0,17256600000.0,2105951600000.0,13700000.0,705915100000.0,268970500000.0,13.416051,9.47,227.48,155215944.0,GIPCL.NS,1.94074329901712e-05,0.008194205412887932,0.024445715922495496,1
2022-09-30,70.02546167092605,89.05799813758733,68.75145353741317,82.18940734863281,15722353,126693700000.0,17256600000.0,2105951600000.0,13700000.0,705915100000.0,268970500000.0,13.416051,9.47,227.48,155215944.0,GIPCL.NS,1.94074329901712e-05,0.008194205412887932,0.024445715922495496,0
2022-12-31,81.72215850325708,86.16104523639771,72.28369527753142,77.04964447021484,15152295,126693700000.0,17256600000.0,2105951600000.0,13700000.0,705915100000.0,268970500000.0,13.416051,9.47,227.48,155215944.0,GIPCL.NS,1.94074329901712e-05,0.008194205412887932,0.024445715922495496,0
2023-03-31,77.65707801627639,82.65666607486898,66.16271202443912,70.92867279052734,10765097,126693700000.0,17256600000.0,2105951600000.0,13700000.0,705915100000.0,268970500000.0,13.416051,9.47,227.48,155215944.0,GIPCL.NS,1.94074329901712e-05,0.008194205412887932,0.024445715922495496,1
2023-06-30,71.02211979723337,96.25366571071851,68.03172074811161,94.5715560913086,57308006,126693700000.0,17256600000.0,2105951600000.0,13700000.0,705915100000.0,268970500000.0,13.416051,9.47,227.48,155215944.0,GIPCL.NS,1.94074329901712e-05,0.008194205412887932,0.024445715922495496,1
2023-09-30,95.27242640286534,143.27545911562567,93.1230851439929,133.8937530517578,95362227,126693700000.0,17256600000.0,2105951600000.0,13700000.0,705915100000.0,268970500000.0,13.416051,9.47,227.48,155215944.0,GIPCL.NS,1.94074329901712e-05,0.008194205412887932,0.024445715922495496,1
2023-12-31,132.93153235096085,180.32117436490367,131.5844149262466,167.61978149414062,115595008,126693700000.0,17256600000.0,2105951600000.0,13700000.0,705915100000.0,268970500000.0,13.416051,9.47,227.48,155215944.0,GIPCL.NS,1.94074329901712e-05,0.008194205412887932,0.024445715922495496,0
2024-03-31,168.29333307894728,228.52869523309855,145.6810261418807,156.89096069335938,68966640,126693700000.0,17256600000.0,2105951600000.0,13700000.0,705915100000.0,268970500000.0,13.416051,9.47,227.48,155215944.0,GIPCL.NS,1.94074329901712e-05,0.008194205412887932,0.024445715922495496,1
2024-06-30,158.67107139490548,259.7048214021006,158.67107139490548,227.24893188476562,62203538,126693700000.0,17256600000.0,2105951600000.0,13700000.0,705915100000.0,268970500000.0,13.416051,9.47,227.48,155215944.0,GIPCL.NS,1.94074329901712e-05,0.008194205412887932,0.024445715922495496,0
2024-09-30,227.74928775057,255.6634800124471,199.18079675623352,226.28419494628906,41180087,126693700000.0,17256600000.0,54649855000.0,6956635000.0,33658088000.0,5267509000.0,13.416051,9.47,227.48,155215944.0,GIPCL.NS,0.20668538866497704,0.008194205412887932,0.024445715922495496,0
2024-12-31,226.186272358387,262.9048291947109,177.33591165791432,223.0333709716797,40653500,3219888000.0,392007000.0,54649855000.0,6956635000.0,33658088000.0,5267509000.0,13.416051,9.47,227.48,155215944.0,GIPCL.NS,0.20668538866497704,0.008194205412887932,0.024445715922495496,0
2025-03-31,222.31859772981642,240.09036489495267,145.01381075691006,176.6505126953125,32571255,3299393000.0,697288000.0,75656684000.0,20268467000.0,35238032000.0,4674559000.0,13.416051,9.47,227.48,155215944.0,GIPCL.NS,0.5751872579036196,0.009216475837085326,0.01978793821402966,1
2025-06-30,176.05321441384626,216.00301439074426,158.74164537021758,214.1328125,32782218,3715231000.0,574663000.0,75656684000.0,20268467000.0,35238032000.0,4674559000.0,13.416051,9.47,227.48,155215944.0,GIPCL.NS,0.5751872579036196,0.009216475837085326,0.01978793821402966,0
2025-09-30,214.82799593035963,219.23422702693856,172.92969435627768,181.2899932861328,20793889,3213953000.0,212957000.0,85800728000.0,28028356000.0,35360234000.0,2324999000.0,13.416051,9.47,227.48,155215944.0,GIPCL.NS,0.7926518812064423,0.0024819952576626155,0.006022499737982503,0
2025-12-31,180.25,198.0,140.02000427246094,156.61000061035156,21380979,3699433000.0,-32021000.0,85800728000.0,28028356000.0,35360234000.0,2324999000.0,13.416051,9.47,227.48,155215944.0,GIPCL.NS,0.7926518812064423,0.0024819952576626155,0.006022499737982503,0
2026-03-31,157.74000549316406,163.8000030517578,125.62000274658203,127.05000305175781,14641671,3699433000.0,-32021000.0,85800728000.0,28028356000.0,35360234000.0,2324999000.0,13.416051,9.47,227.48,155215944.0,GIPCL.NS,0.7926518812064423,0.0024819952576626155,0.006022499737982503,0
2016-03-31,60.39342535202832,64.95871760897617,59.155378182144425,63.14033889770508,413689,3699433000.0,-32021000.0,85800728000.0,28028356000.0,35360234000.0,2324999000.0,9.154499,42.46,588.451,146940683.0,GNFC.NS,0.7926518812064423,0.0024819952576626155,0.006022499737982503,1
2016-06-30,64.1462527408729,137.34570963695538,60.43211074203961,120.5934066772461,44591978,3699433000.0,-32021000.0,85800728000.0,28028356000.0,35360234000.0,2324999000.0,9.154499,42.46,588.451,146940683.0,GNFC.NS,0.7926518812064423,0.0024819952576626155,0.006022499737982503,1
2016-09-30,120.24520652970203,144.07997219795877,106.51064022700618,139.2224578857422,40012519,3699433000.0,-32021000.0,85800728000.0,28028356000.0,35360234000.0,2324999000.0,9.154499,42.46,588.451,146940683.0,GNFC.NS,0.7926518812064423,0.0024819952576626155,0.006022499737982503,1
2016-12-31,141.02444224713417,228.77295991452488,137.3029616893794,167.34898376464844,116170742,3699433000.0,-32021000.0,85800728000.0,28028356000.0,35360234000.0,2324999000.0,9.154499,42.46,588.451,146940683.0,GNFC.NS,0.7926518812064423,0.0024819952576626155,0.006022499737982503,1
2017-03-31,168.44584982662346,231.04501205511312,166.87891168870138,224.894775390625,43837939,3699433000.0,-32021000.0,85800728000.0,28028356000.0,35360234000.0,2324999000.0,9.154499,42.46,588.451,146940683.0,GNFC.NS,0.7926518812064423,0.0024819952576626155,0.006022499737982503,0
2017-06-30,225.44322423329993,252.82550070103088,203.07519516567254,210.1655731201172,40187480,3699433000.0,-32021000.0,85800728000.0,28028356000.0,35360234000.0,2324999000.0,9.154499,42.46,588.451,146940683.0,GNFC.NS,0.7926518812064423,0.0024819952576626155,0.006022499737982503,1
2017-09-30,211.6933609520603,277.6610850417508,199.7846040451393,241.93560791015625,48695846,3699433000.0,-32021000.0,85800728000.0,28028356000.0,35360234000.0,2324999000.0,9.154499,42.46,588.451,146940683.0,GNFC.NS,0.7926518812064423,0.0024819952576626155,0.006022499737982503,1
2017-12-31,245.88742210425934,437.8871121824995,245.16892476946677,394.3778381347656,137568400,3699433000.0,-32021000.0,85800728000.0,28028356000.0,35360234000.0,2324999000.0,9.154499,42.46,588.451,146940683.0,GNFC.NS,0.7926518812064423,0.0024819952576626155,0.006022499737982503,0
2018-03-31,394.5374679775779,437.0089739738638,289.5563711361424,290.5542907714844,86442752,3699433000.0,-32021000.0,85800728000.0,28028356000.0,35360234000.0,2324999000.0,9.154499,42.46,588.451,146940683.0,GNFC.NS,0.7926518812064423,0.0024819952576626155,0.006022499737982503,1
2018-06-30,291.5522321821731,404.51669712470897,291.5522321821731,321.2103576660156,86438317,3699433000.0,-32021000.0,85800728000.0,28028356000.0,35360234000.0,2324999000.0,9.154499,42.46,588.451,146940683.0,GNFC.NS,0.7926518812064423,0.0024819952576626155,0.006022499737982503,0
2018-09-30,321.729260430528,372.0244082540446,261.912322286618,284.1517333984375,39382341,3699433000.0,-32021000.0,85800728000.0,28028356000.0,35360234000.0,2324999000.0,9.154499,42.46,588.451,146940683.0,GNFC.NS,0.7926518812064423,0.0024819952576626155,0.006022499737982503,0
2018-12-31,283.7857827179604,321.5967803152639,256.34231519151,277.3619689941406,27186604,3699433000.0,-32021000.0,85800728000.0,28028356000.0,35360234000.0,2324999000.0,9.154499,42.46,588.451,146940683.0,GNFC.NS,0.7926518812064423,0.0024819952576626155,0.006022499737982503,0
2019-03-31,277.7685447395569,311.43252486699987,193.77118424086134,254.6347198486328,28129586,3699433000.0,-32021000.0,85800728000.0,28028356000.0,35360234000.0,2324999000.0,9.154499,42.46,588.451,146940683.0,GNFC.NS,0.7926518812064423,0.0024819952576626155,0.006022499737982503,0
2019-06-30,249.6339143992621,274.6785539261809,188.89237135151487,190.15274047851562,15692074,3699433000.0,-32021000.0,85800728000.0,28028356000.0,35360234000.0,2324999000.0,9.154499,42.46,588.451,146940683.0,GNFC.NS,0.7926518812064423,0.0024819952576626155,0.006022499737982503,0
2019-09-30,190.681286525227,209.13956553739303,142.15115606889526,170.75010681152344,18470721,3699433000.0,-32021000.0,85800728000.0,28028356000.0,35360234000.0,2324999000.0,9.154499,42.46,588.451,146940683.0,GNFC.NS,0.7926518812064423,0.0024819952576626155,0.006022499737982503,0
2019-12-31,174.20899647252466,189.47863053108514,137.975200305743,138.2704620361328,17756107,3699433000.0,-32021000.0,85800728000.0,28028356000.0,35360234000.0,2324999000.0,9.154499,42.46,588.451,146940683.0,GNFC.NS,0.7926518812064423,0.0024819952576626155,0.006022499737982503,0
2020-03-31,138.8610207989036,181.29544866627805,80.60857283197967,96.7640151977539,51841983,3699433000.0,-32021000.0,85800728000.0,28028356000.0,35360234000.0,2324999000.0,9.154499,42.46,588.451,146940683.0,GNFC.NS,0.7926518812064423,0.0024819952576626155,0.006022499737982503,1
2020-06-30,96.8062080625215,140.37952830397685,91.15391082632289,129.2858428955078,83132092,3699433000.0,-32021000.0,85800728000.0,28028356000.0,35360234000.0,2324999000.0,9.154499,42.46,588.451,146940683.0,GNFC.NS,0.7926518812064423,0.0024819952576626155,0.006022499737982503,1
2020-09-30,130.42475990702346,201.82860576888643,127.59860386246588,180.60406494140625,100501608,3699433000.0,-32021000.0,85800728000.0,28028356000.0,35360234000.0,2324999000.0,9.154499,42.46,588.451,146940683.0,GNFC.NS,0.7926518812064423,0.0024819952576626155,0.006022499737982503,1
2020-12-31,183.16488098790026,221.14338668892435,159.0322747281176,194.44993591308594,52315495,3699433000.0,-32021000.0,85800728000.0,28028356000.0,35360234000.0,2324999000.0,9.154499,42.46,588.451,146940683.0,GNFC.NS,0.7926518812064423,0.0024819952576626155,0.006022499737982503,1
2021-03-31,194.84057319452242,294.8868162759749,175.61259996063018,260.59765625,91975610,3699433000.0,-32021000.0,85800728000.0,28028356000.0,35360234000.0,2324999000.0,9.154499,42.46,588.451,146940683.0,GNFC.NS,0.7926518812064423,0.0024819952576626155,0.006022499737982503,1
2021-06-30,263.8963003050877,366.6769810297852,255.4325405854483,327.4397888183594,75389640,3699433000.0,-32021000.0,85800728000.0,28028356000.0,35360234000.0,2324999000.0,9.154499,42.46,588.451,146940683.0,GNFC.NS,0.7926518812064423,0.0024819952576626155,0.006022499737982503,1
2021-09-30,329.87042235305194,401.1862072294056,278.9123148227084,385.6022644042969,68399363,3699433000.0,-32021000.0,85800728000.0,28028356000.0,35360234000.0,2324999000.0,9.154499,42.46,588.451,146940683.0,GNFC.NS,0.7926518812064423,0.0024819952576626155,0.006022499737982503,1
2021-12-31,380.0524451598706,460.14766268808444,346.3982750881374,391.2853088378906,74311659,3699433000.0,-32021000.0,85800728000.0,28028356000.0,35360234000.0,2324999000.0,9.154499,42.46,588.451,146940683.0,GNFC.NS,0.7926518812064423,0.0024819952576626155,0.006022499737982503,1
2022-03-31,391.9512764729656,758.8617536651136,387.77784716555897,749.848876953125,235389388,3699433000.0,-32021000.0,85800728000.0,28028356000.0,35360234000.0,2324999000.0,9.154499,42.46,588.451,146940683.0,GNFC.NS,0.7926518812064423,0.0024819952576626155,0.006022499737982503,0
2022-06-30,742.9226797754714,809.8313957253689,473.2896352114838,507.74298095703125,182144513,3699433000.0,-32021000.0,85800728000.0,28028356000.0,35360234000.0,2324999000.0,9.154499,42.46,588.451,146940683.0,GNFC.NS,0.7926518812064423,0.0024819952576626155,0.006022499737982503,1
2022-09-30,502.59274260936775,709.0465034208979,500.15081673979927,577.7333984375,101797378,3699433000.0,-32021000.0,85800728000.0,28028356000.0,35360234000.0,2324999000.0,9.154499,42.46,588.451,146940683.0,GNFC.NS,0.7926518812064423,0.0024819952576626155,0.006022499737982503,0
2022-12-31,576.2477359086662,661.7844830611026,464.7797732454697,501.5155334472656,100212590,3699433000.0,-32021000.0,85800728000.0,28028356000.0,35360234000.0,2324999000.0,9.154499,42.46,588.451,146940683.0,GNFC.NS,0.7926518812064423,0.0024819952576626155,0.006022499737982503,0
2023-03-31,503.9016625479969,537.2608982416681,436.1924709436521,458.6121520996094,60101458,3699433000.0,-32021000.0,85800728000.0,28028356000.0,35360234000.0,2324999000.0,9.154499,42.46,588.451,146940683.0,GNFC.NS,0.7926518812064423,0.0024819952576626155,0.006022499737982503,1
2023-06-30,460.86308941128533,600.1980153679449,459.91766657888,539.4669799804688,86865897,3699433000.0,-32021000.0,85800728000.0,28028356000.0,35360234000.0,2324999000.0,9.154499,42.46,588.451,146940683.0,GNFC.NS,0.7926518812064423,0.0024819952576626155,0.006022499737982503,1
2023-09-30,540.2322178133944,595.9661333861541,479.0058965296747,577.7578125,74971001,3699433000.0,-32021000.0,85800728000.0,28028356000.0,35360234000.0,2324999000.0,9.154499,42.46,588.451,146940683.0,GNFC.NS,0.7926518812064423,0.0024819952576626155,0.006022499737982503,1
2023-12-31,577.6634114915364,720.1914662336115,567.2805928284617,710.5166015625,86239975,3699433000.0,-32021000.0,85800728000.0,28028356000.0,35360234000.0,2324999000.0,9.154499,42.46,588.451,146940683.0,GNFC.NS,0.7926518812064423,0.0024819952576626155,0.006022499737982503,0
2024-03-31,713.9618033135882,769.1796572919692,557.1337395691687,590.0284423828125,62314923,3699433000.0,-32021000.0,85800728000.0,28028356000.0,35360234000.0,2324999000.0,9.154499,42.46,588.451,146940683.0,GNFC.NS,0.7926518812064423,0.0024819952576626155,0.006022499737982503,1
2024-06-30,597.485225241786,733.0284727960528,563.1747071366946,670.6370239257812,105837038,3699433000.0,-32021000.0,85800728000.0,28028356000.0,35360234000.0,2324999000.0,9.154499,42.46,588.451,146940683.0,GNFC.NS,0.7926518812064423,0.0024819952576626155,0.006022499737982503,0
2024-09-30,674.5070014727584,697.4436888159744,603.3373778194727,653.06982421875,90334388,3699433000.0,-32021000.0,108460000000.0,790000000.0,83710000000.0,170000000.0,9.154499,42.46,588.451,146940683.0,GNFC.NS,0.009437343208696691,0.0024819952576626155,0.006022499737982503,0
2024-12-31,657.0808111728963,678.4406899970229,506.4504687383157,540.2782592773438,47457048,18990000000.0,1630000000.0,108460000000.0,790000000.0,83710000000.0,170000000.0,9.154499,42.46,588.451,146940683.0,GNFC.NS,0.009437343208696691,0.0024819952576626155,0.006022499737982503,0
2025-03-31,539.8432970847642,565.1175572444065,433.9623117142234,479.8231506347656,36032219,20214000000.0,2117700000.0,110032400000.0,1056000000.0,85756400000.0,185500000.0,9.154499,42.46,588.451,146940683.0,GNFC.NS,0.012313949746024786,0.019246149316019645,0.024694366834428685,1
2025-06-30,477.45521124770806,544.0476482147967,436.4269095565858,534.4791870117188,41745148,16010000000.0,830000000.0,110032400000.0,1056000000.0,85756400000.0,185500000.0,9.154499,42.46,588.451,146940683.0,GNFC.NS,0.012313949746024786,0.019246149316019645,0.024694366834428685,0
2025-09-30,535.494053281431,554.5342790845966,475.7155015102386,491.0,23665673,19680000000.0,1790000000.0,108640000000.0,130000000.0,86480000000.0,60000000.0,9.154499,42.46,588.451,146940683.0,GNFC.NS,0.0015032377428307122,0.016476435935198822,0.020698427382053654,1
2025-12-31,490.79998779296875,526.4000244140625,482.5,493.75,12731384,19960000000.0,1500000000.0,108640000000.0,130000000.0,86480000000.0,60000000.0,9.154499,42.46,588.451,146940683.0,GNFC.NS,0.0015032377428307122,0.016476435935198822,0.020698427382053654,0
2026-03-31,493.75,498.75,384.8500061035156,388.70001220703125,10514343,19960000000.0,1500000000.0,108640000000.0,130000000.0,86480000000.0,60000000.0,9.154499,42.46,588.451,146940683.0,GNFC.NS,0.0015032377428307122,0.016476435935198822,0.020698427382053654,0
2016-03-31,293.6499938964844,313.25,286.1499938964844,295.8500061035156,436336,19960000000.0,1500000000.0,108640000000.0,130000000.0,86480000000.0,60000000.0,28.53798,52.53,607.988,301207741.0,GODREJPROP.NS,0.0015032377428307122,0.016476435935198822,0.020698427382053654,1
2016-06-30,296.95001220703125,377.5,294.5,363.6499938964844,11151843,19960000000.0,1500000000.0,108640000000.0,130000000.0,86480000000.0,60000000.0,28.53798,52.53,607.988,301207741.0,GODREJPROP.NS,0.0015032377428307122,0.016476435935198822,0.020698427382053654,0
2016-09-30,365.45001220703125,385.8999938964844,329.95001220703125,347.20001220703125,10752462,19960000000.0,1500000000.0,108640000000.0,130000000.0,86480000000.0,60000000.0,28.53798,52.53,607.988,301207741.0,GODREJPROP.NS,0.0015032377428307122,0.016476435935198822,0.020698427382053654,0
2016-12-31,347.8999938964844,373.3500061035156,286.3500061035156,303.20001220703125,11804306,19960000000.0,1500000000.0,108640000000.0,130000000.0,86480000000.0,60000000.0,28.53798,52.53,607.988,301207741.0,GODREJPROP.NS,0.0015032377428307122,0.016476435935198822,0.020698427382053654,1
2017-03-31,307.8999938964844,406.8999938964844,305.20001220703125,385.04998779296875,14764340,19960000000.0,1500000000.0,108640000000.0,130000000.0,86480000000.0,60000000.0,28.53798,52.53,607.988,301207741.0,GODREJPROP.NS,0.0015032377428307122,0.016476435935198822,0.020698427382053654,1
2017-06-30,387.8999938964844,586.0,387.1499938964844,520.0,33408543,19960000000.0,1500000000.0,108640000000.0,130000000.0,86480000000.0,60000000.0,28.53798,52.53,607.988,301207741.0,GODREJPROP.NS,0.0015032377428307122,0.016476435935198822,0.020698427382053654,1
2017-09-30,525.0,679.7999877929688,487.6000061035156,619.75,14883583,19960000000.0,1500000000.0,108640000000.0,130000000.0,86480000000.0,60000000.0,28.53798,52.53,607.988,301207741.0,GODREJPROP.NS,0.0015032377428307122,0.016476435935198822,0.020698427382053654,1
2017-12-31,626.9000244140625,749.0,610.1500244140625,692.5499877929688,11489812,19960000000.0,1500000000.0,108640000000.0,130000000.0,86480000000.0,60000000.0,28.53798,52.53,607.988,301207741.0,GODREJPROP.NS,0.0015032377428307122,0.016476435935198822,0.020698427382053654,1
2018-03-31,692.5499877929688,911.8499755859375,692.5499877929688,722.9000244140625,11253682,19960000000.0,1500000000.0,108640000000.0,130000000.0,86480000000.0,60000000.0,28.53798,52.53,607.988,301207741.0,GODREJPROP.NS,0.0015032377428307122,0.016476435935198822,0.020698427382053654,0
2018-06-30,725.0,920.0,695.75,719.0499877929688,13823798,19960000000.0,1500000000.0,108640000000.0,130000000.0,86480000000.0,60000000.0,28.53798,52.53,607.988,301207741.0,GODREJPROP.NS,0.0015032377428307122,0.016476435935198822,0.020698427382053654,0
2018-09-30,724.0499877929688,758.4000244140625,550.0999755859375,590.9000244140625,7586195,19960000000.0,1500000000.0,108640000000.0,130000000.0,86480000000.0,60000000.0,28.53798,52.53,607.988,301207741.0,GODREJPROP.NS,0.0015032377428307122,0.016476435935198822,0.020698427382053654,1
2018-12-31,588.0,715.25,460.3999938964844,652.7000122070312,15168859,19960000000.0,1500000000.0,108640000000.0,130000000.0,86480000000.0,60000000.0,28.53798,52.53,607.988,301207741.0,GODREJPROP.NS,0.0015032377428307122,0.016476435935198822,0.020698427382053654,1
2019-03-31,652.2999877929688,885.0,646.75,867.9000244140625,17706633,19960000000.0,1500000000.0,108640000000.0,130000000.0,86480000000.0,60000000.0,28.53798,52.53,607.988,301207741.0,GODREJPROP.NS,0.0015032377428307122,0.016476435935198822,0.020698427382053654,1
2019-06-30,819.9000244140625,1014.7999877929688,748.0,1002.2999877929688,33499244,19960000000.0,1500000000.0,108640000000.0,130000000.0,86480000000.0,60000000.0,28.53798,52.53,607.988,301207741.0,GODREJPROP.NS,0.0015032377428307122,0.016476435935198822,0.020698427382053654,1
2019-09-30,1002.0,1119.5999755859375,868.75,1038.699951171875,27497124,19960000000.0,1500000000.0,108640000000.0,130000000.0,86480000000.0,60000000.0,28.53798,52.53,607.988,301207741.0,GODREJPROP.NS,0.0015032377428307122,0.016476435935198822,0.020698427382053654,0
2019-12-31,1033.0,1054.0,844.5,988.2999877929688,15369716,19960000000.0,1500000000.0,108640000000.0,130000000.0,86480000000.0,60000000.0,28.53798,52.53,607.988,301207741.0,GODREJPROP.NS,0.0015032377428307122,0.016476435935198822,0.020698427382053654,0
2020-03-31,991.0,1189.25,505.0,603.25,18809731,19960000000.0,1500000000.0,108640000000.0,130000000.0,86480000000.0,60000000.0,28.53798,52.53,607.988,301207741.0,GODREJPROP.NS,0.0015032377428307122,0.016476435935198822,0.020698427382053654,1
2020-06-30,604.0,923.4000244140625,575.0,867.0999755859375,37951303,19960000000.0,1500000000.0,108640000000.0,130000000.0,86480000000.0,60000000.0,28.53798,52.53,607.988,301207741.0,GODREJPROP.NS,0.0015032377428307122,0.016476435935198822,0.020698427382053654,0
2020-09-30,867.0999755859375,964.4500122070312,819.75,860.4500122070312,41730851,19960000000.0,1500000000.0,108640000000.0,130000000.0,86480000000.0,60000000.0,28.53798,52.53,607.988,301207741.0,GODREJPROP.NS,0.0015032377428307122,0.016476435935198822,0.020698427382053654,1
2020-12-31,870.0,1446.0,835.5499877929688,1432.1500244140625,110094337,19960000000.0,1500000000.0,108640000000.0,130000000.0,86480000000.0,60000000.0,28.53798,52.53,607.988,301207741.0,GODREJPROP.NS,0.0015032377428307122,0.016476435935198822,0.020698427382053654,0
2021-03-31,1432.0,1572.25,1233.0999755859375,1406.75,64484630,19960000000.0,1500000000.0,108640000000.0,130000000.0,86480000000.0,60000000.0,28.53798,52.53,607.988,301207741.0,GODREJPROP.NS,0.0015032377428307122,0.016476435935198822,0.020698427382053654,0
2021-06-30,1380.300048828125,1450.0,1200.0,1397.800048828125,44731129,19960000000.0,1500000000.0,108640000000.0,130000000.0,86480000000.0,60000000.0,28.53798,52.53,607.988,301207741.0,GODREJPROP.NS,0.0015032377428307122,0.016476435935198822,0.020698427382053654,1
2021-09-30,1402.8499755859375,2410.0,1383.050048828125,2311.89990234375,89385793,19960000000.0,1500000000.0,108640000000.0,130000000.0,86480000000.0,60000000.0,28.53798,52.53,607.988,301207741.0,GODREJPROP.NS,0.0015032377428307122,0.016476435935198822,0.020698427382053654,0
2021-12-31,2312.0,2598.0,1766.3499755859375,1871.800048828125,98607848,19960000000.0,1500000000.0,108640000000.0,130000000.0,86480000000.0,60000000.0,28.53798,52.53,607.988,301207741.0,GODREJPROP.NS,0.0015032377428307122,0.016476435935198822,0.020698427382053654,0
2022-03-31,1886.75,2012.5,1350.550048828125,1672.199951171875,83526513,19960000000.0,1500000000.0,108640000000.0,130000000.0,86480000000.0,60000000.0,28.53798,52.53,607.988,301207741.0,GODREJPROP.NS,0.0015032377428307122,0.016476435935198822,0.020698427382053654,0
2022-06-30,1673.199951171875,1715.1500244140625,1129.550048828125,1182.949951171875,42236386,19960000000.0,1500000000.0,108640000000.0,130000000.0,86480000000.0,60000000.0,28.53798,52.53,607.988,301207741.0,GODREJPROP.NS,0.0015032377428307122,0.016476435935198822,0.020698427382053654,1
2022-09-30,1167.0,1529.949951171875,1131.0,1193.9000244140625,43982674,19960000000.0,1500000000.0,108640000000.0,130000000.0,86480000000.0,60000000.0,28.53798,52.53,607.988,301207741.0,GODREJPROP.NS,0.0015032377428307122,0.016476435935198822,0.020698427382053654,1
2022-12-31,1201.800048828125,1362.300048828125,1151.5,1224.699951171875,35398577,19960000000.0,1500000000.0,108640000000.0,130000000.0,86480000000.0,60000000.0,28.53798,52.53,607.988,301207741.0,GODREJPROP.NS,0.0015032377428307122,0.016476435935198822,0.020698427382053654,0
2023-03-31,1224.699951171875,1264.0,1005.0,1031.050048828125,26924750,19960000000.0,1500000000.0,108640000000.0,130000000.0,86480000000.0,60000000.0,28.53798,52.53,607.988,301207741.0,GODREJPROP.NS,0.0015032377428307122,0.016476435935198822,0.020698427382053654,1
2023-06-30,1044.5999755859375,1595.300048828125,1029.0,1568.449951171875,50117245,19960000000.0,1500000000.0,108640000000.0,130000000.0,86480000000.0,60000000.0,28.53798,52.53,607.988,301207741.0,GODREJPROP.NS,0.0015032377428307122,0.016476435935198822,0.020698427382053654,0
2023-09-30,1574.9000244140625,1769.0,1495.300048828125,1554.0999755859375,42987837,19960000000.0,1500000000.0,108640000000.0,130000000.0,86480000000.0,60000000.0,28.53798,52.53,607.988,301207741.0,GODREJPROP.NS,0.0015032377428307122,0.016476435935198822,0.020698427382053654,1
2023-12-31,1556.0,2075.5,1532.8499755859375,2013.3499755859375,44792797,19960000000.0,1500000000.0,108640000000.0,130000000.0,86480000000.0,60000000.0,28.53798,52.53,607.988,301207741.0,GODREJPROP.NS,0.0015032377428307122,0.016476435935198822,0.020698427382053654,1
2024-03-31,2015.0,2541.300048828125,1982.5,2300.10009765625,46323156,19960000000.0,1500000000.0,108640000000.0,130000000.0,86480000000.0,60000000.0,28.53798,52.53,607.988,301207741.0,GODREJPROP.NS,0.0015032377428307122,0.016476435935198822,0.020698427382053654,1
2024-06-30,2299.949951171875,3220.0,2288.0,3207.89990234375,59089967,19960000000.0,1500000000.0,108640000000.0,130000000.0,86480000000.0,60000000.0,28.53798,52.53,607.988,301207741.0,GODREJPROP.NS,0.0015032377428307122,0.016476435935198822,0.020698427382053654,0
2024-09-30,3290.0,3402.699951171875,2792.550048828125,3160.949951171875,52500381,10932300000.0,3352100000.0,426040000000.0,135898100000.0,108495600000.0,7815500000.0,28.53798,52.53,607.988,301207741.0,GODREJPROP.NS,1.2525678460693337,0.007868040559571871,0.030896183808375638,0
2024-12-31,3170.0,3279.949951171875,2552.949951171875,2786.5,46487394,9688800000.0,1626400000.0,426040000000.0,135898100000.0,108495600000.0,7815500000.0,28.53798,52.53,607.988,301207741.0,GODREJPROP.NS,1.2525678460693337,0.007868040559571871,0.030896183808375638,0
2025-03-31,2800.0,2830.60009765625,1901.0,2129.60009765625,58397915,19978000000.0,3819900000.0,554655200000.0,126414000000.0,173124600000.0,15020500000.0,28.53798,52.53,607.988,301207741.0,GODREJPROP.NS,0.7301908567586582,0.006886981317402235,0.022064455311376893,1
2025-06-30,2119.0,2506.5,1900.0,2343.10009765625,62699937,4345600000.0,6001200000.0,554655200000.0,126414000000.0,173124600000.0,15020500000.0,28.53798,52.53,607.988,301207741.0,GODREJPROP.NS,0.7301908567586582,0.006886981317402235,0.022064455311376893,0
2025-09-30,2358.0,2407.89990234375,1934.800048828125,1968.800048828125,45593084,4345600000.0,6001200000.0,554655200000.0,126414000000.0,173124600000.0,15020500000.0,28.53798,52.53,607.988,301207741.0,GODREJPROP.NS,0.7301908567586582,0.006886981317402235,0.022064455311376893,1
2025-12-31,1980.0,2352.0,1950.0999755859375,2004.4000244140625,30825287,4983600000.0,1951600000.0,554655200000.0,126414000000.0,173124600000.0,15020500000.0,28.53798,52.53,607.988,301207741.0,GODREJPROP.NS,0.7301908567586582,0.006886981317402235,0.022064455311376893,0
2026-03-31,2010.0,2166.199951171875,1476.199951171875,1499.0999755859375,84206215,4983600000.0,1951600000.0,554655200000.0,126414000000.0,173124600000.0,15020500000.0,28.53798,52.53,607.988,301207741.0,GODREJPROP.NS,0.7301908567586582,0.006886981317402235,0.022064455311376893,0
2016-03-31,2.200000047683716,2.25,2.0,2.0999999046325684,4350243,4983600000.0,1951600000.0,554655200000.0,126414000000.0,173124600000.0,15020500000.0,28.53798,-0.5,-4.952,12809111895.0,GTLINFRA.NS,0.7301908567586582,0.006886981317402235,0.022064455311376893,1
2016-06-30,2.1500000953674316,2.3499999046325684,1.649999976158142,2.3499999046325684,61343328,4983600000.0,1951600000.0,554655200000.0,126414000000.0,173124600000.0,15020500000.0,28.53798,-0.5,-4.952,12809111895.0,GTLINFRA.NS,0.7301908567586582,0.006886981317402235,0.022064455311376893,1
2016-09-30,2.3499999046325684,5.050000190734863,2.049999952316284,4.900000095367432,317375558,4983600000.0,1951600000.0,554655200000.0,126414000000.0,173124600000.0,15020500000.0,28.53798,-0.5,-4.952,12809111895.0,GTLINFRA.NS,0.7301908567586582,0.006886981317402235,0.022064455311376893,0
2016-12-31,5.099999904632568,7.0,3.3499999046325684,4.400000095367432,377385054,4983600000.0,1951600000.0,554655200000.0,126414000000.0,173124600000.0,15020500000.0,28.53798,-0.5,-4.952,12809111895.0,GTLINFRA.NS,0.7301908567586582,0.006886981317402235,0.022064455311376893,1
2017-03-31,4.400000095367432,6.849999904632568,3.9000000953674316,5.75,250955537,4983600000.0,1951600000.0,554655200000.0,126414000000.0,173124600000.0,15020500000.0,28.53798,-0.5,-4.952,12809111895.0,GTLINFRA.NS,0.7301908567586582,0.006886981317402235,0.022064455311376893,0
2017-06-30,5.800000190734863,6.550000190734863,4.699999809265137,4.699999809265137,192772579,4983600000.0,1951600000.0,554655200000.0,126414000000.0,173124600000.0,15020500000.0,28.53798,-0.5,-4.952,12809111895.0,GTLINFRA.NS,0.7301908567586582,0.006886981317402235,0.022064455311376893,1
2017-09-30,4.800000190734863,8.649999618530273,4.650000095367432,6.199999809265137,434680544,4983600000.0,1951600000.0,554655200000.0,126414000000.0,173124600000.0,15020500000.0,28.53798,-0.5,-4.952,12809111895.0,GTLINFRA.NS,0.7301908567586582,0.006886981317402235,0.022064455311376893,1
2017-12-31,6.300000190734863,7.449999809265137,5.599999904632568,6.949999809265137,368269696,4983600000.0,1951600000.0,554655200000.0,126414000000.0,173124600000.0,15020500000.0,28.53798,-0.5,-4.952,12809111895.0,GTLINFRA.NS,0.7301908567586582,0.006886981317402235,0.022064455311376893,0
2018-03-31,7.050000190734863,7.849999904632568,2.3499999046325684,2.5999999046325684,602140532,4983600000.0,1951600000.0,554655200000.0,126414000000.0,173124600000.0,15020500000.0,28.53798,-0.5,-4.952,12809111895.0,GTLINFRA.NS,0.7301908567586582,0.006886981317402235,0.022064455311376893,0
2018-06-30,2.5999999046325684,3.1500000953674316,1.25,1.350000023841858,108022400,4983600000.0,1951600000.0,554655200000.0,126414000000.0,173124600000.0,15020500000.0,28.53798,-0.5,-4.952,12809111895.0,GTLINFRA.NS,0.7301908567586582,0.006886981317402235,0.022064455311376893,0
2018-09-30,1.399999976158142,1.5499999523162842,1.25,1.350000023841858,67814239,4983600000.0,1951600000.0,554655200000.0,126414000000.0,173124600000.0,15020500000.0,28.53798,-0.5,-4.952,12809111895.0,GTLINFRA.NS,0.7301908567586582,0.006886981317402235,0.022064455311376893,0
2018-12-31,1.2999999523162842,1.350000023841858,0.75,0.800000011920929,162528139,4983600000.0,1951600000.0,554655200000.0,126414000000.0,173124600000.0,15020500000.0,28.53798,-0.5,-4.952,12809111895.0,GTLINFRA.NS,0.7301908567586582,0.006886981317402235,0.022064455311376893,1
2019-03-31,0.800000011920929,1.5,0.699999988079071,0.8999999761581421,369890377,4983600000.0,1951600000.0,554655200000.0,126414000000.0,173124600000.0,15020500000.0,28.53798,-0.5,-4.952,12809111895.0,GTLINFRA.NS,0.7301908567586582,0.006886981317402235,0.022064455311376893,0
2019-06-30,0.949999988079071,1.2999999523162842,0.699999988079071,0.800000011920929,136482838,4983600000.0,1951600000.0,554655200000.0,126414000000.0,173124600000.0,15020500000.0,28.53798,-0.5,-4.952,12809111895.0,GTLINFRA.NS,0.7301908567586582,0.006886981317402235,0.022064455311376893,0
2019-09-30,0.800000011920929,0.800000011920929,0.44999998807907104,0.550000011920929,82133946,4983600000.0,1951600000.0,554655200000.0,126414000000.0,173124600000.0,15020500000.0,28.53798,-0.5,-4.952,12809111895.0,GTLINFRA.NS,0.7301908567586582,0.006886981317402235,0.022064455311376893,0
2019-12-31,0.550000011920929,0.75,0.3499999940395355,0.4000000059604645,342181493,4983600000.0,1951600000.0,554655200000.0,126414000000.0,173124600000.0,15020500000.0,28.53798,-0.5,-4.952,12809111895.0,GTLINFRA.NS,0.7301908567586582,0.006886981317402235,0.022064455311376893,0
2020-03-31,0.4000000059604645,0.44999998807907104,0.15000000596046448,0.25,365527315,4983600000.0,1951600000.0,554655200000.0,126414000000.0,173124600000.0,15020500000.0,28.53798,-0.5,-4.952,12809111895.0,GTLINFRA.NS,0.7301908567586582,0.006886981317402235,0.022064455311376893,1
2020-06-30,0.25,1.25,0.20000000298023224,1.25,624062614,4983600000.0,1951600000.0,554655200000.0,126414000000.0,173124600000.0,15020500000.0,28.53798,-0.5,-4.952,12809111895.0,GTLINFRA.NS,0.7301908567586582,0.006886981317402235,0.022064455311376893,0
2020-09-30,1.2999999523162842,1.350000023841858,0.6000000238418579,0.6499999761581421,547750734,4983600000.0,1951600000.0,554655200000.0,126414000000.0,173124600000.0,15020500000.0,28.53798,-0.5,-4.952,12809111895.0,GTLINFRA.NS,0.7301908567586582,0.006886981317402235,0.022064455311376893,1
2020-12-31,0.6499999761581421,0.800000011920929,0.44999998807907104,0.75,1034024818,4983600000.0,1951600000.0,554655200000.0,126414000000.0,173124600000.0,15020500000.0,28.53798,-0.5,-4.952,12809111895.0,GTLINFRA.NS,0.7301908567586582,0.006886981317402235,0.022064455311376893,1
2021-03-31,0.699999988079071,1.2999999523162842,0.6499999761581421,0.800000011920929,1650066198,4983600000.0,1951600000.0,554655200000.0,126414000000.0,173124600000.0,15020500000.0,28.53798,-0.5,-4.952,12809111895.0,GTLINFRA.NS,0.7301908567586582,0.006886981317402235,0.022064455311376893,1
2021-06-30,0.800000011920929,1.899999976158142,0.6499999761581421,1.899999976158142,1237082298,4983600000.0,1951600000.0,554655200000.0,126414000000.0,173124600000.0,15020500000.0,28.53798,-0.5,-4.952,12809111895.0,GTLINFRA.NS,0.7301908567586582,0.006886981317402235,0.022064455311376893,0
2021-09-30,1.9500000476837158,4.050000190734863,1.5499999523162842,1.75,980547754,4983600000.0,1951600000.0,554655200000.0,126414000000.0,173124600000.0,15020500000.0,28.53798,-0.5,-4.952,12809111895.0,GTLINFRA.NS,0.7301908567586582,0.006886981317402235,0.022064455311376893,1
2021-12-31,1.7000000476837158,2.0999999046325684,1.399999976158142,2.0999999046325684,1957950617,4983600000.0,1951600000.0,554655200000.0,126414000000.0,173124600000.0,15020500000.0,28.53798,-0.5,-4.952,12809111895.0,GTLINFRA.NS,0.7301908567586582,0.006886981317402235,0.022064455311376893,0
2022-03-31,2.200000047683716,2.5,1.399999976158142,1.5,5886740528,4983600000.0,1951600000.0,554655200000.0,126414000000.0,173124600000.0,15020500000.0,28.53798,-0.5,-4.952,12809111895.0,GTLINFRA.NS,0.7301908567586582,0.006886981317402235,0.022064455311376893,0
2022-06-30,1.5,1.7999999523162842,1.0499999523162842,1.149999976158142,3154602620,4983600000.0,1951600000.0,554655200000.0,126414000000.0,173124600000.0,15020500000.0,28.53798,-0.5,-4.952,12809111895.0,GTLINFRA.NS,0.7301908567586582,0.006886981317402235,0.022064455311376893,1
2022-09-30,1.149999976158142,1.7999999523162842,1.100000023841858,1.399999976158142,2523507107,4983600000.0,1951600000.0,554655200000.0,126414000000.0,173124600000.0,15020500000.0,28.53798,-0.5,-4.952,12809111895.0,GTLINFRA.NS,0.7301908567586582,0.006886981317402235,0.022064455311376893,0
2022-12-31,1.399999976158142,1.4500000476837158,1.149999976158142,1.2000000476837158,1520996384,4983600000.0,1951600000.0,554655200000.0,126414000000.0,173124600000.0,15020500000.0,28.53798,-0.5,-4.952,12809111895.0,GTLINFRA.NS,0.7301908567586582,0.006886981317402235,0.022064455311376893,0
2023-03-31,1.2000000476837158,1.25,0.6000000238418579,0.699999988079071,1345999354,4983600000.0,1951600000.0,554655200000.0,126414000000.0,173124600000.0,15020500000.0,28.53798,-0.5,-4.952,12809111895.0,GTLINFRA.NS,0.7301908567586582,0.006886981317402235,0.022064455311376893,1
2023-06-30,0.699999988079071,0.949999988079071,0.699999988079071,0.800000011920929,1085607922,4983600000.0,1951600000.0,554655200000.0,126414000000.0,173124600000.0,15020500000.0,28.53798,-0.5,-4.952,12809111895.0,GTLINFRA.NS,0.7301908567586582,0.006886981317402235,0.022064455311376893,1
2023-09-30,0.8500000238418579,1.350000023841858,0.699999988079071,1.100000023841858,2476120787,4983600000.0,1951600000.0,554655200000.0,126414000000.0,173124600000.0,15020500000.0,28.53798,-0.5,-4.952,12809111895.0,GTLINFRA.NS,0.7301908567586582,0.006886981317402235,0.022064455311376893,1
2023-12-31,1.100000023841858,1.600000023841858,0.8500000238418579,1.2999999523162842,2534257362,4983600000.0,1951600000.0,554655200000.0,126414000000.0,173124600000.0,15020500000.0,28.53798,-0.5,-4.952,12809111895.0,GTLINFRA.NS,0.7301908567586582,0.006886981317402235,0.022064455311376893,1
2024-03-31,1.2999999523162842,2.5999999046325684,1.2999999523162842,1.600000023841858,7443968846,4983600000.0,1951600000.0,554655200000.0,126414000000.0,173124600000.0,15020500000.0,28.53798,-0.5,-4.952,12809111895.0,GTLINFRA.NS,0.7301908567586582,0.006886981317402235,0.022064455311376893,1
2024-06-30,1.649999976158142,3.259999990463257,1.4500000476837158,3.259999990463257,5034574617,4983600000.0,1951600000.0,554655200000.0,126414000000.0,173124600000.0,15020500000.0,28.53798,-0.5,-4.952,12809111895.0,GTLINFRA.NS,0.7301908567586582,0.006886981317402235,0.022064455311376893,0
2024-09-30,3.3399999141693115,4.329999923706055,2.259999990463257,2.4000000953674316,13231612625,4983600000.0,1951600000.0,41816700000.0,38167600000.0,-55030300000.0,5979100000.0,28.53798,-0.5,-4.952,12809111895.0,GTLINFRA.NS,-0.6935742672673054,0.006886981317402235,0.022064455311376893,0
2024-12-31,2.440000057220459,2.490000009536743,1.850000023841858,2.049999952316284,4567099789,3384700000.0,-2101500000.0,41816700000.0,38167600000.0,-55030300000.0,5979100000.0,28.53798,-0.5,-4.952,12809111895.0,GTLINFRA.NS,-0.6935742672673054,0.006886981317402235,0.022064455311376893,0
2025-03-31,2.069999933242798,2.109999895095825,1.399999976158142,1.399999976158142,3139201779,3370200000.0,-2488900000.0,41168500000.0,37154100000.0,-59613100000.0,8289800000.0,28.53798,-0.5,-4.952,12809111895.0,GTLINFRA.NS,-0.6232539492158603,-0.060456416920703936,0.04175089032444211,1
2025-06-30,1.409999966621399,2.1700000762939453,1.2799999713897705,1.809999942779541,5787489520,3345300000.0,-2324200000.0,41168500000.0,37154100000.0,-59613100000.0,8289800000.0,28.53798,-0.5,-4.952,12809111895.0,GTLINFRA.NS,-0.6232539492158603,-0.060456416920703936,0.04175089032444211,0
2025-09-30,1.8300000429153442,1.8700000047683716,1.440000057220459,1.5,3902582009,3564900000.0,-1934700000.0,38956100000.0,34287400000.0,-63871000000.0,6930800000.0,28.53798,-0.5,-4.952,12809111895.0,GTLINFRA.NS,-0.5368226581703747,-0.04966359568848011,0.03029074227740289,0
2025-12-31,1.5099999904632568,1.5299999713897705,1.1399999856948853,1.159999966621399,2156255404,3505900000.0,195800000.0,38956100000.0,34287400000.0,-63871000000.0,6930800000.0,28.53798,-0.5,-4.952,12809111895.0,GTLINFRA.NS,-0.5368226581703747,-0.04966359568848011,0.03029074227740289,0
2026-03-31,1.1699999570846558,1.3200000524520874,0.9800000190734863,1.0099999904632568,3180169268,3505900000.0,195800000.0,38956100000.0,34287400000.0,-63871000000.0,6930800000.0,28.53798,-0.5,-4.952,12809111895.0,GTLINFRA.NS,-0.5368226581703747,-0.04966359568848011,0.03029074227740289,0
2018-06-30,461.6689309071387,476.52993006619204,343.88759145690096,345.6888732910156,5304636,3505900000.0,195800000.0,38956100000.0,34287400000.0,-63871000000.0,6930800000.0,27.286314,133.14,555.023,668775000.0,HAL.NS,-0.5368226581703747,-0.04966359568848011,0.03029074227740289,0
2018-09-30,345.6070318964153,414.7120637186993,315.2507253858439,319.2423095703125,3206888,3505900000.0,195800000.0,38956100000.0,34287400000.0,-63871000000.0,6930800000.0,27.286314,133.14,555.023,668775000.0,HAL.NS,-0.5368226581703747,-0.04966359568848011,0.03029074227740289,1
2018-12-31,325.46503166816706,388.10171884390564,302.9485715958438,330.3162536621094,3139922,3505900000.0,195800000.0,38956100000.0,34287400000.0,-63871000000.0,6930800000.0,27.286314,133.14,555.023,668775000.0,HAL.NS,-0.5368226581703747,-0.04966359568848011,0.03029074227740289,0
2019-03-31,329.98880325938376,338.97484912584576,249.7483476794341,303.35211181640625,3871372,3505900000.0,195800000.0,38956100000.0,34287400000.0,-63871000000.0,6930800000.0,27.286314,133.14,555.023,668775000.0,HAL.NS,-0.5368226581703747,-0.04966359568848011,0.03029074227740289,0
2019-06-30,295.29664113461905,318.85311238056903,261.16085075416527,300.5548095703125,3674012,3505900000.0,195800000.0,38956100000.0,34287400000.0,-63871000000.0,6930800000.0,27.286314,133.14,555.023,668775000.0,HAL.NS,-0.5368226581703747,-0.04966359568848011,0.03029074227740289,0
2019-09-30,299.2928650139332,326.4247519766667,262.9066164499841,297.10546875,1810704,3505900000.0,195800000.0,38956100000.0,34287400000.0,-63871000000.0,6930800000.0,27.286314,133.14,555.023,668775000.0,HAL.NS,-0.5368226581703747,-0.04966359568848011,0.03029074227740289,1
2019-12-31,301.985018838168,348.23547192581054,278.2602945331138,307.2431640625,2182556,3505900000.0,195800000.0,38956100000.0,34287400000.0,-63871000000.0,6930800000.0,27.286314,133.14,555.023,668775000.0,HAL.NS,-0.5368226581703747,-0.04966359568848011,0.03029074227740289,0
2020-03-31,309.1781752594976,376.86081249964485,198.5470897873744,232.54608154296875,6728080,3505900000.0,195800000.0,38956100000.0,34287400000.0,-63871000000.0,6930800000.0,27.286314,133.14,555.023,668775000.0,HAL.NS,-0.5368226581703747,-0.04966359568848011,0.03029074227740289,1
2020-06-30,245.82035921359068,365.55723264224224,218.57900543005758,345.1094055175781,14088510,3505900000.0,195800000.0,38956100000.0,34287400000.0,-63871000000.0,6930800000.0,27.286314,133.14,555.023,668775000.0,HAL.NS,-0.5368226581703747,-0.04966359568848011,0.03029074227740289,1
2020-09-30,341.91381875236215,636.0043339396901,332.63964884843455,360.2832946777344,175918528,3505900000.0,195800000.0,38956100000.0,34287400000.0,-63871000000.0,6930800000.0,27.286314,133.14,555.023,668775000.0,HAL.NS,-0.5368226581703747,-0.04966359568848011,0.03029074227740289,1
2020-12-31,363.3672447323913,399.79327817010056,294.09056401506217,384.7865905761719,55878610,3505900000.0,195800000.0,38956100000.0,34287400000.0,-63871000000.0,6930800000.0,27.286314,133.14,555.023,668775000.0,HAL.NS,-0.5368226581703747,-0.04966359568848011,0.03029074227740289,1
2021-03-31,386.0370243266561,511.01022886604403,385.40043862725753,458.6699523925781,86215782,3505900000.0,195800000.0,38956100000.0,34287400000.0,-63871000000.0,6930800000.0,27.286314,133.14,555.023,668775000.0,HAL.NS,-0.5368226581703747,-0.04966359568848011,0.03029074227740289,1
2021-06-30,468.8349328062263,502.026866599617,428.2671149502569,471.0477294921875,25463826,3505900000.0,195800000.0,38956100000.0,34287400000.0,-63871000000.0,6930800000.0,27.286314,133.14,555.023,668775000.0,HAL.NS,-0.5368226581703747,-0.04966359568848011,0.03029074227740289,1
2021-09-30,472.75339581246146,685.4809265992993,465.60792761636867,624.3987426757812,119823102,3505900000.0,195800000.0,38956100000.0,34287400000.0,-63871000000.0,6930800000.0,27.286314,133.14,555.023,668775000.0,HAL.NS,-0.5368226581703747,-0.04966359568848011,0.03029074227740289,0
2021-12-31,623.8685376064237,721.9228418997352,550.1847203804518,563.9021606445312,92308368,3505900000.0,195800000.0,38956100000.0,34287400000.0,-63871000000.0,6930800000.0,27.286314,133.14,555.023,668775000.0,HAL.NS,-0.5368226581703747,-0.04966359568848011,0.03029074227740289,1
2022-03-31,565.4624940261041,710.5083200208575,564.5542368161555,705.0950927734375,90476944,3505900000.0,195800000.0,38956100000.0,34287400000.0,-63871000000.0,6930800000.0,27.286314,133.14,555.023,668775000.0,HAL.NS,-0.5368226581703747,-0.04966359568848011,0.03029074227740289,1
2022-06-30,708.4664871635979,936.6525024645581,697.0701736528791,840.3779907226562,130454606,3505900000.0,195800000.0,38956100000.0,34287400000.0,-63871000000.0,6930800000.0,27.286314,133.14,555.023,668775000.0,HAL.NS,-0.5368226581703747,-0.04966359568848011,0.03029074227740289,1
2022-09-30,837.1489841066727,1258.237763027905,816.7783602181231,1118.2666015625,146528442,3505900000.0,195800000.0,38956100000.0,34287400000.0,-63871000000.0,6930800000.0,27.286314,133.14,555.023,668775000.0,HAL.NS,-0.5368226581703747,-0.04966359568848011,0.03029074227740289,1
2022-12-31,1123.0355884723765,1351.0300842923748,1085.4317231942318,1216.2294921875,115749772,3505900000.0,195800000.0,38956100000.0,34287400000.0,-63871000000.0,6930800000.0,27.286314,133.14,555.023,668775000.0,HAL.NS,-0.5368226581703747,-0.04966359568848011,0.03029074227740289,1
2023-03-31,1220.4339514321123,1400.1356031632743,1105.1173136777602,1321.6990966796875,163486534,3505900000.0,195800000.0,38956100000.0,34287400000.0,-63871000000.0,6930800000.0,27.286314,133.14,555.023,668775000.0,HAL.NS,-0.5368226581703747,-0.04966359568848011,0.03029074227740289,1
2023-06-30,1335.6848187982166,1911.5781581108754,1292.130099706789,1835.3570556640625,189828740,3505900000.0,195800000.0,38956100000.0,34287400000.0,-63871000000.0,6930800000.0,27.286314,133.14,555.023,668775000.0,HAL.NS,-0.5368226581703747,-0.04966359568848011,0.03029074227740289,1
2023-09-30,1843.4143175374584,2025.5832429723384,1785.7527802381335,1873.202880859375,119112657,3505900000.0,195800000.0,38956100000.0,34287400000.0,-63871000000.0,6930800000.0,27.286314,133.14,555.023,668775000.0,HAL.NS,-0.5368226581703747,-0.04966359568848011,0.03029074227740289,1
2023-12-31,1883.8894967828953,2768.5398050702374,1717.4223278439297,2724.09375,105178773,3505900000.0,195800000.0,38956100000.0,34287400000.0,-63871000000.0,6930800000.0,27.286314,133.14,555.023,668775000.0,HAL.NS,-0.5368226581703747,-0.04966359568848011,0.03029074227740289,1
2024-03-31,2725.161966774949,3354.735234450531,2670.1264751738127,3255.894287109375,109487290,3505900000.0,195800000.0,38956100000.0,34287400000.0,-63871000000.0,6930800000.0,27.286314,133.14,555.023,668775000.0,HAL.NS,-0.5368226581703747,-0.04966359568848011,0.03029074227740289,1
2024-06-30,3319.5050292960136,5463.481279646389,3290.2441577731543,5151.740234375,224642840,3505900000.0,195800000.0,38956100000.0,34287400000.0,-63871000000.0,6930800000.0,27.286314,133.14,555.023,668775000.0,HAL.NS,-0.5368226581703747,-0.04966359568848011,0.03029074227740289,0
2024-09-30,5157.367071319,5553.467491607171,4094.072547811019,4338.07763671875,147498016,3505900000.0,195800000.0,865297500000.0,11500000.0,311990700000.0,51470900000.0,27.286314,133.14,555.023,668775000.0,HAL.NS,3.686007307269095e-05,-0.04966359568848011,0.03029074227740289,0
2024-12-31,4345.290195664412,4666.182623768448,3847.1227831119118,4100.3037109375,90554606,69573100000.0,14398300000.0,865297500000.0,11500000.0,311990700000.0,51470900000.0,27.286314,133.14,555.023,668775000.0,HAL.NS,3.686007307269095e-05,-0.04966359568848011,0.03029074227740289,1
2025-03-31,4100.303580245368,4244.322026813886,3010.8097223425225,4129.12060546875,123862616,128235900000.0,39766600000.0,1062668500000.0,11600000.0,349816100000.0,45485500000.0,27.286314,133.14,555.023,668775000.0,HAL.NS,3.3160280501669304e-05,0.03742145363300032,0.11367858712048988,1
2025-06-30,4349.095609804144,5105.245229980775,3775.904443785268,4813.4599609375,151423437,48190100000.0,13837700000.0,1062668500000.0,11600000.0,349816100000.0,45485500000.0,27.286314,133.14,555.023,668775000.0,HAL.NS,3.3160280501669304e-05,0.03742145363300032,0.11367858712048988,0
2025-09-30,4821.466650132113,5006.401971983846,4274.963254880626,4707.38916015625,75531297,66286100000.0,16690700000.0,1231449600000.0,114000000.0,371142700000.0,31381600000.0,27.286314,133.14,555.023,668775000.0,HAL.NS,0.00030715948340085905,0.013553701263941294,0.04497111218946243,0
2025-12-31,4693.0087390289455,4936.981890005252,4152.499292258853,4352.53759765625,58599525,76988000000.0,18666800000.0,1231449600000.0,114000000.0,371142700000.0,31381600000.0,27.286314,133.14,555.023,668775000.0,HAL.NS,0.00030715948340085905,0.013553701263941294,0.04497111218946243,0
2026-03-31,4352.53771878253,4631.519332583949,3610.0,3632.89990234375,87582662,76988000000.0,18666800000.0,1231449600000.0,114000000.0,371142700000.0,31381600000.0,27.286314,133.14,555.023,668775000.0,HAL.NS,0.00030715948340085905,0.013553701263941294,0.04497111218946243,0
2016-03-31,196.67468202575907,201.0344596819482,196.19024261625566,200.1867218017578,12806,76988000000.0,18666800000.0,1231449600000.0,114000000.0,371142700000.0,31381600000.0,57.317307,15.6,82.151,222748268.0,HATSUN.NS,0.00030715948340085905,0.013553701263941294,0.04497111218946243,1
2016-06-30,199.09677284679552,238.18948459379163,198.61233529994166,214.6466827392578,668205,76988000000.0,18666800000.0,1231449600000.0,114000000.0,371142700000.0,31381600000.0,57.317307,15.6,82.151,222748268.0,HATSUN.NS,0.00030715948340085905,0.013553701263941294,0.04497111218946243,1
2016-09-30,219.92683411610716,274.2594505415633,208.23781311643265,226.6612548828125,1130170,76988000000.0,18666800000.0,1231449600000.0,114000000.0,371142700000.0,31381600000.0,57.317307,15.6,82.151,222748268.0,HATSUN.NS,0.00030715948340085905,0.013553701263941294,0.04497111218946243,1
2016-12-31,226.55922822579166,250.26614644179153,215.9812095744973,247.2049560546875,610834,76988000000.0,18666800000.0,1231449600000.0,114000000.0,371142700000.0,31381600000.0,57.317307,15.6,82.151,222748268.0,HATSUN.NS,0.00030715948340085905,0.013553701263941294,0.04497111218946243,1
2017-03-31,247.61310368280152,374.1407248347667,244.85810652173697,348.66510009765625,2316515,76988000000.0,18666800000.0,1231449600000.0,114000000.0,371142700000.0,31381600000.0,57.317307,15.6,82.151,222748268.0,HATSUN.NS,0.00030715948340085905,0.013553701263941294,0.04497111218946243,1
2017-06-30,351.0120231368789,458.86661930605374,347.1345320786544,407.66094970703125,1745487,76988000000.0,18666800000.0,1231449600000.0,114000000.0,371142700000.0,31381600000.0,57.317307,15.6,82.151,222748268.0,HATSUN.NS,0.00030715948340085905,0.013553701263941294,0.04497111218946243,1
2017-09-30,410.15602971810097,496.2723953502638,376.3125372359603,476.2106018066406,2124785,76988000000.0,18666800000.0,1231449600000.0,114000000.0,371142700000.0,31381600000.0,57.317307,15.6,82.151,222748268.0,HATSUN.NS,0.00030715948340085905,0.013553701263941294,0.04497111218946243,1
2017-12-31,477.3746127105256,664.1615322487565,465.5977190339468,567.2074584960938,9585651,76988000000.0,18666800000.0,1231449600000.0,114000000.0,371142700000.0,31381600000.0,57.317307,15.6,82.151,222748268.0,HATSUN.NS,0.00030715948340085905,0.013553701263941294,0.04497111218946243,0
2018-03-31,566.2489880647909,605.3112949519866,392.2318550335647,473.4718017578125,2599715,76988000000.0,18666800000.0,1231449600000.0,114000000.0,371142700000.0,31381600000.0,57.317307,15.6,82.151,222748268.0,HATSUN.NS,0.00030715948340085905,0.013553701263941294,0.04497111218946243,0
2018-06-30,475.86830475248524,566.2489561218202,401.6116048928715,429.6059265136719,2686652,76988000000.0,18666800000.0,1231449600000.0,114000000.0,371142700000.0,31381600000.0,57.317307,15.6,82.151,222748268.0,HATSUN.NS,0.00030715948340085905,0.013553701263941294,0.04497111218946243,1
2018-09-30,437.8682709278775,564.3829212577143,419.2867062034935,493.2641296386719,1480820,76988000000.0,18666800000.0,1231449600000.0,114000000.0,371142700000.0,31381600000.0,57.317307,15.6,82.151,222748268.0,HATSUN.NS,0.00030715948340085905,0.013553701263941294,0.04497111218946243,0
2018-12-31,488.03484006110307,488.06969428397974,393.9419248778972,434.2774353027344,1194772,76988000000.0,18666800000.0,1231449600000.0,114000000.0,371142700000.0,31381600000.0,57.317307,15.6,82.151,222748268.0,HATSUN.NS,0.00030715948340085905,0.013553701263941294,0.04497111218946243,1
2019-03-31,434.34714464538536,509.81681073513715,429.5013097184965,499.67578125,1902692,76988000000.0,18666800000.0,1231449600000.0,114000000.0,371142700000.0,31381600000.0,57.317307,15.6,82.151,222748268.0,HATSUN.NS,0.00030715948340085905,0.013553701263941294,0.04497111218946243,0
2019-06-30,503.5573328427955,549.0173513851054,476.9079369796152,499.10516357421875,594596,76988000000.0,18666800000.0,1231449600000.0,114000000.0,371142700000.0,31381600000.0,57.317307,15.6,82.151,222748268.0,HATSUN.NS,0.00030715948340085905,0.013553701263941294,0.04497111218946243,0
2019-09-30,501.41957286585364,543.5347991531426,402.5990087750535,440.6152038574219,742109,76988000000.0,18666800000.0,1231449600000.0,114000000.0,371142700000.0,31381600000.0,57.317307,15.6,82.151,222748268.0,HATSUN.NS,0.00030715948340085905,0.013553701263941294,0.04497111218946243,0
2019-12-31,440.3338488905388,454.29542436404967,385.43721072848405,412.34039306640625,4353914,76988000000.0,18666800000.0,1231449600000.0,114000000.0,371142700000.0,31381600000.0,57.317307,15.6,82.151,222748268.0,HATSUN.NS,0.00030715948340085905,0.013553701263941294,0.04497111218946243,0
2020-03-31,412.867933590328,523.7866156226514,268.1662845585131,364.6708984375,1726166,76988000000.0,18666800000.0,1231449600000.0,114000000.0,371142700000.0,31381600000.0,57.317307,15.6,82.151,222748268.0,HATSUN.NS,0.00030715948340085905,0.013553701263941294,0.04497111218946243,1
2020-06-30,374.0214190604218,493.99050125653997,338.73638656029317,462.7632751464844,2185976,76988000000.0,18666800000.0,1231449600000.0,114000000.0,371142700000.0,31381600000.0,57.317307,15.6,82.151,222748268.0,HATSUN.NS,0.00030715948340085905,0.013553701263941294,0.04497111218946243,1
2020-09-30,472.81947464005793,627.1259621016774,434.71171063331,557.0921630859375,4345960,76988000000.0,18666800000.0,1231449600000.0,114000000.0,371142700000.0,31381600000.0,57.317307,15.6,82.151,222748268.0,HATSUN.NS,0.00030715948340085905,0.013553701263941294,0.04497111218946243,1
2020-12-31,559.8777633471757,841.8817941673924,544.7352773364828,689.790771484375,5528387,76988000000.0,18666800000.0,1231449600000.0,114000000.0,371142700000.0,31381600000.0,57.317307,15.6,82.151,222748268.0,HATSUN.NS,0.00030715948340085905,0.013553701263941294,0.04497111218946243,1
2021-03-31,689.7906928309521,765.6457272093289,653.4107272914412,690.314453125,3656295,76988000000.0,18666800000.0,1231449600000.0,114000000.0,371142700000.0,31381600000.0,57.317307,15.6,82.151,222748268.0,HATSUN.NS,0.00030715948340085905,0.013553701263941294,0.04497111218946243,1
2021-06-30,693.7906759297898,931.4031250557442,690.4572991176357,851.1196899414062,5360104,76988000000.0,18666800000.0,1231449600000.0,114000000.0,371142700000.0,31381600000.0,57.317307,15.6,82.151,222748268.0,HATSUN.NS,0.00030715948340085905,0.013553701263941294,0.04497111218946243,1
2021-09-30,863.7859017998487,1462.5368991811274,843.1674650827915,1350.7823486328125,14204905,76988000000.0,18666800000.0,1231449600000.0,114000000.0,371142700000.0,31381600000.0,57.317307,15.6,82.151,222748268.0,HATSUN.NS,0.00030715948340085905,0.013553701263941294,0.04497111218946243,0
2021-12-31,1341.8208770401866,1454.8215705918108,1153.2950144940755,1211.664306640625,3609512,76988000000.0,18666800000.0,1231449600000.0,114000000.0,371142700000.0,31381600000.0,57.317307,15.6,82.151,222748268.0,HATSUN.NS,0.00030715948340085905,0.013553701263941294,0.04497111218946243,0
2022-03-31,1223.9324693052383,1230.2101885442528,949.8175286981759,1027.451416015625,3850885,76988000000.0,18666800000.0,1231449600000.0,114000000.0,371142700000.0,31381600000.0,57.317307,15.6,82.151,222748268.0,HATSUN.NS,0.00030715948340085905,0.013553701263941294,0.04497111218946243,0
2022-06-30,1034.064767099352,1097.4180013702014,802.7922515916925,844.5325317382812,3476710,76988000000.0,18666800000.0,1231449600000.0,114000000.0,371142700000.0,31381600000.0,57.317307,15.6,82.151,222748268.0,HATSUN.NS,0.00030715948340085905,0.013553701263941294,0.04497111218946243,1
2022-09-30,838.3505822679585,1105.6742485281652,819.4691785930119,1011.4561767578125,2621465,76988000000.0,18666800000.0,1231449600000.0,114000000.0,371142700000.0,31381600000.0,57.317307,15.6,82.151,222748268.0,HATSUN.NS,0.00030715948340085905,0.013553701263941294,0.04497111218946243,0
2022-12-31,1012.1315837438724,1069.6369834599773,825.4805926297628,894.1680908203125,2766330,76988000000.0,18666800000.0,1231449600000.0,114000000.0,371142700000.0,31381600000.0,57.317307,15.6,82.151,222748268.0,HATSUN.NS,0.00030715948340085905,0.013553701263941294,0.04497111218946243,0
2023-03-31,898.6401485256649,910.041543075173,771.5056091974839,827.9716796875,1112999,76988000000.0,18666800000.0,1231449600000.0,114000000.0,371142700000.0,31381600000.0,57.317307,15.6,82.151,222748268.0,HATSUN.NS,0.00030715948340085905,0.013553701263941294,0.04497111218946243,1
2023-06-30,827.9715922235421,954.8113175427548,802.1220783772083,905.8151245117188,1413830,76988000000.0,18666800000.0,1231449600000.0,114000000.0,371142700000.0,31381600000.0,57.317307,15.6,82.151,222748268.0,HATSUN.NS,0.00030715948340085905,0.013553701263941294,0.04497111218946243,1
2023-09-30,910.6312101087913,1219.1340233397104,899.3772572918883,1134.1966552734375,6732175,76988000000.0,18666800000.0,1231449600000.0,114000000.0,371142700000.0,31381600000.0,57.317307,15.6,82.151,222748268.0,HATSUN.NS,0.00030715948340085905,0.013553701263941294,0.04497111218946243,0
2023-12-31,1140.1788588821678,1156.1478011708193,1054.2032568801658,1125.890869140625,1529952,76988000000.0,18666800000.0,1231449600000.0,114000000.0,371142700000.0,31381600000.0,57.317307,15.6,82.151,222748268.0,HATSUN.NS,0.00030715948340085905,0.013553701263941294,0.04497111218946243,0
2024-03-31,1137.0640550316396,1186.4543778322952,993.8372190955012,1000.16552734375,1342466,76988000000.0,18666800000.0,1231449600000.0,114000000.0,371142700000.0,31381600000.0,57.317307,15.6,82.151,222748268.0,HATSUN.NS,0.00030715948340085905,0.013553701263941294,0.04497111218946243,1
2024-06-30,1008.570327255636,1151.3522698285283,949.1931951471139,1014.5030517578125,5080160,76988000000.0,18666800000.0,1231449600000.0,114000000.0,371142700000.0,31381600000.0,57.317307,15.6,82.151,222748268.0,HATSUN.NS,0.00030715948340085905,0.013553701263941294,0.04497111218946243,1
2024-09-30,1019.5953194288629,1384.3121471856832,1011.5860489730313,1181.9866943359375,7648594,20721000000.0,643200000.0,44534300000.0,23340000000.0,16334100000.0,369200000.0,57.317307,15.6,82.151,222748268.0,HATSUN.NS,1.4289125204327144,0.014442800268557045,0.03937774349367275,0
2024-12-31,1193.5143814232792,1199.427247611788,969.0223814599916,998.4379272460938,3217729,20097500000.0,409400000.0,44534300000.0,23340000000.0,16334100000.0,369200000.0,57.317307,15.6,82.151,222748268.0,HATSUN.NS,1.4289125204327144,0.014442800268557045,0.03937774349367275,0
2025-03-31,998.4379123076999,1122.9568789807327,856.6273017566874,958.1406860351562,5447186,22266800000.0,430100000.0,48649000000.0,25704500000.0,17175600000.0,577300000.0,57.317307,15.6,82.151,222748268.0,HATSUN.NS,1.4965707165979645,0.008840880593640157,0.02504133771163744,0
2025-06-30,925.7438327959683,997.7422934343901,854.1925578285621,951.1345825195312,2998332,25902800000.0,1351900000.0,48649000000.0,25704500000.0,17175600000.0,577300000.0,57.317307,15.6,82.151,222748268.0,HATSUN.NS,1.4965707165979645,0.008840880593640157,0.02504133771163744,0
2025-09-30,954.0165123575529,1038.486693426603,876.2000122070312,912.7999877929688,5435290,25902800000.0,1351900000.0,48649000000.0,25704500000.0,17175600000.0,577300000.0,57.317307,15.6,82.151,222748268.0,HATSUN.NS,1.4965707165979645,0.008840880593640157,0.02504133771163744,1
2025-12-31,909.0,1179.0,867.2000122070312,977.2000122070312,10230135,23637200000.0,605800000.0,48649000000.0,25704500000.0,17175600000.0,577300000.0,57.317307,15.6,82.151,222748268.0,HATSUN.NS,1.4965707165979645,0.008840880593640157,0.02504133771163744,0
2026-03-31,977.2000122070312,1008.9000244140625,855.2999877929688,894.1500244140625,2146397,23637200000.0,605800000.0,48649000000.0,25704500000.0,17175600000.0,577300000.0,57.317307,15.6,82.151,222748268.0,HATSUN.NS,1.4965707165979645,0.008840880593640157,0.02504133771163744,0
2016-03-31,8455.142927748737,8536.630689004547,8291.278283097681,8434.5859375,1987,23637200000.0,605800000.0,48649000000.0,25704500000.0,17175600000.0,577300000.0,48.316353,572.27,4737.466,8841523.0,HONAUT.NS,1.4965707165979645,0.008840880593640157,0.02504133771163744,1
2016-06-30,8438.461884271173,9972.006404907937,8301.091377154586,9350.9453125,65510,23637200000.0,605800000.0,48649000000.0,25704500000.0,17175600000.0,577300000.0,48.316353,572.27,4737.466,8841523.0,HONAUT.NS,1.4965707165979645,0.008840880593640157,0.02504133771163744,0
2016-09-30,9404.959956147042,9913.776311097325,8693.677018522038,9100.3115234375,27277,23637200000.0,605800000.0,48649000000.0,25704500000.0,17175600000.0,577300000.0,48.316353,572.27,4737.466,8841523.0,HONAUT.NS,1.4965707165979645,0.008840880593640157,0.02504133771163744,0
2016-12-31,9109.0047790633,9173.830562481262,7857.670113069601,8811.9365234375,27949,23637200000.0,605800000.0,48649000000.0,25704500000.0,17175600000.0,577300000.0,48.316353,572.27,4737.466,8841523.0,HONAUT.NS,1.4965707165979645,0.008840880593640157,0.02504133771163744,1
2017-03-31,8834.96824544914,10313.192186745238,7443.080518304492,10162.81640625,73842,23637200000.0,605800000.0,48649000000.0,25704500000.0,17175600000.0,577300000.0,48.316353,572.27,4737.466,8841523.0,HONAUT.NS,1.4965707165979645,0.008840880593640157,0.02504133771163744,1
2017-06-30,10298.458492948324,12191.17518995132,10044.067305213865,11468.220703125,55207,23637200000.0,605800000.0,48649000000.0,25704500000.0,17175600000.0,577300000.0,48.316353,572.27,4737.466,8841523.0,HONAUT.NS,1.4965707165979645,0.008840880593640157,0.02504133771163744,1
2017-09-30,11369.213220472131,17486.480552939986,11369.213220472131,15462.49609375,54972,23637200000.0,605800000.0,48649000000.0,25704500000.0,17175600000.0,577300000.0,48.316353,572.27,4737.466,8841523.0,HONAUT.NS,1.4965707165979645,0.008840880593640157,0.02504133771163744,1
2017-12-31,15737.735009683698,21570.817970757853,14638.842934838867,19103.109375,93093,23637200000.0,605800000.0,48649000000.0,25704500000.0,17175600000.0,577300000.0,48.316353,572.27,4737.466,8841523.0,HONAUT.NS,1.4965707165979645,0.008840880593640157,0.02504133771163744,0
2018-03-31,19315.83117520596,19363.99787889986,14500.144789654689,16653.98046875,88652,23637200000.0,605800000.0,48649000000.0,25704500000.0,17175600000.0,577300000.0,48.316353,572.27,4737.466,8841523.0,HONAUT.NS,1.4965707165979645,0.008840880593640157,0.02504133771163744,1
2018-06-30,16612.549687768646,19111.56413701577,16591.563148580517,18035.82421875,108752,23637200000.0,605800000.0,48649000000.0,25704500000.0,17175600000.0,577300000.0,48.316353,572.27,4737.466,8841523.0,HONAUT.NS,1.4965707165979645,0.008840880593640157,0.02504133771163744,1
2018-09-30,18178.457642829853,23868.736099255442,17939.640638670957,20482.88671875,128791,23637200000.0,605800000.0,48649000000.0,25704500000.0,17175600000.0,577300000.0,48.316353,572.27,4737.466,8841523.0,HONAUT.NS,1.4965707165979645,0.008840880593640157,0.02504133771163744,1
2018-12-31,20482.88364929887,23204.130454346872,17722.84513751573,21656.974609375,53733,23637200000.0,605800000.0,48649000000.0,25704500000.0,17175600000.0,577300000.0,48.316353,572.27,4737.466,8841523.0,HONAUT.NS,1.4965707165979645,0.008840880593640157,0.02504133771163744,1
2019-03-31,21649.540098650996,22581.862430519817,20293.889622332856,22048.69921875,64367,23637200000.0,605800000.0,48649000000.0,25704500000.0,17175600000.0,577300000.0,48.316353,572.27,4737.466,8841523.0,HONAUT.NS,1.4965707165979645,0.008840880593640157,0.02504133771163744,1
2019-06-30,21908.39393527889,27462.884309408455,21701.627375285694,24540.630859375,67971,23637200000.0,605800000.0,48649000000.0,25704500000.0,17175600000.0,577300000.0,48.316353,572.27,4737.466,8841523.0,HONAUT.NS,1.4965707165979645,0.008840880593640157,0.02504133771163744,1
2019-09-30,24713.528326039595,29097.40841948087,21661.35759483856,28290.9296875,182949,23637200000.0,605800000.0,48649000000.0,25704500000.0,17175600000.0,577300000.0,48.316353,572.27,4737.466,8841523.0,HONAUT.NS,1.4965707165979645,0.008840880593640157,0.02504133771163744,0
2019-12-31,28476.88886974133,29058.934249235484,24687.665060493175,26946.845703125,143015,23637200000.0,605800000.0,48649000000.0,25704500000.0,17175600000.0,577300000.0,48.316353,572.27,4737.466,8841523.0,HONAUT.NS,1.4965707165979645,0.008840880593640157,0.02504133771163744,0
2020-03-31,26981.3232054398,38992.15482049353,19876.998046875,25541.59375,277743,23637200000.0,605800000.0,48649000000.0,25704500000.0,17175600000.0,577300000.0,48.316353,572.27,4737.466,8841523.0,HONAUT.NS,1.4965707165979645,0.008840880593640157,0.02504133771163744,1
2020-06-30,25639.557681453694,31261.535760767856,24051.35904157887,29622.041015625,307418,23637200000.0,605800000.0,48649000000.0,25704500000.0,17175600000.0,577300000.0,48.316353,572.27,4737.466,8841523.0,HONAUT.NS,1.4965707165979645,0.008840880593640157,0.02504133771163744,1
2020-09-30,29358.836834848928,36589.72834677898,26458.466348072907,32229.466796875,284026,23637200000.0,605800000.0,48649000000.0,25704500000.0,17175600000.0,577300000.0,48.316353,572.27,4737.466,8841523.0,HONAUT.NS,1.4965707165979645,0.008840880593640157,0.02504133771163744,1
2020-12-31,32436.195907484722,38765.33354846477,27541.185988587633,36693.6640625,328169,23637200000.0,605800000.0,48649000000.0,25704500000.0,17175600000.0,577300000.0,48.316353,572.27,4737.466,8841523.0,HONAUT.NS,1.4965707165979645,0.008840880593640157,0.02504133771163744,1
2021-03-31,36846.84228580385,49435.68758130363,36144.714700933146,46953.37109375,667815,23637200000.0,605800000.0,48649000000.0,25704500000.0,17175600000.0,577300000.0,48.316353,572.27,4737.466,8841523.0,HONAUT.NS,1.4965707165979645,0.008840880593640157,0.02504133771163744,0
2021-06-30,47245.14571978337,47245.14571978337,38913.66659370386,41367.50390625,274078,23637200000.0,605800000.0,48649000000.0,25704500000.0,17175600000.0,577300000.0,48.316353,572.27,4737.466,8841523.0,HONAUT.NS,1.4965707165979645,0.008840880593640157,0.02504133771163744,1
2021-09-30,41732.06812507263,45569.736963757394,37785.72047661799,45301.6796875,253246,23637200000.0,605800000.0,48649000000.0,25704500000.0,17175600000.0,577300000.0,48.316353,572.27,4737.466,8841523.0,HONAUT.NS,1.4965707165979645,0.008840880593640157,0.02504133771163744,0
2021-12-31,45088.12861054025,46849.030176517736,37919.500983321435,41790.12890625,250972,23637200000.0,605800000.0,48649000000.0,25704500000.0,17175600000.0,577300000.0,48.316353,572.27,4737.466,8841523.0,HONAUT.NS,1.4965707165979645,0.008840880593640157,0.02504133771163744,0
2022-03-31,41790.130970521845,45978.709126642,37607.30114383322,39318.50390625,341277,23637200000.0,605800000.0,48649000000.0,25704500000.0,17175600000.0,577300000.0,48.316353,572.27,4737.466,8841523.0,HONAUT.NS,1.4965707165979645,0.008840880593640157,0.02504133771163744,0
2022-06-30,39321.822575966886,41274.87577438728,29912.765692473127,33482.58203125,395604,23637200000.0,605800000.0,48649000000.0,25704500000.0,17175600000.0,577300000.0,48.316353,572.27,4737.466,8841523.0,HONAUT.NS,1.4965707165979645,0.008840880593640157,0.02504133771163744,1
2022-09-30,33762.137215783456,44044.6415900319,32305.613193804853,39731.265625,354223,23637200000.0,605800000.0,48649000000.0,25704500000.0,17175600000.0,577300000.0,48.316353,572.27,4737.466,8841523.0,HONAUT.NS,1.4965707165979645,0.008840880593640157,0.02504133771163744,1
2022-12-31,39781.31997405286,43772.41341810114,37127.85139304825,41417.48828125,396654,23637200000.0,605800000.0,48649000000.0,25704500000.0,17175600000.0,577300000.0,48.316353,572.27,4737.466,8841523.0,HONAUT.NS,1.4965707165979645,0.008840880593640157,0.02504133771163744,0
2023-03-31,41401.64568160847,41401.64568160847,34109.13058661777,36137.00390625,346606,23637200000.0,605800000.0,48649000000.0,25704500000.0,17175600000.0,577300000.0,48.316353,572.27,4737.466,8841523.0,HONAUT.NS,1.4965707165979645,0.008840880593640157,0.02504133771163744,1
2023-06-30,36137.05368175332,42532.87521538284,34412.79483758327,41394.7421875,336443,23637200000.0,605800000.0,48649000000.0,25704500000.0,17175600000.0,577300000.0,48.316353,572.27,4737.466,8841523.0,HONAUT.NS,1.4965707165979645,0.008840880593640157,0.02504133771163744,0
2023-09-30,41592.332489750814,43848.83351178929,38472.49494651215,39669.6875,237394,23637200000.0,605800000.0,48649000000.0,25704500000.0,17175600000.0,577300000.0,48.316353,572.27,4737.466,8841523.0,HONAUT.NS,1.4965707165979645,0.008840880593640157,0.02504133771163744,0
2023-12-31,39606.23038923075,39805.3066917652,34816.15643780715,36676.82421875,294792,23637200000.0,605800000.0,48649000000.0,25704500000.0,17175600000.0,577300000.0,48.316353,572.27,4737.466,8841523.0,HONAUT.NS,1.4965707165979645,0.008840880593640157,0.02504133771163744,1
2024-03-31,36898.79520476294,39980.39569183299,36103.483940713275,38508.57421875,354290,23637200000.0,605800000.0,48649000000.0,25704500000.0,17175600000.0,577300000.0,48.316353,572.27,4737.466,8841523.0,HONAUT.NS,1.4965707165979645,0.008840880593640157,0.02504133771163744,1
2024-06-30,38819.831182969356,59716.92364984631,38123.16516844256,56449.28125,717253,23637200000.0,605800000.0,48649000000.0,25704500000.0,17175600000.0,577300000.0,48.316353,572.27,4737.466,8841523.0,HONAUT.NS,1.4965707165979645,0.008840880593640157,0.02504133771163744,0
2024-09-30,56438.13308730934,58727.50895241816,48366.359947172736,48844.58984375,410432,10239000000.0,1151000000.0,50639000000.0,801000000.0,37695000000.0,25671000000.0,48.316353,572.27,4737.466,8841523.0,HONAUT.NS,0.02124950258654994,0.022729516775607733,0.030534553654330814,0
2024-12-31,48844.587570688105,51855.771748182226,39228.25212026794,41840.484375,486160,10908000000.0,1321000000.0,50639000000.0,801000000.0,37695000000.0,25671000000.0,48.316353,572.27,4737.466,8841523.0,HONAUT.NS,0.02124950258654994,0.022729516775607733,0.030534553654330814,0
2025-03-31,41834.451481741395,43612.09313050865,31177.08687718426,33591.6171875,392798,11066000000.0,1399000000.0,56046000000.0,1009000000.0,40382000000.0,31304000000.0,48.316353,572.27,4737.466,8841523.0,HONAUT.NS,0.024986380070328364,0.024961638653962816,0.03464414838294289,1
2025-06-30,33418.69467182489,39820.012817571485,30939.54399954985,39355.0,328561,11831000000.0,1246000000.0,56046000000.0,1009000000.0,40382000000.0,31304000000.0,48.316353,572.27,4737.466,8841523.0,HONAUT.NS,0.024986380070328364,0.024961638653962816,0.03464414838294289,0
2025-09-30,39355.0,41450.0,35300.0,36095.0,260826,11831000000.0,1246000000.0,56046000000.0,1009000000.0,40382000000.0,31304000000.0,48.316353,572.27,4737.466,8841523.0,HONAUT.NS,0.024986380070328364,0.024961638653962816,0.03464414838294289,0
2025-12-31,36390.0,37750.0,32540.0,32805.0,468765,11687000000.0,1212000000.0,56046000000.0,1009000000.0,40382000000.0,31304000000.0,48.316353,572.27,4737.466,8841523.0,HONAUT.NS,0.024986380070328364,0.024961638653962816,0.03464414838294289,0
2026-03-31,32990.0,34995.0,27105.0,27650.0,337852,11687000000.0,1212000000.0,56046000000.0,1009000000.0,40382000000.0,31304000000.0,48.316353,572.27,4737.466,8841523.0,HONAUT.NS,0.024986380070328364,0.024961638653962816,0.03464414838294289,0
2017-06-30,49.742554636663115,53.04736715839874,44.972715968715555,45.72225570678711,346185958,11687000000.0,1212000000.0,56046000000.0,1009000000.0,40382000000.0,31304000000.0,11.927234,13.88,90.198,2001900000.0,HUDCO.NS,0.024986380070328364,0.024961638653962816,0.03464414838294289,1
2017-09-30,45.9948305335509,69.70772184937273,45.688200409476615,56.727073669433594,833789317,11687000000.0,1212000000.0,56046000000.0,1009000000.0,40382000000.0,31304000000.0,11.927234,13.88,90.198,2001900000.0,HUDCO.NS,0.024986380070328364,0.024961638653962816,0.03464414838294289,0
2017-12-31,57.34071033301555,61.22705976866194,51.852109176151984,56.24980926513672,193316410,11687000000.0,1212000000.0,56046000000.0,1009000000.0,40382000000.0,31304000000.0,11.927234,13.88,90.198,2001900000.0,HUDCO.NS,0.024986380070328364,0.024961638653962816,0.03464414838294289,0
2018-03-31,56.3861675874085,60.954340400923584,44.31470261859569,45.551387786865234,134270828,11687000000.0,1212000000.0,56046000000.0,1009000000.0,40382000000.0,31304000000.0,11.927234,13.88,90.198,2001900000.0,HUDCO.NS,0.024986380070328364,0.024961638653962816,0.03464414838294289,0
2018-06-30,46.34149380165225,49.639338204456116,37.27244715888829,38.7839469909668,85916391,11687000000.0,1212000000.0,56046000000.0,1009000000.0,40382000000.0,31304000000.0,11.927234,13.88,90.198,2001900000.0,HUDCO.NS,0.024986380070328364,0.024961638653962816,0.03464414838294289,0
2018-09-30,39.161834510597025,43.28412472045272,31.260760710950436,31.70734405517578,68641298,11687000000.0,1212000000.0,56046000000.0,1009000000.0,40382000000.0,31304000000.0,11.927234,13.88,90.198,2001900000.0,HUDCO.NS,0.024986380070328364,0.024961638653962816,0.03464414838294289,0
2018-12-31,31.70734234871204,32.08522591603086,27.481985324766576,29.5087833404541,48252738,11687000000.0,1212000000.0,56046000000.0,1009000000.0,40382000000.0,31304000000.0,11.927234,13.88,90.198,2001900000.0,HUDCO.NS,0.024986380070328364,0.024961638653962816,0.03464414838294289,1
2019-03-31,29.543133597177402,32.84097454047274,25.76436061485141,30.894113540649414,63825320,11687000000.0,1212000000.0,56046000000.0,1009000000.0,40382000000.0,31304000000.0,11.927234,13.88,90.198,2001900000.0,HUDCO.NS,0.024986380070328364,0.024961638653962816,0.03464414838294289,0
2019-06-30,31.591499647041314,32.60270713847843,26.151902534532415,27.999971389770508,44564482,11687000000.0,1212000000.0,56046000000.0,1009000000.0,40382000000.0,31304000000.0,11.927234,13.88,90.198,2001900000.0,HUDCO.NS,0.024986380070328364,0.024961638653962816,0.03464414838294289,0
2019-09-30,28.03483863848194,30.196725577007324,20.78204512278512,24.436847686767578,61818775,11687000000.0,1212000000.0,56046000000.0,1009000000.0,40382000000.0,31304000000.0,11.927234,13.88,90.198,2001900000.0,HUDCO.NS,0.024986380070328364,0.024961638653962816,0.03464414838294289,1
2019-12-31,24.33181097441242,32.068974996422575,22.476292839837473,25.242067337036133,82380968,11687000000.0,1212000000.0,56046000000.0,1009000000.0,40382000000.0,31304000000.0,11.927234,13.88,90.198,2001900000.0,HUDCO.NS,0.024986380070328364,0.024961638653962816,0.03464414838294289,0
2020-03-31,25.38210784530351,31.64886795879644,12.603532666756138,14.58419418334961,90787450,11687000000.0,1212000000.0,56046000000.0,1009000000.0,40382000000.0,31304000000.0,11.927234,13.88,90.198,2001900000.0,HUDCO.NS,0.024986380070328364,0.024961638653962816,0.03464414838294289,1
2020-06-30,14.474813849751158,26.68907720595808,13.672682844691163,25.34004020690918,157204603,11687000000.0,1212000000.0,56046000000.0,1009000000.0,40382000000.0,31304000000.0,11.927234,13.88,90.198,2001900000.0,HUDCO.NS,0.024986380070328364,0.024961638653962816,0.03464414838294289,0
2020-09-30,25.449421642534173,28.840241052173916,23.25823047274037,25.245115280151367,137517372,11687000000.0,1212000000.0,56046000000.0,1009000000.0,40382000000.0,31304000000.0,11.927234,13.88,90.198,2001900000.0,HUDCO.NS,0.024986380070328364,0.024961638653962816,0.03464414838294289,1
2020-12-31,25.47886435280888,33.0368142610388,23.764689340583736,30.933055877685547,107722561,11687000000.0,1212000000.0,56046000000.0,1009000000.0,40382000000.0,31304000000.0,11.927234,13.88,90.198,2001900000.0,HUDCO.NS,0.024986380070328364,0.024961638653962816,0.03464414838294289,1
2021-03-31,31.088893365522644,42.77643824579993,30.933058725064924,34.72307205200195,284212619,11687000000.0,1212000000.0,56046000000.0,1009000000.0,40382000000.0,31304000000.0,11.927234,13.88,90.198,2001900000.0,HUDCO.NS,0.024986380070328364,0.024961638653962816,0.03464414838294289,1
2021-06-30,34.9210342257731,46.125862069325905,31.2784812979099,42.0081901550293,277191037,11687000000.0,1212000000.0,56046000000.0,1009000000.0,40382000000.0,31304000000.0,11.927234,13.88,90.198,2001900000.0,HUDCO.NS,0.024986380070328364,0.024961638653962816,0.03464414838294289,0
2021-09-30,42.364518713295894,43.71068159430833,31.199293808890374,36.8561897277832,179456429,11687000000.0,1212000000.0,56046000000.0,1009000000.0,40382000000.0,31304000000.0,11.927234,13.88,90.198,2001900000.0,HUDCO.NS,0.024986380070328364,0.024961638653962816,0.03464414838294289,0
2021-12-31,36.48803374263423,38.24698182157129,30.96574450865452,31.824766159057617,120165098,11687000000.0,1212000000.0,56046000000.0,1009000000.0,40382000000.0,31304000000.0,11.927234,13.88,90.198,2001900000.0,HUDCO.NS,0.024986380070328364,0.024961638653962816,0.03464414838294289,0
2022-03-31,32.02929157358463,36.078979225137026,25.034391571930474,27.388751983642578,104954874,11687000000.0,1212000000.0,56046000000.0,1009000000.0,40382000000.0,31304000000.0,11.927234,13.88,90.198,2001900000.0,HUDCO.NS,0.024986380070328364,0.024961638653962816,0.03464414838294289,1
2022-06-30,27.51419695664341,32.44835487412638,25.59071091148303,29.103164672851562,85005877,11687000000.0,1212000000.0,56046000000.0,1009000000.0,40382000000.0,31304000000.0,11.927234,13.88,90.198,2001900000.0,HUDCO.NS,0.024986380070328364,0.024961638653962816,0.03464414838294289,1
2022-09-30,29.103165221496997,36.08208697560004,28.894087216190474,31.521520614624023,87143968,11687000000.0,1212000000.0,56046000000.0,1009000000.0,40382000000.0,31304000000.0,11.927234,13.88,90.198,2001900000.0,HUDCO.NS,0.024986380070328364,0.024961638653962816,0.03464414838294289,1
2022-12-31,31.745082313228178,52.62529163672458,31.119128735256723,46.58926010131836,811278636,11687000000.0,1212000000.0,56046000000.0,1009000000.0,40382000000.0,31304000000.0,11.927234,13.88,90.198,2001900000.0,HUDCO.NS,0.024986380070328364,0.024961638653962816,0.03464414838294289,0
2023-03-31,46.49984113746714,49.0483870715118,36.74682338481584,39.339111328125,212915415,11687000000.0,1212000000.0,56046000000.0,1009000000.0,40382000000.0,31304000000.0,11.927234,13.88,90.198,2001900000.0,HUDCO.NS,0.024986380070328364,0.024961638653962816,0.03464414838294289,1
2023-06-30,39.52103079323138,57.12130280425028,39.52103079323138,51.891239166259766,539432512,11687000000.0,1212000000.0,56046000000.0,1009000000.0,40382000000.0,31304000000.0,11.927234,13.88,90.198,2001900000.0,HUDCO.NS,0.024986380070328364,0.024961638653962816,0.03464414838294289,1
2023-09-30,52.209601597765385,88.83990442299302,51.98220786862834,86.94566345214844,960291341,11687000000.0,1212000000.0,56046000000.0,1009000000.0,40382000000.0,31304000000.0,11.927234,13.88,90.198,2001900000.0,HUDCO.NS,0.024986380070328364,0.024961638653962816,0.03464414838294289,1
2023-12-31,86.66153201791367,129.5660856063705,66.77199667996938,119.28983306884766,1593318671,11687000000.0,1212000000.0,56046000000.0,1009000000.0,40382000000.0,31304000000.0,11.927234,13.88,90.198,2001900000.0,HUDCO.NS,0.024986380070328364,0.024961638653962816,0.03464414838294289,1
2024-03-31,119.33719014672312,214.47543881488113,116.21168347114047,178.7827911376953,1684968316,11687000000.0,1212000000.0,56046000000.0,1009000000.0,40382000000.0,31304000000.0,11.927234,13.88,90.198,2001900000.0,HUDCO.NS,0.024986380070328364,0.024961638653962816,0.03464414838294289,1
2024-06-30,179.54660686849894,286.434410646691,179.54660686849894,268.4845275878906,1305450543,11687000000.0,1212000000.0,56046000000.0,1009000000.0,40382000000.0,31304000000.0,11.927234,13.88,90.198,2001900000.0,HUDCO.NS,0.024986380070328364,0.024961638653962816,0.03464414838294289,0
2024-09-30,268.6277105150223,337.7061446923149,220.03258993876432,233.29917907714844,1158009172,11687000000.0,1212000000.0,1139194000000.0,935653200000.0,171226100000.0,3983100000.0,11.927234,13.88,90.198,2001900000.0,HUDCO.NS,5.464430948319211,0.024961638653962816,0.03464414838294289,0
2024-12-31,232.24751075719973,253.46443086741786,185.3561080378091,226.45843505859375,373142352,10073100000.0,7350300000.0,1139194000000.0,935653200000.0,171226100000.0,3983100000.0,11.927234,13.88,90.198,2001900000.0,HUDCO.NS,5.464430948319211,0.024961638653962816,0.03464414838294289,0
2025-03-31,226.54527336479336,245.35007360490357,154.74015289043754,195.4221954345703,572507522,9927600000.0,7277400000.0,1284956500000.0,1073049200000.0,179684900000.0,59600000.0,11.927234,13.88,90.198,2001900000.0,HUDCO.NS,5.971838479471564,0.005663538026384551,0.04050089907387877,1
2025-06-30,194.00145646362472,248.60601305013063,180.28418944699985,232.76255798339844,503032444,8560000000.0,6302300000.0,1284956500000.0,1073049200000.0,179684900000.0,59600000.0,11.927234,13.88,90.198,2001900000.0,HUDCO.NS,5.971838479471564,0.005663538026384551,0.04050089907387877,0
2025-09-30,236.13308571440905,238.19864650996095,199.56071243940542,221.39804077148438,221639455,10384000000.0,7098300000.0,1492642700000.0,1268375800000.0,180352900000.0,1565500000.0,11.927234,13.88,90.198,2001900000.0,HUDCO.NS,7.032744136634343,0.0047555252171199444,0.039357836774457186,1
2025-12-31,222.75434990680108,244.38627683209708,202.84501623048718,226.78282165527344,260017034,8175500000.0,7130000000.0,1492642700000.0,1268375800000.0,180352900000.0,1565500000.0,11.927234,13.88,90.198,2001900000.0,HUDCO.NS,7.032744136634343,0.0047555252171199444,0.039357836774457186,0
2026-03-31,228.3932523574252,230.96795969958924,164.4499969482422,165.60000610351562,241590964,8175500000.0,7130000000.0,1492642700000.0,1268375800000.0,180352900000.0,1565500000.0,11.927234,13.88,90.198,2001900000.0,HUDCO.NS,7.032744136634343,0.0047555252171199444,0.039357836774457186,0
2016-03-31,56.5,56.79999923706055,52.79999923706055,56.20000076293945,23125312,8175500000.0,7130000000.0,1492642700000.0,1268375800000.0,180352900000.0,1565500000.0,11.927234,13.88,90.198,2001900000.0,IBREALEST.NS,7.032744136634343,0.0047555252171199444,0.039357836774457186,1
2016-06-30,56.20000076293945,105.19999694824219,52.5,93.19999694824219,907570936,8175500000.0,7130000000.0,1492642700000.0,1268375800000.0,180352900000.0,1565500000.0,11.927234,13.88,90.198,2001900000.0,IBREALEST.NS,7.032744136634343,0.0047555252171199444,0.039357836774457186,0
2016-09-30,94.3499984741211,99.19999694824219,77.80000305175781,92.1500015258789,681460198,8175500000.0,7130000000.0,1492642700000.0,1268375800000.0,180352900000.0,1565500000.0,11.927234,13.88,90.198,2001900000.0,IBREALEST.NS,7.032744136634343,0.0047555252171199444,0.039357836774457186,0
2016-12-31,92.80000305175781,96.19999694824219,57.0,71.25,569936261,8175500000.0,7130000000.0,1492642700000.0,1268375800000.0,180352900000.0,1565500000.0,11.927234,13.88,90.198,2001900000.0,IBREALEST.NS,7.032744136634343,0.0047555252171199444,0.039357836774457186,1
2017-03-31,72.5,88.5999984741211,71.69999694824219,87.5,472550263,8175500000.0,7130000000.0,1492642700000.0,1268375800000.0,180352900000.0,1565500000.0,11.927234,13.88,90.198,2001900000.0,IBREALEST.NS,7.032744136634343,0.0047555252171199444,0.039357836774457186,1
2017-06-30,87.5,217.8000030517578,86.6500015258789,200.10000610351562,1572216897,8175500000.0,7130000000.0,1492642700000.0,1268375800000.0,180352900000.0,1565500000.0,11.927234,13.88,90.198,2001900000.0,IBREALEST.NS,7.032744136634343,0.0047555252171199444,0.039357836774457186,1
2017-09-30,201.6999969482422,269.70001220703125,188.1999969482422,220.8000030517578,947986959,8175500000.0,7130000000.0,1492642700000.0,1268375800000.0,180352900000.0,1565500000.0,11.927234,13.88,90.198,2001900000.0,IBREALEST.NS,7.032744136634343,0.0047555252171199444,0.039357836774457186,1
2017-12-31,225.0500030517578,244.89999389648438,192.25,223.3000030517578,713943216,8175500000.0,7130000000.0,1492642700000.0,1268375800000.0,180352900000.0,1565500000.0,11.927234,13.88,90.198,2001900000.0,IBREALEST.NS,7.032744136634343,0.0047555252171199444,0.039357836774457186,0
2018-03-31,224.0,263.3999938964844,170.3000030517578,181.4499969482422,481356116,8175500000.0,7130000000.0,1492642700000.0,1268375800000.0,180352900000.0,1565500000.0,11.927234,13.88,90.198,2001900000.0,IBREALEST.NS,7.032744136634343,0.0047555252171199444,0.039357836774457186,0
2018-06-30,181.5,224.0,141.5500030517578,156.39999389648438,475449717,8175500000.0,7130000000.0,1492642700000.0,1268375800000.0,180352900000.0,1565500000.0,11.927234,13.88,90.198,2001900000.0,IBREALEST.NS,7.032744136634343,0.0047555252171199444,0.039357836774457186,0
2018-09-30,156.0500030517578,164.25,82.5999984741211,87.80000305175781,296679566,8175500000.0,7130000000.0,1492642700000.0,1268375800000.0,180352900000.0,1565500000.0,11.927234,13.88,90.198,2001900000.0,IBREALEST.NS,7.032744136634343,0.0047555252171199444,0.039357836774457186,0
2018-12-31,88.30000305175781,98.55000305175781,68.55000305175781,87.44999694824219,221858049,8175500000.0,7130000000.0,1492642700000.0,1268375800000.0,180352900000.0,1565500000.0,11.927234,13.88,90.198,2001900000.0,IBREALEST.NS,7.032744136634343,0.0047555252171199444,0.039357836774457186,1
2019-03-31,87.5999984741211,96.8499984741211,63.29999923706055,91.25,191694857,8175500000.0,7130000000.0,1492642700000.0,1268375800000.0,180352900000.0,1565500000.0,11.927234,13.88,90.198,2001900000.0,IBREALEST.NS,7.032744136634343,0.0047555252171199444,0.039357836774457186,1
2019-06-30,93.5,144.6999969482422,88.75,113.8499984741211,658177442,8175500000.0,7130000000.0,1492642700000.0,1268375800000.0,180352900000.0,1565500000.0,11.927234,13.88,90.198,2001900000.0,IBREALEST.NS,7.032744136634343,0.0047555252171199444,0.039357836774457186,0
2019-09-30,114.5,120.30000305175781,45.900001525878906,45.900001525878906,307280519,8175500000.0,7130000000.0,1492642700000.0,1268375800000.0,180352900000.0,1565500000.0,11.927234,13.88,90.198,2001900000.0,IBREALEST.NS,7.032744136634343,0.0047555252171199444,0.039357836774457186,1
2019-12-31,43.650001525878906,79.69999694824219,38.099998474121094,65.3499984741211,142706567,8175500000.0,7130000000.0,1492642700000.0,1268375800000.0,180352900000.0,1565500000.0,11.927234,13.88,90.198,2001900000.0,IBREALEST.NS,7.032744136634343,0.0047555252171199444,0.039357836774457186,0
2020-03-31,67.25,113.0,36.79999923706055,40.849998474121094,190390816,8175500000.0,7130000000.0,1492642700000.0,1268375800000.0,180352900000.0,1565500000.0,11.927234,13.88,90.198,2001900000.0,IBREALEST.NS,7.032744136634343,0.0047555252171199444,0.039357836774457186,1
2020-06-30,41.099998474121094,64.0999984741211,38.54999923706055,48.79999923706055,93870386,8175500000.0,7130000000.0,1492642700000.0,1268375800000.0,180352900000.0,1565500000.0,11.927234,13.88,90.198,2001900000.0,IBREALEST.NS,7.032744136634343,0.0047555252171199444,0.039357836774457186,1
2020-09-30,49.5,78.8499984741211,48.0,51.25,205779602,8175500000.0,7130000000.0,1492642700000.0,1268375800000.0,180352900000.0,1565500000.0,11.927234,13.88,90.198,2001900000.0,IBREALEST.NS,7.032744136634343,0.0047555252171199444,0.039357836774457186,1
2020-12-31,51.79999923706055,83.5,46.29999923706055,82.19999694824219,331158511,8175500000.0,7130000000.0,1492642700000.0,1268375800000.0,180352900000.0,1565500000.0,11.927234,13.88,90.198,2001900000.0,IBREALEST.NS,7.032744136634343,0.0047555252171199444,0.039357836774457186,0
2021-03-31,81.3499984741211,125.5,73.5999984741211,81.0999984741211,658454341,8175500000.0,7130000000.0,1492642700000.0,1268375800000.0,180352900000.0,1565500000.0,11.927234,13.88,90.198,2001900000.0,IBREALEST.NS,7.032744136634343,0.0047555252171199444,0.039357836774457186,1
2021-06-30,82.30000305175781,125.19999694824219,72.5,117.80000305175781,764438843,8175500000.0,7130000000.0,1492642700000.0,1268375800000.0,180352900000.0,1565500000.0,11.927234,13.88,90.198,2001900000.0,IBREALEST.NS,7.032744136634343,0.0047555252171199444,0.039357836774457186,1
2021-09-30,118.69999694824219,174.75,111.75,149.9499969482422,1013213288,8175500000.0,7130000000.0,1492642700000.0,1268375800000.0,180352900000.0,1565500000.0,11.927234,13.88,90.198,2001900000.0,IBREALEST.NS,7.032744136634343,0.0047555252171199444,0.039357836774457186,1
2021-12-31,147.75,195.89999389648438,143.60000610351562,157.6999969482422,787898873,8175500000.0,7130000000.0,1492642700000.0,1268375800000.0,180352900000.0,1565500000.0,11.927234,13.88,90.198,2001900000.0,IBREALEST.NS,7.032744136634343,0.0047555252171199444,0.039357836774457186,0
2022-03-31,159.0500030517578,177.5,96.75,101.4000015258789,746714431,8175500000.0,7130000000.0,1492642700000.0,1268375800000.0,180352900000.0,1565500000.0,11.927234,13.88,90.198,2001900000.0,IBREALEST.NS,7.032744136634343,0.0047555252171199444,0.039357836774457186,0
2022-06-30,102.0,120.9000015258789,60.25,60.95000076293945,704179653,8175500000.0,7130000000.0,1492642700000.0,1268375800000.0,180352900000.0,1565500000.0,11.927234,13.88,90.198,2001900000.0,IBREALEST.NS,7.032744136634343,0.0047555252171199444,0.039357836774457186,1
2022-09-30,61.20000076293945,94.5,58.0,77.75,628091258,8175500000.0,7130000000.0,1492642700000.0,1268375800000.0,180352900000.0,1565500000.0,11.927234,13.88,90.198,2001900000.0,IBREALEST.NS,7.032744136634343,0.0047555252171199444,0.039357836774457186,1
2022-12-31,78.05000305175781,94.0,72.0999984741211,81.0999984741211,515889563,8175500000.0,7130000000.0,1492642700000.0,1268375800000.0,180352900000.0,1565500000.0,11.927234,13.88,90.198,2001900000.0,IBREALEST.NS,7.032744136634343,0.0047555252171199444,0.039357836774457186,0
2023-03-31,81.3499984741211,84.9000015258789,45.900001525878906,48.900001525878906,487511271,8175500000.0,7130000000.0,1492642700000.0,1268375800000.0,180352900000.0,1565500000.0,11.927234,13.88,90.198,2001900000.0,IBREALEST.NS,7.032744136634343,0.0047555252171199444,0.039357836774457186,1
2023-06-30,49.29999923706055,75.80000305175781,48.95000076293945,60.29999923706055,639398295,8175500000.0,7130000000.0,1492642700000.0,1268375800000.0,180352900000.0,1565500000.0,11.927234,13.88,90.198,2001900000.0,IBREALEST.NS,7.032744136634343,0.0047555252171199444,0.039357836774457186,1
2023-09-30,60.400001525878906,87.30000305175781,59.70000076293945,83.25,940192379,8175500000.0,7130000000.0,1492642700000.0,1268375800000.0,180352900000.0,1565500000.0,11.927234,13.88,90.198,2001900000.0,IBREALEST.NS,7.032744136634343,0.0047555252171199444,0.039357836774457186,1
2023-12-31,82.94999694824219,98.80000305175781,69.0,87.1500015258789,887682223,8175500000.0,7130000000.0,1492642700000.0,1268375800000.0,180352900000.0,1565500000.0,11.927234,13.88,90.198,2001900000.0,IBREALEST.NS,7.032744136634343,0.0047555252171199444,0.039357836774457186,1
2024-03-31,87.55000305175781,128.64999389648438,85.3499984741211,115.94999694824219,1429280538,8175500000.0,7130000000.0,1492642700000.0,1268375800000.0,180352900000.0,1565500000.0,11.927234,13.88,90.198,2001900000.0,IBREALEST.NS,7.032744136634343,0.0047555252171199444,0.039357836774457186,1
2024-06-30,116.5999984741211,164.36000061035156,109.0,145.05999755859375,1092320642,8175500000.0,7130000000.0,1492642700000.0,1268375800000.0,180352900000.0,1565500000.0,11.927234,13.88,90.198,2001900000.0,IBREALEST.NS,7.032744136634343,0.0047555252171199444,0.039357836774457186,0
2024-09-30,145.4499969482422,157.8000030517578,118.0999984741211,127.25,423660580,4754720000.0,-343370000.0,84908700000.0,3661300000.0,45672600000.0,276500000.0,11.927234,13.88,90.198,2001900000.0,IBREALEST.NS,0.08016403708131352,-0.004043990780685607,-0.007518074293996839,0
2024-12-31,127.44999694824219,140.8000030517578,105.22000122070312,115.87000274658203,361222007,3252860000.0,-211850000.0,84908700000.0,3661300000.0,45672600000.0,276500000.0,11.927234,13.88,90.198,2001900000.0,IBREALEST.NS,0.08016403708131352,-0.004043990780685607,-0.007518074293996839,0
2025-03-31,116.0999984741211,163.69000244140625,106.0,115.86000061035156,592965581,12513950000.0,1818440000.0,204906140000.0,45993970000.0,93210930000.0,686960000.0,11.927234,13.88,90.198,2001900000.0,IBREALEST.NS,0.49343966421105334,0.00887450224771205,0.01950887090172794,1
2025-06-30,115.0,128.0,89.22000122070312,124.20999908447266,347186176,6809190000.0,-1658490000.0,204906140000.0,45993970000.0,93210930000.0,686960000.0,11.927234,13.88,90.198,2001900000.0,IBREALEST.NS,0.49343966421105334,0.00887450224771205,0.01950887090172794,0
2025-09-30,124.83999633789062,127.29000091552734,91.0,92.2300033569336,276489607,6809190000.0,-1658490000.0,204906140000.0,45993970000.0,93210930000.0,686960000.0,11.927234,13.88,90.198,2001900000.0,IBREALEST.NS,0.49343966421105334,0.00887450224771205,0.01950887090172794,0
2025-12-31,93.0,99.20999908447266,58.810001373291016,58.81999969482422,276138096,2124040000.0,-2331360000.0,204906140000.0,45993970000.0,93210930000.0,686960000.0,11.927234,13.88,90.198,2001900000.0,IBREALEST.NS,0.49343966421105334,0.00887450224771205,0.01950887090172794,0
2026-03-31,59.0,73.0,47.349998474121094,47.790000915527344,119292522,2124040000.0,-2331360000.0,204906140000.0,45993970000.0,93210930000.0,686960000.0,11.927234,13.88,90.198,2001900000.0,IBREALEST.NS,0.49343966421105334,0.00887450224771205,0.01950887090172794,0
2017-12-31,44.85864089864025,49.64356145368098,44.559592391062026,48.14977264404297,164701740,2124040000.0,-2331360000.0,204906140000.0,45993970000.0,93210930000.0,686960000.0,21.722223,5.4,14.063,889300290.0,IEX.NS,0.49343966421105334,0.00887450224771205,0.01950887090172794,0
2018-03-31,47.849222597720704,50.15195921039206,41.92788222837434,47.93595504760742,38801730,2124040000.0,-2331360000.0,204906140000.0,45993970000.0,93210930000.0,686960000.0,21.722223,5.4,14.063,889300290.0,IEX.NS,0.49343966421105334,0.00887450224771205,0.01950887090172794,1
2018-06-30,47.191295603625335,50.69027065009543,45.90535795050118,49.63609313964844,60878220,2124040000.0,-2331360000.0,204906140000.0,45993970000.0,93210930000.0,686960000.0,21.722223,5.4,14.063,889300290.0,IEX.NS,0.49343966421105334,0.00887450224771205,0.01950887090172794,0
2018-09-30,50.83980406804329,53.77356614301384,46.89223812666399,48.67355728149414,36884700,2124040000.0,-2331360000.0,204906140000.0,45993970000.0,93210930000.0,686960000.0,21.722223,5.4,14.063,889300290.0,IEX.NS,0.49343966421105334,0.00887450224771205,0.01950887090172794,1
2018-12-31,48.67356395017252,53.25704973809467,45.153393213488926,50.2276496887207,32827257,2124040000.0,-2331360000.0,204906140000.0,45993970000.0,93210930000.0,686960000.0,21.722223,5.4,14.063,889300290.0,IEX.NS,0.49343966421105334,0.00887450224771205,0.01950887090172794,0
2019-03-31,50.379123153331584,51.48485593376869,45.441180205605214,49.409706115722656,40431276,2124040000.0,-2331360000.0,204906140000.0,45993970000.0,93210930000.0,686960000.0,21.722223,5.4,14.063,889300290.0,IEX.NS,0.49343966421105334,0.00887450224771205,0.01950887090172794,0
2019-06-30,49.98529643027859,50.863820012322705,42.54808177537986,43.65382385253906,47971368,2124040000.0,-2331360000.0,204906140000.0,45993970000.0,93210930000.0,686960000.0,21.722223,5.4,14.063,889300290.0,IEX.NS,0.49343966421105334,0.00887450224771205,0.01950887090172794,0
2019-09-30,43.47206045317852,45.441180086575244,33.94455152069402,36.54985046386719,98599410,2124040000.0,-2331360000.0,204906140000.0,45993970000.0,93210930000.0,686960000.0,21.722223,5.4,14.063,889300290.0,IEX.NS,0.49343966421105334,0.00887450224771205,0.01950887090172794,1
2019-12-31,36.807351519890936,46.107647010104216,35.82279065058245,43.26000213623047,69020652,2124040000.0,-2331360000.0,204906140000.0,45993970000.0,93210930000.0,686960000.0,21.722223,5.4,14.063,889300290.0,IEX.NS,0.49343966421105334,0.00887450224771205,0.01950887090172794,0
2020-03-31,43.244852222045566,61.769702111702884,35.784313781469784,39.47072219848633,171471972,2124040000.0,-2331360000.0,204906140000.0,45993970000.0,93210930000.0,686960000.0,21.722223,5.4,14.063,889300290.0,IEX.NS,0.49343966421105334,0.00887450224771205,0.01950887090172794,1
2020-06-30,40.07225765913555,62.283219398715325,38.28304117869673,55.450260162353516,127747755,2124040000.0,-2331360000.0,204906140000.0,45993970000.0,93210930000.0,686960000.0,21.722223,5.4,14.063,889300290.0,IEX.NS,0.49343966421105334,0.00887450224771205,0.01950887090172794,1
2020-09-30,55.758753489302585,67.65085663980365,52.519650490207205,64.11870574951172,256475976,2124040000.0,-2331360000.0,204906140000.0,45993970000.0,93210930000.0,686960000.0,21.722223,5.4,14.063,889300290.0,IEX.NS,0.49343966421105334,0.00887450224771205,0.01950887090172794,1
2020-12-31,64.7356766192637,71.76915679405339,55.835866567861544,70.30384826660156,167128938,2124040000.0,-2331360000.0,204906140000.0,45993970000.0,93210930000.0,686960000.0,21.722223,5.4,14.063,889300290.0,IEX.NS,0.49343966421105334,0.00887450224771205,0.01950887090172794,1
2021-03-31,70.62775850605908,122.3706190733448,63.023590005732174,103.73138427734375,494329887,2124040000.0,-2331360000.0,204906140000.0,45993970000.0,93210930000.0,686960000.0,21.722223,5.4,14.063,889300290.0,IEX.NS,0.49343966421105334,0.00887450224771205,0.01950887090172794,1
2021-06-30,104.4171093568008,128.9317612539404,100.53652869152045,116.93157196044922,498249789,2124040000.0,-2331360000.0,204906140000.0,45993970000.0,93210930000.0,686960000.0,21.722223,5.4,14.063,889300290.0,IEX.NS,0.49343966421105334,0.00887450224771205,0.01950887090172794,1
2021-09-30,117.78872814573812,208.65340839781857,116.57312318066396,202.0836181640625,1174142529,2124040000.0,-2331360000.0,204906140000.0,45993970000.0,93210930000.0,686960000.0,21.722223,5.4,14.063,889300290.0,IEX.NS,0.49343966421105334,0.00887450224771205,0.01950887090172794,1
2021-12-31,201.47357078883047,299.0818674547075,193.33954005802792,237.26327514648438,1972640642,2124040000.0,-2331360000.0,204906140000.0,45993970000.0,93210930000.0,686960000.0,21.722223,5.4,14.063,889300290.0,IEX.NS,0.49343966421105334,0.00887450224771205,0.01950887090172794,0
2022-03-31,237.92026449827188,255.28326668311405,180.95470691253522,211.77357482910156,579799703,2124040000.0,-2331360000.0,204906140000.0,45993970000.0,93210930000.0,686960000.0,21.722223,5.4,14.063,889300290.0,IEX.NS,0.49343966421105334,0.00887450224771205,0.01950887090172794,0
2022-06-30,211.58507209422802,237.0318286835835,148.9106535663755,149.6175079345703,540973826,2124040000.0,-2331360000.0,204906140000.0,45993970000.0,93210930000.0,686960000.0,21.722223,5.4,14.063,889300290.0,IEX.NS,0.49343966421105334,0.00887450224771205,0.01950887090172794,0
2022-09-30,148.91064032851622,166.74435590276045,131.4706102701449,134.69456481933594,514066143,2124040000.0,-2331360000.0,204906140000.0,45993970000.0,93210930000.0,686960000.0,21.722223,5.4,14.063,889300290.0,IEX.NS,0.49343966421105334,0.00887450224771205,0.01950887090172794,0
2022-12-31,135.50054189291956,144.5086077282187,122.55734617946078,132.7506866455078,309347904,2124040000.0,-2331360000.0,204906140000.0,45993970000.0,93210930000.0,686960000.0,21.722223,5.4,14.063,889300290.0,IEX.NS,0.49343966421105334,0.00887450224771205,0.01950887090172794,0
2023-03-31,133.1773882791865,146.5946919996323,119.28597762299863,121.32465362548828,292588304,2124040000.0,-2331360000.0,204906140000.0,45993970000.0,93210930000.0,686960000.0,21.722223,5.4,14.063,889300290.0,IEX.NS,0.49343966421105334,0.00887450224771205,0.01950887090172794,0
2023-06-30,122.93663369552388,155.27090158367548,109.99344008968086,120.51866149902344,631188218,2124040000.0,-2331360000.0,204906140000.0,45993970000.0,93210930000.0,686960000.0,21.722223,5.4,14.063,889300290.0,IEX.NS,0.49343966421105334,0.00887450224771205,0.01950887090172794,1
2023-09-30,120.99277055638382,137.1655731115762,112.83809381274214,126.4084243774414,529522587,2124040000.0,-2331360000.0,204906140000.0,45993970000.0,93210930000.0,686960000.0,21.722223,5.4,14.063,889300290.0,IEX.NS,0.49343966421105334,0.00887450224771205,0.01950887090172794,1
2023-12-31,126.31280451831653,164.75166828773217,116.03374888195843,160.64004516601562,665310997,2124040000.0,-2331360000.0,204906140000.0,45993970000.0,93210930000.0,686960000.0,21.722223,5.4,14.063,889300290.0,IEX.NS,0.49343966421105334,0.00887450224771205,0.01950887090172794,0
2024-03-31,161.69186082168017,165.75567148808233,125.35286822217488,129.34837341308594,790873915,2124040000.0,-2331360000.0,204906140000.0,45993970000.0,93210930000.0,686960000.0,21.722223,5.4,14.063,889300290.0,IEX.NS,0.49343966421105334,0.00887450224771205,0.01950887090172794,1
2024-06-30,130.16673218461648,182.1945769700043,130.11859066099598,175.52513122558594,848719488,2124040000.0,-2331360000.0,204906140000.0,45993970000.0,93210930000.0,686960000.0,21.722223,5.4,14.063,889300290.0,IEX.NS,0.49343966421105334,0.00887450224771205,0.01950887090172794,1
2024-09-30,176.93487341257523,237.61126819185083,154.9237266431849,198.60569763183594,1230006859,1393991000.0,1083237000.0,17297171000.0,81839000.0,10444296000.0,195258000.0,21.722223,5.4,14.063,889300290.0,IEX.NS,0.007835760303997512,0.06262509632355487,0.10371565493739358,0
2024-12-31,198.6056948400161,206.4904210613062,154.69038831115566,176.7306671142578,433253613,1320530000.0,1072925000.0,17297171000.0,81839000.0,10444296000.0,195258000.0,21.722223,5.4,14.063,889300290.0,IEX.NS,0.007835760303997512,0.06262509632355487,0.10371565493739358,0
2025-03-31,177.43068689611917,181.56072952793613,148.07275772095488,172.36257934570312,318529986,1417904000.0,1171127000.0,21966591000.0,61547000.0,11363031000.0,1069338000.0,21.722223,5.4,14.063,889300290.0,IEX.NS,0.0054164245437682956,0.053314007621847195,0.10306466646091171,1
2025-06-30,171.75458274195066,212.84099484817466,157.5454852732391,190.81581115722656,532971796,1417514000.0,1206967000.0,21966591000.0,61547000.0,11363031000.0,1069338000.0,21.722223,5.4,14.063,889300290.0,IEX.NS,0.0054164245437682956,0.053314007621847195,0.10306466646091171,0
2025-09-30,191.69524367359642,209.23436245654167,128.71247074095814,137.53639221191406,1053358964,1417514000.0,1206967000.0,21966591000.0,61547000.0,11363031000.0,1069338000.0,21.722223,5.4,14.063,889300290.0,IEX.NS,0.0054164245437682956,0.053314007621847195,0.10306466646091171,0
2025-12-31,138.13915150628932,149.95704681279574,129.7104819532442,132.6254425048828,412437121,1456680000.0,1191052000.0,21966591000.0,61547000.0,11363031000.0,1069338000.0,21.722223,5.4,14.063,889300290.0,IEX.NS,0.0054164245437682956,0.053314007621847195,0.10306466646091171,0
2026-03-31,132.90211141878828,158.36595463769686,115.5,117.30000305175781,897697849,1456680000.0,1191052000.0,21966591000.0,61547000.0,11363031000.0,1069338000.0,21.722223,5.4,14.063,889300290.0,IEX.NS,0.0054164245437682956,0.053314007621847195,0.10306466646091171,0
2016-03-31,383.54998779296875,400.0,371.79998779296875,392.75,21687,1456680000.0,1191052000.0,21966591000.0,61547000.0,11363031000.0,1069338000.0,14.200939,51.06,698.614,9367111.0,IFBAGRO.NS,0.0054164245437682956,0.053314007621847195,0.10306466646091171,1
2016-06-30,397.95001220703125,448.8999938964844,370.0,404.1499938964844,183664,1456680000.0,1191052000.0,21966591000.0,61547000.0,11363031000.0,1069338000.0,14.200939,51.06,698.614,9367111.0,IFBAGRO.NS,0.0054164245437682956,0.053314007621847195,0.10306466646091171,0
2016-09-30,400.0,447.8500061035156,360.20001220703125,373.95001220703125,389255,1456680000.0,1191052000.0,21966591000.0,61547000.0,11363031000.0,1069338000.0,14.200939,51.06,698.614,9367111.0,IFBAGRO.NS,0.0054164245437682956,0.053314007621847195,0.10306466646091171,1
2016-12-31,388.0,476.0,327.20001220703125,378.95001220703125,606329,1456680000.0,1191052000.0,21966591000.0,61547000.0,11363031000.0,1069338000.0,14.200939,51.06,698.614,9367111.0,IFBAGRO.NS,0.0054164245437682956,0.053314007621847195,0.10306466646091171,1
2017-03-31,376.0,495.5,372.04998779296875,446.25,392776,1456680000.0,1191052000.0,21966591000.0,61547000.0,11363031000.0,1069338000.0,14.200939,51.06,698.614,9367111.0,IFBAGRO.NS,0.0054164245437682956,0.053314007621847195,0.10306466646091171,0
2017-06-30,460.0,495.0,373.1000061035156,414.75,1198178,1456680000.0,1191052000.0,21966591000.0,61547000.0,11363031000.0,1069338000.0,14.200939,51.06,698.614,9367111.0,IFBAGRO.NS,0.0054164245437682956,0.053314007621847195,0.10306466646091171,1
2017-09-30,415.5,458.5,379.0,421.79998779296875,504388,1456680000.0,1191052000.0,21966591000.0,61547000.0,11363031000.0,1069338000.0,14.200939,51.06,698.614,9367111.0,IFBAGRO.NS,0.0054164245437682956,0.053314007621847195,0.10306466646091171,1
2017-12-31,417.54998779296875,948.0,415.0,847.2999877929688,1617246,1456680000.0,1191052000.0,21966591000.0,61547000.0,11363031000.0,1069338000.0,14.200939,51.06,698.614,9367111.0,IFBAGRO.NS,0.0054164245437682956,0.053314007621847195,0.10306466646091171,0
2018-03-31,839.0,894.9500122070312,522.2000122070312,547.2999877929688,240566,1456680000.0,1191052000.0,21966591000.0,61547000.0,11363031000.0,1069338000.0,14.200939,51.06,698.614,9367111.0,IFBAGRO.NS,0.0054164245437682956,0.053314007621847195,0.10306466646091171,1
2018-06-30,570.0,884.4000244140625,533.0,574.3499755859375,907921,1456680000.0,1191052000.0,21966591000.0,61547000.0,11363031000.0,1069338000.0,14.200939,51.06,698.614,9367111.0,IFBAGRO.NS,0.0054164245437682956,0.053314007621847195,0.10306466646091171,0
2018-09-30,575.0,753.0,504.1499938964844,550.1500244140625,318690,1456680000.0,1191052000.0,21966591000.0,61547000.0,11363031000.0,1069338000.0,14.200939,51.06,698.614,9367111.0,IFBAGRO.NS,0.0054164245437682956,0.053314007621847195,0.10306466646091171,1
2018-12-31,550.0,691.0,501.1000061035156,650.75,163814,1456680000.0,1191052000.0,21966591000.0,61547000.0,11363031000.0,1069338000.0,14.200939,51.06,698.614,9367111.0,IFBAGRO.NS,0.0054164245437682956,0.053314007621847195,0.10306466646091171,0
2019-03-31,640.0999755859375,703.0,384.0,485.6499938964844,359313,1456680000.0,1191052000.0,21966591000.0,61547000.0,11363031000.0,1069338000.0,14.200939,51.06,698.614,9367111.0,IFBAGRO.NS,0.0054164245437682956,0.053314007621847195,0.10306466646091171,0
2019-06-30,498.95001220703125,509.0,355.1000061035156,364.0,200963,1456680000.0,1191052000.0,21966591000.0,61547000.0,11363031000.0,1069338000.0,14.200939,51.06,698.614,9367111.0,IFBAGRO.NS,0.0054164245437682956,0.053314007621847195,0.10306466646091171,1
2019-09-30,361.0,458.75,264.0,405.0,774171,1456680000.0,1191052000.0,21966591000.0,61547000.0,11363031000.0,1069338000.0,14.200939,51.06,698.614,9367111.0,IFBAGRO.NS,0.0054164245437682956,0.053314007621847195,0.10306466646091171,0
2019-12-31,414.0,470.0,365.5,393.20001220703125,646435,1456680000.0,1191052000.0,21966591000.0,61547000.0,11363031000.0,1069338000.0,14.200939,51.06,698.614,9367111.0,IFBAGRO.NS,0.0054164245437682956,0.053314007621847195,0.10306466646091171,0
2020-03-31,393.20001220703125,477.70001220703125,144.0,238.1999969482422,1111168,1456680000.0,1191052000.0,21966591000.0,61547000.0,11363031000.0,1069338000.0,14.200939,51.06,698.614,9367111.0,IFBAGRO.NS,0.0054164245437682956,0.053314007621847195,0.10306466646091171,1
2020-06-30,250.10000610351562,330.0,232.3000030517578,305.45001220703125,365293,1456680000.0,1191052000.0,21966591000.0,61547000.0,11363031000.0,1069338000.0,14.200939,51.06,698.614,9367111.0,IFBAGRO.NS,0.0054164245437682956,0.053314007621847195,0.10306466646091171,1
2020-09-30,305.0,377.0,260.0,329.8999938964844,707909,1456680000.0,1191052000.0,21966591000.0,61547000.0,11363031000.0,1069338000.0,14.200939,51.06,698.614,9367111.0,IFBAGRO.NS,0.0054164245437682956,0.053314007621847195,0.10306466646091171,1
2020-12-31,335.0,624.0,320.0,478.3999938964844,2096543,1456680000.0,1191052000.0,21966591000.0,61547000.0,11363031000.0,1069338000.0,14.200939,51.06,698.614,9367111.0,IFBAGRO.NS,0.0054164245437682956,0.053314007621847195,0.10306466646091171,0
2021-03-31,481.0,506.95001220703125,367.70001220703125,403.54998779296875,1130575,1456680000.0,1191052000.0,21966591000.0,61547000.0,11363031000.0,1069338000.0,14.200939,51.06,698.614,9367111.0,IFBAGRO.NS,0.0054164245437682956,0.053314007621847195,0.10306466646091171,1
2021-06-30,415.0,673.9000244140625,389.0,561.5499877929688,3626705,1456680000.0,1191052000.0,21966591000.0,61547000.0,11363031000.0,1069338000.0,14.200939,51.06,698.614,9367111.0,IFBAGRO.NS,0.0054164245437682956,0.053314007621847195,0.10306466646091171,1
2021-09-30,561.0499877929688,663.9000244140625,495.3999938964844,565.0499877929688,1900233,1456680000.0,1191052000.0,21966591000.0,61547000.0,11363031000.0,1069338000.0,14.200939,51.06,698.614,9367111.0,IFBAGRO.NS,0.0054164245437682956,0.053314007621847195,0.10306466646091171,1
2021-12-31,567.25,789.0,563.25,629.0999755859375,2058293,1456680000.0,1191052000.0,21966591000.0,61547000.0,11363031000.0,1069338000.0,14.200939,51.06,698.614,9367111.0,IFBAGRO.NS,0.0054164245437682956,0.053314007621847195,0.10306466646091171,1
2022-03-31,629.9500122070312,867.0,510.0,687.0999755859375,2900236,1456680000.0,1191052000.0,21966591000.0,61547000.0,11363031000.0,1069338000.0,14.200939,51.06,698.614,9367111.0,IFBAGRO.NS,0.0054164245437682956,0.053314007621847195,0.10306466646091171,0
2022-06-30,698.0,744.0,478.0,534.9000244140625,1259097,1456680000.0,1191052000.0,21966591000.0,61547000.0,11363031000.0,1069338000.0,14.200939,51.06,698.614,9367111.0,IFBAGRO.NS,0.0054164245437682956,0.053314007621847195,0.10306466646091171,1
2022-09-30,530.1500244140625,634.7999877929688,522.9500122070312,553.2999877929688,533417,1456680000.0,1191052000.0,21966591000.0,61547000.0,11363031000.0,1069338000.0,14.200939,51.06,698.614,9367111.0,IFBAGRO.NS,0.0054164245437682956,0.053314007621847195,0.10306466646091171,0
2022-12-31,550.0,643.25,504.95001220703125,538.6500244140625,511746,1456680000.0,1191052000.0,21966591000.0,61547000.0,11363031000.0,1069338000.0,14.200939,51.06,698.614,9367111.0,IFBAGRO.NS,0.0054164245437682956,0.053314007621847195,0.10306466646091171,0
2023-03-31,543.9000244140625,555.0,413.6000061035156,430.6000061035156,423136,1456680000.0,1191052000.0,21966591000.0,61547000.0,11363031000.0,1069338000.0,14.200939,51.06,698.614,9367111.0,IFBAGRO.NS,0.0054164245437682956,0.053314007621847195,0.10306466646091171,1
2023-06-30,432.0,584.5499877929688,428.20001220703125,524.2999877929688,681180,1456680000.0,1191052000.0,21966591000.0,61547000.0,11363031000.0,1069338000.0,14.200939,51.06,698.614,9367111.0,IFBAGRO.NS,0.0054164245437682956,0.053314007621847195,0.10306466646091171,0
2023-09-30,527.0,577.2000122070312,492.0,521.1500244140625,549851,1456680000.0,1191052000.0,21966591000.0,61547000.0,11363031000.0,1069338000.0,14.200939,51.06,698.614,9367111.0,IFBAGRO.NS,0.0054164245437682956,0.053314007621847195,0.10306466646091171,0
2023-12-31,516.7000122070312,530.0,451.04998779296875,492.75,464607,1456680000.0,1191052000.0,21966591000.0,61547000.0,11363031000.0,1069338000.0,14.200939,51.06,698.614,9367111.0,IFBAGRO.NS,0.0054164245437682956,0.053314007621847195,0.10306466646091171,0
2024-03-31,497.8999938964844,542.0,410.70001220703125,413.3500061035156,723598,1456680000.0,1191052000.0,21966591000.0,61547000.0,11363031000.0,1069338000.0,14.200939,51.06,698.614,9367111.0,IFBAGRO.NS,0.0054164245437682956,0.053314007621847195,0.10306466646091171,1
2024-06-30,413.3500061035156,496.8500061035156,388.0,451.45001220703125,347617,1456680000.0,1191052000.0,21966591000.0,61547000.0,11363031000.0,1069338000.0,14.200939,51.06,698.614,9367111.0,IFBAGRO.NS,0.0054164245437682956,0.053314007621847195,0.10306466646091171,1
2024-09-30,447.5,653.7000122070312,447.5,570.0,1435221,1456680000.0,1191052000.0,6941500000.0,184500000.0,5678300000.0,90300000.0,14.200939,51.06,698.614,9367111.0,IFBAGRO.NS,0.0324921191201592,0.053314007621847195,0.10306466646091171,1
2024-12-31,570.0,639.3499755859375,503.0,582.4500122070312,411750,2949700000.0,112800000.0,6941500000.0,184500000.0,5678300000.0,90300000.0,14.200939,51.06,698.614,9367111.0,IFBAGRO.NS,0.0324921191201592,0.053314007621847195,0.10306466646091171,0
2025-03-31,582.7999877929688,640.0,442.6000061035156,460.70001220703125,353160,2159700000.0,6300000.0,7173800000.0,61700000.0,6093600000.0,1791900000.0,14.200939,51.06,698.614,9367111.0,IFBAGRO.NS,0.010125377445188394,0.0008781956564164041,0.0010338716029933044,1
2025-06-30,470.0,834.7999877929688,440.0,746.7000122070312,1178969,2927800000.0,171800000.0,7173800000.0,61700000.0,6093600000.0,1791900000.0,14.200939,51.06,698.614,9367111.0,IFBAGRO.NS,0.010125377445188394,0.0008781956564164041,0.0010338716029933044,1
2025-09-30,755.0,929.0,684.4000244140625,816.5,326700,4019800000.0,227000000.0,9416900000.0,891700000.0,6545000000.0,91300000.0,14.200939,51.06,698.614,9367111.0,IFBAGRO.NS,0.13624140565317036,0.024105597383427668,0.0346829640947288,1
2025-12-31,844.9000244140625,1640.0,812.9500122070312,1356.9000244140625,4887820,3417300000.0,73000000.0,9416900000.0,891700000.0,6545000000.0,91300000.0,14.200939,51.06,698.614,9367111.0,IFBAGRO.NS,0.13624140565317036,0.024105597383427668,0.0346829640947288,0
2026-03-31,1380.0,1790.0,679.1500244140625,725.0999755859375,2117302,3417300000.0,73000000.0,9416900000.0,891700000.0,6545000000.0,91300000.0,14.200939,51.06,698.614,9367111.0,IFBAGRO.NS,0.13624140565317036,0.024105597383427668,0.0346829640947288,0
2016-03-31,327.8500061035156,329.6000061035156,303.0,317.8999938964844,43300,3417300000.0,73000000.0,9416900000.0,891700000.0,6545000000.0,91300000.0,31.95733,29.53,227.79,40518796.0,IFBIND.NS,0.13624140565317036,0.024105597383427668,0.0346829640947288,1
2016-06-30,329.45001220703125,409.0,309.0,331.6499938964844,1394417,3417300000.0,73000000.0,9416900000.0,891700000.0,6545000000.0,91300000.0,31.95733,29.53,227.79,40518796.0,IFBIND.NS,0.13624140565317036,0.024105597383427668,0.0346829640947288,1
2016-09-30,333.0,466.0,330.0,414.25,1532320,3417300000.0,73000000.0,9416900000.0,891700000.0,6545000000.0,91300000.0,31.95733,29.53,227.79,40518796.0,IFBIND.NS,0.13624140565317036,0.024105597383427668,0.0346829640947288,1
2016-12-31,414.0,550.0,365.0,456.70001220703125,1490231,3417300000.0,73000000.0,9416900000.0,891700000.0,6545000000.0,91300000.0,31.95733,29.53,227.79,40518796.0,IFBIND.NS,0.13624140565317036,0.024105597383427668,0.0346829640947288,1
2017-03-31,461.0,669.0,446.1000061035156,647.0999755859375,1813575,3417300000.0,73000000.0,9416900000.0,891700000.0,6545000000.0,91300000.0,31.95733,29.53,227.79,40518796.0,IFBIND.NS,0.13624140565317036,0.024105597383427668,0.0346829640947288,1
2017-06-30,650.0,757.0,586.25,719.5,2830461,3417300000.0,73000000.0,9416900000.0,891700000.0,6545000000.0,91300000.0,31.95733,29.53,227.79,40518796.0,IFBIND.NS,0.13624140565317036,0.024105597383427668,0.0346829640947288,1
2017-09-30,719.7999877929688,790.0,628.7999877929688,721.8499755859375,1477463,3417300000.0,73000000.0,9416900000.0,891700000.0,6545000000.0,91300000.0,31.95733,29.53,227.79,40518796.0,IFBIND.NS,0.13624140565317036,0.024105597383427668,0.0346829640947288,1
2017-12-31,732.9500122070312,1500.0,709.0999755859375,1362.199951171875,4432259,3417300000.0,73000000.0,9416900000.0,891700000.0,6545000000.0,91300000.0,31.95733,29.53,227.79,40518796.0,IFBIND.NS,0.13624140565317036,0.024105597383427668,0.0346829640947288,0
2018-03-31,1350.3499755859375,1546.949951171875,1086.0,1142.449951171875,1088799,3417300000.0,73000000.0,9416900000.0,891700000.0,6545000000.0,91300000.0,31.95733,29.53,227.79,40518796.0,IFBIND.NS,0.13624140565317036,0.024105597383427668,0.0346829640947288,1
2018-06-30,1156.75,1420.0,1072.0,1220.0,1504887,3417300000.0,73000000.0,9416900000.0,891700000.0,6545000000.0,91300000.0,31.95733,29.53,227.79,40518796.0,IFBIND.NS,0.13624140565317036,0.024105597383427668,0.0346829640947288,0
2018-09-30,1220.0,1235.0,952.2999877929688,1044.550048828125,932198,3417300000.0,73000000.0,9416900000.0,891700000.0,6545000000.0,91300000.0,31.95733,29.53,227.79,40518796.0,IFBIND.NS,0.13624140565317036,0.024105597383427668,0.0346829640947288,0
2018-12-31,1030.8499755859375,1044.699951171875,747.0,845.5999755859375,523986,3417300000.0,73000000.0,9416900000.0,891700000.0,6545000000.0,91300000.0,31.95733,29.53,227.79,40518796.0,IFBIND.NS,0.13624140565317036,0.024105597383427668,0.0346829640947288,1
2019-03-31,846.0999755859375,999.9000244140625,706.9500122070312,962.2000122070312,696795,3417300000.0,73000000.0,9416900000.0,891700000.0,6545000000.0,91300000.0,31.95733,29.53,227.79,40518796.0,IFBIND.NS,0.13624140565317036,0.024105597383427668,0.0346829640947288,0
2019-06-30,981.0,983.5999755859375,729.4500122070312,762.5,531571,3417300000.0,73000000.0,9416900000.0,891700000.0,6545000000.0,91300000.0,31.95733,29.53,227.79,40518796.0,IFBIND.NS,0.13624140565317036,0.024105597383427668,0.0346829640947288,0
2019-09-30,772.3499755859375,782.0,559.9500122070312,669.5499877929688,729565,3417300000.0,73000000.0,9416900000.0,891700000.0,6545000000.0,91300000.0,31.95733,29.53,227.79,40518796.0,IFBIND.NS,0.13624140565317036,0.024105597383427668,0.0346829640947288,0
2019-12-31,674.2999877929688,805.0,592.8499755859375,668.7000122070312,918546,3417300000.0,73000000.0,9416900000.0,891700000.0,6545000000.0,91300000.0,31.95733,29.53,227.79,40518796.0,IFBIND.NS,0.13624140565317036,0.024105597383427668,0.0346829640947288,0
2020-03-31,669.0499877929688,733.0,219.14999389648438,266.3999938964844,1745892,3417300000.0,73000000.0,9416900000.0,891700000.0,6545000000.0,91300000.0,31.95733,29.53,227.79,40518796.0,IFBIND.NS,0.13624140565317036,0.024105597383427668,0.0346829640947288,1
2020-06-30,262.0,495.0,255.0,415.1000061035156,5353578,3417300000.0,73000000.0,9416900000.0,891700000.0,6545000000.0,91300000.0,31.95733,29.53,227.79,40518796.0,IFBIND.NS,0.13624140565317036,0.024105597383427668,0.0346829640947288,1
2020-09-30,418.29998779296875,687.0,361.20001220703125,601.1500244140625,10130323,3417300000.0,73000000.0,9416900000.0,891700000.0,6545000000.0,91300000.0,31.95733,29.53,227.79,40518796.0,IFBIND.NS,0.13624140565317036,0.024105597383427668,0.0346829640947288,1
2020-12-31,605.0999755859375,1217.949951171875,594.2999877929688,1168.5,6686144,3417300000.0,73000000.0,9416900000.0,891700000.0,6545000000.0,91300000.0,31.95733,29.53,227.79,40518796.0,IFBIND.NS,0.13624140565317036,0.024105597383427668,0.0346829640947288,0
2021-03-31,1180.0,1502.9000244140625,970.75,1111.550048828125,4225450,3417300000.0,73000000.0,9416900000.0,891700000.0,6545000000.0,91300000.0,31.95733,29.53,227.79,40518796.0,IFBIND.NS,0.13624140565317036,0.024105597383427668,0.0346829640947288,0
2021-06-30,1132.5999755859375,1199.0,903.1500244140625,1022.0,4775268,3417300000.0,73000000.0,9416900000.0,891700000.0,6545000000.0,91300000.0,31.95733,29.53,227.79,40518796.0,IFBIND.NS,0.13624140565317036,0.024105597383427668,0.0346829640947288,1
2021-09-30,1029.949951171875,1261.75,876.25,1189.6500244140625,5147550,3417300000.0,73000000.0,9416900000.0,891700000.0,6545000000.0,91300000.0,31.95733,29.53,227.79,40518796.0,IFBIND.NS,0.13624140565317036,0.024105597383427668,0.0346829640947288,0
2021-12-31,1180.199951171875,1365.8499755859375,1086.6500244140625,1124.75,2900810,3417300000.0,73000000.0,9416900000.0,891700000.0,6545000000.0,91300000.0,31.95733,29.53,227.79,40518796.0,IFBIND.NS,0.13624140565317036,0.024105597383427668,0.0346829640947288,0
2022-03-31,1124.75,1291.0,800.0,1040.699951171875,3982514,3417300000.0,73000000.0,9416900000.0,891700000.0,6545000000.0,91300000.0,31.95733,29.53,227.79,40518796.0,IFBIND.NS,0.13624140565317036,0.024105597383427668,0.0346829640947288,0
2022-06-30,1031.0,1045.0,824.0,899.5999755859375,3614876,3417300000.0,73000000.0,9416900000.0,891700000.0,6545000000.0,91300000.0,31.95733,29.53,227.79,40518796.0,IFBIND.NS,0.13624140565317036,0.024105597383427668,0.0346829640947288,1
2022-09-30,903.0,1097.75,852.1500244140625,914.8499755859375,2118636,3417300000.0,73000000.0,9416900000.0,891700000.0,6545000000.0,91300000.0,31.95733,29.53,227.79,40518796.0,IFBIND.NS,0.13624140565317036,0.024105597383427668,0.0346829640947288,0
2022-12-31,914.9000244140625,1129.949951171875,851.0,901.7000122070312,5933657,3417300000.0,73000000.0,9416900000.0,891700000.0,6545000000.0,91300000.0,31.95733,29.53,227.79,40518796.0,IFBIND.NS,0.13624140565317036,0.024105597383427668,0.0346829640947288,0
2023-03-31,910.0,998.0,698.0,737.5,1877942,3417300000.0,73000000.0,9416900000.0,891700000.0,6545000000.0,91300000.0,31.95733,29.53,227.79,40518796.0,IFBIND.NS,0.13624140565317036,0.024105597383427668,0.0346829640947288,1
2023-06-30,737.5,908.0,732.1500244140625,812.7000122070312,4471365,3417300000.0,73000000.0,9416900000.0,891700000.0,6545000000.0,91300000.0,31.95733,29.53,227.79,40518796.0,IFBIND.NS,0.13624140565317036,0.024105597383427668,0.0346829640947288,1
2023-09-30,817.9000244140625,1003.0,805.0,903.2999877929688,4466132,3417300000.0,73000000.0,9416900000.0,891700000.0,6545000000.0,91300000.0,31.95733,29.53,227.79,40518796.0,IFBIND.NS,0.13624140565317036,0.024105597383427668,0.0346829640947288,1
2023-12-31,905.2999877929688,1053.0,850.0,939.4500122070312,4036303,3417300000.0,73000000.0,9416900000.0,891700000.0,6545000000.0,91300000.0,31.95733,29.53,227.79,40518796.0,IFBIND.NS,0.13624140565317036,0.024105597383427668,0.0346829640947288,1
2024-03-31,939.4500122070312,1525.0,933.0,1505.949951171875,7811786,3417300000.0,73000000.0,9416900000.0,891700000.0,6545000000.0,91300000.0,31.95733,29.53,227.79,40518796.0,IFBIND.NS,0.13624140565317036,0.024105597383427668,0.0346829640947288,1
2024-06-30,1567.0,1748.449951171875,1014.0,1637.5999755859375,6924813,3417300000.0,73000000.0,9416900000.0,891700000.0,6545000000.0,91300000.0,31.95733,29.53,227.79,40518796.0,IFBIND.NS,0.13624140565317036,0.024105597383427668,0.0346829640947288,1
2024-09-30,1659.949951171875,2172.0,1480.0,1807.550048828125,4853860,12193300000.0,314100000.0,23341700000.0,1645000000.0,7898500000.0,1055800000.0,31.95733,29.53,227.79,40518796.0,IFBIND.NS,0.2082673925428879,0.01345660341791729,0.039767044375514336,1
2024-12-31,1811.0,2359.89990234375,1481.6500244140625,1895.8499755859375,7234264,12695200000.0,310900000.0,23341700000.0,1645000000.0,7898500000.0,1055800000.0,31.95733,29.53,227.79,40518796.0,IFBIND.NS,0.2082673925428879,0.01345660341791729,0.039767044375514336,0
2025-03-31,1900.0,2015.949951171875,1060.0,1329.6500244140625,4633470,13264600000.0,188700000.0,23576200000.0,2500800000.0,8419900000.0,1092600000.0,31.95733,29.53,227.79,40518796.0,IFBIND.NS,0.297010653333175,0.008003834375344627,0.022411192531977816,1
2025-06-30,1320.0,1702.300048828125,1121.0,1544.0,4394976,13383100000.0,261600000.0,23576200000.0,2500800000.0,8419900000.0,1092600000.0,31.95733,29.53,227.79,40518796.0,IFBIND.NS,0.297010653333175,0.008003834375344627,0.022411192531977816,1
2025-09-30,1544.0,1905.0,1271.0,1671.0999755859375,5433890,13383100000.0,261600000.0,23576200000.0,2500800000.0,8419900000.0,1092600000.0,31.95733,29.53,227.79,40518796.0,IFBIND.NS,0.297010653333175,0.008003834375344627,0.022411192531977816,0
2025-12-31,1671.0,2019.800048828125,1520.5,1560.0,2865769,14125400000.0,239400000.0,23576200000.0,2500800000.0,8419900000.0,1092600000.0,31.95733,29.53,227.79,40518796.0,IFBIND.NS,0.297010653333175,0.008003834375344627,0.022411192531977816,0
2026-03-31,1563.0,1625.0,932.0,943.7000122070312,3984122,14125400000.0,239400000.0,23576200000.0,2500800000.0,8419900000.0,1092600000.0,31.95733,29.53,227.79,40518796.0,IFBIND.NS,0.297010653333175,0.008003834375344627,0.022411192531977816,0
2016-03-31,47.24555480761369,49.837139523295065,46.6744510478285,49.28767013549805,29040010,14125400000.0,239400000.0,23576200000.0,2500800000.0,8419900000.0,1092600000.0,12.580455,11.87,80.15,1400001600.0,IGL.NS,0.297010653333175,0.008003834375344627,0.022411192531977816,1
2016-06-30,49.08865494342936,55.03328006631875,46.466780598252036,54.302101135253906,359226930,14125400000.0,239400000.0,23576200000.0,2500800000.0,8419900000.0,1092600000.0,12.580455,11.87,80.15,1400001600.0,IGL.NS,0.297010653333175,0.008003834375344627,0.022411192531977816,1
2016-09-30,54.94675521465379,69.98140093981115,51.29085758118621,67.86576843261719,493519270,14125400000.0,239400000.0,23576200000.0,2500800000.0,8419900000.0,1092600000.0,12.580455,11.87,80.15,1400001600.0,IGL.NS,0.297010653333175,0.008003834375344627,0.022411192531977816,1
2016-12-31,68.57661301681959,81.10397071948964,67.97915912183518,80.4251708984375,461754380,14125400000.0,239400000.0,23576200000.0,2500800000.0,8419900000.0,1092600000.0,12.580455,11.87,80.15,1400001600.0,IGL.NS,0.297010653333175,0.008003834375344627,0.022411192531977816,1
2017-03-31,80.77990416841796,93.84323428584942,79.81209419464662,88.89468383789062,389727870,14125400000.0,239400000.0,23576200000.0,2500800000.0,8419900000.0,1092600000.0,12.580455,11.87,80.15,1400001600.0,IGL.NS,0.297010653333175,0.008003834375344627,0.022411192531977816,1
2017-06-30,88.03194356083632,98.70421719389931,84.67743509599514,92.54698944091797,208829990,14125400000.0,239400000.0,23576200000.0,2500800000.0,8419900000.0,1092600000.0,12.580455,11.87,80.15,1400001600.0,IGL.NS,0.297010653333175,0.008003834375344627,0.022411192531977816,1
2017-09-30,92.57326350444403,133.93632840114128,91.706171084025,129.36602783203125,309654600,14125400000.0,239400000.0,23576200000.0,2500800000.0,8419900000.0,1092600000.0,12.580455,11.87,80.15,1400001600.0,IGL.NS,0.297010653333175,0.008003834375344627,0.022411192531977816,1
2017-12-31,131.74349212974218,148.3152203745465,125.4681021162588,147.56814575195312,279169628,14125400000.0,239400000.0,23576200000.0,2500800000.0,8419900000.0,1092600000.0,12.580455,11.87,80.15,1400001600.0,IGL.NS,0.297010653333175,0.008003834375344627,0.022411192531977816,0
2018-03-31,147.12869037493152,151.5671632691061,119.13559303180996,122.8050308227539,285246512,14125400000.0,239400000.0,23576200000.0,2500800000.0,8419900000.0,1092600000.0,12.580455,11.87,80.15,1400001600.0,IGL.NS,0.297010653333175,0.008003834375344627,0.022411192531977816,0
2018-06-30,125.02423261975622,134.99985259612063,105.88608364317221,111.75276947021484,325097222,14125400000.0,239400000.0,23576200000.0,2500800000.0,8419900000.0,1092600000.0,12.580455,11.87,80.15,1400001600.0,IGL.NS,0.297010653333175,0.008003834375344627,0.022411192531977816,0
2018-09-30,111.73081031384379,140.95440398590475,102.16127124196046,107.5626449584961,301557540,14125400000.0,239400000.0,23576200000.0,2500800000.0,8419900000.0,1092600000.0,12.580455,11.87,80.15,1400001600.0,IGL.NS,0.297010653333175,0.008003834375344627,0.022411192531977816,1
2018-12-31,108.69160555242424,130.1421616250881,95.27671852920535,118.32109832763672,236937470,14125400000.0,239400000.0,23576200000.0,2500800000.0,8419900000.0,1092600000.0,12.580455,11.87,80.15,1400001600.0,IGL.NS,0.297010653333175,0.008003834375344627,0.022411192531977816,1
2019-03-31,118.65318223696043,138.95259238831167,114.04873650033367,136.51756286621094,274054984,14125400000.0,239400000.0,23576200000.0,2500800000.0,8419900000.0,1092600000.0,12.580455,11.87,80.15,1400001600.0,IGL.NS,0.297010653333175,0.008003834375344627,0.022411192531977816,1
2019-06-30,136.65039072123463,155.31169559164587,129.45590911088843,139.30679321289062,208558900,14125400000.0,239400000.0,23576200000.0,2500800000.0,8419900000.0,1092600000.0,12.580455,11.87,80.15,1400001600.0,IGL.NS,0.297010653333175,0.008003834375344627,0.022411192531977816,1
2019-09-30,138.19996175313378,166.03667411821368,130.62915742779353,155.93670654296875,237872366,14125400000.0,239400000.0,23576200000.0,2500800000.0,8419900000.0,1092600000.0,12.580455,11.87,80.15,1400001600.0,IGL.NS,0.297010653333175,0.008003834375344627,0.022411192531977816,1
2019-12-31,158.03250110121508,195.62316880898055,152.74839801189555,190.9187469482422,246373178,14125400000.0,239400000.0,23576200000.0,2500800000.0,8419900000.0,1092600000.0,12.580455,11.87,80.15,1400001600.0,IGL.NS,0.297010653333175,0.008003834375344627,0.022411192531977816,0
2020-03-31,191.2531995823687,238.20812400269222,126.66235189328103,172.99295043945312,405446686,14125400000.0,239400000.0,23576200000.0,2500800000.0,8419900000.0,1092600000.0,12.580455,11.87,80.15,1400001600.0,IGL.NS,0.297010653333175,0.008003834375344627,0.022411192531977816,1
2020-06-30,176.13662744767706,231.8761100598997,168.13243855453499,197.22845458984375,477835350,14125400000.0,239400000.0,23576200000.0,2500800000.0,8419900000.0,1092600000.0,12.580455,11.87,80.15,1400001600.0,IGL.NS,0.297010653333175,0.008003834375344627,0.022411192531977816,0
2020-09-30,197.76358912169064,202.31193148587366,169.04659273112514,173.65692138671875,522649490,14125400000.0,239400000.0,23576200000.0,2500800000.0,8419900000.0,1092600000.0,12.580455,11.87,80.15,1400001600.0,IGL.NS,0.297010653333175,0.008003834375344627,0.022411192531977816,1
2020-12-31,179.53827137701495,233.23365679673051,163.46558982759151,225.53402709960938,433607862,14125400000.0,239400000.0,23576200000.0,2500800000.0,8419900000.0,1092600000.0,12.580455,11.87,80.15,1400001600.0,IGL.NS,0.297010653333175,0.008003834375344627,0.022411192531977816,1
2021-03-31,225.82583795770577,267.06257886791394,215.56715245626376,230.02359008789062,410561436,14125400000.0,239400000.0,23576200000.0,2500800000.0,8419900000.0,1092600000.0,12.580455,11.87,80.15,1400001600.0,IGL.NS,0.297010653333175,0.008003834375344627,0.022411192531977816,1
2021-06-30,233.2785340315114,252.11233050022682,218.73232230865472,250.4062957763672,307828094,14125400000.0,239400000.0,23576200000.0,2500800000.0,8419900000.0,1092600000.0,12.580455,11.87,80.15,1400001600.0,IGL.NS,0.297010653333175,0.008003834375344627,0.022411192531977816,0
2021-09-30,251.07972296445178,270.2951107894497,229.52976051592532,240.81993103027344,315354022,14125400000.0,239400000.0,23576200000.0,2500800000.0,8419900000.0,1092600000.0,12.580455,11.87,80.15,1400001600.0,IGL.NS,0.297010653333175,0.008003834375344627,0.022411192531977816,0
2021-12-31,241.6782136253537,242.58168358283166,205.08767129109836,212.4961395263672,280913914,14125400000.0,239400000.0,23576200000.0,2500800000.0,8419900000.0,1092600000.0,12.580455,11.87,80.15,1400001600.0,IGL.NS,0.297010653333175,0.008003834375344627,0.022411192531977816,0
2022-03-31,213.12855969795658,215.86157598100937,145.00692079755137,168.56492614746094,431231828,14125400000.0,239400000.0,23576200000.0,2500800000.0,8419900000.0,1092600000.0,12.580455,11.87,80.15,1400001600.0,IGL.NS,0.297010653333175,0.008003834375344627,0.022411192531977816,0
2022-06-30,169.82978379980264,181.59749386584585,151.48933477819222,160.77247619628906,336052770,14125400000.0,239400000.0,23576200000.0,2500800000.0,8419900000.0,1092600000.0,12.580455,11.87,80.15,1400001600.0,IGL.NS,0.297010653333175,0.008003834375344627,0.022411192531977816,1
2022-09-30,161.33716092604388,204.29226387538208,155.28390604418973,181.57276916503906,334879264,14125400000.0,239400000.0,23576200000.0,2500800000.0,8419900000.0,1092600000.0,12.580455,11.87,80.15,1400001600.0,IGL.NS,0.297010653333175,0.008003834375344627,0.022411192531977816,1
2022-12-31,182.57948937320953,206.8319014457375,166.67812834903395,189.4204864501953,266830524,14125400000.0,239400000.0,23576200000.0,2500800000.0,8419900000.0,1092600000.0,12.580455,11.87,80.15,1400001600.0,IGL.NS,0.297010653333175,0.008003834375344627,0.022411192531977816,1
2023-03-31,190.58737098386382,209.69095611482226,187.31558461651142,202.18865966796875,177618704,14125400000.0,239400000.0,23576200000.0,2500800000.0,8419900000.0,1092600000.0,12.580455,11.87,80.15,1400001600.0,IGL.NS,0.297010653333175,0.008003834375344627,0.022411192531977816,1
2023-06-30,202.80176156565813,243.22064172983696,191.95422548191362,223.2470245361328,242833460,14125400000.0,239400000.0,23576200000.0,2500800000.0,8419900000.0,1092600000.0,12.580455,11.87,80.15,1400001600.0,IGL.NS,0.297010653333175,0.008003834375344627,0.022411192531977816,0
2023-09-30,224.0959526367142,236.2876429991639,201.3868879721923,214.52183532714844,172523872,14125400000.0,239400000.0,23576200000.0,2500800000.0,8419900000.0,1092600000.0,12.580455,11.87,80.15,1400001600.0,IGL.NS,0.297010653333175,0.008003834375344627,0.022411192531977816,0
2023-12-31,214.6869073036293,232.04295362317424,177.19215683457384,199.33926391601562,323734904,14125400000.0,239400000.0,23576200000.0,2500800000.0,8419900000.0,1092600000.0,12.580455,11.87,80.15,1400001600.0,IGL.NS,0.297010653333175,0.008003834375344627,0.022411192531977816,1
2024-03-31,200.31606584811578,219.1850558567197,189.23769982078767,205.27154541015625,284492402,14125400000.0,239400000.0,23576200000.0,2500800000.0,8419900000.0,1092600000.0,12.580455,11.87,80.15,1400001600.0,IGL.NS,0.297010653333175,0.008003834375344627,0.022411192531977816,1
2024-06-30,205.31919274167433,242.86656475579406,201.55493854115144,240.00762939453125,529829482,14125400000.0,239400000.0,23576200000.0,2500800000.0,8419900000.0,1092600000.0,12.580455,11.87,80.15,1400001600.0,IGL.NS,0.297010653333175,0.008003834375344627,0.022411192531977816,1
2024-09-30,241.43708266639297,271.76563656032084,239.60259634413723,268.7030944824219,286712834,14125400000.0,239400000.0,154885600000.0,741800000.0,105678600000.0,1764800000.0,12.580455,11.87,80.15,1400001600.0,IGL.NS,0.007019396547645408,0.008003834375344627,0.022411192531977816,0
2024-12-31,270.12226423914933,273.99489278720677,149.11626764716524,202.48341369628906,666080128,37549000000.0,3265500000.0,154885600000.0,741800000.0,105678600000.0,1764800000.0,12.580455,11.87,80.15,1400001600.0,IGL.NS,0.007019396547645408,0.008003834375344627,0.022411192531977816,0
2025-03-31,202.6052032750849,220.87328088053331,171.38870414252756,197.8993377685547,374350242,38838100000.0,4551400000.0,155813600000.0,934900000.0,106157700000.0,1446200000.0,12.580455,11.87,80.15,1400001600.0,IGL.NS,0.008806709263670935,0.029210543880636864,0.04287395073555663,1
2025-06-30,195.8338260248071,213.7803975484785,167.57920005670292,212.27023315429688,323088502,39140000000.0,4290500000.0,155813600000.0,934900000.0,106157700000.0,1446200000.0,12.580455,11.87,80.15,1400001600.0,IGL.NS,0.008806709263670935,0.029210543880636864,0.04287395073555663,0
2025-09-30,213.1763334551548,223.11416887517555,194.08010691079508,204.6089324951172,163456133,40234000000.0,3862900000.0,167620000000.0,1015900000.0,112210600000.0,5974100000.0,12.580455,11.87,80.15,1400001600.0,IGL.NS,0.009053511878556927,0.02304557928648133,0.034425446437324106,0
2025-12-31,204.07911822860225,219.28693712723197,179.56018516244842,190.90228271484375,200590153,40675000000.0,3937500000.0,167620000000.0,1015900000.0,112210600000.0,5974100000.0,12.580455,11.87,80.15,1400001600.0,IGL.NS,0.009053511878556927,0.02304557928648133,0.034425446437324106,0
2026-03-31,191.06908650387635,192.06004225180482,148.50999450683594,149.3300018310547,127941760,40675000000.0,3937500000.0,167620000000.0,1015900000.0,112210600000.0,5974100000.0,12.580455,11.87,80.15,1400001600.0,IGL.NS,0.009053511878556927,0.02304557928648133,0.034425446437324106,0
2016-03-31,44.879893032815794,46.534984623974815,41.9546143109922,42.57046127319336,71814,40675000000.0,3937500000.0,167620000000.0,1015900000.0,112210600000.0,5974100000.0,17.482067,68.31,465.33,53954106.0,IMFA.NS,0.009053511878556927,0.02304557928648133,0.034425446437324106,1
2016-06-30,43.78291377625394,62.66249833074513,41.146319353367026,56.50400161743164,1622568,40675000000.0,3937500000.0,167620000000.0,1015900000.0,112210600000.0,5974100000.0,17.482067,68.31,465.33,53954106.0,IMFA.NS,0.009053511878556927,0.02304557928648133,0.034425446437324106,1
2016-09-30,56.25382025385567,96.91901079617313,51.57723354313833,86.64204406738281,3147400,40675000000.0,3937500000.0,167620000000.0,1015900000.0,112210600000.0,5974100000.0,17.482067,68.31,465.33,53954106.0,IMFA.NS,0.009053511878556927,0.02304557928648133,0.034425446437324106,1
2016-12-31,88.52809794278323,239.1220533545436,87.0077252614455,238.8526153564453,12993142,40675000000.0,3937500000.0,167620000000.0,1015900000.0,112210600000.0,5974100000.0,17.482067,68.31,465.33,53954106.0,IMFA.NS,0.009053511878556927,0.02304557928648133,0.034425446437324106,1
2017-03-31,242.48999062763028,322.736340895214,223.3788457432834,299.94573974609375,7510728,40675000000.0,3937500000.0,167620000000.0,1015900000.0,112210600000.0,5974100000.0,17.482067,68.31,465.33,53954106.0,IMFA.NS,0.009053511878556927,0.02304557928648133,0.034425446437324106,0
2017-06-30,299.32140870994647,317.2728959305019,150.246045355364,183.18313598632812,8929798,40675000000.0,3937500000.0,167620000000.0,1015900000.0,112210600000.0,5974100000.0,17.482067,68.31,465.33,53954106.0,IMFA.NS,0.009053511878556927,0.02304557928648133,0.034425446437324106,1
2017-09-30,183.41726900466134,297.4778044086476,183.41726900466134,248.80572509765625,22152412,40675000000.0,3937500000.0,167620000000.0,1015900000.0,112210600000.0,5974100000.0,17.482067,68.31,465.33,53954106.0,IMFA.NS,0.009053511878556927,0.02304557928648133,0.034425446437324106,1
2017-12-31,253.1780897011711,317.5110573792516,223.08846325639516,273.767822265625,15756600,40675000000.0,3937500000.0,167620000000.0,1015900000.0,112210600000.0,5974100000.0,17.482067,68.31,465.33,53954106.0,IMFA.NS,0.009053511878556927,0.02304557928648133,0.034425446437324106,0
2018-03-31,275.05969605274197,308.8458762582259,170.83906708921978,172.58544921875,9575034,40675000000.0,3937500000.0,167620000000.0,1015900000.0,112210600000.0,5974100000.0,17.482067,68.31,465.33,53954106.0,IMFA.NS,0.009053511878556927,0.02304557928648133,0.034425446437324106,0
2018-06-30,173.28907855458345,236.8149974189906,115.49252537036764,120.19670104980469,12244268,40675000000.0,3937500000.0,167620000000.0,1015900000.0,112210600000.0,5974100000.0,17.482067,68.31,465.33,53954106.0,IMFA.NS,0.009053511878556927,0.02304557928648133,0.034425446437324106,0
2018-09-30,121.38275901059234,159.0136641919944,107.41374232708655,110.45024871826172,9227280,40675000000.0,3937500000.0,167620000000.0,1015900000.0,112210600000.0,5974100000.0,17.482067,68.31,465.33,53954106.0,IMFA.NS,0.009053511878556927,0.02304557928648133,0.034425446437324106,0
2018-12-31,109.04561185304436,124.24875404036491,89.5665397182279,105.45136260986328,3481162,40675000000.0,3937500000.0,167620000000.0,1015900000.0,112210600000.0,5974100000.0,17.482067,68.31,465.33,53954106.0,IMFA.NS,0.009053511878556927,0.02304557928648133,0.034425446437324106,1
2019-03-31,105.80253243665175,114.74679301793792,83.94797093248852,105.76121520996094,3043882,40675000000.0,3937500000.0,167620000000.0,1015900000.0,112210600000.0,5974100000.0,17.482067,68.31,465.33,53954106.0,IMFA.NS,0.009053511878556927,0.02304557928648133,0.034425446437324106,0
2019-06-30,107.41373140479841,112.37130232725576,73.12396520401802,80.02323150634766,1937148,40675000000.0,3937500000.0,167620000000.0,1015900000.0,112210600000.0,5974100000.0,17.482067,68.31,465.33,53954106.0,IMFA.NS,0.009053511878556927,0.02304557928648133,0.034425446437324106,0
2019-09-30,80.89080679819176,85.49720382853452,59.7826054145308,76.08503723144531,1767796,40675000000.0,3937500000.0,167620000000.0,1015900000.0,112210600000.0,5974100000.0,17.482067,68.31,465.33,53954106.0,IMFA.NS,0.009053511878556927,0.02304557928648133,0.034425446437324106,1
2019-12-31,76.08503344497215,87.55397489936783,70.4459617566902,80.43092346191406,2037472,40675000000.0,3937500000.0,167620000000.0,1015900000.0,112210600000.0,5974100000.0,17.482067,68.31,465.33,53954106.0,IMFA.NS,0.009053511878556927,0.02304557928648133,0.034425446437324106,0
2020-03-31,82.59329469394888,103.45359673637604,38.98589700829687,47.12650680541992,5265892,40675000000.0,3937500000.0,167620000000.0,1015900000.0,112210600000.0,5974100000.0,17.482067,68.31,465.33,53954106.0,IMFA.NS,0.009053511878556927,0.02304557928648133,0.034425446437324106,1
2020-06-30,48.737665182992934,72.50232488458808,44.51896297774126,67.350830078125,1154264,40675000000.0,3937500000.0,167620000000.0,1015900000.0,112210600000.0,5974100000.0,17.482067,68.31,465.33,53954106.0,IMFA.NS,0.009053511878556927,0.02304557928648133,0.034425446437324106,1
2020-09-30,64.48889218847583,120.158812173736,64.48889218847583,96.41535949707031,5852932,40675000000.0,3937500000.0,167620000000.0,1015900000.0,112210600000.0,5974100000.0,17.482067,68.31,465.33,53954106.0,IMFA.NS,0.009053511878556927,0.02304557928648133,0.034425446437324106,1
2020-12-31,96.30937079269837,135.67683246152853,91.15788665634955,119.20482635498047,3854372,40675000000.0,3937500000.0,167620000000.0,1015900000.0,112210600000.0,5974100000.0,17.482067,68.31,465.33,53954106.0,IMFA.NS,0.009053511878556927,0.02304557928648133,0.034425446437324106,1
2021-03-31,120.0316154936243,226.0867564430943,118.31444760202083,193.03575134277344,9255078,40675000000.0,3937500000.0,167620000000.0,1015900000.0,112210600000.0,5974100000.0,17.482067,68.31,465.33,53954106.0,IMFA.NS,0.009053511878556927,0.02304557928648133,0.034425446437324106,1
2021-06-30,194.20930402070485,255.6171567082352,174.9633191167688,247.03968811035156,13967684,40675000000.0,3937500000.0,167620000000.0,1015900000.0,112210600000.0,5974100000.0,17.482067,68.31,465.33,53954106.0,IMFA.NS,0.009053511878556927,0.02304557928648133,0.034425446437324106,1
2021-09-30,248.38385402840103,430.1415488056399,246.143470451393,323.1238708496094,10825070,40675000000.0,3937500000.0,167620000000.0,1015900000.0,112210600000.0,5974100000.0,17.482067,68.31,465.33,53954106.0,IMFA.NS,0.009053511878556927,0.02304557928648133,0.034425446437324106,1
2021-12-31,336.5199933507123,423.32416146488515,291.3338034454722,394.9723205566406,5731138,40675000000.0,3937500000.0,167620000000.0,1015900000.0,112210600000.0,5974100000.0,17.482067,68.31,465.33,53954106.0,IMFA.NS,0.009053511878556927,0.02304557928648133,0.034425446437324106,0
2022-03-31,402.9177052182226,405.0451907704072,266.3685716569376,359.9340515136719,8412131,40675000000.0,3937500000.0,167620000000.0,1015900000.0,112210600000.0,5974100000.0,17.482067,68.31,465.33,53954106.0,IMFA.NS,0.009053511878556927,0.02304557928648133,0.034425446437324106,0
2022-06-30,363.92851097191317,445.4673032759004,199.72218759871257,226.12022399902344,7647337,40675000000.0,3937500000.0,167620000000.0,1015900000.0,112210600000.0,5974100000.0,17.482067,68.31,465.33,53954106.0,IMFA.NS,0.009053511878556927,0.02304557928648133,0.034425446437324106,0
2022-09-30,225.7728841958469,269.0094357151572,209.4672424061562,218.64813232421875,4488793,40675000000.0,3937500000.0,167620000000.0,1015900000.0,112210600000.0,5974100000.0,17.482067,68.31,465.33,53954106.0,IMFA.NS,0.009053511878556927,0.02304557928648133,0.034425446437324106,1
2022-12-31,218.64812192895351,249.63810740436438,206.1246624929676,239.90013122558594,4082927,40675000000.0,3937500000.0,167620000000.0,1015900000.0,112210600000.0,5974100000.0,17.482067,68.31,465.33,53954106.0,IMFA.NS,0.009053511878556927,0.02304557928648133,0.034425446437324106,1
2023-03-31,241.7658219472623,310.9327452399653,241.72032847791507,259.33062744140625,10714232,40675000000.0,3937500000.0,167620000000.0,1015900000.0,112210600000.0,5974100000.0,17.482067,68.31,465.33,53954106.0,IMFA.NS,0.009053511878556927,0.02304557928648133,0.034425446437324106,1
2023-06-30,260.8777502017016,300.2847426266355,245.81574147241085,292.0028991699219,6760423,40675000000.0,3937500000.0,167620000000.0,1015900000.0,112210600000.0,5974100000.0,17.482067,68.31,465.33,53954106.0,IMFA.NS,0.009053511878556927,0.02304557928648133,0.034425446437324106,1
2023-09-30,293.4590370856186,409.6247534926544,288.04398114881815,386.5343017578125,14544205,40675000000.0,3937500000.0,167620000000.0,1015900000.0,112210600000.0,5974100000.0,17.482067,68.31,465.33,53954106.0,IMFA.NS,0.009053511878556927,0.02304557928648133,0.034425446437324106,1
2023-12-31,385.14888273194674,538.08295036995,357.6712523561202,469.2485656738281,14084865,40675000000.0,3937500000.0,167620000000.0,1015900000.0,112210600000.0,5974100000.0,17.482067,68.31,465.33,53954106.0,IMFA.NS,0.009053511878556927,0.02304557928648133,0.034425446437324106,1
2024-03-31,470.3292107177918,646.1975460004355,443.17135233046474,601.0440673828125,15038588,40675000000.0,3937500000.0,167620000000.0,1015900000.0,112210600000.0,5974100000.0,17.482067,68.31,465.33,53954106.0,IMFA.NS,0.009053511878556927,0.02304557928648133,0.034425446437324106,1
2024-06-30,624.9129438510563,844.1293377825207,563.1206299808572,712.1861572265625,22139611,40675000000.0,3937500000.0,167620000000.0,1015900000.0,112210600000.0,5974100000.0,17.482067,68.31,465.33,53954106.0,IMFA.NS,0.009053511878556927,0.02304557928648133,0.034425446437324106,0
2024-09-30,718.7569183196384,731.3725398096284,599.2154874543684,675.6203002929688,5130550,6919200000.0,1250200000.0,30346600000.0,2964300000.0,23298900000.0,63800000.0,17.482067,68.31,465.33,53954106.0,IMFA.NS,0.1272291824935941,0.041197366426551904,0.05365918562678925,1
2024-12-31,681.6318851735591,981.6546155186389,611.8688153888622,840.814453125,11783069,6432200000.0,933200000.0,30346600000.0,2964300000.0,23298900000.0,63800000.0,17.482067,68.31,465.33,53954106.0,IMFA.NS,0.1272291824935941,0.041197366426551904,0.05365918562678925,0
2025-03-31,840.9619480644216,940.8670361783567,585.4060036090005,604.8535766601562,6886592,5372100000.0,473200000.0,31774400000.0,3886200000.0,23482500000.0,72600000.0,17.482067,68.31,465.33,53954106.0,IMFA.NS,0.16549345257106357,0.014892492069087064,0.020151176407963378,1
2025-06-30,608.6639337532105,790.5702463175502,544.1356195339641,778.6939086914062,8095911,6415400000.0,922900000.0,31774400000.0,3886200000.0,23482500000.0,72600000.0,17.482067,68.31,465.33,53954106.0,IMFA.NS,0.16549345257106357,0.014892492069087064,0.020151176407963378,1
2025-09-30,784.0382782698108,1192.5243812215322,697.4033222499913,1103.86083984375,7901923,6415400000.0,922900000.0,31774400000.0,3886200000.0,23482500000.0,72600000.0,17.482067,68.31,465.33,53954106.0,IMFA.NS,0.16549345257106357,0.014892492069087064,0.020151176407963378,1
2025-12-31,1101.718937570519,1503.9000244140625,1063.0655780922577,1492.199951171875,17324877,7028300000.0,1312900000.0,31774400000.0,3886200000.0,23482500000.0,72600000.0,17.482067,68.31,465.33,53954106.0,IMFA.NS,0.16549345257106357,0.014892492069087064,0.020151176407963378,0
2026-03-31,1496.0,1510.5999755859375,1064.0999755859375,1194.199951171875,11837602,7028300000.0,1312900000.0,31774400000.0,3886200000.0,23482500000.0,72600000.0,17.482067,68.31,465.33,53954106.0,IMFA.NS,0.16549345257106357,0.014892492069087064,0.020151176407963378,0
2016-03-31,82.78247725783095,83.59453701679247,79.29539682604481,82.40033721923828,14974384,7028300000.0,1312900000.0,31774400000.0,3886200000.0,23482500000.0,72600000.0,17.482067,-3.53,320.141,309896036.0,INDIACEM.NS,0.16549345257106357,0.014892492069087064,0.020151176407963378,1
2016-06-30,82.06596075456542,109.19835041100583,79.29538163684663,108.00414276123047,292250906,7028300000.0,1312900000.0,31774400000.0,3886200000.0,23482500000.0,72600000.0,17.482067,-3.53,320.141,309896036.0,INDIACEM.NS,0.16549345257106357,0.014892492069087064,0.020151176407963378,1
2016-09-30,108.4340502777086,150.6175079369327,102.70185792318603,138.6759490966797,321476245,7028300000.0,1312900000.0,31774400000.0,3886200000.0,23482500000.0,72600000.0,17.482067,-3.53,320.141,309896036.0,INDIACEM.NS,0.16549345257106357,0.014892492069087064,0.020151176407963378,0
2016-12-31,140.0241681485646,158.12910452587428,100.44376862465343,112.28899383544922,255946330,7028300000.0,1312900000.0,31774400000.0,3886200000.0,23482500000.0,72600000.0,17.482067,-3.53,320.141,309896036.0,INDIACEM.NS,0.16549345257106357,0.014892492069087064,0.020151176407963378,1
2017-03-31,114.40766408259175,167.37416513617785,113.78169477017072,156.44381713867188,242983424,7028300000.0,1312900000.0,31774400000.0,3886200000.0,23482500000.0,72600000.0,17.482067,-3.53,320.141,309896036.0,INDIACEM.NS,0.16549345257106357,0.014892492069087064,0.020151176407963378,1
2017-06-30,160.05514653310564,217.88494466910115,153.45844219137575,190.24606323242188,367455941,7028300000.0,1312900000.0,31774400000.0,3886200000.0,23482500000.0,72600000.0,17.482067,-3.53,320.141,309896036.0,INDIACEM.NS,0.16549345257106357,0.014892492069087064,0.020151176407963378,0
2017-09-30,191.3053872485633,210.22890860055065,159.26385661737717,166.86631774902344,269339838,7028300000.0,1312900000.0,31774400000.0,3886200000.0,23482500000.0,72600000.0,17.482067,-3.53,320.141,309896036.0,INDIACEM.NS,0.16549345257106357,0.014892492069087064,0.020151176407963378,1
2017-12-31,168.6095295373112,192.82110531632608,147.20648079669667,177.66465759277344,229546975,7028300000.0,1312900000.0,31774400000.0,3886200000.0,23482500000.0,72600000.0,17.482067,-3.53,320.141,309896036.0,INDIACEM.NS,0.16549345257106357,0.014892492069087064,0.020151176407963378,0
2018-03-31,177.27727400144985,199.45510360456012,131.42050527775922,137.27972412109375,249104230,7028300000.0,1312900000.0,31774400000.0,3886200000.0,23482500000.0,72600000.0,17.482067,-3.53,320.141,309896036.0,INDIACEM.NS,0.16549345257106357,0.014892492069087064,0.020151176407963378,0
2018-06-30,138.24818885564775,150.93507807396617,98.78328821780907,102.36660766601562,208540293,7028300000.0,1312900000.0,31774400000.0,3886200000.0,23482500000.0,72600000.0,17.482067,-3.53,320.141,309896036.0,INDIACEM.NS,0.16549345257106357,0.014892492069087064,0.020151176407963378,0
2018-09-30,102.36661552369836,123.9633511414908,94.03781275863795,98.66712188720703,345701651,7028300000.0,1312900000.0,31774400000.0,3886200000.0,23482500000.0,72600000.0,17.482067,-3.53,320.141,309896036.0,INDIACEM.NS,0.16549345257106357,0.014892492069087064,0.020151176407963378,0
2018-12-31,98.91086910206468,101.25079723787523,77.94898147466463,93.69477081298828,362963349,7028300000.0,1312900000.0,31774400000.0,3886200000.0,23482500000.0,72600000.0,17.482067,-3.53,320.141,309896036.0,INDIACEM.NS,0.16549345257106357,0.014892492069087064,0.020151176407963378,1
2019-03-31,94.08475291728973,102.90826170236771,72.87912974710676,99.83708953857422,346768230,7028300000.0,1312900000.0,31774400000.0,3886200000.0,23482500000.0,72600000.0,17.482067,-3.53,320.141,309896036.0,INDIACEM.NS,0.16549345257106357,0.014892492069087064,0.020151176407963378,0
2019-06-30,107.19813352106354,114.02293048202094,87.84494111679618,97.30217742919922,479381979,7028300000.0,1312900000.0,31774400000.0,3886200000.0,23482500000.0,72600000.0,17.482067,-3.53,320.141,309896036.0,INDIACEM.NS,0.16549345257106357,0.014892492069087064,0.020151176407963378,0
2019-09-30,97.3021760210279,104.71195424454332,66.05433293534674,77.92607879638672,137649760,7028300000.0,1312900000.0,31774400000.0,3886200000.0,23482500000.0,72600000.0,17.482067,-3.53,320.141,309896036.0,INDIACEM.NS,0.16549345257106357,0.014892492069087064,0.020151176407963378,0
2019-12-31,78.51754294500188,87.63603526913995,68.51185525873656,70.38484954833984,83034910,7028300000.0,1312900000.0,31774400000.0,3886200000.0,23482500000.0,72600000.0,17.482067,-3.53,320.141,309896036.0,INDIACEM.NS,0.16549345257106357,0.014892492069087064,0.020151176407963378,1
2020-03-31,70.2369735913356,110.30901664894752,68.61043163475752,104.34503936767578,303784801,7028300000.0,1312900000.0,31774400000.0,3886200000.0,23482500000.0,72600000.0,17.482067,-3.53,320.141,309896036.0,INDIACEM.NS,0.16549345257106357,0.014892492069087064,0.020151176407963378,1
2020-06-30,103.16210492225676,138.0094988768835,95.62086481860007,126.42655944824219,253826198,7028300000.0,1312900000.0,31774400000.0,3886200000.0,23482500000.0,72600000.0,17.482067,-3.53,320.141,309896036.0,INDIACEM.NS,0.16549345257106357,0.014892492069087064,0.020151176407963378,0
2020-09-30,126.6237074571589,128.34883531065387,105.97157337821913,115.92879486083984,122870410,7028300000.0,1312900000.0,31774400000.0,3886200000.0,23482500000.0,72600000.0,17.482067,-3.53,320.141,309896036.0,INDIACEM.NS,0.16549345257106357,0.014892492069087064,0.020151176407963378,1
2020-12-31,116.86969135166903,178.91957320014583,113.30417278244656,167.57925415039062,157021402,7028300000.0,1312900000.0,31774400000.0,3886200000.0,23482500000.0,72600000.0,17.482067,-3.53,320.141,309896036.0,INDIACEM.NS,0.16549345257106357,0.014892492069087064,0.020151176407963378,0
2021-03-31,167.28211951819486,185.85251429452958,152.22773046945392,165.74697875976562,173030016,7028300000.0,1312900000.0,31774400000.0,3886200000.0,23482500000.0,72600000.0,17.482067,-3.53,320.141,309896036.0,INDIACEM.NS,0.16549345257106357,0.014892492069087064,0.020151176407963378,1
2021-06-30,167.28211962284703,209.37501988907403,158.9625859772249,190.111328125,244376284,7028300000.0,1312900000.0,31774400000.0,3886200000.0,23482500000.0,72600000.0,17.482067,-3.53,320.141,309896036.0,INDIACEM.NS,0.16549345257106357,0.014892492069087064,0.020151176407963378,1
2021-09-30,190.90367188884406,203.5315343096876,153.26766701107127,199.6089630126953,172295398,7028300000.0,1312900000.0,31774400000.0,3886200000.0,23482500000.0,72600000.0,17.482067,-3.53,320.141,309896036.0,INDIACEM.NS,0.16549345257106357,0.014892492069087064,0.020151176407963378,0
2021-12-31,197.9646471915815,231.1995957128719,169.5629681988254,191.58673095703125,243218426,7028300000.0,1312900000.0,31774400000.0,3886200000.0,23482500000.0,72600000.0,17.482067,-3.53,320.141,309896036.0,INDIACEM.NS,0.16549345257106357,0.014892492069087064,0.020151176407963378,1
2022-03-31,191.33759517983773,259.0531811024427,180.72433811966278,208.7772216796875,286661646,7028300000.0,1312900000.0,31774400000.0,3886200000.0,23482500000.0,72600000.0,17.482067,-3.53,320.141,309896036.0,INDIACEM.NS,0.16549345257106357,0.014892492069087064,0.020151176407963378,0
2022-06-30,209.17583093690124,234.53803964436617,144.94818241371323,155.96006774902344,152591312,7028300000.0,1312900000.0,31774400000.0,3886200000.0,23482500000.0,72600000.0,17.482067,-3.53,320.141,309896036.0,INDIACEM.NS,0.16549345257106357,0.014892492069087064,0.020151176407963378,1
2022-09-30,155.96006881135835,298.95001220703125,154.11644530205658,269.1000061035156,386838864,7028300000.0,1312900000.0,31774400000.0,3886200000.0,23482500000.0,72600000.0,17.482067,-3.53,320.141,309896036.0,INDIACEM.NS,0.16549345257106357,0.014892492069087064,0.020151176407963378,0
2022-12-31,269.8999938964844,282.5,197.0500030517578,218.4499969482422,348198583,7028300000.0,1312900000.0,31774400000.0,3886200000.0,23482500000.0,72600000.0,17.482067,-3.53,320.141,309896036.0,INDIACEM.NS,0.16549345257106357,0.014892492069087064,0.020151176407963378,0
2023-03-31,219.60000610351562,224.6999969482422,167.1999969482422,185.0500030517578,173341141,7028300000.0,1312900000.0,31774400000.0,3886200000.0,23482500000.0,72600000.0,17.482067,-3.53,320.141,309896036.0,INDIACEM.NS,0.16549345257106357,0.014892492069087064,0.020151176407963378,1
2023-06-30,185.1999969482422,236.8000030517578,176.25,212.10000610351562,199153456,7028300000.0,1312900000.0,31774400000.0,3886200000.0,23482500000.0,72600000.0,17.482067,-3.53,320.141,309896036.0,INDIACEM.NS,0.16549345257106357,0.014892492069087064,0.020151176407963378,1
2023-09-30,214.0,266.8999938964844,204.10000610351562,233.1999969482422,303576392,7028300000.0,1312900000.0,31774400000.0,3886200000.0,23482500000.0,72600000.0,17.482067,-3.53,320.141,309896036.0,INDIACEM.NS,0.16549345257106357,0.014892492069087064,0.020151176407963378,1
2023-12-31,233.60000610351562,275.0,198.0,258.8999938964844,271753945,7028300000.0,1312900000.0,31774400000.0,3886200000.0,23482500000.0,72600000.0,17.482067,-3.53,320.141,309896036.0,INDIACEM.NS,0.16549345257106357,0.014892492069087064,0.020151176407963378,0
2024-03-31,259.8999938964844,277.0,193.64999389648438,212.39999389648438,216571451,7028300000.0,1312900000.0,31774400000.0,3886200000.0,23482500000.0,72600000.0,17.482067,-3.53,320.141,309896036.0,INDIACEM.NS,0.16549345257106357,0.014892492069087064,0.020151176407963378,1
2024-06-30,213.5500030517578,307.8999938964844,172.5500030517578,293.57000732421875,478001204,7028300000.0,1312900000.0,31774400000.0,3886200000.0,23482500000.0,72600000.0,17.482067,-3.53,320.141,309896036.0,INDIACEM.NS,0.16549345257106357,0.014892492069087064,0.020151176407963378,1
2024-09-30,291.0,385.0,272.5,365.70001220703125,358409234,10218400000.0,-3391300000.0,96793100000.0,21373600000.0,52631400000.0,737500000.0,17.482067,-3.53,320.141,309896036.0,INDIACEM.NS,0.4060997807392545,-0.035036588351855656,-0.06443491907872487,1
2024-12-31,367.0,381.8999938964844,331.1000061035156,376.3500061035156,86615012,9398400000.0,1223000000.0,96793100000.0,21373600000.0,52631400000.0,737500000.0,17.482067,-3.53,320.141,309896036.0,INDIACEM.NS,0.4060997807392545,-0.035036588351855656,-0.06443491907872487,0
2025-03-31,376.3500061035156,382.0,238.85000610351562,277.0,79315804,11972961000.0,146822000.0,138302190000.0,11651562000.0,101941312000.0,1031039000.0,17.482067,-3.53,320.141,309896036.0,INDIACEM.NS,0.11429676321999858,0.001061602856758812,0.0014402600586502163,1
2025-06-30,274.8999938964844,360.0,253.0,344.8500061035156,50340163,10247400000.0,-1329000000.0,138302190000.0,11651562000.0,101941312000.0,1031039000.0,17.482067,-3.53,320.141,309896036.0,INDIACEM.NS,0.11429676321999858,0.001061602856758812,0.0014402600586502163,1
2025-09-30,344.04998779296875,412.79998779296875,329.75,384.0,61086826,10247400000.0,-1329000000.0,138302190000.0,11651562000.0,101941312000.0,1031039000.0,17.482067,-3.53,320.141,309896036.0,INDIACEM.NS,0.11429676321999858,0.001061602856758812,0.0014402600586502163,1
2025-12-31,383.04998779296875,451.3500061035156,372.0,435.25,45301690,11142600000.0,-26700000.0,138302190000.0,11651562000.0,101941312000.0,1031039000.0,17.482067,-3.53,320.141,309896036.0,INDIACEM.NS,0.11429676321999858,0.001061602856758812,0.0014402600586502163,0
2026-03-31,435.8999938964844,485.79998779296875,344.6000061035156,349.20001220703125,20457002,11142600000.0,-26700000.0,138302190000.0,11651562000.0,101941312000.0,1031039000.0,17.482067,-3.53,320.141,309896036.0,INDIACEM.NS,0.11429676321999858,0.001061602856758812,0.0014402600586502163,0
2016-03-31,878.4984049834098,917.2695560089668,862.091524258179,915.0,12082102,11142600000.0,-26700000.0,138302190000.0,11651562000.0,101941312000.0,1031039000.0,17.482067,-26.2,835.417,779106092.0,INDUSINDBK.NS,0.11429676321999858,0.001061602856758812,0.0014402600586502163,1
2016-06-30,914.1016821980703,1070.935843112245,884.1721991312033,1055.5260009765625,76064266,11142600000.0,-26700000.0,138302190000.0,11651562000.0,101941312000.0,1031039000.0,17.482067,-26.2,835.417,779106092.0,INDUSINDBK.NS,0.11429676321999858,0.001061602856758812,0.0014402600586502163,1
2016-09-30,1068.2502619130075,1192.6894082493968,1040.23817022856,1135.6212158203125,74126899,11142600000.0,-26700000.0,138302190000.0,11651562000.0,101941312000.0,1031039000.0,17.482067,-26.2,835.417,779106092.0,INDUSINDBK.NS,0.11429676321999858,0.001061602856758812,0.0014402600586502163,0
2016-12-31,1140.4166624339587,1182.766569965312,984.404294342516,1052.0128173828125,73639943,11142600000.0,-26700000.0,138302190000.0,11651562000.0,101941312000.0,1031039000.0,17.482067,-26.2,835.417,779106092.0,INDUSINDBK.NS,0.11429676321999858,0.001061602856758812,0.0014402600586502163,1
2017-03-31,1053.9593648585499,1358.814277365433,1027.4667447323347,1353.2593994140625,82564813,11142600000.0,-26700000.0,138302190000.0,11651562000.0,101941312000.0,1031039000.0,17.482067,-26.2,835.417,779106092.0,INDUSINDBK.NS,0.11429676321999858,0.001061602856758812,0.0014402600586502163,1
2017-06-30,1353.8291936235535,1460.4166708306834,1305.8291870706864,1404.3453369140625,56964014,11142600000.0,-26700000.0,138302190000.0,11651562000.0,101941312000.0,1031039000.0,17.482067,-26.2,835.417,779106092.0,INDUSINDBK.NS,0.11429676321999858,0.001061602856758812,0.0014402600586502163,1
2017-09-30,1408.0961365821881,1719.5241721366888,1398.4581232782882,1603.4276123046875,65342018,11142600000.0,-26700000.0,138302190000.0,11651562000.0,101941312000.0,1031039000.0,17.482067,-26.2,835.417,779106092.0,INDUSINDBK.NS,0.11429676321999858,0.001061602856758812,0.0014402600586502163,0
2017-12-31,1613.721899527899,1675.6781493265821,1498.7691683084838,1571.68701171875,81107147,11142600000.0,-26700000.0,138302190000.0,11651562000.0,101941312000.0,1031039000.0,17.482067,-26.2,835.417,779106092.0,INDUSINDBK.NS,0.11429676321999858,0.001061602856758812,0.0014402600586502163,1
2018-03-31,1574.6416552760181,1732.6778989498707,1511.9230392665213,1712.6134033203125,78026016,11142600000.0,-26700000.0,138302190000.0,11651562000.0,101941312000.0,1031039000.0,17.482067,-26.2,835.417,779106092.0,INDUSINDBK.NS,0.11429676321999858,0.001061602856758812,0.0014402600586502163,1
2018-06-30,1717.2364283076236,1908.9042418914441,1703.7967124758418,1848.8143310546875,65473551,11142600000.0,-26700000.0,138302190000.0,11651562000.0,101941312000.0,1031039000.0,17.482067,-26.2,835.417,779106092.0,INDUSINDBK.NS,0.11429676321999858,0.001061602856758812,0.0014402600586502163,0
2018-09-30,1854.364034108028,1957.756164933868,1584.072603831889,1623.50634765625,79011219,11142600000.0,-26700000.0,138302190000.0,11651562000.0,101941312000.0,1031039000.0,17.482067,-26.2,835.417,779106092.0,INDUSINDBK.NS,0.11429676321999858,0.001061602856758812,0.0014402600586502163,0
2018-12-31,1594.6394974239013,1629.1739177773088,1280.6588692548794,1536.3294677734375,157552175,11142600000.0,-26700000.0,138302190000.0,11651562000.0,101941312000.0,1031039000.0,17.482067,-26.2,835.417,779106092.0,INDUSINDBK.NS,0.11429676321999858,0.001061602856758812,0.0014402600586502163,1
2019-03-31,1537.0019252315499,1762.17273776475,1373.9357369123145,1749.3963623046875,143535146,11142600000.0,-26700000.0,138302190000.0,11651562000.0,101941312000.0,1031039000.0,17.482067,-26.2,835.417,779106092.0,INDUSINDBK.NS,0.11429676321999858,0.001061602856758812,0.0014402600586502163,0
2019-06-30,1726.2452925842629,1751.9420675782283,1294.9241193884409,1354.9632568359375,237884518,11142600000.0,-26700000.0,138302190000.0,11651562000.0,101941312000.0,1031039000.0,17.482067,-26.2,835.417,779106092.0,INDUSINDBK.NS,0.11429676321999858,0.001061602856758812,0.0014402600586502163,0
2019-09-30,1371.6782857151047,1501.4285372357035,1223.7883818346702,1336.099853515625,309451195,11142600000.0,-26700000.0,138302190000.0,11651562000.0,101941312000.0,1031039000.0,17.482067,-26.2,835.417,779106092.0,INDUSINDBK.NS,0.11429676321999858,0.001061602856758812,0.0014402600586502163,1
2019-12-31,1349.0885980003434,1541.7949740321653,1147.3047779010556,1458.213134765625,288288867,11142600000.0,-26700000.0,138302190000.0,11651562000.0,101941312000.0,1031039000.0,17.482067,-26.2,835.417,779106092.0,INDUSINDBK.NS,0.11429676321999858,0.001061602856758812,0.0014402600586502163,0
2020-03-31,1460.1444855850452,1530.6409406017312,227.4715910824157,339.2518005371094,795051366,11142600000.0,-26700000.0,138302190000.0,11651562000.0,101941312000.0,1031039000.0,17.482067,-26.2,835.417,779106092.0,INDUSINDBK.NS,0.11429676321999858,0.001061602856758812,0.0014402600586502163,1
2020-06-30,373.14803441808203,529.6886735543892,299.56141440038033,458.5162658691406,1875899690,11142600000.0,-26700000.0,138302190000.0,11651562000.0,101941312000.0,1031039000.0,17.482067,-26.2,835.417,779106092.0,INDUSINDBK.NS,0.11429676321999858,0.001061602856758812,0.0014402600586502163,1
2020-09-30,464.0208286416186,687.5812449873838,458.8543057167673,509.3123474121094,1342408162,11142600000.0,-26700000.0,138302190000.0,11651562000.0,101941312000.0,1031039000.0,17.482067,-26.2,835.417,779106092.0,INDUSINDBK.NS,0.11429676321999858,0.001061602856758812,0.0014402600586502163,1
2020-12-31,521.4801901138921,920.7988321703269,518.5830779465928,864.2568969726562,1205155054,11142600000.0,-26700000.0,138302190000.0,11651562000.0,101941312000.0,1031039000.0,17.482067,-26.2,835.417,779106092.0,INDUSINDBK.NS,0.11429676321999858,0.001061602856758812,0.0014402600586502163,1
2021-03-31,864.305164788476,1081.105801054045,761.9405443338369,921.7162475585938,640169579,11142600000.0,-26700000.0,138302190000.0,11651562000.0,101941312000.0,1031039000.0,17.482067,-26.2,835.417,779106092.0,INDUSINDBK.NS,0.11429676321999858,0.001061602856758812,0.0014402600586502163,1
2021-06-30,930.9387086710784,1013.9892797137293,783.1860339824971,981.4932861328125,369767827,11142600000.0,-26700000.0,138302190000.0,11651562000.0,101941312000.0,1031039000.0,17.482067,-26.2,835.417,779106092.0,INDUSINDBK.NS,0.11429676321999858,0.001061602856758812,0.0014402600586502163,1
2021-09-30,976.3268263287866,1154.223622156258,930.0213181819523,1079.0611572265625,248639252,11142600000.0,-26700000.0,138302190000.0,11651562000.0,101941312000.0,1031039000.0,17.482067,-26.2,835.417,779106092.0,INDUSINDBK.NS,0.11429676321999858,0.001061602856758812,0.0014402600586502163,0
2021-12-31,1071.3944224799097,1205.3186963139747,787.5330833740592,861.9193725585938,330373234,11142600000.0,-26700000.0,138302190000.0,11651562000.0,101941312000.0,1031039000.0,17.482067,-26.2,835.417,779106092.0,INDUSINDBK.NS,0.11429676321999858,0.001061602856758812,0.0014402600586502163,1
2022-03-31,861.9678732737542,960.7613209836551,791.9002069764772,907.7738647460938,272820085,11142600000.0,-26700000.0,138302190000.0,11651562000.0,101941312000.0,1031039000.0,17.482067,-26.2,835.417,779106092.0,INDUSINDBK.NS,0.11429676321999858,0.001061602856758812,0.0014402600586502163,0
2022-06-30,901.9995215393516,998.6094333912282,740.6596381584882,770.8895874023438,176699688,11142600000.0,-26700000.0,138302190000.0,11651562000.0,101941312000.0,1031039000.0,17.482067,-26.2,835.417,779106092.0,INDUSINDBK.NS,0.11429676321999858,0.001061602856758812,0.0014402600586502163,1
2022-09-30,769.5794194628196,1248.0997263834088,759.8747609576138,1159.4666748046875,265020078,11142600000.0,-26700000.0,138302190000.0,11651562000.0,101941312000.0,1031039000.0,17.482067,-26.2,835.417,779106092.0,INDUSINDBK.NS,0.11429676321999858,0.001061602856758812,0.0014402600586502163,1
2022-12-31,1152.4230232263512,1245.8984897170549,1092.7474443470835,1193.60888671875,199390308,11142600000.0,-26700000.0,138302190000.0,11651562000.0,101941312000.0,1031039000.0,17.482067,-26.2,835.417,779106092.0,INDUSINDBK.NS,0.11429676321999858,0.001061602856758812,0.0014402600586502163,0
2023-03-31,1193.6089676122572,1245.7517489518098,968.5048691626727,1044.762451171875,237196772,11142600000.0,-26700000.0,138302190000.0,11651562000.0,101941312000.0,1031039000.0,17.482067,-26.2,835.417,779106092.0,INDUSINDBK.NS,0.11429676321999858,0.001061602856758812,0.0014402600586502163,1
2023-06-30,1049.7027264538674,1367.073047245779,986.0651048190822,1359.5565185546875,203716244,11142600000.0,-26700000.0,138302190000.0,11651562000.0,101941312000.0,1031039000.0,17.482067,-26.2,835.417,779106092.0,INDUSINDBK.NS,0.11429676321999858,0.001061602856758812,0.0014402600586502163,1
2023-09-30,1364.7982154769843,1459.4474900248676,1330.380413447603,1413.161376953125,181690503,11142600000.0,-26700000.0,138302190000.0,11651562000.0,101941312000.0,1031039000.0,17.482067,-26.2,835.417,779106092.0,INDUSINDBK.NS,0.11429676321999858,0.001061602856758812,0.0014402600586502163,1
2023-12-31,1416.2768337611406,1601.1247006419112,1370.9796400554403,1581.3936767578125,223384101,11142600000.0,-26700000.0,138302190000.0,11651562000.0,101941312000.0,1031039000.0,17.482067,-26.2,835.417,779106092.0,INDUSINDBK.NS,0.11429676321999858,0.001061602856758812,0.0014402600586502163,0
2024-03-31,1581.3936776710066,1675.8946285664556,1407.0789194820488,1535.9482421875,219767003,11142600000.0,-26700000.0,138302190000.0,11651562000.0,101941312000.0,1031039000.0,17.482067,-26.2,835.417,779106092.0,INDUSINDBK.NS,0.11429676321999858,0.001061602856758812,0.0014402600586502163,0
2024-06-30,1535.948188339357,1559.0417994156778,1348.5783727188311,1464.5,236031048,11142600000.0,-26700000.0,138302190000.0,11651562000.0,101941312000.0,1031039000.0,17.482067,-26.2,835.417,779106092.0,INDUSINDBK.NS,0.11429676321999858,0.001061602856758812,0.0014402600586502163,0
2024-09-30,1468.949951171875,1498.0,1329.199951171875,1447.5999755859375,235577578,75322300000.0,13312900000.0,5434065300000.0,447161200000.0,657015900000.0,460175500000.0,17.482067,-26.2,835.417,779106092.0,INDUSINDBK.NS,0.6805941834893189,0.0024498969491588553,0.0202626755303791,0
2024-12-31,1450.0,1450.300048828125,926.4500122070312,960.1500244140625,322474655,75831200000.0,14023300000.0,5434065300000.0,447161200000.0,657015900000.0,460175500000.0,17.482067,-26.2,835.417,779106092.0,INDUSINDBK.NS,0.6805941834893189,0.0024498969491588553,0.0202626755303791,0
2025-03-31,958.5999755859375,1086.550048828125,606.0,649.8499755859375,658568052,35322574000.0,-23288700000.0,5541071158000.0,537035526000.0,648356868000.0,649801649000.0,17.482067,-26.2,835.417,779106092.0,INDUSINDBK.NS,0.8283023632596115,-0.004202923827530461,-0.03591957014635958,1
2025-06-30,649.0,881.0,637.0,872.0999755859375,619332811,67967400000.0,6040700000.0,5541071158000.0,537035526000.0,648356868000.0,649801649000.0,17.482067,-26.2,835.417,779106092.0,INDUSINDBK.NS,0.8283023632596115,-0.004202923827530461,-0.03591957014635958,0
2025-09-30,870.0999755859375,892.7999877929688,710.5999755859375,735.5499877929688,274968667,67967400000.0,6040700000.0,5541071158000.0,537035526000.0,648356868000.0,649801649000.0,17.482067,-26.2,835.417,779106092.0,INDUSINDBK.NS,0.8283023632596115,-0.004202923827530461,-0.03591957014635958,1
2025-12-31,732.2000122070312,892.3499755859375,726.0,864.2000122070312,235677800,62688500000.0,1279800000.0,5541071158000.0,537035526000.0,648356868000.0,649801649000.0,17.482067,-26.2,835.417,779106092.0,INDUSINDBK.NS,0.8283023632596115,-0.004202923827530461,-0.03591957014635958,0
2026-03-31,865.4500122070312,968.8499755859375,783.0,788.4500122070312,245041078,62688500000.0,1279800000.0,5541071158000.0,537035526000.0,648356868000.0,649801649000.0,17.482067,-26.2,835.417,779106092.0,INDUSINDBK.NS,0.8283023632596115,-0.004202923827530461,-0.03591957014635958,0
2016-03-31,454.18267344484667,472.12094836037863,451.167501840932,464.9839172363281,47869180,62688500000.0,1279800000.0,5541071158000.0,537035526000.0,648356868000.0,649801649000.0,17.5,71.84,214.23207,4046406691.0,INFY.NS,0.8283023632596115,-0.004202923827530461,-0.03591957014635958,0
2016-06-30,464.10597216458535,488.2654138686574,439.33588517359624,452.0577087402344,374786474,62688500000.0,1279800000.0,5541071158000.0,537035526000.0,648356868000.0,649801649000.0,17.5,71.84,214.23207,4046406691.0,INFY.NS,0.8283023632596115,-0.004202923827530461,-0.03591957014635958,0
2016-09-30,455.6099033131094,461.8069548064603,389.6236569197236,400.0293273925781,481698994,62688500000.0,1279800000.0,5541071158000.0,537035526000.0,648356868000.0,649801649000.0,17.5,71.84,214.23207,4046406691.0,INFY.NS,0.8283023632596115,-0.004202923827530461,-0.03591957014635958,0
2016-12-31,399.8169850419473,418.041406377699,351.616189589732,394.3876953125,410391364,62688500000.0,1279800000.0,5541071158000.0,537035526000.0,648356868000.0,649801649000.0,17.5,71.84,214.23207,4046406691.0,INFY.NS,0.8283023632596115,-0.004202923827530461,-0.03591957014635958,1
2017-03-31,394.5828389864292,407.42215934732036,351.6748136113444,398.9341735839844,530955338,62688500000.0,1279800000.0,5541071158000.0,537035526000.0,648356868000.0,649801649000.0,17.5,71.84,214.23207,4046406691.0,INFY.NS,0.8283023632596115,-0.004202923827530461,-0.03591957014635958,0
2017-06-30,402.797680160296,402.9147269068031,355.2065362365178,370.695556640625,421537280,62688500000.0,1279800000.0,5541071158000.0,537035526000.0,648356868000.0,649801649000.0,17.5,71.84,214.23207,4046406691.0,INFY.NS,0.8283023632596115,-0.004202923827530461,-0.03591957014635958,0
2017-09-30,372.89461730915826,407.8226588097914,340.76021815919256,356.5699157714844,963533954,62688500000.0,1279800000.0,5541071158000.0,537035526000.0,648356868000.0,649801649000.0,17.5,71.84,214.23207,4046406691.0,INFY.NS,0.8283023632596115,-0.004202923827530461,-0.03591957014635958,1
2017-12-31,360.61140234030813,421.3711852064106,355.48026826874735,418.6592712402344,515044944,62688500000.0,1279800000.0,5541071158000.0,537035526000.0,648356868000.0,649801649000.0,17.5,71.84,214.23207,4046406691.0,INFY.NS,0.8283023632596115,-0.004202923827530461,-0.03591957014635958,1
2018-03-31,416.91151768006387,490.5751489079323,404.1756219675418,454.71771240234375,596786094,62688500000.0,1279800000.0,5541071158000.0,537035526000.0,648356868000.0,649801649000.0,17.5,71.84,214.23207,4046406691.0,INFY.NS,0.8283023632596115,-0.004202923827530461,-0.03591957014635958,1
2018-06-30,458.413912064935,541.2712100911212,442.74501194311347,538.0606079101562,540442250,62688500000.0,1279800000.0,5541071158000.0,537035526000.0,648356868000.0,649801649000.0,17.5,71.84,214.23207,4046406691.0,INFY.NS,0.8283023632596115,-0.004202923827530461,-0.03591957014635958,1
2018-09-30,540.8594532288774,616.1845354812011,521.9665117255729,600.99609375,527491931,62688500000.0,1279800000.0,5541071158000.0,537035526000.0,648356868000.0,649801649000.0,17.5,71.84,214.23207,4046406691.0,INFY.NS,0.8283023632596115,-0.004202923827530461,-0.03591957014635958,0
2018-12-31,607.1292047960968,621.4533579973747,499.1895675244097,548.3720703125,510993424,62688500000.0,1279800000.0,5541071158000.0,537035526000.0,648356868000.0,649801649000.0,17.5,71.84,214.23207,4046406691.0,INFY.NS,0.8283023632596115,-0.004202923827530461,-0.03591957014635958,1
2019-03-31,550.0364030170276,646.1920912429433,541.7561829893202,617.365478515625,481900472,62688500000.0,1279800000.0,5541071158000.0,537035526000.0,648356868000.0,649801649000.0,17.5,71.84,214.23207,4046406691.0,INFY.NS,0.8283023632596115,-0.004202923827530461,-0.03591957014635958,1
2019-06-30,620.8800660353369,646.8196987241678,583.6020448386506,621.1647338867188,491928214,62688500000.0,1279800000.0,5541071158000.0,537035526000.0,648356868000.0,649801649000.0,17.5,71.84,214.23207,4046406691.0,INFY.NS,0.8283023632596115,-0.004202923827530461,-0.03591957014635958,1
2019-09-30,623.7104559909642,718.7520611306138,599.5258354647062,683.6630859375,489992789,62688500000.0,1279800000.0,5541071158000.0,537035526000.0,648356868000.0,649801649000.0,17.5,71.84,214.23207,4046406691.0,INFY.NS,0.8283023632596115,-0.004202923827530461,-0.03591957014635958,0
2019-12-31,684.8086291121432,699.0649452510944,528.5353162771628,628.2533569335938,746515424,62688500000.0,1279800000.0,5541071158000.0,537035526000.0,648356868000.0,649801649000.0,17.5,71.84,214.23207,4046406691.0,INFY.NS,0.8283023632596115,-0.004202923827530461,-0.03591957014635958,0
2020-03-31,631.5614385527498,697.3813611703688,437.58183411403814,551.2200317382812,602220648,62688500000.0,1279800000.0,5541071158000.0,537035526000.0,648356868000.0,649801649000.0,17.5,71.84,214.23207,4046406691.0,INFY.NS,0.8283023632596115,-0.004202923827530461,-0.03591957014635958,1
2020-06-30,545.0761167002236,654.616335195248,500.2223783055305,640.9857788085938,624953667,62688500000.0,1279800000.0,5541071158000.0,537035526000.0,648356868000.0,649801649000.0,17.5,71.84,214.23207,4046406691.0,INFY.NS,0.8283023632596115,-0.004202923827530461,-0.03591957014635958,1
2020-09-30,642.1180087062032,903.1895320113309,635.58578074378,878.1493530273438,784586342,62688500000.0,1279800000.0,5541071158000.0,537035526000.0,648356868000.0,649801649000.0,17.5,71.84,214.23207,4046406691.0,INFY.NS,0.8283023632596115,-0.004202923827530461,-0.03591957014635958,1
2020-12-31,888.9057879466892,1108.1912427335908,881.1977782369984,1105.50634765625,699328798,62688500000.0,1279800000.0,5541071158000.0,537035526000.0,648356868000.0,649801649000.0,17.5,71.84,214.23207,4046406691.0,INFY.NS,0.8283023632596115,-0.004202923827530461,-0.03591957014635958,1
2021-03-31,1107.355100874464,1237.7305756497244,1083.6743644373792,1204.322265625,513392095,62688500000.0,1279800000.0,5541071158000.0,537035526000.0,648356868000.0,649801649000.0,17.5,71.84,214.23207,4046406691.0,INFY.NS,0.8283023632596115,-0.004202923827530461,-0.03591957014635958,1
2021-06-30,1214.841933392189,1415.703438725539,1154.364147358403,1406.6273193359375,432309253,62688500000.0,1279800000.0,5541071158000.0,537035526000.0,648356868000.0,649801649000.0,17.5,71.84,214.23207,4046406691.0,INFY.NS,0.8283023632596115,-0.004202923827530461,-0.03591957014635958,1
2021-09-30,1403.1124693019067,1590.997713616821,1364.7613001298819,1490.626220703125,356219943,62688500000.0,1279800000.0,5541071158000.0,537035526000.0,648356868000.0,649801649000.0,17.5,71.84,214.23207,4046406691.0,INFY.NS,0.8283023632596115,-0.004202923827530461,-0.03591957014635958,1
2021-12-31,1481.6390593077983,1714.438591263301,1478.2132744965895,1694.6441650390625,358439041,62688500000.0,1279800000.0,5541071158000.0,537035526000.0,648356868000.0,649801649000.0,17.5,71.84,214.23207,4046406691.0,INFY.NS,0.8283023632596115,-0.004202923827530461,-0.03591957014635958,1
2022-03-31,1694.6441036073452,1754.0273268080673,1494.6798767200826,1711.7901611328125,424968660,62688500000.0,1279800000.0,5541071158000.0,537035526000.0,648356868000.0,649801649000.0,17.5,71.84,214.23207,4046406691.0,INFY.NS,0.8283023632596115,-0.004202923827530461,-0.03591957014635958,0
2022-06-30,1693.8361285877643,1714.887394872627,1240.2959348612192,1326.25439453125,485880673,62688500000.0,1279800000.0,5541071158000.0,537035526000.0,648356868000.0,649801649000.0,17.5,71.84,214.23207,4046406691.0,INFY.NS,0.8283023632596115,-0.004202923827530461,-0.03591957014635958,0
2022-09-30,1319.087388364539,1479.981775810349,1229.273297586771,1282.2999267578125,379003517,62688500000.0,1279800000.0,5541071158000.0,537035526000.0,648356868000.0,649801649000.0,17.5,71.84,214.23207,4046406691.0,INFY.NS,0.8283023632596115,-0.004202923827530461,-0.03591957014635958,1
2022-12-31,1280.98449026065,1533.9872026204164,1257.3969571538678,1383.2113037109375,324721661,62688500000.0,1279800000.0,5541071158000.0,537035526000.0,648356868000.0,649801649000.0,17.5,71.84,214.23207,4046406691.0,INFY.NS,0.8283023632596115,-0.004202923827530461,-0.03591957014635958,0
2023-03-31,1388.5308744976214,1485.5170954490195,1251.466181751986,1309.612060546875,384110474,62688500000.0,1279800000.0,5541071158000.0,537035526000.0,648356868000.0,649801649000.0,17.5,71.84,214.23207,4046406691.0,INFY.NS,0.8283023632596115,-0.004202923827530461,-0.03591957014635958,0
2023-06-30,1316.0777246615953,1316.0777246615953,1087.071182308468,1241.2862548828125,460957724,62688500000.0,1279800000.0,5541071158000.0,537035526000.0,648356868000.0,649801649000.0,17.5,71.84,214.23207,4046406691.0,INFY.NS,0.8283023632596115,-0.004202923827530461,-0.03591957014635958,1
2023-09-30,1236.1742236402893,1411.2837147970909,1212.9379141908757,1334.1851806640625,421193196,62688500000.0,1279800000.0,5541071158000.0,537035526000.0,648356868000.0,649801649000.0,17.5,71.84,214.23207,4046406691.0,INFY.NS,0.8283023632596115,-0.004202923827530461,-0.03591957014635958,1
2023-12-31,1334.7430734406207,1499.7854551895782,1272.5579091746342,1452.6170654296875,330923483,62688500000.0,1279800000.0,5541071158000.0,537035526000.0,648356868000.0,649801649000.0,17.5,71.84,214.23207,4046406691.0,INFY.NS,0.8283023632596115,-0.004202923827530461,-0.03591957014635958,0
2024-03-31,1448.945315866922,1631.5931715300217,1394.8568706833632,1410.3914794921875,403397716,62688500000.0,1279800000.0,5541071158000.0,537035526000.0,648356868000.0,649801649000.0,17.5,71.84,214.23207,4046406691.0,INFY.NS,0.8283023632596115,-0.004202923827530461,-0.03591957014635958,1
2024-06-30,1435.7644049013911,1525.4713521019703,1298.0721544750609,1504.5843505859375,537485099,62688500000.0,1279800000.0,5541071158000.0,537035526000.0,648356868000.0,649801649000.0,17.5,71.84,214.23207,4046406691.0,INFY.NS,0.8283023632596115,-0.004202923827530461,-0.03591957014635958,1
2024-09-30,1497.6220524294586,1897.3561122833119,1497.6220524294586,1801.179931640625,451559116,62688500000.0,1279800000.0,5541071158000.0,537035526000.0,648356868000.0,649801649000.0,17.5,71.84,214.23207,4046406691.0,INFY.NS,0.8283023632596115,-0.004202923827530461,-0.03591957014635958,1
2024-12-31,1800.603757202924,1948.7771714843159,1668.6183034798119,1825.9617919921875,335335187,4939000000.0,804000000.0,16291000000.0,960000000.0,10307000000.0,2613000000.0,17.5,71.84,214.23207,4046406691.0,INFY.NS,0.09314058406907927,0.04935240316739304,0.07800523915785389,0
2025-03-31,1820.134335963438,1925.8070469770787,1500.736758011993,1525.5037841796875,408681926,4730000000.0,813000000.0,17419000000.0,962000000.0,11205000000.0,2861000000.0,17.5,71.84,214.23207,4046406691.0,INFY.NS,0.08585452922802321,0.04667317297204202,0.07255689424364123,1
2025-06-30,1495.0061979771754,1622.5604988569514,1269.4320382766355,1577.6480712890625,496339967,4941000000.0,809000000.0,17447000000.0,693000000.0,11069000000.0,3202000000.0,17.5,71.84,214.23207,4046406691.0,INFY.NS,0.0626072815972536,0.046369003267037315,0.07308699972897281,0
2025-09-30,1584.7395342639384,1624.1364168524187,1392.6796832838538,1420.060546875,509833291,5076000000.0,839000000.0,18064000000.0,986000000.0,11634000000.0,3539000000.0,17.5,71.84,214.23207,4046406691.0,INFY.NS,0.08475159016675263,0.046445969884853854,0.07211621110538079,1
2025-12-31,1424.197180444367,1693.199951171875,1405.877655696216,1615.4000244140625,506145527,5099000000.0,747000000.0,15953000000.0,978000000.0,9233000000.0,2216000000.0,17.5,71.84,214.23207,4046406691.0,INFY.NS,0.10592440160294596,0.04682504858020435,0.0809054478501029,0
2026-03-31,1615.4000244140625,1728.0,1215.0999755859375,1257.199951171875,648716950,5099000000.0,747000000.0,15953000000.0,978000000.0,9233000000.0,2216000000.0,17.5,71.84,214.23207,4046406691.0,INFY.NS,0.10592440160294596,0.04682504858020435,0.0809054478501029,0
2016-03-31,67.5250015258789,68.25,62.599998474121094,64.80000305175781,4029936,5099000000.0,747000000.0,15953000000.0,978000000.0,9233000000.0,2216000000.0,27.901459,2.74,50.91,1728237822.0,INOXWIND.NS,0.10592440160294596,0.04682504858020435,0.0809054478501029,0
2016-06-30,65.0,73.75,52.75,59.4375,122536368,5099000000.0,747000000.0,15953000000.0,978000000.0,9233000000.0,2216000000.0,27.901459,2.74,50.91,1728237822.0,INOXWIND.NS,0.10592440160294596,0.04682504858020435,0.0809054478501029,0
2016-09-30,59.45000076293945,62.32500076293945,40.75,50.0625,118346128,5099000000.0,747000000.0,15953000000.0,978000000.0,9233000000.0,2216000000.0,27.901459,2.74,50.91,1728237822.0,INOXWIND.NS,0.10592440160294596,0.04682504858020435,0.0809054478501029,0
2016-12-31,51.724998474121094,57.73749923706055,42.625,45.474998474121094,65576356,5099000000.0,747000000.0,15953000000.0,978000000.0,9233000000.0,2216000000.0,27.901459,2.74,50.91,1728237822.0,INOXWIND.NS,0.10592440160294596,0.04682504858020435,0.0809054478501029,0
2017-03-31,45.54999923706055,49.625,41.375,42.61249923706055,96417756,5099000000.0,747000000.0,15953000000.0,978000000.0,9233000000.0,2216000000.0,27.901459,2.74,50.91,1728237822.0,INOXWIND.NS,0.10592440160294596,0.04682504858020435,0.0809054478501029,0
2017-06-30,43.0,52.125,32.900001525878906,35.5625,161674200,5099000000.0,747000000.0,15953000000.0,978000000.0,9233000000.0,2216000000.0,27.901459,2.74,50.91,1728237822.0,INOXWIND.NS,0.10592440160294596,0.04682504858020435,0.0809054478501029,0
2017-09-30,35.625,41.92499923706055,26.149999618530273,26.825000762939453,121152648,5099000000.0,747000000.0,15953000000.0,978000000.0,9233000000.0,2216000000.0,27.901459,2.74,50.91,1728237822.0,INOXWIND.NS,0.10592440160294596,0.04682504858020435,0.0809054478501029,1
2017-12-31,27.100000381469727,39.67499923706055,26.8125,36.07500076293945,139889984,5099000000.0,747000000.0,15953000000.0,978000000.0,9233000000.0,2216000000.0,27.901459,2.74,50.91,1728237822.0,INOXWIND.NS,0.10592440160294596,0.04682504858020435,0.0809054478501029,0
2018-03-31,36.07500076293945,38.20000076293945,24.887500762939453,27.125,63216512,5099000000.0,747000000.0,15953000000.0,978000000.0,9233000000.0,2216000000.0,27.901459,2.74,50.91,1728237822.0,INOXWIND.NS,0.10592440160294596,0.04682504858020435,0.0809054478501029,0
2018-06-30,27.487499237060547,29.75,20.637500762939453,20.962499618530273,51986356,5099000000.0,747000000.0,15953000000.0,978000000.0,9233000000.0,2216000000.0,27.901459,2.74,50.91,1728237822.0,INOXWIND.NS,0.10592440160294596,0.04682504858020435,0.0809054478501029,1
2018-09-30,21.137500762939453,27.25,18.850000381469727,21.6875,40953792,5099000000.0,747000000.0,15953000000.0,978000000.0,9233000000.0,2216000000.0,27.901459,2.74,50.91,1728237822.0,INOXWIND.NS,0.10592440160294596,0.04682504858020435,0.0809054478501029,0
2018-12-31,21.887500762939453,24.950000762939453,17.837499618530273,19.200000762939453,31253000,5099000000.0,747000000.0,15953000000.0,978000000.0,9233000000.0,2216000000.0,27.901459,2.74,50.91,1728237822.0,INOXWIND.NS,0.10592440160294596,0.04682504858020435,0.0809054478501029,0
2019-03-31,19.450000762939453,20.162500381469727,14.137499809265137,16.575000762939453,62857832,5099000000.0,747000000.0,15953000000.0,978000000.0,9233000000.0,2216000000.0,27.901459,2.74,50.91,1728237822.0,INOXWIND.NS,0.10592440160294596,0.04682504858020435,0.0809054478501029,1
2019-06-30,16.774999618530273,18.75,13.637499809265137,17.612499237060547,20084200,5099000000.0,747000000.0,15953000000.0,978000000.0,9233000000.0,2216000000.0,27.901459,2.74,50.91,1728237822.0,INOXWIND.NS,0.10592440160294596,0.04682504858020435,0.0809054478501029,0
2019-09-30,17.649999618530273,17.9375,7.699999809265137,8.274999618530273,29520176,5099000000.0,747000000.0,15953000000.0,978000000.0,9233000000.0,2216000000.0,27.901459,2.74,50.91,1728237822.0,INOXWIND.NS,0.10592440160294596,0.04682504858020435,0.0809054478501029,1
2019-12-31,8.587499618530273,12.074999809265137,7.162499904632568,8.887499809265137,70572484,5099000000.0,747000000.0,15953000000.0,978000000.0,9233000000.0,2216000000.0,27.901459,2.74,50.91,1728237822.0,INOXWIND.NS,0.10592440160294596,0.04682504858020435,0.0809054478501029,0
2020-03-31,8.962499618530273,12.449999809265137,4.0,4.599999904632568,111401200,5099000000.0,747000000.0,15953000000.0,978000000.0,9233000000.0,2216000000.0,27.901459,2.74,50.91,1728237822.0,INOXWIND.NS,0.10592440160294596,0.04682504858020435,0.0809054478501029,1
2020-06-30,4.925000190734863,10.9375,4.612500190734863,9.962499618530273,35192876,5099000000.0,747000000.0,15953000000.0,978000000.0,9233000000.0,2216000000.0,27.901459,2.74,50.91,1728237822.0,INOXWIND.NS,0.10592440160294596,0.04682504858020435,0.0809054478501029,0
2020-09-30,9.875,13.0,8.512499809265137,9.75,37866012,5099000000.0,747000000.0,15953000000.0,978000000.0,9233000000.0,2216000000.0,27.901459,2.74,50.91,1728237822.0,INOXWIND.NS,0.10592440160294596,0.04682504858020435,0.0809054478501029,1
2020-12-31,10.212499618530273,17.075000762939453,8.662500381469727,15.362500190734863,68121180,5099000000.0,747000000.0,15953000000.0,978000000.0,9233000000.0,2216000000.0,27.901459,2.74,50.91,1728237822.0,INOXWIND.NS,0.10592440160294596,0.04682504858020435,0.0809054478501029,1
2021-03-31,15.725000381469727,20.725000381469727,15.399999618530273,17.450000762939453,54944092,5099000000.0,747000000.0,15953000000.0,978000000.0,9233000000.0,2216000000.0,27.901459,2.74,50.91,1728237822.0,INOXWIND.NS,0.10592440160294596,0.04682504858020435,0.0809054478501029,1
2021-06-30,17.674999237060547,24.174999237060547,15.75,20.612499237060547,112642732,5099000000.0,747000000.0,15953000000.0,978000000.0,9233000000.0,2216000000.0,27.901459,2.74,50.91,1728237822.0,INOXWIND.NS,0.10592440160294596,0.04682504858020435,0.0809054478501029,1
2021-09-30,20.637500762939453,35.67499923706055,20.4375,24.5,240412684,5099000000.0,747000000.0,15953000000.0,978000000.0,9233000000.0,2216000000.0,27.901459,2.74,50.91,1728237822.0,INOXWIND.NS,0.10592440160294596,0.04682504858020435,0.0809054478501029,1
2021-12-31,24.5,38.61249923706055,24.387500762939453,28.924999237060547,299655720,5099000000.0,747000000.0,15953000000.0,978000000.0,9233000000.0,2216000000.0,27.901459,2.74,50.91,1728237822.0,INOXWIND.NS,0.10592440160294596,0.04682504858020435,0.0809054478501029,0
2022-03-31,29.037500381469727,34.849998474121094,24.600000381469727,27.700000762939453,166590412,5099000000.0,747000000.0,15953000000.0,978000000.0,9233000000.0,2216000000.0,27.901459,2.74,50.91,1728237822.0,INOXWIND.NS,0.10592440160294596,0.04682504858020435,0.0809054478501029,0
2022-06-30,27.75,31.600000381469727,19.600000381469727,19.787500381469727,136897528,5099000000.0,747000000.0,15953000000.0,978000000.0,9233000000.0,2216000000.0,27.901459,2.74,50.91,1728237822.0,INOXWIND.NS,0.10592440160294596,0.04682504858020435,0.0809054478501029,1
2022-09-30,19.287500381469727,39.849998474121094,18.850000381469727,36.900001525878906,193296148,5099000000.0,747000000.0,15953000000.0,978000000.0,9233000000.0,2216000000.0,27.901459,2.74,50.91,1728237822.0,INOXWIND.NS,0.10592440160294596,0.04682504858020435,0.0809054478501029,0
2022-12-31,36.63750076293945,39.974998474121094,25.637500762939453,27.137500762939453,158636464,5099000000.0,747000000.0,15953000000.0,978000000.0,9233000000.0,2216000000.0,27.901459,2.74,50.91,1728237822.0,INOXWIND.NS,0.10592440160294596,0.04682504858020435,0.0809054478501029,0
2023-03-31,27.25,29.700000762939453,22.200000762939453,23.337499618530273,93626688,5099000000.0,747000000.0,15953000000.0,978000000.0,9233000000.0,2216000000.0,27.901459,2.74,50.91,1728237822.0,INOXWIND.NS,0.10592440160294596,0.04682504858020435,0.0809054478501029,1
2023-06-30,23.424999237060547,41.82500076293945,23.149999618530273,38.45000076293945,315862152,5099000000.0,747000000.0,15953000000.0,978000000.0,9233000000.0,2216000000.0,27.901459,2.74,50.91,1728237822.0,INOXWIND.NS,0.10592440160294596,0.04682504858020435,0.0809054478501029,1
2023-09-30,38.724998474121094,57.099998474121094,38.36249923706055,48.26250076293945,324715832,5099000000.0,747000000.0,15953000000.0,978000000.0,9233000000.0,2216000000.0,27.901459,2.74,50.91,1728237822.0,INOXWIND.NS,0.10592440160294596,0.04682504858020435,0.0809054478501029,1
2023-12-31,47.974998474121094,125.5,47.25,124.9375,855475300,5099000000.0,747000000.0,15953000000.0,978000000.0,9233000000.0,2216000000.0,27.901459,2.74,50.91,1728237822.0,INOXWIND.NS,0.10592440160294596,0.04682504858020435,0.0809054478501029,1
2024-03-31,126.0,162.0,102.51249694824219,130.39999389648438,375649368,5099000000.0,747000000.0,15953000000.0,978000000.0,9233000000.0,2216000000.0,27.901459,2.74,50.91,1728237822.0,INOXWIND.NS,0.10592440160294596,0.04682504858020435,0.0809054478501029,1
2024-06-30,131.25,177.0,124.25,141.86000061035156,481888254,5099000000.0,747000000.0,15953000000.0,978000000.0,9233000000.0,2216000000.0,27.901459,2.74,50.91,1728237822.0,INOXWIND.NS,0.10592440160294596,0.04682504858020435,0.0809054478501029,1
2024-09-30,144.0,261.8999938964844,140.10000610351562,237.47999572753906,1035099646,5099000000.0,747000000.0,83582300000.0,35426200000.0,26683200000.0,3605900000.0,27.901459,2.74,50.91,1728237822.0,INOXWIND.NS,1.3276593512022545,0.04682504858020435,0.0809054478501029,0
2024-12-31,238.4499969482422,241.77999877929688,174.36000061035156,181.02000427246094,460828940,9112700000.0,1166500000.0,83582300000.0,35426200000.0,26683200000.0,3605900000.0,27.901459,2.74,50.91,1728237822.0,INOXWIND.NS,1.3276593512022545,0.04682504858020435,0.0809054478501029,0
2025-03-31,180.60000610351562,191.39999389648438,130.32000732421875,163.0399932861328,694148081,12247775000.0,1868667000.0,87950932000.0,14999433000.0,50467440000.0,210099000.0,27.901459,2.74,50.91,1728237822.0,INOXWIND.NS,0.29721010219658456,0.021246699239071166,0.03702718029684089,1
2025-06-30,163.35000610351562,201.0,137.41000366210938,175.33999633789062,533464134,8262500000.0,1058600000.0,87950932000.0,14999433000.0,50467440000.0,210099000.0,27.901459,2.74,50.91,1728237822.0,INOXWIND.NS,0.29721010219658456,0.021246699239071166,0.03702718029684089,0
2025-09-30,175.89999389648438,181.0,135.5,140.24000549316406,426394805,11191800000.0,917500000.0,100047700000.0,11398800000.0,66728400000.0,498400000.0,27.901459,2.74,50.91,1728237822.0,INOXWIND.NS,0.17082381714532344,0.009170625611583275,0.01374976771509582,0
2025-12-31,140.1999969482422,159.3000030517578,118.27999877929688,123.52999877929688,459747587,12074500000.0,1173900000.0,100047700000.0,11398800000.0,66728400000.0,498400000.0,27.901459,2.74,50.91,1728237822.0,INOXWIND.NS,0.17082381714532344,0.009170625611583275,0.01374976771509582,0
2026-03-31,123.63999938964844,129.0,75.62999725341797,76.43000030517578,617136849,12074500000.0,1173900000.0,100047700000.0,11398800000.0,66728400000.0,498400000.0,27.901459,2.74,50.91,1728237822.0,INOXWIND.NS,0.17082381714532344,0.009170625611583275,0.01374976771509582,0
2016-03-31,28.700000762939453,30.5,27.399999618530273,30.25,6250472,12074500000.0,1173900000.0,100047700000.0,11398800000.0,66728400000.0,498400000.0,13.142277,2.46,17.75,19256589795.0,IOB.NS,0.17082381714532344,0.009170625611583275,0.01374976771509582,0
2016-06-30,31.0,32.70000076293945,25.049999237060547,27.299999237060547,124444068,12074500000.0,1173900000.0,100047700000.0,11398800000.0,66728400000.0,498400000.0,13.142277,2.46,17.75,19256589795.0,IOB.NS,0.17082381714532344,0.009170625611583275,0.01374976771509582,0
2016-09-30,27.549999237060547,29.149999618530273,25.0,25.450000762939453,126316160,12074500000.0,1173900000.0,100047700000.0,11398800000.0,66728400000.0,498400000.0,13.142277,2.46,17.75,19256589795.0,IOB.NS,0.17082381714532344,0.009170625611583275,0.01374976771509582,0
2016-12-31,25.5,27.799999237060547,20.5,24.25,51743427,12074500000.0,1173900000.0,100047700000.0,11398800000.0,66728400000.0,498400000.0,13.142277,2.46,17.75,19256589795.0,IOB.NS,0.17082381714532344,0.009170625611583275,0.01374976771509582,1
2017-03-31,24.0,28.850000381469727,24.0,26.649999618530273,62281703,12074500000.0,1173900000.0,100047700000.0,11398800000.0,66728400000.0,498400000.0,13.142277,2.46,17.75,19256589795.0,IOB.NS,0.17082381714532344,0.009170625611583275,0.01374976771509582,0
2017-06-30,26.950000762939453,32.20000076293945,24.5,24.700000762939453,173131307,12074500000.0,1173900000.0,100047700000.0,11398800000.0,66728400000.0,498400000.0,13.142277,2.46,17.75,19256589795.0,IOB.NS,0.17082381714532344,0.009170625611583275,0.01374976771509582,0
2017-09-30,25.100000381469727,27.450000762939453,21.600000381469727,22.200000762939453,61072505,12074500000.0,1173900000.0,100047700000.0,11398800000.0,66728400000.0,498400000.0,13.142277,2.46,17.75,19256589795.0,IOB.NS,0.17082381714532344,0.009170625611583275,0.01374976771509582,0
2017-12-31,22.350000381469727,28.399999618530273,19.799999237060547,22.100000381469727,91669672,12074500000.0,1173900000.0,100047700000.0,11398800000.0,66728400000.0,498400000.0,13.142277,2.46,17.75,19256589795.0,IOB.NS,0.17082381714532344,0.009170625611583275,0.01374976771509582,0
2018-03-31,22.200000762939453,25.399999618530273,17.149999618530273,17.450000762939453,71503173,12074500000.0,1173900000.0,100047700000.0,11398800000.0,66728400000.0,498400000.0,13.142277,2.46,17.75,19256589795.0,IOB.NS,0.17082381714532344,0.009170625611583275,0.01374976771509582,0
2018-06-30,17.600000381469727,18.649999618530273,13.800000190734863,14.050000190734863,40530596,12074500000.0,1173900000.0,100047700000.0,11398800000.0,66728400000.0,498400000.0,13.142277,2.46,17.75,19256589795.0,IOB.NS,0.17082381714532344,0.009170625611583275,0.01374976771509582,0
2018-09-30,14.0,17.299999237060547,12.199999809265137,13.100000381469727,52254493,12074500000.0,1173900000.0,100047700000.0,11398800000.0,66728400000.0,498400000.0,13.142277,2.46,17.75,19256589795.0,IOB.NS,0.17082381714532344,0.009170625611583275,0.01374976771509582,1
2018-12-31,13.149999618530273,15.449999809265137,10.850000381469727,14.949999809265137,37952204,12074500000.0,1173900000.0,100047700000.0,11398800000.0,66728400000.0,498400000.0,13.142277,2.46,17.75,19256589795.0,IOB.NS,0.17082381714532344,0.009170625611583275,0.01374976771509582,0
2019-03-31,14.949999809265137,15.75,12.0,14.25,42983071,12074500000.0,1173900000.0,100047700000.0,11398800000.0,66728400000.0,498400000.0,13.142277,2.46,17.75,19256589795.0,IOB.NS,0.17082381714532344,0.009170625611583275,0.01374976771509582,0
2019-06-30,14.550000190734863,15.449999809265137,11.149999618530273,12.149999618530273,53882858,12074500000.0,1173900000.0,100047700000.0,11398800000.0,66728400000.0,498400000.0,13.142277,2.46,17.75,19256589795.0,IOB.NS,0.17082381714532344,0.009170625611583275,0.01374976771509582,0
2019-09-30,12.5,12.949999809265137,8.75,9.399999618530273,40981917,12074500000.0,1173900000.0,100047700000.0,11398800000.0,66728400000.0,498400000.0,13.142277,2.46,17.75,19256589795.0,IOB.NS,0.17082381714532344,0.009170625611583275,0.01374976771509582,1
2019-12-31,9.449999809265137,12.850000381469727,9.199999809265137,11.300000190734863,69214580,12074500000.0,1173900000.0,100047700000.0,11398800000.0,66728400000.0,498400000.0,13.142277,2.46,17.75,19256589795.0,IOB.NS,0.17082381714532344,0.009170625611583275,0.01374976771509582,0
2020-03-31,11.300000190734863,12.149999618530273,6.050000190734863,7.050000190734863,78539100,12074500000.0,1173900000.0,100047700000.0,11398800000.0,66728400000.0,498400000.0,13.142277,2.46,17.75,19256589795.0,IOB.NS,0.17082381714532344,0.009170625611583275,0.01374976771509582,1
2020-06-30,7.099999904632568,13.75,6.849999904632568,12.199999809265137,281574870,12074500000.0,1173900000.0,100047700000.0,11398800000.0,66728400000.0,498400000.0,13.142277,2.46,17.75,19256589795.0,IOB.NS,0.17082381714532344,0.009170625611583275,0.01374976771509582,0
2020-09-30,11.649999618530273,12.25,8.75,9.199999809265137,267806155,12074500000.0,1173900000.0,100047700000.0,11398800000.0,66728400000.0,498400000.0,13.142277,2.46,17.75,19256589795.0,IOB.NS,0.17082381714532344,0.009170625611583275,0.01374976771509582,1
2020-12-31,9.199999809265137,12.149999618530273,8.5,10.699999809265137,194757237,12074500000.0,1173900000.0,100047700000.0,11398800000.0,66728400000.0,498400000.0,13.142277,2.46,17.75,19256589795.0,IOB.NS,0.17082381714532344,0.009170625611583275,0.01374976771509582,1
2021-03-31,10.75,20.649999618530273,10.199999809265137,16.0,1039995482,12074500000.0,1173900000.0,100047700000.0,11398800000.0,66728400000.0,498400000.0,13.142277,2.46,17.75,19256589795.0,IOB.NS,0.17082381714532344,0.009170625611583275,0.01374976771509582,1
2021-06-30,17.100000381469727,29.0,12.800000190734863,28.049999237060547,1581913069,12074500000.0,1173900000.0,100047700000.0,11398800000.0,66728400000.0,498400000.0,13.142277,2.46,17.75,19256589795.0,IOB.NS,0.17082381714532344,0.009170625611583275,0.01374976771509582,0
2021-09-30,28.350000381469727,28.950000762939453,18.75,22.75,713888864,12074500000.0,1173900000.0,100047700000.0,11398800000.0,66728400000.0,498400000.0,13.142277,2.46,17.75,19256589795.0,IOB.NS,0.17082381714532344,0.009170625611583275,0.01374976771509582,0
2021-12-31,22.5,23.600000381469727,19.450000762939453,20.350000381469727,468668884,12074500000.0,1173900000.0,100047700000.0,11398800000.0,66728400000.0,498400000.0,13.142277,2.46,17.75,19256589795.0,IOB.NS,0.17082381714532344,0.009170625611583275,0.01374976771509582,0
2022-03-31,20.399999618530273,22.350000381469727,16.600000381469727,18.149999618530273,262515188,12074500000.0,1173900000.0,100047700000.0,11398800000.0,66728400000.0,498400000.0,13.142277,2.46,17.75,19256589795.0,IOB.NS,0.17082381714532344,0.009170625611583275,0.01374976771509582,0
2022-06-30,17.799999237060547,20.200000762939453,15.25,16.450000762939453,134617647,12074500000.0,1173900000.0,100047700000.0,11398800000.0,66728400000.0,498400000.0,13.142277,2.46,17.75,19256589795.0,IOB.NS,0.17082381714532344,0.009170625611583275,0.01374976771509582,1
2022-09-30,16.450000762939453,19.799999237060547,16.100000381469727,17.5,194888428,12074500000.0,1173900000.0,100047700000.0,11398800000.0,66728400000.0,498400000.0,13.142277,2.46,17.75,19256589795.0,IOB.NS,0.17082381714532344,0.009170625611583275,0.01374976771509582,1
2022-12-31,17.5,36.70000076293945,17.049999237060547,32.099998474121094,3540405867,12074500000.0,1173900000.0,100047700000.0,11398800000.0,66728400000.0,498400000.0,13.142277,2.46,17.75,19256589795.0,IOB.NS,0.17082381714532344,0.009170625611583275,0.01374976771509582,0
2023-03-31,32.400001525878906,33.150001525878906,20.850000381469727,22.450000762939453,1588341580,12074500000.0,1173900000.0,100047700000.0,11398800000.0,66728400000.0,498400000.0,13.142277,2.46,17.75,19256589795.0,IOB.NS,0.17082381714532344,0.009170625611583275,0.01374976771509582,1
2023-06-30,22.600000381469727,26.5,22.25,24.399999618530273,567615787,12074500000.0,1173900000.0,100047700000.0,11398800000.0,66728400000.0,498400000.0,13.142277,2.46,17.75,19256589795.0,IOB.NS,0.17082381714532344,0.009170625611583275,0.01374976771509582,1
2023-09-30,24.5,48.599998474121094,24.450000762939453,46.75,3361894156,12074500000.0,1173900000.0,100047700000.0,11398800000.0,66728400000.0,498400000.0,13.142277,2.46,17.75,19256589795.0,IOB.NS,0.17082381714532344,0.009170625611583275,0.01374976771509582,0
2023-12-31,46.95000076293945,51.099998474121094,36.650001525878906,43.29999923706055,2460674835,12074500000.0,1173900000.0,100047700000.0,11398800000.0,66728400000.0,498400000.0,13.142277,2.46,17.75,19256589795.0,IOB.NS,0.17082381714532344,0.009170625611583275,0.01374976771509582,1
2024-03-31,43.25,83.75,42.04999923706055,59.95000076293945,2685237257,12074500000.0,1173900000.0,100047700000.0,11398800000.0,66728400000.0,498400000.0,13.142277,2.46,17.75,19256589795.0,IOB.NS,0.17082381714532344,0.009170625611583275,0.01374976771509582,1
2024-06-30,60.5,75.55000305175781,58.599998474121094,64.27999877929688,1227098896,12074500000.0,1173900000.0,100047700000.0,11398800000.0,66728400000.0,498400000.0,13.142277,2.46,17.75,19256589795.0,IOB.NS,0.17082381714532344,0.009170625611583275,0.01374976771509582,0
2024-09-30,64.5999984741211,72.5999984741211,56.630001068115234,57.72999954223633,855987454,41729800000.0,7796100000.0,3763625900000.0,287642000000.0,281047200000.0,229957100000.0,13.142277,2.46,17.75,19256589795.0,IOB.NS,1.0234650976775432,0.002071433295216722,0.027739468672877722,0
2024-12-31,57.75,59.939998626708984,48.439998626708984,51.7599983215332,464204453,40900200000.0,8752700000.0,3860804300000.0,430966700000.0,289248300000.0,236561000000.0,13.142277,2.46,17.75,19256589795.0,IOB.NS,1.4899541328332786,0.002267066476278013,0.030260160561012803,0
2025-03-31,51.599998474121094,54.540000915527344,38.849998474121094,38.970001220703125,429454754,47453863000.0,10919537000.0,3947079697000.0,402816632000.0,322333481000.0,212196351000.0,13.142277,2.46,17.75,19256589795.0,IOB.NS,1.2496890820969355,0.0027664850568635477,0.03387652119203838,1
2025-06-30,39.0,42.79999923706055,33.5,38.97999954223633,794605585,42285800000.0,11784500000.0,4134728500000.0,404084900000.0,331366900000.0,234029600000.0,13.142277,2.46,17.75,19256589795.0,IOB.NS,1.2194485930851875,0.002850126676999469,0.03556329856723771,1
2025-09-30,39.0,41.31999969482422,35.5099983215332,39.540000915527344,521582581,42285800000.0,11784500000.0,4134728500000.0,404084900000.0,331366900000.0,234029600000.0,13.142277,2.46,17.75,19256589795.0,IOB.NS,1.2194485930851875,0.002850126676999469,0.03556329856723771,0
2025-12-31,39.54999923706055,41.79999923706055,33.709999084472656,36.130001068115234,562939844,47977300000.0,14271600000.0,4475416200000.0,468052900000.0,356785100000.0,207822700000.0,13.142277,2.46,17.75,19256589795.0,IOB.NS,1.311862238641692,0.0031888877731639795,0.04000054935029518,0
2026-03-31,36.0,38.02000045776367,31.549999237060547,32.33000183105469,413552072,47977300000.0,14271600000.0,4475416200000.0,468052900000.0,356785100000.0,207822700000.0,13.142277,2.46,17.75,19256589795.0,IOB.NS,1.311862238641692,0.0031888877731639795,0.04000054935029518,0
2016-03-31,278.4310295634571,305.64243908449305,276.92469554249,282.8771667480469,1940608,47977300000.0,14271600000.0,4475416200000.0,468052900000.0,356785100000.0,207822700000.0,42.589287,35.84,324.6,253704218.0,IPCALAB.NS,1.311862238641692,0.0031888877731639795,0.04000054935029518,0
2016-06-30,282.8771341773823,283.314442518554,196.31086401077837,237.44383239746094,44314594,47977300000.0,14271600000.0,4475416200000.0,468052900000.0,356785100000.0,207822700000.0,42.589287,35.84,324.6,253704218.0,IPCALAB.NS,1.311862238641692,0.0031888877731639795,0.04000054935029518,1
2016-09-30,238.19700748809706,300.7589221210197,223.0363552892479,291.3078918457031,39059438,47977300000.0,14271600000.0,4475416200000.0,468052900000.0,356785100000.0,207822700000.0,42.589287,35.84,324.6,253704218.0,IPCALAB.NS,1.311862238641692,0.0031888877731639795,0.04000054935029518,0
2016-12-31,291.3320769929962,312.93123485215824,222.06452630528352,259.01861572265625,11123126,47977300000.0,14271600000.0,4475416200000.0,468052900000.0,356785100000.0,207822700000.0,42.589287,35.84,324.6,253704218.0,IPCALAB.NS,1.311862238641692,0.0031888877731639795,0.04000054935029518,1
2017-03-31,259.9660992949981,307.0272669759171,249.7861402952039,303.1399230957031,17350736,47977300000.0,14271600000.0,4475416200000.0,468052900000.0,356785100000.0,207822700000.0,42.589287,35.84,324.6,253704218.0,IPCALAB.NS,1.311862238641692,0.0031888877731639795,0.04000054935029518,0
2017-06-30,300.4431573627392,319.5396100407662,211.90884450097454,239.2903289794922,36674644,47977300000.0,14271600000.0,4475416200000.0,468052900000.0,356785100000.0,207822700000.0,42.589287,35.84,324.6,253704218.0,IPCALAB.NS,1.311862238641692,0.0031888877731639795,0.04000054935029518,0
2017-09-30,241.20969844738755,290.58426357177706,194.76156041898932,237.43870544433594,37311794,47977300000.0,14271600000.0,4475416200000.0,468052900000.0,356785100000.0,207822700000.0,42.589287,35.84,324.6,253704218.0,IPCALAB.NS,1.311862238641692,0.0031888877731639795,0.04000054935029518,1
2017-12-31,241.01743011050755,304.31498138699124,234.93116164077364,291.3146057128906,33097622,47977300000.0,14271600000.0,4475416200000.0,468052900000.0,356785100000.0,207822700000.0,42.589287,35.84,324.6,253704218.0,IPCALAB.NS,1.311862238641692,0.0031888877731639795,0.04000054935029518,1
2018-03-31,291.16850089288596,338.8364691096382,252.24052300995137,319.23858642578125,33772634,47977300000.0,14271600000.0,4475416200000.0,468052900000.0,356785100000.0,207822700000.0,42.589287,35.84,324.6,253704218.0,IPCALAB.NS,1.311862238641692,0.0031888877731639795,0.04000054935029518,1
2018-06-30,319.45766398696423,370.04694193735503,306.5303648732899,340.63800048828125,20601488,47977300000.0,14271600000.0,4475416200000.0,468052900000.0,356785100000.0,207822700000.0,42.589287,35.84,324.6,253704218.0,IPCALAB.NS,1.311862238641692,0.0031888877731639795,0.04000054935029518,0
2018-09-30,340.29716218101294,400.7622230860436,318.85463078020524,331.2626647949219,20524078,47977300000.0,14271600000.0,4475416200000.0,468052900000.0,356785100000.0,207822700000.0,42.589287,35.84,324.6,253704218.0,IPCALAB.NS,1.311862238641692,0.0031888877731639795,0.04000054935029518,1
2018-12-31,330.7994700470256,402.9318327596384,292.50281950262905,391.06005859375,19683114,47977300000.0,14271600000.0,4475416200000.0,468052900000.0,356785100000.0,207822700000.0,42.589287,35.84,324.6,253704218.0,IPCALAB.NS,1.311862238641692,0.0031888877731639795,0.04000054935029518,1
2019-03-31,390.0606761525778,471.70002630831215,349.56999782704713,467.82403564453125,23526848,47977300000.0,14271600000.0,4475416200000.0,468052900000.0,356785100000.0,207822700000.0,42.589287,35.84,324.6,253704218.0,IPCALAB.NS,1.311862238641692,0.0031888877731639795,0.04000054935029518,0
2019-06-30,481.40219339450323,503.68308201283776,435.10979053997534,447.4447326660156,17072128,47977300000.0,14271600000.0,4475416200000.0,468052900000.0,356785100000.0,207822700000.0,42.589287,35.84,324.6,253704218.0,IPCALAB.NS,1.311862238641692,0.0031888877731639795,0.04000054935029518,0
2019-09-30,449.5655213833392,490.0606500840178,435.772489731494,441.6414794921875,19547318,47977300000.0,14271600000.0,4475416200000.0,468052900000.0,356785100000.0,207822700000.0,42.589287,35.84,324.6,253704218.0,IPCALAB.NS,1.311862238641692,0.0031888877731639795,0.04000054935029518,1
2019-12-31,447.5104495041409,581.176773988826,413.1035541173873,555.7200317382812,27514868,47977300000.0,14271600000.0,4475416200000.0,468052900000.0,356785100000.0,207822700000.0,42.589287,35.84,324.6,253704218.0,IPCALAB.NS,1.311862238641692,0.0031888877731639795,0.04000054935029518,1
2020-03-31,556.037863587659,796.2193446599211,543.3706532552192,683.4378662109375,42291906,47977300000.0,14271600000.0,4475416200000.0,468052900000.0,356785100000.0,207822700000.0,42.589287,35.84,324.6,253704218.0,IPCALAB.NS,1.311862238641692,0.0031888877731639795,0.04000054935029518,1
2020-06-30,677.424506356477,895.8694277384012,671.0429711516696,821.9418334960938,68979006,47977300000.0,14271600000.0,4475416200000.0,468052900000.0,356785100000.0,207822700000.0,42.589287,35.84,324.6,253704218.0,IPCALAB.NS,1.311862238641692,0.0031888877731639795,0.04000054935029518,1
2020-09-30,821.7454800193472,1097.6733603041976,792.7831243914251,1063.4827880859375,44649644,47977300000.0,14271600000.0,4475416200000.0,468052900000.0,356785100000.0,207822700000.0,42.589287,35.84,324.6,253704218.0,IPCALAB.NS,1.311862238641692,0.0031888877731639795,0.04000054935029518,1
2020-12-31,1074.9942273447748,1207.5829211229948,963.1701147610618,1078.579345703125,75733436,47977300000.0,14271600000.0,4475416200000.0,468052900000.0,356785100000.0,207822700000.0,42.589287,35.84,324.6,253704218.0,IPCALAB.NS,1.311862238641692,0.0031888877731639795,0.04000054935029518,0
2021-03-31,1082.1272671380264,1083.6055830767395,879.7950184607942,938.1146240234375,31548644,47977300000.0,14271600000.0,4475416200000.0,468052900000.0,356785100000.0,207822700000.0,42.589287,35.84,324.6,253704218.0,IPCALAB.NS,1.311862238641692,0.0031888877731639795,0.04000054935029518,1
2021-06-30,941.0958735213221,1137.8104847981863,903.4235519925786,998.5531005859375,34375908,47977300000.0,14271600000.0,4475416200000.0,468052900000.0,356785100000.0,207822700000.0,42.589287,35.84,324.6,253704218.0,IPCALAB.NS,1.311862238641692,0.0031888877731639795,0.04000054935029518,1
2021-09-30,998.6024033827064,1363.1058401075522,985.5438826797234,1188.2457275390625,30182918,47977300000.0,14271600000.0,4475416200000.0,468052900000.0,356785100000.0,207822700000.0,42.589287,35.84,324.6,253704218.0,IPCALAB.NS,1.311862238641692,0.0031888877731639795,0.04000054935029518,0
2021-12-31,1191.5719806549982,1210.5926965543217,952.2783812153807,1071.8665771484375,71318892,47977300000.0,14271600000.0,4475416200000.0,468052900000.0,356785100000.0,207822700000.0,42.589287,35.84,324.6,253704218.0,IPCALAB.NS,1.311862238641692,0.0031888877731639795,0.04000054935029518,0
2022-03-31,1073.4494035647967,1116.4862442519955,915.3506187342797,1054.4044189453125,26829933,47977300000.0,14271600000.0,4475416200000.0,468052900000.0,356785100000.0,207822700000.0,42.589287,35.84,324.6,253704218.0,IPCALAB.NS,1.311862238641692,0.0031888877731639795,0.04000054935029518,0
2022-06-30,1053.6623445412508,1053.6623445412508,822.2029162159154,887.945556640625,20822557,47977300000.0,14271600000.0,4475416200000.0,468052900000.0,356785100000.0,207822700000.0,42.589287,35.84,324.6,253704218.0,IPCALAB.NS,1.311862238641692,0.0031888877731639795,0.04000054935029518,1
2022-09-30,880.7727396901803,1023.2893048851154,843.6719472557287,905.2592163085938,21943631,47977300000.0,14271600000.0,4475416200000.0,468052900000.0,356785100000.0,207822700000.0,42.589287,35.84,324.6,253704218.0,IPCALAB.NS,1.311862238641692,0.0031888877731639795,0.04000054935029518,0
2022-12-31,906.001241766622,941.1727158569504,826.4076541300152,837.984130859375,16084344,47977300000.0,14271600000.0,4475416200000.0,468052900000.0,356785100000.0,207822700000.0,42.589287,35.84,324.6,253704218.0,IPCALAB.NS,1.311862238641692,0.0031888877731639795,0.04000054935029518,0
2023-03-31,835.8968816630683,884.5497868591414,762.8428921227619,805.4328002929688,17001583,47977300000.0,14271600000.0,4475416200000.0,468052900000.0,356785100000.0,207822700000.0,42.589287,35.84,324.6,253704218.0,IPCALAB.NS,1.311862238641692,0.0031888877731639795,0.04000054935029518,0
2023-06-30,805.4328002929688,849.3646459638243,665.7357054441442,738.3424072265625,52977597,47977300000.0,14271600000.0,4475416200000.0,468052900000.0,356785100000.0,207822700000.0,42.589287,35.84,324.6,253704218.0,IPCALAB.NS,1.311862238641692,0.0031888877731639795,0.04000054935029518,1
2023-09-30,736.503703183596,949.2050768774504,733.0249407529043,929.9725341796875,38122560,47977300000.0,14271600000.0,4475416200000.0,468052900000.0,356785100000.0,207822700000.0,42.589287,35.84,324.6,253704218.0,IPCALAB.NS,1.311862238641692,0.0031888877731639795,0.04000054935029518,1
2023-12-31,929.9725412175371,1156.9525565172385,911.4356919949429,1108.4578857421875,28904046,47977300000.0,14271600000.0,4475416200000.0,468052900000.0,356785100000.0,207822700000.0,42.589287,35.84,324.6,253704218.0,IPCALAB.NS,1.311862238641692,0.0031888877731639795,0.04000054935029518,1
2024-03-31,1099.645225260838,1258.622144774623,1056.5775649743136,1232.18408203125,25428139,47977300000.0,14271600000.0,4475416200000.0,468052900000.0,356785100000.0,207822700000.0,42.589287,35.84,324.6,253704218.0,IPCALAB.NS,1.311862238641692,0.0031888877731639795,0.04000054935029518,0
2024-06-30,1235.7690097910017,1368.8059060328535,1047.565675170852,1124.9381103515625,37880747,47977300000.0,14271600000.0,4475416200000.0,468052900000.0,356785100000.0,207822700000.0,42.589287,35.84,324.6,253704218.0,IPCALAB.NS,1.311862238641692,0.0031888877731639795,0.04000054935029518,1
2024-09-30,1133.103575774986,1515.805602628554,1108.607168754226,1494.1134033203125,30886057,47977300000.0,14271600000.0,114237700000.0,12021800000.0,67003900000.0,2559400000.0,42.589287,35.84,324.6,253704218.0,IPCALAB.NS,0.17941940693004438,0.0031888877731639795,0.04000054935029518,1
2024-12-31,1494.0636025132792,1704.1031838577435,1449.2331454708096,1692.8507080078125,31042552,22453700000.0,2481400000.0,114237700000.0,12021800000.0,67003900000.0,2559400000.0,42.589287,35.84,324.6,253704218.0,IPCALAB.NS,0.17941940693004438,0.0031888877731639795,0.04000054935029518,0
2025-03-31,1701.638617641549,1753.4666317784045,1276.228981633285,1499.8187255859375,22732902,21617000000.0,678200000.0,117605500000.0,13627400000.0,69484500000.0,1671700000.0,42.589287,35.84,324.6,253704218.0,IPCALAB.NS,0.19612143715504896,0.005766737099880533,0.009760450172340594,0
2025-06-30,1491.5800701514404,1513.0502633367814,1166.5810746222649,1387.8740234375,17174381,23088500000.0,2332100000.0,117605500000.0,13627400000.0,69484500000.0,1671700000.0,42.589287,35.84,324.6,253704218.0,IPCALAB.NS,0.19612143715504896,0.005766737099880533,0.009760450172340594,0
2025-09-30,1378.0875295465942,1592.78963386025,1301.4000244140625,1339.0,13760422,25565000000.0,2825700000.0,122626600000.0,12789200000.0,74269000000.0,2129500000.0,42.589287,35.84,324.6,253704218.0,IPCALAB.NS,0.17220105292921675,0.023043124411832344,0.038046829767466914,1
2025-12-31,1338.0,1548.0,1251.5999755859375,1418.9000244140625,16354076,23925000000.0,3262700000.0,122626600000.0,12789200000.0,74269000000.0,2129500000.0,42.589287,35.84,324.6,253704218.0,IPCALAB.NS,0.17220105292921675,0.023043124411832344,0.038046829767466914,1
2026-03-31,1420.0,1624.0,1391.0999755859375,1526.4000244140625,12016213,23925000000.0,3262700000.0,122626600000.0,12789200000.0,74269000000.0,2129500000.0,42.589287,35.84,324.6,253704218.0,IPCALAB.NS,0.17220105292921675,0.023043124411832344,0.038046829767466914,0
2016-03-31,20.699180080165412,20.867250820930376,19.695183035184677,20.584182739257812,43495770,23925000000.0,3262700000.0,122626600000.0,12789200000.0,74269000000.0,2129500000.0,32.007877,1.27,33.286,6039000000.0,IRB.NS,0.17220105292921675,0.023043124411832344,0.038046829767466914,0
2016-06-30,20.65495457194398,21.194543570860905,17.27585688149235,18.876949310302734,648333920,23925000000.0,3262700000.0,122626600000.0,12789200000.0,74269000000.0,2129500000.0,32.007877,1.27,33.286,6039000000.0,IRB.NS,0.17220105292921675,0.023043124411832344,0.038046829767466914,1
2016-09-30,19.014056329785692,23.5652239851936,17.921598685727737,21.685487747192383,1296882410,23925000000.0,3262700000.0,122626600000.0,12789200000.0,74269000000.0,2129500000.0,32.007877,1.27,33.286,6039000000.0,IRB.NS,0.17220105292921675,0.023043124411832344,0.038046829767466914,0
2016-12-31,21.94201850433901,23.140624618563354,15.696878693075684,17.337778091430664,1101901640,23925000000.0,3262700000.0,122626600000.0,12789200000.0,74269000000.0,2129500000.0,32.007877,1.27,33.286,6039000000.0,IRB.NS,0.17220105292921675,0.023043124411832344,0.038046829767466914,1
2017-03-31,17.558923542720535,22.248755290010283,17.337778414190563,21.089035034179688,1024755530,23925000000.0,3262700000.0,122626600000.0,12789200000.0,74269000000.0,2129500000.0,32.007877,1.27,33.286,6039000000.0,IRB.NS,0.17220105292921675,0.023043124411832344,0.038046829767466914,0
2017-06-30,21.222849054600058,24.322868293551025,18.389620810511477,18.895673751831055,1776194090,23925000000.0,3262700000.0,122626600000.0,12789200000.0,74269000000.0,2129500000.0,32.007877,1.27,33.286,6039000000.0,IRB.NS,0.17220105292921675,0.023043124411832344,0.038046829767466914,1
2017-09-30,18.88663970617433,21.51966456530833,17.832536203701167,19.449939727783203,1312009660,23925000000.0,3262700000.0,122626600000.0,12789200000.0,74269000000.0,2129500000.0,32.007877,1.27,33.286,6039000000.0,IRB.NS,0.17220105292921675,0.023043124411832344,0.038046829767466914,1
2017-12-31,19.62812922143647,22.958878612812263,17.681764775624615,21.748111724853516,1526403780,23925000000.0,3262700000.0,122626600000.0,12789200000.0,74269000000.0,2129500000.0,32.007877,1.27,33.286,6039000000.0,IRB.NS,0.17220105292921675,0.023043124411832344,0.038046829767466914,0
2018-03-31,21.780093621755842,23.758442073625726,19.130115309721905,20.602497100830078,877738330,23925000000.0,3262700000.0,122626600000.0,12789200000.0,74269000000.0,2129500000.0,32.007877,1.27,33.286,6039000000.0,IRB.NS,0.17220105292921675,0.023043124411832344,0.038046829767466914,0
2018-06-30,20.972051548557083,26.441412381239257,18.56996630541183,19.484601974487305,1896581420,23925000000.0,3262700000.0,122626600000.0,12789200000.0,74269000000.0,2129500000.0,32.007877,1.27,33.286,6039000000.0,IRB.NS,0.17220105292921675,0.023043124411832344,0.038046829767466914,0
2018-09-30,19.58161114340088,19.94192467179957,12.269351271366409,12.835342407226562,1284474490,23925000000.0,3262700000.0,122626600000.0,12789200000.0,74269000000.0,2129500000.0,32.007877,1.27,33.286,6039000000.0,IRB.NS,0.17220105292921675,0.023043124411832344,0.038046829767466914,1
2018-12-31,12.769854845664899,15.857075271584664,10.98300904190195,15.356568336486816,1354944220,23925000000.0,3262700000.0,122626600000.0,12789200000.0,74269000000.0,2129500000.0,32.007877,1.27,33.286,6039000000.0,IRB.NS,0.17220105292921675,0.023043124411832344,0.038046829767466914,0
2019-03-31,15.450121626873068,15.482864704040727,10.225239788521005,13.471494674682617,1358014680,23925000000.0,3262700000.0,122626600000.0,12789200000.0,74269000000.0,2129500000.0,32.007877,1.27,33.286,6039000000.0,IRB.NS,0.17220105292921675,0.023043124411832344,0.038046829767466914,0
2019-06-30,13.602469689738887,14.991717480125441,7.839661940041595,8.971641540527344,2558750640,23925000000.0,3262700000.0,122626600000.0,12789200000.0,74269000000.0,2129500000.0,32.007877,1.27,33.286,6039000000.0,IRB.NS,0.17220105292921675,0.023043124411832344,0.038046829767466914,0
2019-09-30,9.02309589609586,9.897806676307301,6.3147633190972545,6.960271835327148,683025990,23925000000.0,3262700000.0,122626600000.0,12789200000.0,74269000000.0,2129500000.0,32.007877,1.27,33.286,6039000000.0,IRB.NS,0.17220105292921675,0.023043124411832344,0.038046829767466914,1
2019-12-31,6.9415626241529695,8.363552720669375,5.252947097206037,6.969627857208252,842682440,23925000000.0,3262700000.0,122626600000.0,12789200000.0,74269000000.0,2129500000.0,32.007877,1.27,33.286,6039000000.0,IRB.NS,0.17220105292921675,0.023043124411832344,0.038046829767466914,0
2020-03-31,7.0070475519790705,11.226247206586667,4.265973534556721,4.98164701461792,1460591670,23925000000.0,3262700000.0,122626600000.0,12789200000.0,74269000000.0,2129500000.0,32.007877,1.27,33.286,6039000000.0,IRB.NS,0.17220105292921675,0.023043124411832344,0.038046829767466914,1
2020-06-30,4.9676143035548215,8.87341085788666,4.6869583928429845,8.284032821655273,1316661760,23925000000.0,3262700000.0,122626600000.0,12789200000.0,74269000000.0,2129500000.0,32.007877,1.27,33.286,6039000000.0,IRB.NS,0.17220105292921675,0.023043124411832344,0.038046829767466914,1
2020-09-30,8.312098836515071,13.576081563269394,8.139027172695398,11.046440124511719,2027220390,23925000000.0,3262700000.0,122626600000.0,12789200000.0,74269000000.0,2129500000.0,32.007877,1.27,33.286,6039000000.0,IRB.NS,0.17220105292921675,0.023043124411832344,0.038046829767466914,1
2020-12-31,11.22224321933451,12.101271182851875,9.513023746436692,11.57873821258545,388518050,23925000000.0,3262700000.0,122626600000.0,12789200000.0,74269000000.0,2129500000.0,32.007877,1.27,33.286,6039000000.0,IRB.NS,0.17220105292921675,0.023043124411832344,0.038046829767466914,0
2021-03-31,11.544553979239726,12.872860428518777,10.011138800410391,10.606924057006836,1093813000,23925000000.0,3262700000.0,122626600000.0,12789200000.0,74269000000.0,2129500000.0,32.007877,1.27,33.286,6039000000.0,IRB.NS,0.17220105292921675,0.023043124411832344,0.038046829767466914,1
2021-06-30,10.74366231884483,16.696622590463964,9.825567785624052,15.763883590698242,2883571290,23925000000.0,3262700000.0,122626600000.0,12789200000.0,74269000000.0,2129500000.0,32.007877,1.27,33.286,6039000000.0,IRB.NS,0.17220105292921675,0.023043124411832344,0.038046829767466914,1
2021-09-30,15.744350442621018,21.106410552038092,14.459993789096618,19.885540008544922,2180114450,23925000000.0,3262700000.0,122626600000.0,12789200000.0,74269000000.0,2129500000.0,32.007877,1.27,33.286,6039000000.0,IRB.NS,0.17220105292921675,0.023043124411832344,0.038046829767466914,1
2021-12-31,19.924609916556275,33.779049396334656,19.32393996134446,22.210081100463867,3095623640,23925000000.0,3262700000.0,122626600000.0,12789200000.0,74269000000.0,2129500000.0,32.007877,1.27,33.286,6039000000.0,IRB.NS,0.17220105292921675,0.023043124411832344,0.038046829767466914,1
2022-03-31,22.371236948700442,29.58902067497472,19.543698296864015,24.539499282836914,1584490410,23925000000.0,3262700000.0,122626600000.0,12789200000.0,74269000000.0,2129500000.0,32.007877,1.27,33.286,6039000000.0,IRB.NS,0.17220105292921675,0.023043124411832344,0.038046829767466914,0
2022-06-30,24.78855590442663,26.3708087855823,17.47309913889071,19.75368881225586,866340020,23925000000.0,3262700000.0,122626600000.0,12789200000.0,74269000000.0,2129500000.0,32.007877,1.27,33.286,6039000000.0,IRB.NS,0.17220105292921675,0.023043124411832344,0.038046829767466914,1
2022-09-30,19.826941562937836,26.37080598307245,18.918614878116802,20.501489639282227,788314450,23925000000.0,3262700000.0,122626600000.0,12789200000.0,74269000000.0,2129500000.0,32.007877,1.27,33.286,6039000000.0,IRB.NS,0.17220105292921675,0.023043124411832344,0.038046829767466914,1
2022-12-31,20.60944307702723,32.327389547539006,20.216882630887596,28.544076919555664,2226291790,23925000000.0,3262700000.0,122626600000.0,12789200000.0,74269000000.0,2129500000.0,32.007877,1.27,33.286,6039000000.0,IRB.NS,0.17220105292921675,0.023043124411832344,0.038046829767466914,0
2023-03-31,28.755081828208834,34.25093835019972,22.08155170266447,24.682262420654297,1899171770,23925000000.0,3262700000.0,122626600000.0,12789200000.0,74269000000.0,2129500000.0,32.007877,1.27,33.286,6039000000.0,IRB.NS,0.17220105292921675,0.023043124411832344,0.038046829767466914,1
2023-06-30,24.976688843843295,29.68741369821065,24.338775862577606,26.42258071899414,528563812,23925000000.0,3262700000.0,122626600000.0,12789200000.0,74269000000.0,2129500000.0,32.007877,1.27,33.286,6039000000.0,IRB.NS,0.17220105292921675,0.023043124411832344,0.038046829767466914,1
2023-09-30,26.373372889520947,34.4428442202815,24.552827846086142,31.096967697143555,1282076901,23925000000.0,3262700000.0,122626600000.0,12789200000.0,74269000000.0,2129500000.0,32.007877,1.27,33.286,6039000000.0,IRB.NS,0.17220105292921675,0.023043124411832344,0.038046829767466914,1
2023-12-31,31.096966093281736,42.93197150290892,29.916066994738184,41.00742721557617,2218504769,23925000000.0,3262700000.0,122626600000.0,12789200000.0,74269000000.0,2129500000.0,32.007877,1.27,33.286,6039000000.0,IRB.NS,0.17220105292921675,0.023043124411832344,0.038046829767466914,1
2024-03-31,41.0074307880169,71.05981815357987,40.5139563615623,57.86943817138672,2051819963,23925000000.0,3262700000.0,122626600000.0,12789200000.0,74269000000.0,2129500000.0,32.007877,1.27,33.286,6039000000.0,IRB.NS,0.17220105292921675,0.023043124411832344,0.038046829767466914,1
2024-06-30,58.11653007182557,77.35909694517946,57.66048771091405,64.21349334716797,4029063507,23925000000.0,3262700000.0,122626600000.0,12789200000.0,74269000000.0,2129500000.0,32.007877,1.27,33.286,6039000000.0,IRB.NS,0.17220105292921675,0.023043124411832344,0.038046829767466914,0
2024-09-30,64.54015237531084,71.27133932843059,57.50174518687783,60.53546142578125,2244321657,23925000000.0,3262700000.0,448221390000.0,188382840000.0,139356920000.0,1399320000.0,32.007877,1.27,33.286,6039000000.0,IRB.NS,1.3518011161555523,0.023043124411832344,0.038046829767466914,0
2024-12-31,60.77339187935776,61.575475420827104,44.75868298971853,56.85723876953125,1096408076,17805700000.0,60261090000.0,448221390000.0,188382840000.0,139356920000.0,1399320000.0,32.007877,1.27,33.286,6039000000.0,IRB.NS,1.3518011161555523,0.023043124411832344,0.038046829767466914,0
2025-03-31,57.3141610689181,60.54242747071165,40.84059080981398,44.94056701660156,1100387874,18324540000.0,2147220000.0,538959710000.0,205993200000.0,198265790000.0,18392850000.0,32.007877,1.27,33.286,6039000000.0,IRB.NS,1.0389750042102575,0.003984008377917525,0.010830007536852424,1
2025-06-30,45.01022543490559,54.016251022978835,40.76097659474853,49.36894607543945,991727836,18659040000.0,2024820000.0,538959710000.0,205993200000.0,198265790000.0,18392850000.0,32.007877,1.27,33.286,6039000000.0,IRB.NS,1.0389750042102575,0.003984008377917525,0.010830007536852424,0
2025-09-30,49.458510529680815,49.906322111410994,40.37989032940762,41.057701110839844,578288580,14476060000.0,1408240000.0,543460170000.0,208515830000.0,203804190000.0,3894750000.0,32.007877,1.27,33.286,6039000000.0,IRB.NS,1.0231184648362726,0.002591247855385612,0.006909769617592258,1
2025-12-31,41.0577039734987,45.80241711935627,40.48338104151469,41.980918884277344,565756113,14898800000.0,2107900000.0,543460170000.0,208515830000.0,203804190000.0,3894750000.0,32.007877,1.27,33.286,6039000000.0,IRB.NS,1.0231184648362726,0.002591247855385612,0.006909769617592258,0
2026-03-31,42.12068970173189,44.85618941007459,38.29999923706055,40.599998474121094,413810607,14898800000.0,2107900000.0,543460170000.0,208515830000.0,203804190000.0,3894750000.0,32.007877,1.27,33.286,6039000000.0,IRB.NS,1.0231184648362726,0.002591247855385612,0.006909769617592258,0
2016-12-31,221.25823247806306,226.08919825269328,203.09379821686602,205.89576721191406,122798,14898800000.0,2107900000.0,543460170000.0,208515830000.0,203804190000.0,3894750000.0,42.877968,9.26,39.468,85769400.0,ITDC.NS,1.0231184648362726,0.002591247855385612,0.006909769617592258,1
2017-03-31,207.97305841917395,444.44876855168957,196.13719330588765,398.02325439453125,7498655,14898800000.0,2107900000.0,543460170000.0,208515830000.0,203804190000.0,3894750000.0,42.877968,9.26,39.468,85769400.0,ITDC.NS,1.0231184648362726,0.002591247855385612,0.006909769617592258,1
2017-06-30,402.6126410687441,721.7462293595653,384.9796185483272,521.6959228515625,11647555,14898800000.0,2107900000.0,543460170000.0,208515830000.0,203804190000.0,3894750000.0,42.877968,9.26,39.468,85769400.0,ITDC.NS,1.0231184648362726,0.002591247855385612,0.006909769617592258,0
2017-09-30,524.6428511038903,637.2149988417699,394.20677469595813,503.57415771484375,5509438,14898800000.0,2107900000.0,543460170000.0,208515830000.0,203804190000.0,3894750000.0,42.877968,9.26,39.468,85769400.0,ITDC.NS,1.0231184648362726,0.002591247855385612,0.006909769617592258,0
2017-12-31,512.5319923161787,583.6618649022239,479.363833653312,499.26470947265625,2672127,14898800000.0,2107900000.0,543460170000.0,208515830000.0,203804190000.0,3894750000.0,42.877968,9.26,39.468,85769400.0,ITDC.NS,1.0231184648362726,0.002591247855385612,0.006909769617592258,0
2018-03-31,499.60363666765636,571.3629403465793,361.701848818075,440.7242126464844,4112147,14898800000.0,2107900000.0,543460170000.0,208515830000.0,203804190000.0,3894750000.0,42.877968,9.26,39.468,85769400.0,ITDC.NS,1.0231184648362726,0.002591247855385612,0.006909769617592258,0
2018-06-30,445.37262168359615,498.53842856714857,335.0704666530082,348.1440734863281,3367910,14898800000.0,2107900000.0,543460170000.0,208515830000.0,203804190000.0,3894750000.0,42.877968,9.26,39.468,85769400.0,ITDC.NS,1.0231184648362726,0.002591247855385612,0.006909769617592258,0
2018-09-30,348.1924532462848,447.4062829395672,307.50190322491915,314.1676940917969,5853395,14898800000.0,2107900000.0,543460170000.0,208515830000.0,203804190000.0,3894750000.0,42.877968,9.26,39.468,85769400.0,ITDC.NS,1.0231184648362726,0.002591247855385612,0.006909769617592258,1
2018-12-31,308.91292925760763,332.1215107994861,267.2638961704159,323.0716247558594,1635663,14898800000.0,2107900000.0,543460170000.0,208515830000.0,203804190000.0,3894750000.0,42.877968,9.26,39.468,85769400.0,ITDC.NS,1.0231184648362726,0.002591247855385612,0.006909769617592258,0
2019-03-31,330.1752750078006,341.26872131321403,237.24356736732636,273.8810729980469,4152076,14898800000.0,2107900000.0,543460170000.0,208515830000.0,203804190000.0,3894750000.0,42.877968,9.26,39.468,85769400.0,ITDC.NS,1.0231184648362726,0.002591247855385612,0.006909769617592258,0
2019-06-30,271.98347050115217,281.9092114393072,224.78778874890253,257.9707336425781,1509642,14898800000.0,2107900000.0,543460170000.0,208515830000.0,203804190000.0,3894750000.0,42.877968,9.26,39.468,85769400.0,ITDC.NS,1.0231184648362726,0.002591247855385612,0.006909769617592258,0
2019-09-30,257.8734406691331,285.7371505129832,147.47440674018853,227.58436584472656,4655823,14898800000.0,2107900000.0,543460170000.0,208515830000.0,203804190000.0,3894750000.0,42.877968,9.26,39.468,85769400.0,ITDC.NS,1.0231184648362726,0.002591247855385612,0.006909769617592258,1
2019-12-31,232.01974642131768,410.6178137893455,217.82653311724638,309.638916015625,21380062,14898800000.0,2107900000.0,543460170000.0,208515830000.0,203804190000.0,3894750000.0,42.877968,9.26,39.468,85769400.0,ITDC.NS,1.0231184648362726,0.002591247855385612,0.006909769617592258,0
2020-03-31,311.90592126409746,340.93304802770217,103.19654923895055,127.59114837646484,10254900,14898800000.0,2107900000.0,543460170000.0,208515830000.0,203804190000.0,3894750000.0,42.877968,9.26,39.468,85769400.0,ITDC.NS,1.0231184648362726,0.002591247855385612,0.006909769617592258,1
2020-06-30,127.59113736820285,234.48384960439859,123.2050561451329,206.44236755371094,3222894,14898800000.0,2107900000.0,543460170000.0,208515830000.0,203804190000.0,3894750000.0,42.877968,9.26,39.468,85769400.0,ITDC.NS,1.0231184648362726,0.002591247855385612,0.006909769617592258,1
2020-09-30,205.11176828553786,270.85397561352136,204.07686203773233,229.16140747070312,5546058,14898800000.0,2107900000.0,543460170000.0,208515830000.0,203804190000.0,3894750000.0,42.877968,9.26,39.468,85769400.0,ITDC.NS,1.0231184648362726,0.002591247855385612,0.006909769617592258,1
2020-12-31,229.7527751282034,348.91671173837454,214.37679838793525,321.26953125,11731110,14898800000.0,2107900000.0,543460170000.0,208515830000.0,203804190000.0,3894750000.0,42.877968,9.26,39.468,85769400.0,ITDC.NS,1.0231184648362726,0.002591247855385612,0.006909769617592258,1
2021-03-31,321.71303202987457,452.4089429382262,257.05501968540796,378.5351867675781,23637226,14898800000.0,2107900000.0,543460170000.0,208515830000.0,203804190000.0,3894750000.0,42.877968,9.26,39.468,85769400.0,ITDC.NS,1.0231184648362726,0.002591247855385612,0.006909769617592258,1
2021-06-30,376.66246379847547,457.82995757385675,295.19929544700767,390.8556823730469,12765071,14898800000.0,2107900000.0,543460170000.0,208515830000.0,203804190000.0,3894750000.0,42.877968,9.26,39.468,85769400.0,ITDC.NS,1.0231184648362726,0.002591247855385612,0.006909769617592258,1
2021-09-30,394.0590341010365,441.566918545082,340.73591264691936,415.8909912109375,10647404,14898800000.0,2107900000.0,543460170000.0,208515830000.0,203804190000.0,3894750000.0,42.877968,9.26,39.468,85769400.0,ITDC.NS,1.0231184648362726,0.002591247855385612,0.006909769617592258,0
2021-12-31,408.0551187826316,435.6037992338046,333.1464735217501,335.2655944824219,4041220,14898800000.0,2107900000.0,543460170000.0,208515830000.0,203804190000.0,3894750000.0,42.877968,9.26,39.468,85769400.0,ITDC.NS,1.0231184648362726,0.002591247855385612,0.006909769617592258,1
2022-03-31,336.7933620504031,438.6099916791764,316.78483721948015,373.5577392578125,6462679,14898800000.0,2107900000.0,543460170000.0,208515830000.0,203804190000.0,3894750000.0,42.877968,9.26,39.468,85769400.0,ITDC.NS,1.0231184648362726,0.002591247855385612,0.006909769617592258,0
2022-06-30,373.6562945372239,404.1125785753873,257.8927966830438,283.075927734375,1747865,14898800000.0,2107900000.0,543460170000.0,208515830000.0,203804190000.0,3894750000.0,42.877968,9.26,39.468,85769400.0,ITDC.NS,1.0231184648362726,0.002591247855385612,0.006909769617592258,1
2022-09-30,284.50510458884696,417.9115381369055,274.4022901641168,344.9741516113281,3743152,14898800000.0,2107900000.0,543460170000.0,208515830000.0,203804190000.0,3894750000.0,42.877968,9.26,39.468,85769400.0,ITDC.NS,1.0231184648362726,0.002591247855385612,0.006909769617592258,1
2022-12-31,346.699023514923,420.86849055750014,319.9388639018093,349.7052001953125,7466317,14898800000.0,2107900000.0,543460170000.0,208515830000.0,203804190000.0,3894750000.0,42.877968,9.26,39.468,85769400.0,ITDC.NS,1.0231184648362726,0.002591247855385612,0.006909769617592258,0
2023-03-31,351.5779539792461,364.39126706663166,272.03676416371155,290.9610290527344,1318171,14898800000.0,2107900000.0,543460170000.0,208515830000.0,203804190000.0,3894750000.0,42.877968,9.26,39.468,85769400.0,ITDC.NS,1.0231184648362726,0.002591247855385612,0.006909769617592258,1
2023-06-30,296.67775625285844,342.6578992190426,292.0452344058715,319.9388732910156,2449200,14898800000.0,2107900000.0,543460170000.0,208515830000.0,203804190000.0,3894750000.0,42.877968,9.26,39.468,85769400.0,ITDC.NS,1.0231184648362726,0.002591247855385612,0.006909769617592258,1
2023-09-30,319.9388625091215,425.7966414741848,319.9388625091215,372.71685791015625,5645231,14898800000.0,2107900000.0,543460170000.0,208515830000.0,203804190000.0,3894750000.0,42.877968,9.26,39.468,85769400.0,ITDC.NS,1.0231184648362726,0.002591247855385612,0.006909769617592258,1
2023-12-31,372.7168438969419,507.1328464080791,371.42820733497416,447.2106628417969,15135286,14898800000.0,2107900000.0,543460170000.0,208515830000.0,203804190000.0,3894750000.0,42.877968,9.26,39.468,85769400.0,ITDC.NS,1.0231184648362726,0.002591247855385612,0.006909769617592258,1
2024-03-31,450.5314100752263,871.2752360396257,438.4379459650252,626.035400390625,30805120,14898800000.0,2107900000.0,543460170000.0,208515830000.0,203804190000.0,3894750000.0,42.877968,9.26,39.468,85769400.0,ITDC.NS,1.0231184648362726,0.002591247855385612,0.006909769617592258,1
2024-06-30,638.3271862950239,911.9171984818626,567.8975840423567,823.9421997070312,13600106,14898800000.0,2107900000.0,543460170000.0,208515830000.0,203804190000.0,3894750000.0,42.877968,9.26,39.468,85769400.0,ITDC.NS,1.0231184648362726,0.002591247855385612,0.006909769617592258,0
2024-09-30,829.1463449877009,922.6724106747963,649.7505439777734,668.4014892578125,10824585,14898800000.0,2107900000.0,10196171000.0,6349000.0,4019571000.0,123038000.0,42.877968,9.26,39.468,85769400.0,ITDC.NS,0.0015795217947387919,0.002591247855385612,0.006909769617592258,0
2024-12-31,673.2756038282739,696.104395171457,497.2600597229139,616.6264038085938,2005001,1494140000.0,205101000.0,10196171000.0,6349000.0,4019571000.0,123038000.0,42.877968,9.26,39.468,85769400.0,ITDC.NS,0.0015795217947387919,0.002591247855385612,0.006909769617592258,0
2025-03-31,620.6550013069043,736.042409338583,464.5835205912761,585.2429809570312,10316987,1734365000.0,251131000.0,7463618000.0,6349000.0,3637839000.0,824099000.0,42.877968,9.26,39.468,85769400.0,ITDC.NS,0.0017452669015863538,0.033647354406401826,0.06903301657934835,1
2025-06-30,580.9159275614451,644.577947775775,516.856015796197,604.9384155273438,3446262,877483000.0,98837000.0,7463618000.0,6349000.0,3637839000.0,824099000.0,42.877968,9.26,39.468,85769400.0,ITDC.NS,0.0017452669015863538,0.033647354406401826,0.06903301657934835,0
2025-09-30,606.8283569996348,709.4000244140625,518.3480746638564,574.2999877929688,9247069,1184897000.0,164729000.0,7212926000.0,6349000.0,3385147000.0,247215000.0,42.877968,9.26,39.468,85769400.0,ITDC.NS,0.0018755463204404418,0.02283802717510203,0.04866228852100071,1
2025-12-31,574.2999877929688,712.7999877929688,529.9500122070312,585.25,7711009,1847759000.0,280604000.0,7212926000.0,6349000.0,3385147000.0,247215000.0,42.877968,9.26,39.468,85769400.0,ITDC.NS,0.0018755463204404418,0.02283802717510203,0.04866228852100071,0
2026-03-31,591.7999877929688,627.9500122070312,395.1499938964844,397.04998779296875,2812319,1847759000.0,280604000.0,7212926000.0,6349000.0,3385147000.0,247215000.0,42.877968,9.26,39.468,85769400.0,ITDC.NS,0.0018755463204404418,0.02283802717510203,0.04866228852100071,0
2016-03-31,149.2232666015625,149.2232666015625,149.2232666015625,149.2232666015625,0,1847759000.0,280604000.0,7212926000.0,6349000.0,3385147000.0,247215000.0,5.6627493,19.57,140.657,1101182463.0,J&KBANK.NS,0.0018755463204404418,0.02283802717510203,0.04866228852100071,0
2016-06-30,149.2232666015625,149.2232666015625,149.2232666015625,149.2232666015625,0,1847759000.0,280604000.0,7212926000.0,6349000.0,3385147000.0,247215000.0,5.6627493,19.57,140.657,1101182463.0,J&KBANK.NS,0.0018755463204404418,0.02283802717510203,0.04866228852100071,1
2016-09-30,149.2232666015625,150.8949432373047,149.2232666015625,150.8949432373047,0,1847759000.0,280604000.0,7212926000.0,6349000.0,3385147000.0,247215000.0,5.6627493,19.57,140.657,1101182463.0,J&KBANK.NS,0.0018755463204404418,0.02283802717510203,0.04866228852100071,0
2016-12-31,150.8949432373047,150.8949432373047,150.8949432373047,150.8949432373047,0,1847759000.0,280604000.0,7212926000.0,6349000.0,3385147000.0,247215000.0,5.6627493,19.57,140.657,1101182463.0,J&KBANK.NS,0.0018755463204404418,0.02283802717510203,0.04866228852100071,0
2017-03-31,150.8949432373047,150.8949432373047,65.48190682454484,71.6432113647461,21170713,1847759000.0,280604000.0,7212926000.0,6349000.0,3385147000.0,247215000.0,5.6627493,19.57,140.657,1101182463.0,J&KBANK.NS,0.0018755463204404418,0.02283802717510203,0.04866228852100071,1
2017-06-30,72.07307563171616,91.46450087372357,71.2133628312783,81.33892822265625,42314066,1847759000.0,280604000.0,7212926000.0,6349000.0,3385147000.0,247215000.0,5.6627493,19.57,140.657,1101182463.0,J&KBANK.NS,0.0018755463204404418,0.02283802717510203,0.04866228852100071,0
2017-09-30,81.62549669816374,87.78683021118596,67.82224281601427,70.16259002685547,24825619,1847759000.0,280604000.0,7212926000.0,6349000.0,3385147000.0,247215000.0,5.6627493,19.57,140.657,1101182463.0,J&KBANK.NS,0.0018755463204404418,0.02283802717510203,0.04866228852100071,1
2017-12-31,70.59245300686985,86.78381831809034,67.82224303797672,75.03433227539062,44707740,1847759000.0,280604000.0,7212926000.0,6349000.0,3385147000.0,247215000.0,5.6627493,19.57,140.657,1101182463.0,J&KBANK.NS,0.0018755463204404418,0.02283802717510203,0.04866228852100071,0
2018-03-31,75.36866583086837,79.66726417050019,54.30555567961231,57.64891052246094,30922257,1847759000.0,280604000.0,7212926000.0,6349000.0,3385147000.0,247215000.0,5.6627493,19.57,140.657,1101182463.0,J&KBANK.NS,0.0018755463204404418,0.02283802717510203,0.04866228852100071,0
2018-06-30,59.03400909463072,59.2250603584601,45.85165716677296,48.335289001464844,24901350,1847759000.0,280604000.0,7212926000.0,6349000.0,3385147000.0,247215000.0,5.6627493,19.57,140.657,1101182463.0,J&KBANK.NS,0.0018755463204404418,0.02283802717510203,0.04866228852100071,0
2018-09-30,48.71738589388653,58.1265333276018,36.29922966205199,39.45153045654297,22435866,1847759000.0,280604000.0,7212926000.0,6349000.0,3385147000.0,247215000.0,5.6627493,19.57,140.657,1101182463.0,J&KBANK.NS,0.0018755463204404418,0.02283802717510203,0.04866228852100071,0
2018-12-31,38.87838734356141,47.475573848909704,33.815602102777156,36.012657165527344,34376573,1847759000.0,280604000.0,7212926000.0,6349000.0,3385147000.0,247215000.0,5.6627493,19.57,140.657,1101182463.0,J&KBANK.NS,0.0018755463204404418,0.02283802717510203,0.04866228852100071,1
2019-03-31,36.20370835521022,52.53836083877224,34.48426655191122,51.201019287109375,77035396,1847759000.0,280604000.0,7212926000.0,6349000.0,3385147000.0,247215000.0,5.6627493,19.57,140.657,1101182463.0,J&KBANK.NS,0.0018755463204404418,0.02283802717510203,0.04866228852100071,0
2019-06-30,51.58311635516178,62.80721995590493,31.85734791307033,38.448524475097656,86930576,1847759000.0,280604000.0,7212926000.0,6349000.0,3385147000.0,247215000.0,5.6627493,19.57,140.657,1101182463.0,J&KBANK.NS,0.0018755463204404418,0.02283802717510203,0.04866228852100071,0
2019-09-30,38.209716052543826,50.914443481540815,29.708054956650145,31.9528751373291,67468417,1847759000.0,280604000.0,7212926000.0,6349000.0,3385147000.0,247215000.0,5.6627493,19.57,140.657,1101182463.0,J&KBANK.NS,0.0018755463204404418,0.02283802717510203,0.04866228852100071,0
2019-12-31,32.33497058097977,34.29322308835467,27.845328438984165,28.513999938964844,46350366,1847759000.0,280604000.0,7212926000.0,6349000.0,3385147000.0,247215000.0,5.6627493,19.57,140.657,1101182463.0,J&KBANK.NS,0.0018755463204404418,0.02283802717510203,0.04866228852100071,0
2020-03-31,28.705046826274558,30.090150692247366,10.985293247430727,11.892773628234863,79582669,1847759000.0,280604000.0,7212926000.0,6349000.0,3385147000.0,247215000.0,5.6627493,19.57,140.657,1101182463.0,J&KBANK.NS,0.0018755463204404418,0.02283802717510203,0.04866228852100071,1
2020-06-30,11.98829922617142,19.821289258219558,10.507671493404096,17.28989601135254,243971797,1847759000.0,280604000.0,7212926000.0,6349000.0,3385147000.0,247215000.0,5.6627493,19.57,140.657,1101182463.0,J&KBANK.NS,0.0018755463204404418,0.02283802717510203,0.04866228852100071,0
2020-09-30,16.57346375117746,19.58247885180805,13.61221087180962,14.185357093811035,174260713,1847759000.0,280604000.0,7212926000.0,6349000.0,3385147000.0,247215000.0,5.6627493,19.57,140.657,1101182463.0,J&KBANK.NS,0.0018755463204404418,0.02283802717510203,0.04866228852100071,1
2020-12-31,14.233118423584077,25.791558963053273,13.421163236397925,22.113872528076172,253231884,1847759000.0,280604000.0,7212926000.0,6349000.0,3385147000.0,247215000.0,5.6627493,19.57,140.657,1101182463.0,J&KBANK.NS,0.0018755463204404418,0.02283802717510203,0.04866228852100071,1
2021-03-31,22.20939673892737,31.5230151089755,21.827299955127007,24.50197982788086,335763518,1847759000.0,280604000.0,7212926000.0,6349000.0,3385147000.0,247215000.0,5.6627493,19.57,140.657,1101182463.0,J&KBANK.NS,0.0018755463204404418,0.02283802717510203,0.04866228852100071,1
2021-06-30,24.836314487082454,42.31725787126155,21.492965062223906,38.54404830932617,486062238,1847759000.0,280604000.0,7212926000.0,6349000.0,3385147000.0,247215000.0,5.6627493,19.57,140.657,1101182463.0,J&KBANK.NS,0.0018755463204404418,0.02283802717510203,0.04866228852100071,0
2021-09-30,38.83062239319834,40.26348663436489,30.13791316584147,36.251468658447266,202974150,1847759000.0,280604000.0,7212926000.0,6349000.0,3385147000.0,247215000.0,5.6627493,19.57,140.657,1101182463.0,J&KBANK.NS,0.0018755463204404418,0.02283802717510203,0.04866228852100071,0
2021-12-31,35.86937004218344,46.138233075161274,32.62154209893816,34.723079681396484,303303725,1847759000.0,280604000.0,7212926000.0,6349000.0,3385147000.0,247215000.0,5.6627493,19.57,140.657,1101182463.0,J&KBANK.NS,0.0018755463204404418,0.02283802717510203,0.04866228852100071,0
2022-03-31,34.86636530039422,41.64858919446353,29.80358100757277,30.854345321655273,185690431,1847759000.0,280604000.0,7212926000.0,6349000.0,3385147000.0,247215000.0,5.6627493,19.57,140.657,1101182463.0,J&KBANK.NS,0.0018755463204404418,0.02283802717510203,0.04866228852100071,0
2022-06-30,31.140918563503426,35.05741925653857,22.73478070686483,24.167644500732422,130458561,1847759000.0,280604000.0,7212926000.0,6349000.0,3385147000.0,247215000.0,5.6627493,19.57,140.657,1101182463.0,J&KBANK.NS,0.0018755463204404418,0.02283802717510203,0.04866228852100071,1
2022-09-30,24.263168650411735,32.43049875872473,23.40345042766911,26.460229873657227,114539103,1847759000.0,280604000.0,7212926000.0,6349000.0,3385147000.0,247215000.0,5.6627493,19.57,140.657,1101182463.0,J&KBANK.NS,0.0018755463204404418,0.02283802717510203,0.04866228852100071,1
2022-12-31,26.84232525535776,59.98925217210711,26.173654511487946,54.16227340698242,859857889,1847759000.0,280604000.0,7212926000.0,6349000.0,3385147000.0,247215000.0,5.6627493,19.57,140.657,1101182463.0,J&KBANK.NS,0.0018755463204404418,0.02283802717510203,0.04866228852100071,0
2023-03-31,54.35332371978919,56.980241630924866,42.55606888888714,46.85466384887695,332550740,1847759000.0,280604000.0,7212926000.0,6349000.0,3385147000.0,247215000.0,5.6627493,19.57,140.657,1101182463.0,J&KBANK.NS,0.0018755463204404418,0.02283802717510203,0.04866228852100071,1
2023-06-30,46.80690169826057,60.03701148204776,45.947181638054474,57.93548583984375,316383085,1847759000.0,280604000.0,7212926000.0,6349000.0,3385147000.0,247215000.0,5.6627493,19.57,140.657,1101182463.0,J&KBANK.NS,0.0018755463204404418,0.02283802717510203,0.04866228852100071,1
2023-09-30,58.74743945761471,107.57036324538917,57.696669121732896,101.27378845214844,674868838,1847759000.0,280604000.0,7212926000.0,6349000.0,3385147000.0,247215000.0,5.6627493,19.57,140.657,1101182463.0,J&KBANK.NS,0.0018755463204404418,0.02283802717510203,0.04866228852100071,1
2023-12-31,101.85057198328523,134.5831220380961,90.93972754536043,118.24087524414062,403194209,1847759000.0,280604000.0,7212926000.0,6349000.0,3385147000.0,247215000.0,5.6627493,19.57,140.657,1101182463.0,J&KBANK.NS,0.0018755463204404418,0.02283802717510203,0.04866228852100071,1
2024-03-31,119.58670805873422,146.59946229722766,111.65591711827223,129.0075225830078,308798820,1847759000.0,280604000.0,7212926000.0,6349000.0,3385147000.0,247215000.0,5.6627493,19.57,140.657,1101182463.0,J&KBANK.NS,0.0018755463204404418,0.02283802717510203,0.04866228852100071,0
2024-06-30,129.7765818081209,141.50452984867073,98.67826157806175,109.95439910888672,249437682,1847759000.0,280604000.0,7212926000.0,6349000.0,3385147000.0,247215000.0,5.6627493,19.57,140.657,1101182463.0,J&KBANK.NS,0.0018755463204404418,0.02283802717510203,0.04866228852100071,0
2024-09-30,110.55040875196387,118.91379152836934,100.408610354169,105.05403137207031,291022653,17368900000.0,5527800000.0,1594564000000.0,28844600000.0,133059600000.0,75505200000.0,5.6627493,19.57,140.657,1101182463.0,J&KBANK.NS,0.21677954841289165,0.0034666529534092077,0.04154378939963745,0
2024-12-31,105.05403102700355,107.32695170779685,86.32202389031549,98.77410125732422,186568560,17545100000.0,5286000000.0,1617415300000.0,23839200000.0,137927300000.0,100770500000.0,5.6627493,19.57,140.657,1101182463.0,J&KBANK.NS,0.1728388796126655,0.0032681773197026144,0.03832453763685652,0
2025-03-31,98.41161041947406,104.68173304215574,84.85245680936406,90.42699432373047,193557560,19768283000.0,5819062000.0,1694235371000.0,23828443000.0,142083107000.0,191880713000.0,5.6627493,19.57,140.657,1101182463.0,J&KBANK.NS,0.16770778386764867,0.003434624314663774,0.040955340313609555,1
2025-06-30,90.6131368881897,114.03794767312566,85.52846358553882,113.49909973144531,322973012,17200100000.0,4845300000.0,1705926300000.0,23828400000.0,145362300000.0,98880000000.0,5.6627493,19.57,140.657,1101182463.0,J&KBANK.NS,0.16392420868409485,0.0028402751044989457,0.03333257660342468,0
2025-09-30,113.85179519598016,114.87069178122307,97.96094446434462,105.02999877929688,157279053,17200100000.0,4845300000.0,1705926300000.0,23828400000.0,145362300000.0,98880000000.0,5.6627493,19.57,140.657,1101182463.0,J&KBANK.NS,0.16392420868409485,0.0028402751044989457,0.03333257660342468,0
2025-12-31,105.16000366210938,110.0,97.3499984741211,100.30000305175781,155608803,17725100000.0,5814900000.0,1772198900000.0,23817900000.0,154906200000.0,62372900000.0,5.6627493,19.57,140.657,1101182463.0,J&KBANK.NS,0.1537569187030603,0.0032811779761289773,0.037538200536841,1
2026-03-31,100.30999755859375,128.47999572753906,98.5,110.81999969482422,335724282,17725100000.0,5814900000.0,1772198900000.0,23817900000.0,154906200000.0,62372900000.0,5.6627493,19.57,140.657,1101182463.0,J&KBANK.NS,0.1537569187030603,0.0032811779761289773,0.037538200536841,0
2016-03-31,116.43881476538601,127.64581273741179,113.85551220719658,121.7953872680664,553863,17725100000.0,5814900000.0,1772198900000.0,23817900000.0,154906200000.0,62372900000.0,7.949669,7.55,89.137,217654272.0,JAGRAN.NS,0.1537569187030603,0.0032811779761289773,0.037538200536841,1
2016-06-30,121.03558601066828,143.37359005698983,118.0344002885744,137.78909301757812,8868038,17725100000.0,5814900000.0,1772198900000.0,23817900000.0,154906200000.0,62372900000.0,7.949669,7.55,89.137,217654272.0,JAGRAN.NS,0.1537569187030603,0.0032811779761289773,0.037538200536841,1
2016-09-30,137.52317648114206,161.83663915737995,131.2168635043323,139.0427703857422,12183236,17725100000.0,5814900000.0,1772198900000.0,23817900000.0,154906200000.0,62372900000.0,7.949669,7.55,89.137,217654272.0,JAGRAN.NS,0.1537569187030603,0.0032811779761289773,0.037538200536841,0
2016-12-31,140.56234252506448,161.87463129749307,123.31497141407827,136.3074951171875,9803592,17725100000.0,5814900000.0,1772198900000.0,23817900000.0,154906200000.0,62372900000.0,7.949669,7.55,89.137,217654272.0,JAGRAN.NS,0.1537569187030603,0.0032811779761289773,0.037538200536841,1
2017-03-31,136.68739563305306,147.0206151008606,125.8222938521568,145.88092041015625,14296901,17725100000.0,5814900000.0,1772198900000.0,23817900000.0,154906200000.0,62372900000.0,7.949669,7.55,89.137,217654272.0,JAGRAN.NS,0.1537569187030603,0.0032811779761289773,0.037538200536841,0
2017-06-30,146.1848485507299,158.72147971474752,132.622491626201,139.1187286376953,6086182,17725100000.0,5814900000.0,1772198900000.0,23817900000.0,154906200000.0,62372900000.0,7.949669,7.55,89.137,217654272.0,JAGRAN.NS,0.1537569187030603,0.0032811779761289773,0.037538200536841,0
2017-09-30,139.19472211777847,144.81722340159843,127.3798825237846,138.1780548095703,18248831,17725100000.0,5814900000.0,1772198900000.0,23817900000.0,154906200000.0,62372900000.0,7.949669,7.55,89.137,217654272.0,JAGRAN.NS,0.1537569187030603,0.0032811779761289773,0.037538200536841,0
2017-12-31,141.6151382615242,142.65784307988207,123.58015066036755,137.3670654296875,11809123,17725100000.0,5814900000.0,1772198900000.0,23817900000.0,154906200000.0,62372900000.0,7.949669,7.55,89.137,217654272.0,JAGRAN.NS,0.1537569187030603,0.0032811779761289773,0.037538200536841,0
2018-03-31,140.57242656102636,148.72099148428856,120.18171067077509,133.50518798828125,14502873,17725100000.0,5814900000.0,1772198900000.0,23817900000.0,154906200000.0,62372900000.0,7.949669,7.55,89.137,217654272.0,JAGRAN.NS,0.1537569187030603,0.0032811779761289773,0.037538200536841,0
2018-06-30,132.84867643164299,135.16580450893906,99.52065019773535,106.04722595214844,18438152,17725100000.0,5814900000.0,1772198900000.0,23817900000.0,154906200000.0,62372900000.0,7.949669,7.55,89.137,217654272.0,JAGRAN.NS,0.1537569187030603,0.0032811779761289773,0.037538200536841,0
2018-09-30,107.24441445742087,108.67329060274517,87.87011407136731,90.20645904541016,13886861,17725100000.0,5814900000.0,1772198900000.0,23817900000.0,154906200000.0,62372900000.0,7.949669,7.55,89.137,217654272.0,JAGRAN.NS,0.1537569187030603,0.0032811779761289773,0.037538200536841,1
2018-12-31,90.20645890516049,96.58189312684776,79.6731318698014,92.46359252929688,5369147,17725100000.0,5814900000.0,1772198900000.0,23817900000.0,154906200000.0,62372900000.0,7.949669,7.55,89.137,217654272.0,JAGRAN.NS,0.1537569187030603,0.0032811779761289773,0.037538200536841,1
2019-03-31,92.46359585258034,98.9182307554247,72.9809027876302,94.48314666748047,8481181,17725100000.0,5814900000.0,1772198900000.0,23817900000.0,154906200000.0,62372900000.0,7.949669,7.55,89.137,217654272.0,JAGRAN.NS,0.1537569187030603,0.0032811779761289773,0.037538200536841,0
2019-06-30,98.997427892893,99.39341760446456,81.57387731629031,85.92976379394531,9598254,17725100000.0,5814900000.0,1772198900000.0,23817900000.0,154906200000.0,62372900000.0,7.949669,7.55,89.137,217654272.0,JAGRAN.NS,0.1537569187030603,0.0032811779761289773,0.037538200536841,0
2019-09-30,85.53378142625446,86.64254903247314,46.72678689345565,53.376163482666016,10737192,17725100000.0,5814900000.0,1772198900000.0,23817900000.0,154906200000.0,62372900000.0,7.949669,7.55,89.137,217654272.0,JAGRAN.NS,0.1537569187030603,0.0032811779761289773,0.037538200536841,0
2019-12-31,54.08451045013518,55.12620031711043,38.500838420707694,52.209468841552734,38482046,17725100000.0,5814900000.0,1772198900000.0,23817900000.0,154906200000.0,62372900000.0,7.949669,7.55,89.137,217654272.0,JAGRAN.NS,0.1537569187030603,0.0032811779761289773,0.037538200536841,0
2020-03-31,52.20946619732686,61.95967978686476,26.750581832152424,37.95915985107422,26303846,17725100000.0,5814900000.0,1772198900000.0,23817900000.0,154906200000.0,62372900000.0,7.949669,7.55,89.137,217654272.0,JAGRAN.NS,0.1537569187030603,0.0032811779761289773,0.037538200536841,0
2020-06-30,37.50081716384184,43.3342718096384,30.45899555838469,33.00071716308594,34843727,17725100000.0,5814900000.0,1772198900000.0,23817900000.0,154906200000.0,62372900000.0,7.949669,7.55,89.137,217654272.0,JAGRAN.NS,0.1537569187030603,0.0032811779761289773,0.037538200536841,0
2020-09-30,33.209052896164465,36.95913628265721,30.083987826337555,31.042341232299805,33319018,17725100000.0,5814900000.0,1772198900000.0,23817900000.0,154906200000.0,62372900000.0,7.949669,7.55,89.137,217654272.0,JAGRAN.NS,0.1537569187030603,0.0032811779761289773,0.037538200536841,1
2020-12-31,31.20901398210243,39.084182036056994,29.583977488241434,35.542442321777344,25234507,17725100000.0,5814900000.0,1772198900000.0,23817900000.0,154906200000.0,62372900000.0,7.949669,7.55,89.137,217654272.0,JAGRAN.NS,0.1537569187030603,0.0032811779761289773,0.037538200536841,1
2021-03-31,35.70910611226352,54.501188110725224,32.625711376089505,48.95940017700195,58973465,17725100000.0,5814900000.0,1772198900000.0,23817900000.0,154906200000.0,62372900000.0,7.949669,7.55,89.137,217654272.0,JAGRAN.NS,0.1537569187030603,0.0032811779761289773,0.037538200536841,1
2021-06-30,49.126069116336836,57.95959775144645,43.58428204600577,54.20951461791992,64659600,17725100000.0,5814900000.0,1772198900000.0,23817900000.0,154906200000.0,62372900000.0,7.949669,7.55,89.137,217654272.0,JAGRAN.NS,0.1537569187030603,0.0032811779761289773,0.037538200536841,0
2021-09-30,54.584520049221666,59.58463024671576,44.375966760847305,49.584407806396484,24775096,17725100000.0,5814900000.0,1772198900000.0,23817900000.0,154906200000.0,62372900000.0,7.949669,7.55,89.137,217654272.0,JAGRAN.NS,0.1537569187030603,0.0032811779761289773,0.037538200536841,1
2021-12-31,49.584411635993355,59.50129691058122,48.58438546366614,51.62612533569336,17705175,17725100000.0,5814900000.0,1772198900000.0,23817900000.0,154906200000.0,62372900000.0,7.949669,7.55,89.137,217654272.0,JAGRAN.NS,0.1537569187030603,0.0032811779761289773,0.037538200536841,1
2022-03-31,51.709454417693664,68.33481959747076,51.04277491124399,54.12617492675781,32565672,17725100000.0,5814900000.0,1772198900000.0,23817900000.0,154906200000.0,62372900000.0,7.949669,7.55,89.137,217654272.0,JAGRAN.NS,0.1537569187030603,0.0032811779761289773,0.037538200536841,0
2022-06-30,54.167844238914434,64.00139626470822,39.25085200049774,41.50090026855469,17589603,17725100000.0,5814900000.0,1772198900000.0,23817900000.0,154906200000.0,62372900000.0,7.949669,7.55,89.137,217654272.0,JAGRAN.NS,0.1537569187030603,0.0032811779761289773,0.037538200536841,1
2022-09-30,41.62590508525958,65.17444984929013,40.834219598104276,57.436641693115234,20159440,17725100000.0,5814900000.0,1772198900000.0,23817900000.0,154906200000.0,62372900000.0,7.949669,7.55,89.137,217654272.0,JAGRAN.NS,0.1537569187030603,0.0032811779761289773,0.037538200536841,1
2022-12-31,57.303999141558286,67.38524852196997,55.093191861968286,64.68807983398438,18366524,17725100000.0,5814900000.0,1772198900000.0,23817900000.0,154906200000.0,62372900000.0,7.949669,7.55,89.137,217654272.0,JAGRAN.NS,0.1537569187030603,0.0032811779761289773,0.037538200536841,0
2023-03-31,64.68807234307123,74.28296065409408,57.657725269856634,64.15748596191406,14769902,17725100000.0,5814900000.0,1772198900000.0,23817900000.0,154906200000.0,62372900000.0,7.949669,7.55,89.137,217654272.0,JAGRAN.NS,0.1537569187030603,0.0032811779761289773,0.037538200536841,1
2023-06-30,65.17445108200744,73.35442310750702,58.98420415147239,68.53487396240234,15882853,17725100000.0,5814900000.0,1772198900000.0,23817900000.0,154906200000.0,62372900000.0,7.949669,7.55,89.137,217654272.0,JAGRAN.NS,0.1537569187030603,0.0032811779761289773,0.037538200536841,1
2023-09-30,71.58577292203714,103.95193025538222,68.13692686896606,88.38787078857422,31080382,17725100000.0,5814900000.0,1772198900000.0,23817900000.0,154906200000.0,62372900000.0,7.949669,7.55,89.137,217654272.0,JAGRAN.NS,0.1537569187030603,0.0032811779761289773,0.037538200536841,0
2023-12-31,88.87425508040943,107.17969624354336,79.01407586764479,82.816650390625,25369467,17725100000.0,5814900000.0,1772198900000.0,23817900000.0,154906200000.0,62372900000.0,7.949669,7.55,89.137,217654272.0,JAGRAN.NS,0.1537569187030603,0.0032811779761289773,0.037538200536841,1
2024-03-31,83.47989905712721,114.51956633098926,80.16369197266289,90.77554321289062,56162785,17725100000.0,5814900000.0,1772198900000.0,23817900000.0,154906200000.0,62372900000.0,7.949669,7.55,89.137,217654272.0,JAGRAN.NS,0.1537569187030603,0.0032811779761289773,0.037538200536841,0
2024-06-30,91.08505381963066,99.83982884169517,73.39863500282256,78.98754119873047,23162419,17725100000.0,5814900000.0,1772198900000.0,23817900000.0,154906200000.0,62372900000.0,7.949669,7.55,89.137,217654272.0,JAGRAN.NS,0.1537569187030603,0.0032811779761289773,0.037538200536841,1
2024-09-30,79.41202476021788,98.5133563513606,78.13859344686699,87.0552749633789,50613981,17725100000.0,5814900000.0,29310746000.0,2041454000.0,19034351000.0,315735000.0,7.949669,7.55,89.137,217654272.0,JAGRAN.NS,0.10725104312723875,0.0032811779761289773,0.037538200536841,0
2024-12-31,88.04801571896049,89.53249083523654,76.0794255410616,77.10928344726562,12010872,5165002000.0,625877000.0,29310746000.0,2041454000.0,19034351000.0,315735000.0,7.949669,7.55,89.137,217654272.0,JAGRAN.NS,0.10725104312723875,0.0032811779761289773,0.037538200536841,0
2025-03-31,77.56390181032951,78.63086559488578,60.65941990052514,63.97166061401367,14936916,4482821000.0,-158013000.0,27341634000.0,855263000.0,19471271000.0,549049000.0,7.949669,7.55,89.137,217654272.0,JAGRAN.NS,0.043924353987985686,-0.005779208367722281,-0.0081151867281802,1
2025-06-30,64.05516545927726,77.749461204069,60.316140891323,72.2300033569336,21513491,4600523000.0,672352000.0,27341634000.0,855263000.0,19471271000.0,549049000.0,7.949669,7.55,89.137,217654272.0,JAGRAN.NS,0.043924353987985686,-0.005779208367722281,-0.0081151867281802,0
2025-09-30,72.48999786376953,76.19999694824219,70.44999694824219,71.93000030517578,9047714,4673607000.0,586326000.0,28091890000.0,1976427000.0,19428810000.0,240795000.0,7.949669,7.55,89.137,217654272.0,JAGRAN.NS,0.10172661115117189,0.020871717780469735,0.030178173547427762,0
2025-12-31,71.16000366210938,74.9000015258789,68.75,71.58000183105469,6326731,4767123000.0,541216000.0,28091890000.0,1976427000.0,19428810000.0,240795000.0,7.949669,7.55,89.137,217654272.0,JAGRAN.NS,0.10172661115117189,0.020871717780469735,0.030178173547427762,0
2026-03-31,71.19999694824219,73.0,59.849998474121094,60.02000045776367,10155520,4767123000.0,541216000.0,28091890000.0,1976427000.0,19428810000.0,240795000.0,7.949669,7.55,89.137,217654272.0,JAGRAN.NS,0.10172661115117189,0.020871717780469735,0.030178173547427762,0
2016-03-31,23.870565187364317,24.415398079903348,22.75535349047434,23.700300216674805,5784505,4767123000.0,541216000.0,28091890000.0,1976427000.0,19428810000.0,240795000.0,23.33196,4.85,26.058,399711135.0,JAMNAAUTO.NS,0.10172661115117189,0.020871717780469735,0.030178173547427762,1
2016-06-30,23.53003977397706,30.1702125579751,23.513020121916917,29.65943145751953,93527730,4767123000.0,541216000.0,28091890000.0,1976427000.0,19428810000.0,240795000.0,23.33196,4.85,26.058,399711135.0,JAMNAAUTO.NS,0.10172661115117189,0.020871717780469735,0.030178173547427762,1
2016-09-30,29.795637336566294,41.40643002866751,27.752511890198786,36.067569732666016,90104255,4767123000.0,541216000.0,28091890000.0,1976427000.0,19428810000.0,240795000.0,23.33196,4.85,26.058,399711135.0,JAMNAAUTO.NS,0.10172661115117189,0.020871717780469735,0.030178173547427762,0
2016-12-31,36.387203699033,41.60513440807545,26.266098539616486,29.61253547668457,61712555,4767123000.0,541216000.0,28091890000.0,1976427000.0,19428810000.0,240795000.0,23.33196,4.85,26.058,399711135.0,JAMNAAUTO.NS,0.10172661115117189,0.020871717780469735,0.030178173547427762,1
2017-03-31,29.62996626092792,38.41438396666102,28.81078603755422,37.0636100769043,45300950,4767123000.0,541216000.0,28091890000.0,1976427000.0,19428810000.0,240795000.0,23.33196,4.85,26.058,399711135.0,JAMNAAUTO.NS,0.10172661115117189,0.020871717780469735,0.030178173547427762,1
2017-06-30,37.464485144162644,49.046314627409316,36.950317336633155,43.46890640258789,45088530,4767123000.0,541216000.0,28091890000.0,1976427000.0,19428810000.0,240795000.0,23.33196,4.85,26.058,399711135.0,JAMNAAUTO.NS,0.10172661115117189,0.020871717780469735,0.030178173547427762,1
2017-09-30,43.92207097157323,51.36294904847493,38.5836918350966,45.724266052246094,55000345,4767123000.0,541216000.0,28091890000.0,1976427000.0,19428810000.0,240795000.0,23.33196,4.85,26.058,399711135.0,JAMNAAUTO.NS,0.10172661115117189,0.020871717780469735,0.030178173547427762,1
2017-12-31,46.19855467400323,77.50121810474486,45.50470058058613,71.54299926757812,209125019,4767123000.0,541216000.0,28091890000.0,1976427000.0,19428810000.0,240795000.0,23.33196,4.85,26.058,399711135.0,JAMNAAUTO.NS,0.10172661115117189,0.020871717780469735,0.030178173547427762,0
2018-03-31,71.89606453327275,80.67896343072906,57.3756156610585,69.29209899902344,123129966,4767123000.0,541216000.0,28091890000.0,1976427000.0,19428810000.0,240795000.0,23.33196,4.85,26.058,399711135.0,JAMNAAUTO.NS,0.10172661115117189,0.020871717780469735,0.030178173547427762,1
2018-06-30,69.73344534582483,90.87416087665238,69.46863210008642,75.55928039550781,106154829,4767123000.0,541216000.0,28091890000.0,1976427000.0,19428810000.0,240795000.0,23.33196,4.85,26.058,399711135.0,JAMNAAUTO.NS,0.10172661115117189,0.020871717780469735,0.030178173547427762,0
2018-09-30,75.91236292763008,82.92983494692406,60.428557704894146,61.894840240478516,74674356,4767123000.0,541216000.0,28091890000.0,1976427000.0,19428810000.0,240795000.0,23.33196,4.85,26.058,399711135.0,JAMNAAUTO.NS,0.10172661115117189,0.020871717780469735,0.030178173547427762,0
2018-12-31,62.20586318185976,70.55921242181033,54.91036796366847,58.08774185180664,49033082,4767123000.0,541216000.0,28091890000.0,1976427000.0,19428810000.0,240795000.0,23.33196,4.85,26.058,399711135.0,JAMNAAUTO.NS,0.10172661115117189,0.020871717780469735,0.030178173547427762,0
2019-03-31,58.22199342953437,58.84851481015327,43.40917653944886,53.16505432128906,39964230,4767123000.0,541216000.0,28091890000.0,1976427000.0,19428810000.0,240795000.0,23.33196,4.85,26.058,399711135.0,JAMNAAUTO.NS,0.10172661115117189,0.020871717780469735,0.030178173547427762,0
2019-06-30,56.38718184100613,56.74519705967936,44.61747617867523,47.213069915771484,29930709,4767123000.0,541216000.0,28091890000.0,1976427000.0,19428810000.0,240795000.0,23.33196,4.85,26.058,399711135.0,JAMNAAUTO.NS,0.10172661115117189,0.020871717780469735,0.030178173547427762,0
2019-09-30,47.43682305362014,48.645118124177486,27.387764002563895,33.850555419921875,48181108,4767123000.0,541216000.0,28091890000.0,1976427000.0,19428810000.0,240795000.0,23.33196,4.85,26.058,399711135.0,JAMNAAUTO.NS,0.10172661115117189,0.020871717780469735,0.030178173547427762,1
2019-12-31,33.80536352383912,44.56160840030631,29.647476309772557,42.288780212402344,62316400,4767123000.0,541216000.0,28091890000.0,1976427000.0,19428810000.0,240795000.0,23.33196,4.85,26.058,399711135.0,JAMNAAUTO.NS,0.10172661115117189,0.020871717780469735,0.030178173547427762,0
2020-03-31,42.10728110251051,44.149117241908066,19.218241690610064,21.780672073364258,47437156,4767123000.0,541216000.0,28091890000.0,1976427000.0,19428810000.0,240795000.0,23.33196,4.85,26.058,399711135.0,JAMNAAUTO.NS,0.10172661115117189,0.020871717780469735,0.030178173547427762,1
2020-06-30,21.917946617498917,32.0303993379071,20.270669065188674,29.742517471313477,84984861,4767123000.0,541216000.0,28091890000.0,1976427000.0,19428810000.0,240795000.0,23.33196,4.85,26.058,399711135.0,JAMNAAUTO.NS,0.10172661115117189,0.020871717780469735,0.030178173547427762,1
2020-09-30,30.154338421921427,47.72530675954933,25.67007708706209,40.129520416259766,153149279,4767123000.0,541216000.0,28091890000.0,1976427000.0,19428810000.0,240795000.0,23.33196,4.85,26.058,399711135.0,JAMNAAUTO.NS,0.10172661115117189,0.020871717780469735,0.030178173547427762,1
2020-12-31,40.63285092544753,57.65473323915063,36.42314274598361,56.28200149536133,95315541,4767123000.0,541216000.0,28091890000.0,1976427000.0,19428810000.0,240795000.0,23.33196,4.85,26.058,399711135.0,JAMNAAUTO.NS,0.10172661115117189,0.020871717780469735,0.030178173547427762,1
2021-03-31,56.693815478032,70.2607789175851,53.49077871525151,62.31625747680664,97211221,4767123000.0,541216000.0,28091890000.0,1976427000.0,19428810000.0,240795000.0,23.33196,4.85,26.058,399711135.0,JAMNAAUTO.NS,0.10172661115117189,0.020871717780469735,0.030178173547427762,1
2021-06-30,62.82139613009568,81.8331410330209,55.8871693251872,77.74608612060547,103291441,4767123000.0,541216000.0,28091890000.0,1976427000.0,19428810000.0,240795000.0,23.33196,4.85,26.058,399711135.0,JAMNAAUTO.NS,0.10172661115117189,0.020871717780469735,0.030178173547427762,1
2021-09-30,78.06753492421973,92.38410004070593,72.18950365844394,82.54519653320312,81918156,4767123000.0,541216000.0,28091890000.0,1976427000.0,19428810000.0,240795000.0,23.33196,4.85,26.058,399711135.0,JAMNAAUTO.NS,0.10172661115117189,0.020871717780469735,0.030178173547427762,1
2021-12-31,82.12947584819115,110.34330534843632,79.02214348218449,95.72676849365234,95250043,4767123000.0,541216000.0,28091890000.0,1976427000.0,19428810000.0,240795000.0,23.33196,4.85,26.058,399711135.0,JAMNAAUTO.NS,0.10172661115117189,0.020871717780469735,0.030178173547427762,0
2022-03-31,96.23718631129002,116.00431720334156,87.69926068163294,92.33943176269531,89282655,4767123000.0,541216000.0,28091890000.0,1976427000.0,19428810000.0,240795000.0,23.33196,4.85,26.058,399711135.0,JAMNAAUTO.NS,0.10172661115117189,0.020871717780469735,0.030178173547427762,1
2022-06-30,92.33943419306323,117.16435118163838,90.48337364309987,113.35942840576172,94948934,4767123000.0,541216000.0,28091890000.0,1976427000.0,19428810000.0,240795000.0,23.33196,4.85,26.058,399711135.0,JAMNAAUTO.NS,0.10172661115117189,0.020871717780469735,0.030178173547427762,0
2022-09-30,113.40580933705922,125.7486832272902,102.00155067359186,106.49336242675781,86592723,4767123000.0,541216000.0,28091890000.0,1976427000.0,19428810000.0,240795000.0,23.33196,4.85,26.058,399711135.0,JAMNAAUTO.NS,0.10172661115117189,0.020871717780469735,0.030178173547427762,0
2022-12-31,105.27682872300738,108.88594546825578,91.39819898364529,98.75154113769531,42485501,4767123000.0,541216000.0,28091890000.0,1976427000.0,19428810000.0,240795000.0,23.33196,4.85,26.058,399711135.0,JAMNAAUTO.NS,0.10172661115117189,0.020871717780469735,0.030178173547427762,0
2023-03-31,99.4586038135347,103.60662755521174,88.99423748311267,93.943603515625,25051999,4767123000.0,541216000.0,28091890000.0,1976427000.0,19428810000.0,240795000.0,23.33196,4.85,26.058,399711135.0,JAMNAAUTO.NS,0.10172661115117189,0.020871717780469735,0.030178173547427762,1
2023-06-30,93.9907191447259,101.81542408963551,90.40834286997752,96.11187744140625,99173259,4767123000.0,541216000.0,28091890000.0,1976427000.0,19428810000.0,240795000.0,23.33196,4.85,26.058,399711135.0,JAMNAAUTO.NS,0.10172661115117189,0.020871717780469735,0.030178173547427762,1
2023-09-30,96.58325157002056,121.03311089570424,96.20615423047477,111.36759948730469,188131162,4767123000.0,541216000.0,28091890000.0,1976427000.0,19428810000.0,240795000.0,23.33196,4.85,26.058,399711135.0,JAMNAAUTO.NS,0.10172661115117189,0.020871717780469735,0.030178173547427762,0
2023-12-31,111.41522123914474,117.70017725109052,97.46450275892188,107.42947387695312,75475290,4767123000.0,541216000.0,28091890000.0,1976427000.0,19428810000.0,240795000.0,23.33196,4.85,26.058,399711135.0,JAMNAAUTO.NS,0.10172661115117189,0.020871717780469735,0.030178173547427762,1
2024-03-31,107.71800912759204,134.3589840442747,102.62063859398145,127.19379425048828,459541618,4767123000.0,541216000.0,28091890000.0,1976427000.0,19428810000.0,240795000.0,23.33196,4.85,26.058,399711135.0,JAMNAAUTO.NS,0.10172661115117189,0.020871717780469735,0.030178173547427762,0
2024-06-30,128.49220117584412,138.4945883837483,101.7550478376364,118.69178009033203,225406207,4767123000.0,541216000.0,28091890000.0,1976427000.0,19428810000.0,240795000.0,23.33196,4.85,26.058,399711135.0,JAMNAAUTO.NS,0.10172661115117189,0.020871717780469735,0.030178173547427762,0
2024-09-30,118.68216251015932,143.9381876415525,113.98884413630807,114.38713836669922,190112913,4767123000.0,541216000.0,13294739000.0,1192944000.0,9369480000.0,408501000.0,23.33196,4.85,26.058,399711135.0,JAMNAAUTO.NS,0.1273223273863651,0.020871717780469735,0.030178173547427762,0
2024-12-31,115.06714492618083,119.97292756661702,93.68196894782923,95.45732116699219,91807706,5624794000.0,438307000.0,13294739000.0,1192944000.0,9369480000.0,408501000.0,23.33196,4.85,26.058,399711135.0,JAMNAAUTO.NS,0.1273223273863651,0.020871717780469735,0.030178173547427762,0
2025-03-31,95.87909109583495,103.97118762524568,67.25759112793757,73.92744445800781,82673169,5915280000.0,503190000.0,15247465000.0,1402906000.0,9931652000.0,1396894000.0,23.33196,4.85,26.058,399711135.0,JAMNAAUTO.NS,0.14125605689768428,0.033001551405430346,0.050665287104300474,1
2025-06-30,73.56451776413887,95.03555584248447,68.36595028859989,92.89727783203125,73932612,5733260000.0,457450000.0,15247465000.0,1402906000.0,9931652000.0,1396894000.0,23.33196,4.85,26.058,399711135.0,JAMNAAUTO.NS,0.14125605689768428,0.033001551405430346,0.050665287104300474,1
2025-09-30,92.89727211988769,112.15155357988064,86.07049078991362,99.71133422851562,227243854,5308750000.0,397365000.0,14634305000.0,122147000.0,10354628000.0,594702000.0,23.33196,4.85,26.058,399711135.0,JAMNAAUTO.NS,0.011796367769078716,0.02715298061643515,0.038375593985607206,1
2025-12-31,98.98800276930226,129.99000549316406,88.92074939495755,126.58000183105469,136958164,6677858000.0,582320000.0,14634305000.0,122147000.0,10354628000.0,594702000.0,23.33196,4.85,26.058,399711135.0,JAMNAAUTO.NS,0.011796367769078716,0.02715298061643515,0.038375593985607206,0
2026-03-31,127.0,152.60000610351562,111.55999755859375,113.16000366210938,239461553,6677858000.0,582320000.0,14634305000.0,122147000.0,10354628000.0,594702000.0,23.33196,4.85,26.058,399711135.0,JAMNAAUTO.NS,0.011796367769078716,0.02715298061643515,0.038375593985607206,0
2016-03-31,534.0,566.0,533.5,547.2999877929688,16335944,6677858000.0,582320000.0,14634305000.0,122147000.0,10354628000.0,594702000.0,23.33196,-58.33,-1542.254,113597383.0,JETAIRWAYS.NS,0.011796367769078716,0.02715298061643515,0.038375593985607206,1
2016-06-30,540.0,669.9000244140625,507.75,555.75,173340051,6677858000.0,582320000.0,14634305000.0,122147000.0,10354628000.0,594702000.0,23.33196,-58.33,-1542.254,113597383.0,JETAIRWAYS.NS,0.011796367769078716,0.02715298061643515,0.038375593985607206,0
2016-09-30,555.75,625.5999755859375,453.1499938964844,476.25,112750046,6677858000.0,582320000.0,14634305000.0,122147000.0,10354628000.0,594702000.0,23.33196,-58.33,-1542.254,113597383.0,JETAIRWAYS.NS,0.011796367769078716,0.02715298061643515,0.038375593985607206,0
2016-12-31,478.0,503.0,332.6000061035156,347.6000061035156,87918153,6677858000.0,582320000.0,14634305000.0,122147000.0,10354628000.0,594702000.0,23.33196,-58.33,-1542.254,113597383.0,JETAIRWAYS.NS,0.011796367769078716,0.02715298061643515,0.038375593985607206,1
2017-03-31,338.0,536.7999877929688,338.0,525.9000244140625,170181384,6677858000.0,582320000.0,14634305000.0,122147000.0,10354628000.0,594702000.0,23.33196,-58.33,-1542.254,113597383.0,JETAIRWAYS.NS,0.011796367769078716,0.02715298061643515,0.038375593985607206,1
2017-06-30,537.5,577.8499755859375,438.25,564.0499877929688,137050128,6677858000.0,582320000.0,14634305000.0,122147000.0,10354628000.0,594702000.0,23.33196,-58.33,-1542.254,113597383.0,JETAIRWAYS.NS,0.011796367769078716,0.02715298061643515,0.038375593985607206,0
2017-09-30,566.0,646.0,466.3999938964844,481.8500061035156,103611034,6677858000.0,582320000.0,14634305000.0,122147000.0,10354628000.0,594702000.0,23.33196,-58.33,-1542.254,113597383.0,JETAIRWAYS.NS,0.011796367769078716,0.02715298061643515,0.038375593985607206,1
2017-12-31,480.3999938964844,835.0999755859375,462.6499938964844,831.9500122070312,240663435,6677858000.0,582320000.0,14634305000.0,122147000.0,10354628000.0,594702000.0,23.33196,-58.33,-1542.254,113597383.0,JETAIRWAYS.NS,0.011796367769078716,0.02715298061643515,0.038375593985607206,0
2018-03-31,832.0,883.4500122070312,605.1500244140625,608.75,195588092,6677858000.0,582320000.0,14634305000.0,122147000.0,10354628000.0,594702000.0,23.33196,-58.33,-1542.254,113597383.0,JETAIRWAYS.NS,0.011796367769078716,0.02715298061643515,0.038375593985607206,0
2018-06-30,609.0,651.4000244140625,327.70001220703125,346.8999938964844,276494520,6677858000.0,582320000.0,14634305000.0,122147000.0,10354628000.0,594702000.0,23.33196,-58.33,-1542.254,113597383.0,JETAIRWAYS.NS,0.011796367769078716,0.02715298061643515,0.038375593985607206,0
2018-09-30,348.95001220703125,360.0,173.14999389648438,180.10000610351562,419440587,6677858000.0,582320000.0,14634305000.0,122147000.0,10354628000.0,594702000.0,23.33196,-58.33,-1542.254,113597383.0,JETAIRWAYS.NS,0.011796367769078716,0.02715298061643515,0.038375593985607206,1
2018-12-31,172.8000030517578,366.95001220703125,162.8000030517578,277.45001220703125,763606860,6677858000.0,582320000.0,14634305000.0,122147000.0,10354628000.0,594702000.0,23.33196,-58.33,-1542.254,113597383.0,JETAIRWAYS.NS,0.011796367769078716,0.02715298061643515,0.038375593985607206,0
2019-03-31,280.1000061035156,313.5,203.5,269.20001220703125,828556805,6677858000.0,582320000.0,14634305000.0,122147000.0,10354628000.0,594702000.0,23.33196,-58.33,-1542.254,113597383.0,JETAIRWAYS.NS,0.011796367769078716,0.02715298061643515,0.038375593985607206,0
2019-06-30,268.29998779296875,273.1499938964844,26.549999237060547,67.8499984741211,1301665239,6677858000.0,582320000.0,14634305000.0,122147000.0,10354628000.0,594702000.0,23.33196,-58.33,-1542.254,113597383.0,JETAIRWAYS.NS,0.011796367769078716,0.02715298061643515,0.038375593985607206,0
2019-09-30,71.19999694824219,74.75,28.100000381469727,28.100000381469727,8648903,6677858000.0,582320000.0,14634305000.0,122147000.0,10354628000.0,594702000.0,23.33196,-58.33,-1542.254,113597383.0,JETAIRWAYS.NS,0.011796367769078716,0.02715298061643515,0.038375593985607206,1
2019-12-31,26.700000762939453,30.600000381469727,14.699999809265137,29.049999237060547,3738193,6677858000.0,582320000.0,14634305000.0,122147000.0,10354628000.0,594702000.0,23.33196,-58.33,-1542.254,113597383.0,JETAIRWAYS.NS,0.011796367769078716,0.02715298061643515,0.038375593985607206,0
2020-03-31,30.5,49.400001525878906,13.0,13.649999618530273,4595289,6677858000.0,582320000.0,14634305000.0,122147000.0,10354628000.0,594702000.0,23.33196,-58.33,-1542.254,113597383.0,JETAIRWAYS.NS,0.011796367769078716,0.02715298061643515,0.038375593985607206,1
2020-06-30,13.899999618530273,32.04999923706055,13.399999618530273,30.850000381469727,5178740,6677858000.0,582320000.0,14634305000.0,122147000.0,10354628000.0,594702000.0,23.33196,-58.33,-1542.254,113597383.0,JETAIRWAYS.NS,0.011796367769078716,0.02715298061643515,0.038375593985607206,0
2020-09-30,32.349998474121094,35.599998474121094,23.649999618530273,28.549999237060547,4082172,6677858000.0,582320000.0,14634305000.0,122147000.0,10354628000.0,594702000.0,23.33196,-58.33,-1542.254,113597383.0,JETAIRWAYS.NS,0.011796367769078716,0.02715298061643515,0.038375593985607206,1
2020-12-31,28.549999237060547,120.94999694824219,27.0,120.94999694824219,10684247,6677858000.0,582320000.0,14634305000.0,122147000.0,10354628000.0,594702000.0,23.33196,-58.33,-1542.254,113597383.0,JETAIRWAYS.NS,0.011796367769078716,0.02715298061643515,0.038375593985607206,0
2021-03-31,126.94999694824219,169.89999389648438,71.44999694824219,95.44999694824219,7770501,6677858000.0,582320000.0,14634305000.0,122147000.0,10354628000.0,594702000.0,23.33196,-58.33,-1542.254,113597383.0,JETAIRWAYS.NS,0.011796367769078716,0.02715298061643515,0.038375593985607206,1
2021-06-30,99.0,133.10000610351562,75.0999984741211,133.10000610351562,5406190,6677858000.0,582320000.0,14634305000.0,122147000.0,10354628000.0,594702000.0,23.33196,-58.33,-1542.254,113597383.0,JETAIRWAYS.NS,0.011796367769078716,0.02715298061643515,0.038375593985607206,0
2021-09-30,126.44999694824219,126.44999694824219,65.0999984741211,101.75,10008707,6677858000.0,582320000.0,14634305000.0,122147000.0,10354628000.0,594702000.0,23.33196,-58.33,-1542.254,113597383.0,JETAIRWAYS.NS,0.011796367769078716,0.02715298061643515,0.038375593985607206,0
2021-12-31,103.0,104.5,80.0,89.6500015258789,4320268,6677858000.0,582320000.0,14634305000.0,122147000.0,10354628000.0,594702000.0,23.33196,-58.33,-1542.254,113597383.0,JETAIRWAYS.NS,0.011796367769078716,0.02715298061643515,0.038375593985607206,0
2022-03-31,89.05000305175781,102.0,75.1500015258789,79.55000305175781,3376409,6677858000.0,582320000.0,14634305000.0,122147000.0,10354628000.0,594702000.0,23.33196,-58.33,-1542.254,113597383.0,JETAIRWAYS.NS,0.011796367769078716,0.02715298061643515,0.038375593985607206,1
2022-06-30,81.69999694824219,136.5,81.0,110.3499984741211,6686118,6677858000.0,582320000.0,14634305000.0,122147000.0,10354628000.0,594702000.0,23.33196,-58.33,-1542.254,113597383.0,JETAIRWAYS.NS,0.011796367769078716,0.02715298061643515,0.038375593985607206,0
2022-09-30,109.1500015258789,113.69999694824219,92.0,95.55000305175781,2956189,6677858000.0,582320000.0,14634305000.0,122147000.0,10354628000.0,594702000.0,23.33196,-58.33,-1542.254,113597383.0,JETAIRWAYS.NS,0.011796367769078716,0.02715298061643515,0.038375593985607206,0
2022-12-31,97.44999694824219,99.0,62.29999923706055,71.25,2699793,6677858000.0,582320000.0,14634305000.0,122147000.0,10354628000.0,594702000.0,23.33196,-58.33,-1542.254,113597383.0,JETAIRWAYS.NS,0.011796367769078716,0.02715298061643515,0.038375593985607206,0
2023-03-31,72.19999694824219,83.9000015258789,56.54999923706055,57.599998474121094,2101727,6677858000.0,582320000.0,14634305000.0,122147000.0,10354628000.0,594702000.0,23.33196,-58.33,-1542.254,113597383.0,JETAIRWAYS.NS,0.011796367769078716,0.02715298061643515,0.038375593985607206,0
2023-06-30,58.54999923706055,66.5999984741211,47.70000076293945,48.150001525878906,2368886,6677858000.0,582320000.0,14634305000.0,122147000.0,10354628000.0,594702000.0,23.33196,-58.33,-1542.254,113597383.0,JETAIRWAYS.NS,0.011796367769078716,0.02715298061643515,0.038375593985607206,1
2023-09-30,48.04999923706055,75.0,35.75,55.79999923706055,4460150,6677858000.0,582320000.0,14634305000.0,122147000.0,10354628000.0,594702000.0,23.33196,-58.33,-1542.254,113597383.0,JETAIRWAYS.NS,0.011796367769078716,0.02715298061643515,0.038375593985607206,1
2023-12-31,58.54999923706055,69.8499984741211,52.349998474121094,57.599998474121094,2722578,6677858000.0,582320000.0,14634305000.0,122147000.0,10354628000.0,594702000.0,23.33196,-58.33,-1542.254,113597383.0,JETAIRWAYS.NS,0.011796367769078716,0.02715298061643515,0.038375593985607206,0
2024-03-31,58.0,63.400001525878906,40.04999923706055,49.25,4150237,6677858000.0,582320000.0,14634305000.0,122147000.0,10354628000.0,594702000.0,23.33196,-58.33,-1542.254,113597383.0,JETAIRWAYS.NS,0.011796367769078716,0.02715298061643515,0.038375593985607206,0
2024-06-30,46.79999923706055,52.900001525878906,42.04999923706055,42.619998931884766,3184764,6677858000.0,582320000.0,14634305000.0,122147000.0,10354628000.0,594702000.0,23.33196,-58.33,-1542.254,113597383.0,JETAIRWAYS.NS,0.011796367769078716,0.02715298061643515,0.038375593985607206,0
2024-09-30,41.959999084472656,46.0,37.52000045776367,38.52000045776367,3298787,6677858000.0,582320000.0,14634305000.0,122147000.0,10354628000.0,594702000.0,23.33196,-58.33,-1542.254,113597383.0,JETAIRWAYS.NS,0.011796367769078716,0.02715298061643515,0.038375593985607206,0
2024-12-31,39.0,40.93000030517578,34.0,34.15999984741211,1123694,6677858000.0,582320000.0,14634305000.0,122147000.0,10354628000.0,594702000.0,23.33196,-58.33,-1542.254,113597383.0,JETAIRWAYS.NS,0.011796367769078716,0.02715298061643515,0.038375593985607206,0
2025-03-31,34.15999984741211,34.15999984741211,34.15999984741211,34.15999984741211,0,6677858000.0,582320000.0,14634305000.0,122147000.0,10354628000.0,594702000.0,23.33196,-58.33,-1542.254,113597383.0,JETAIRWAYS.NS,0.011796367769078716,0.02715298061643515,0.038375593985607206,0
2025-06-30,34.15999984741211,34.15999984741211,34.15999984741211,34.15999984741211,0,6677858000.0,582320000.0,14634305000.0,122147000.0,10354628000.0,594702000.0,23.33196,-58.33,-1542.254,113597383.0,JETAIRWAYS.NS,0.011796367769078716,0.02715298061643515,0.038375593985607206,0
2025-09-30,34.15999984741211,34.15999984741211,34.15999984741211,34.15999984741211,0,6677858000.0,582320000.0,14634305000.0,122147000.0,10354628000.0,594702000.0,23.33196,-58.33,-1542.254,113597383.0,JETAIRWAYS.NS,0.011796367769078716,0.02715298061643515,0.038375593985607206,0
2025-12-31,34.15999984741211,34.15999984741211,34.15999984741211,34.15999984741211,0,6677858000.0,582320000.0,14634305000.0,122147000.0,10354628000.0,594702000.0,23.33196,-58.33,-1542.254,113597383.0,JETAIRWAYS.NS,0.011796367769078716,0.02715298061643515,0.038375593985607206,0
2026-03-31,34.15999984741211,34.15999984741211,34.15999984741211,34.15999984741211,0,6677858000.0,582320000.0,14634305000.0,122147000.0,10354628000.0,594702000.0,23.33196,-58.33,-1542.254,113597383.0,JETAIRWAYS.NS,0.011796367769078716,0.02715298061643515,0.038375593985607206,0
2016-03-31,33.31019592285156,33.645807489389824,31.170624064640982,31.92576026916504,790761,6677858000.0,582320000.0,14634305000.0,122147000.0,10354628000.0,594702000.0,9.272443,12.81,107.51,956364073.0,JMFINANCIL.NS,0.011796367769078716,0.02715298061643515,0.038375593985607206,1
2016-06-30,31.71599478222102,48.4888885828909,31.71599478222102,43.91365432739258,43131512,6677858000.0,582320000.0,14634305000.0,122147000.0,10354628000.0,594702000.0,9.272443,12.81,107.51,956364073.0,JMFINANCIL.NS,0.011796367769078716,0.02715298061643515,0.038375593985607206,1
2016-09-30,44.42676013122555,66.61877404514993,43.828146904141,55.28759765625,104034655,6677858000.0,582320000.0,14634305000.0,122147000.0,10354628000.0,594702000.0,9.272443,12.81,107.51,956364073.0,JMFINANCIL.NS,0.011796367769078716,0.02715298061643515,0.038375593985607206,1
2016-12-31,55.58690889546352,77.73615458520061,45.02539701810406,56.6558837890625,87075940,6677858000.0,582320000.0,14634305000.0,122147000.0,10354628000.0,594702000.0,9.272443,12.81,107.51,956364073.0,JMFINANCIL.NS,0.011796367769078716,0.02715298061643515,0.038375593985607206,1
2017-03-31,57.08348680869737,80.22875744694299,56.613133371247784,76.43297576904297,64200929,6677858000.0,582320000.0,14634305000.0,122147000.0,10354628000.0,594702000.0,9.272443,12.81,107.51,956364073.0,JMFINANCIL.NS,0.011796367769078716,0.02715298061643515,0.038375593985607206,1
2017-06-30,77.07999306951601,114.51506865990238,75.69970254358265,102.0904541015625,103279749,6677858000.0,582320000.0,14634305000.0,122147000.0,10354628000.0,594702000.0,9.272443,12.81,107.51,956364073.0,JMFINANCIL.NS,0.011796367769078716,0.02715298061643515,0.038375593985607206,1
2017-09-30,102.09046178786885,133.45608419342307,97.74618090417157,120.03228759765625,83768365,6677858000.0,582320000.0,14634305000.0,122147000.0,10354628000.0,594702000.0,9.272443,12.81,107.51,956364073.0,JMFINANCIL.NS,0.011796367769078716,0.02715298061643515,0.038375593985607206,1
2017-12-31,122.68230217706245,166.47259385953447,120.8142705128976,136.583984375,95693267,6677858000.0,582320000.0,14634305000.0,122147000.0,10354628000.0,594702000.0,9.272443,12.81,107.51,956364073.0,JMFINANCIL.NS,0.011796367769078716,0.02715298061643515,0.038375593985607206,0
2018-03-31,136.801198778879,149.22582862556018,100.43905479794044,112.39401245117188,74769707,6677858000.0,582320000.0,14634305000.0,122147000.0,10354628000.0,594702000.0,9.272443,12.81,107.51,956364073.0,JMFINANCIL.NS,0.011796367769078716,0.02715298061643515,0.038375593985607206,0
2018-06-30,113.52842412951843,131.15547321196973,92.79890065603126,101.81490325927734,53913875,6677858000.0,582320000.0,14634305000.0,122147000.0,10354628000.0,594702000.0,9.272443,12.81,107.51,956364073.0,JMFINANCIL.NS,0.011796367769078716,0.02715298061643515,0.038375593985607206,0
2018-09-30,102.87042813029875,119.49508560491088,73.75533899494445,76.0863037109375,57609250,6677858000.0,582320000.0,14634305000.0,122147000.0,10354628000.0,594702000.0,9.272443,12.81,107.51,956364073.0,JMFINANCIL.NS,0.011796367769078716,0.02715298061643515,0.038375593985607206,1
2018-12-31,76.52611249972335,83.1231884915849,56.33904755459706,82.55142974853516,85726500,6677858000.0,582320000.0,14634305000.0,122147000.0,10354628000.0,594702000.0,9.272443,12.81,107.51,956364073.0,JMFINANCIL.NS,0.011796367769078716,0.02715298061643515,0.038375593985607206,1
2019-03-31,82.55144035025738,87.38351005967952,64.67442806057726,83.26666259765625,41358073,6677858000.0,582320000.0,14634305000.0,122147000.0,10354628000.0,594702000.0,9.272443,12.81,107.51,956364073.0,JMFINANCIL.NS,0.011796367769078716,0.02715298061643515,0.038375593985607206,0
2019-06-30,83.93066216269234,87.29572603715029,68.1441119057293,68.41134643554688,37233709,6677858000.0,582320000.0,14634305000.0,122147000.0,10354628000.0,594702000.0,9.272443,12.81,107.51,956364073.0,JMFINANCIL.NS,0.011796367769078716,0.02715298061643515,0.038375593985607206,1
2019-09-30,68.5895069821786,78.69976520856393,54.87160343281207,70.59373474121094,23646258,6677858000.0,582320000.0,14634305000.0,122147000.0,10354628000.0,594702000.0,9.272443,12.81,107.51,956364073.0,JMFINANCIL.NS,0.011796367769078716,0.02715298061643515,0.038375593985607206,1
2019-12-31,70.59373529152792,89.52266042527096,61.953246714288085,83.91079711914062,34013034,6677858000.0,582320000.0,14634305000.0,122147000.0,10354628000.0,594702000.0,9.272443,12.81,107.51,956364073.0,JMFINANCIL.NS,0.011796367769078716,0.02715298061643515,0.038375593985607206,0
2020-03-31,84.08894755831503,111.07935901726039,53.80267775566699,57.67753219604492,58479239,6677858000.0,582320000.0,14634305000.0,122147000.0,10354628000.0,594702000.0,9.272443,12.81,107.51,956364073.0,JMFINANCIL.NS,0.011796367769078716,0.02715298061643515,0.038375593985607206,1
2020-06-30,57.72208154590949,73.80051371284847,49.39334570109129,62.54880142211914,91011947,6677858000.0,582320000.0,14634305000.0,122147000.0,10354628000.0,594702000.0,9.272443,12.81,107.51,956364073.0,JMFINANCIL.NS,0.011796367769078716,0.02715298061643515,0.038375593985607206,1
2020-09-30,62.995573614880364,77.64985444141367,61.833950381595564,69.02706909179688,102719222,6677858000.0,582320000.0,14634305000.0,122147000.0,10354628000.0,594702000.0,9.272443,12.81,107.51,956364073.0,JMFINANCIL.NS,0.011796367769078716,0.02715298061643515,0.038375593985607206,1
2020-12-31,69.38448568140103,83.94942233326574,66.52511386228358,75.46065521240234,149918899,6677858000.0,582320000.0,14634305000.0,122147000.0,10354628000.0,594702000.0,9.272443,12.81,107.51,956364073.0,JMFINANCIL.NS,0.011796367769078716,0.02715298061643515,0.038375593985607206,1
2021-03-31,75.9521156937966,90.87445842512052,68.71433174040932,75.55001831054688,109356970,6677858000.0,582320000.0,14634305000.0,122147000.0,10354628000.0,594702000.0,9.272443,12.81,107.51,956364073.0,JMFINANCIL.NS,0.011796367769078716,0.02715298061643515,0.038375593985607206,1
2021-06-30,76.04146317116167,89.50948115966429,67.9548092456567,79.5340347290039,109487024,6677858000.0,582320000.0,14634305000.0,122147000.0,10354628000.0,594702000.0,9.272443,12.81,107.51,956364073.0,JMFINANCIL.NS,0.011796367769078716,0.02715298061643515,0.038375593985607206,1
2021-09-30,80.43273125922887,105.77576652568321,76.56834667479876,83.17373657226562,289074172,6677858000.0,582320000.0,14634305000.0,122147000.0,10354628000.0,594702000.0,9.272443,12.81,107.51,956364073.0,JMFINANCIL.NS,0.011796367769078716,0.02715298061643515,0.038375593985607206,0
2021-12-31,82.54465368477123,87.08302407560551,58.32495591729309,66.86251068115234,102858873,6677858000.0,582320000.0,14634305000.0,122147000.0,10354628000.0,594702000.0,9.272443,12.81,107.51,956364073.0,JMFINANCIL.NS,0.011796367769078716,0.02715298061643515,0.038375593985607206,0
2022-03-31,67.40172272534514,71.40089505347214,54.448744142198294,61.192604064941406,63623306,6677858000.0,582320000.0,14634305000.0,122147000.0,10354628000.0,594702000.0,9.272443,12.81,107.51,956364073.0,JMFINANCIL.NS,0.011796367769078716,0.02715298061643515,0.038375593985607206,0
2022-06-30,61.55468823480393,72.41728112994065,51.68783675029331,55.172916412353516,78404602,6677858000.0,582320000.0,14634305000.0,122147000.0,10354628000.0,594702000.0,9.272443,12.81,107.51,956364073.0,JMFINANCIL.NS,0.011796367769078716,0.02715298061643515,0.038375593985607206,1
2022-09-30,55.67078524040611,70.5686053833331,53.860353200067706,69.41551971435547,77832694,6677858000.0,582320000.0,14634305000.0,122147000.0,10354628000.0,594702000.0,9.272443,12.81,107.51,956364073.0,JMFINANCIL.NS,0.011796367769078716,0.02715298061643515,0.038375593985607206,0
2022-12-31,69.41551920326043,79.32066770275368,61.34394435469207,66.80126190185547,121044036,6677858000.0,582320000.0,14634305000.0,122147000.0,10354628000.0,594702000.0,9.272443,12.81,107.51,956364073.0,JMFINANCIL.NS,0.011796367769078716,0.02715298061643515,0.038375593985607206,0
2023-03-31,67.22168447480574,69.97782809553325,54.048296191920215,55.68329620361328,50592377,6677858000.0,582320000.0,14634305000.0,122147000.0,10354628000.0,594702000.0,9.272443,12.81,107.51,956364073.0,JMFINANCIL.NS,0.011796367769078716,0.02715298061643515,0.038375593985607206,1
2023-06-30,57.17814808958855,72.08115137741879,55.87014943368267,69.57109832763672,156213789,6677858000.0,582320000.0,14634305000.0,122147000.0,10354628000.0,594702000.0,9.272443,12.81,107.51,956364073.0,JMFINANCIL.NS,0.011796367769078716,0.02715298061643515,0.038375593985607206,1
2023-09-30,69.66582142030192,90.83551915252035,67.72407732177064,81.78984832763672,341057714,6677858000.0,582320000.0,14634305000.0,122147000.0,10354628000.0,594702000.0,9.272443,12.81,107.51,956364073.0,JMFINANCIL.NS,0.011796367769078716,0.02715298061643515,0.038375593985607206,1
2023-12-31,81.36361412991099,99.3602264668571,73.26514315163939,93.10877227783203,396610554,6677858000.0,582320000.0,14634305000.0,122147000.0,10354628000.0,594702000.0,9.272443,12.81,107.51,956364073.0,JMFINANCIL.NS,0.011796367769078716,0.02715298061643515,0.038375593985607206,0
2024-03-31,93.48764295856841,108.78476252733265,67.25047923627584,70.75508117675781,521446863,6677858000.0,582320000.0,14634305000.0,122147000.0,10354628000.0,594702000.0,9.272443,12.81,107.51,956364073.0,JMFINANCIL.NS,0.011796367769078716,0.02715298061643515,0.038375593985607206,1
2024-06-30,71.56020092698543,87.08308915441377,65.35609893798828,85.10989379882812,283396067,6677858000.0,582320000.0,14634305000.0,122147000.0,10354628000.0,594702000.0,9.272443,12.81,107.51,956364073.0,JMFINANCIL.NS,0.011796367769078716,0.02715298061643515,0.038375593985607206,1
2024-09-30,86.02358937978646,150.58503578214686,84.67248500991899,146.4150848388672,995069453,6390600000.0,2321600000.0,280312700000.0,139488800000.0,87101600000.0,16147800000.0,9.272443,12.81,107.51,956364073.0,JMFINANCIL.NS,1.601449341917944,0.008282179152068386,0.02665393058221663,0
2024-12-31,147.74672908423875,164.02802812763923,118.98472401666369,126.36233520507812,766056999,6860700000.0,2089200000.0,280312700000.0,139488800000.0,87101600000.0,16147800000.0,9.272443,12.81,107.51,956364073.0,JMFINANCIL.NS,1.601449341917944,0.008282179152068386,0.02665393058221663,0
2025-03-31,125.93465011102116,131.43627200947114,81.26070493741769,93.40119934082031,261069252,7460300000.0,2095300000.0,245041000000.0,115073600000.0,97278000000.0,5400000000.0,9.272443,12.81,107.51,956364073.0,JMFINANCIL.NS,1.182935504430601,0.00855081394542138,0.021539299738892657,1
2025-06-30,93.11932283229,163.87914722807346,77.95583589971378,157.78900146484375,389532766,10748000000.0,4538100000.0,245041000000.0,115073600000.0,97278000000.0,5400000000.0,9.272443,12.81,107.51,956364073.0,JMFINANCIL.NS,1.182935504430601,0.00855081394542138,0.021539299738892657,1
2025-09-30,157.78898794846725,197.855161732981,148.4408846576336,158.14549255371094,536725756,10748000000.0,4538100000.0,245041000000.0,115073600000.0,97278000000.0,5400000000.0,9.272443,12.81,107.51,956364073.0,JMFINANCIL.NS,1.182935504430601,0.00855081394542138,0.021539299738892657,0
2025-12-31,158.93770430953276,180.72355467754548,134.1999969482422,150.10000610351562,294732146,9013900000.0,3128000000.0,245041000000.0,115073600000.0,97278000000.0,5400000000.0,9.272443,12.81,107.51,956364073.0,JMFINANCIL.NS,1.182935504430601,0.00855081394542138,0.021539299738892657,0
2026-03-31,150.58999633789062,150.66000366210938,114.5,118.77999877929688,178709253,9013900000.0,3128000000.0,245041000000.0,115073600000.0,97278000000.0,5400000000.0,9.272443,12.81,107.51,956364073.0,JMFINANCIL.NS,1.182935504430601,0.00855081394542138,0.021539299738892657,0
2016-03-31,17.65037860803483,17.65037860803483,16.322913564890605,16.470409393310547,435012,9013900000.0,3128000000.0,245041000000.0,115073600000.0,97278000000.0,5400000000.0,19.579361,35.66,219.566,823718921.0,JSL.NS,1.182935504430601,0.00855081394542138,0.021539299738892657,0
2016-06-30,16.32291114267234,19.66616119436879,13.962971831042141,15.634596824645996,18927030,9013900000.0,3128000000.0,245041000000.0,115073600000.0,97278000000.0,5400000000.0,19.579361,35.66,219.566,823718921.0,JSL.NS,1.182935504430601,0.00855081394542138,0.021539299738892657,1
2016-09-30,15.88042370008942,27.975110491806795,15.388769703953455,24.238542556762695,49271602,9013900000.0,3128000000.0,245041000000.0,115073600000.0,97278000000.0,5400000000.0,19.579361,35.66,219.566,823718921.0,JSL.NS,1.182935504430601,0.00855081394542138,0.021539299738892657,1
2016-12-31,24.23854254405669,43.757208861997206,24.041880035933875,37.02154541015625,38839996,9013900000.0,3128000000.0,245041000000.0,115073600000.0,97278000000.0,5400000000.0,19.579361,35.66,219.566,823718921.0,JSL.NS,1.182935504430601,0.00855081394542138,0.021539299738892657,1
2017-03-31,37.070714030768514,76.45218488816919,36.67738931252859,70.01152801513672,75216477,9013900000.0,3128000000.0,245041000000.0,115073600000.0,97278000000.0,5400000000.0,19.579361,35.66,219.566,823718921.0,JSL.NS,1.182935504430601,0.00855081394542138,0.021539299738892657,1
2017-06-30,69.51987334772441,82.00788145545539,65.88163322978477,70.06070709228516,28757304,9013900000.0,3128000000.0,245041000000.0,115073600000.0,97278000000.0,5400000000.0,19.579361,35.66,219.566,823718921.0,JSL.NS,1.182935504430601,0.00855081394542138,0.021539299738892657,1
2017-09-30,70.15902847489521,123.89679882030524,69.81486345583251,110.3763198852539,44183167,9013900000.0,3128000000.0,245041000000.0,115073600000.0,97278000000.0,5400000000.0,19.579361,35.66,219.566,823718921.0,JSL.NS,1.182935504430601,0.00855081394542138,0.021539299738892657,0
2017-12-31,113.0804173685027,119.17693048020824,93.41425815892599,102.55902099609375,19246832,9013900000.0,3128000000.0,245041000000.0,115073600000.0,97278000000.0,5400000000.0,19.579361,35.66,219.566,823718921.0,JSL.NS,1.182935504430601,0.00855081394542138,0.021539299738892657,0
2018-03-31,102.7556750069837,130.5341448838026,73.0597770954032,77.23885345458984,34540996,9013900000.0,3128000000.0,245041000000.0,115073600000.0,97278000000.0,5400000000.0,19.579361,35.66,219.566,823718921.0,JSL.NS,1.182935504430601,0.00855081394542138,0.021539299738892657,0
2018-06-30,79.2546285793145,107.0822436856251,62.636715852088784,66.42245483398438,32665180,9013900000.0,3128000000.0,245041000000.0,115073600000.0,97278000000.0,5400000000.0,19.579361,35.66,219.566,823718921.0,JSL.NS,1.182935504430601,0.00855081394542138,0.021539299738892657,0
2018-09-30,68.33989655019161,70.7981806445557,51.7711612961255,52.85279846191406,41231072,9013900000.0,3128000000.0,245041000000.0,115073600000.0,97278000000.0,5400000000.0,19.579361,35.66,219.566,823718921.0,JSL.NS,1.182935504430601,0.00855081394542138,0.021539299738892657,0
2018-12-31,53.098631703900246,58.50682796638008,30.285882753926767,33.62913131713867,38105661,9013900000.0,3128000000.0,245041000000.0,115073600000.0,97278000000.0,5400000000.0,19.579361,35.66,219.566,823718921.0,JSL.NS,1.182935504430601,0.00855081394542138,0.021539299738892657,1
2019-03-31,33.629130491344036,43.60971305832789,23.009406232389406,38.545677185058594,44113485,9013900000.0,3128000000.0,245041000000.0,115073600000.0,97278000000.0,5400000000.0,19.579361,35.66,219.566,823718921.0,JSL.NS,1.182935504430601,0.00855081394542138,0.021539299738892657,0
2019-06-30,40.463125472793614,43.363881055658254,30.974201756974125,35.44824981689453,28029644,9013900000.0,3128000000.0,245041000000.0,115073600000.0,97278000000.0,5400000000.0,19.579361,35.66,219.566,823718921.0,JSL.NS,1.182935504430601,0.00855081394542138,0.021539299738892657,0
2019-09-30,35.39908822273693,38.15235559448397,26.352655539496805,34.809104919433594,20485321,9013900000.0,3128000000.0,245041000000.0,115073600000.0,97278000000.0,5400000000.0,19.579361,35.66,219.566,823718921.0,JSL.NS,1.182935504430601,0.00855081394542138,0.021539299738892657,1
2019-12-31,34.51410703671571,39.8239763231258,32.10500559548338,38.00485610961914,22765944,9013900000.0,3128000000.0,245041000000.0,115073600000.0,97278000000.0,5400000000.0,19.579361,35.66,219.566,823718921.0,JSL.NS,1.182935504430601,0.00855081394542138,0.021539299738892657,0
2020-03-31,38.25068414562661,46.46129878851937,21.042790283031145,23.697725296020508,117860112,9013900000.0,3128000000.0,245041000000.0,115073600000.0,97278000000.0,5400000000.0,19.579361,35.66,219.566,823718921.0,JSL.NS,1.182935504430601,0.00855081394542138,0.021539299738892657,1
2020-06-30,24.238542569834717,40.85644558371499,22.66524911639934,39.922298431396484,29810204,9013900000.0,3128000000.0,245041000000.0,115073600000.0,97278000000.0,5400000000.0,19.579361,35.66,219.566,823718921.0,JSL.NS,1.182935504430601,0.00855081394542138,0.021539299738892657,1
2020-09-30,39.873136504148384,52.11532183738487,34.66161018421921,43.60970687866211,50103450,9013900000.0,3128000000.0,245041000000.0,115073600000.0,97278000000.0,5400000000.0,19.579361,35.66,219.566,823718921.0,JSL.NS,1.182935504430601,0.00855081394542138,0.021539299738892657,1
2020-12-31,44.248859122927875,83.92533213448307,42.13475353881927,74.43640899658203,93365409,9013900000.0,3128000000.0,245041000000.0,115073600000.0,97278000000.0,5400000000.0,19.579361,35.66,219.566,823718921.0,JSL.NS,1.182935504430601,0.00855081394542138,0.021539299738892657,0
2021-03-31,74.8297361884999,94.39756973226127,59.440972078301655,66.47161102294922,89096396,9013900000.0,3128000000.0,245041000000.0,115073600000.0,97278000000.0,5400000000.0,19.579361,35.66,219.566,823718921.0,JSL.NS,1.182935504430601,0.00855081394542138,0.021539299738892657,1
2021-06-30,67.01243117699555,111.55629887549802,66.66827493144966,107.81973266601562,189141650,9013900000.0,3128000000.0,245041000000.0,115073600000.0,97278000000.0,5400000000.0,19.579361,35.66,219.566,823718921.0,JSL.NS,1.182935504430601,0.00855081394542138,0.021539299738892657,1
2021-09-30,108.1147072218028,171.48892315540488,103.54233303009269,159.29588317871094,253338232,9013900000.0,3128000000.0,245041000000.0,115073600000.0,97278000000.0,5400000000.0,19.579361,35.66,219.566,823718921.0,JSL.NS,1.182935504430601,0.00855081394542138,0.021539299738892657,1
2021-12-31,157.3292742327417,204.42973447691503,149.65946922245138,194.89166259765625,120469589,9013900000.0,3128000000.0,245041000000.0,115073600000.0,97278000000.0,5400000000.0,19.579361,35.66,219.566,823718921.0,JSL.NS,1.182935504430601,0.00855081394542138,0.021539299738892657,1
2022-03-31,195.87496785848413,220.6543215114767,170.60394073249446,199.16905212402344,85801542,9013900000.0,3128000000.0,245041000000.0,115073600000.0,97278000000.0,5400000000.0,19.579361,35.66,219.566,823718921.0,JSL.NS,1.182935504430601,0.00855081394542138,0.021539299738892657,0
2022-06-30,200.59483157454122,211.11621165153812,93.46342490782716,98.13414001464844,78352599,9013900000.0,3128000000.0,245041000000.0,115073600000.0,97278000000.0,5400000000.0,19.579361,35.66,219.566,823718921.0,JSL.NS,1.182935504430601,0.00855081394542138,0.021539299738892657,1
2022-09-30,98.33079861105271,144.2512757506367,95.7250309474509,123.1593246459961,70000552,9013900000.0,3128000000.0,245041000000.0,115073600000.0,97278000000.0,5400000000.0,19.579361,35.66,219.566,823718921.0,JSL.NS,1.182935504430601,0.00855081394542138,0.021539299738892657,1
2022-12-31,122.96266608247349,238.45215179602283,120.06191327633216,235.15811157226562,102247683,9013900000.0,3128000000.0,245041000000.0,115073600000.0,97278000000.0,5400000000.0,19.579361,35.66,219.566,823718921.0,JSL.NS,1.182935504430601,0.00855081394542138,0.021539299738892657,1
2023-03-31,236.9772380194562,323.50834666592993,226.357497224161,284.9626770019531,84838724,9013900000.0,3128000000.0,245041000000.0,115073600000.0,97278000000.0,5400000000.0,19.579361,35.66,219.566,823718921.0,JSL.NS,1.182935504430601,0.00855081394542138,0.021539299738892657,1
2023-06-30,290.0758655914069,340.258715504861,250.74355696325873,326.04833984375,47013344,9013900000.0,3128000000.0,245041000000.0,115073600000.0,97278000000.0,5400000000.0,19.579361,35.66,219.566,823718921.0,JSL.NS,1.182935504430601,0.00855081394542138,0.021539299738892657,1
2023-09-30,329.4035936041892,533.8745809384944,328.219416566381,470.94366455078125,48932430,9013900000.0,3128000000.0,245041000000.0,115073600000.0,97278000000.0,5400000000.0,19.579361,35.66,219.566,823718921.0,JSL.NS,1.182935504430601,0.00855081394542138,0.021539299738892657,1
2023-12-31,470.1023889250656,573.3274904251297,423.69695449046407,567.4751586914062,103126819,9013900000.0,3128000000.0,245041000000.0,115073600000.0,97278000000.0,5400000000.0,19.579361,35.66,219.566,823718921.0,JSL.NS,1.182935504430601,0.00855081394542138,0.021539299738892657,1
2024-03-31,570.8477238303386,712.0469707715691,509.3489156217062,688.8361206054688,152019470,9013900000.0,3128000000.0,245041000000.0,115073600000.0,97278000000.0,5400000000.0,19.579361,35.66,219.566,823718921.0,JSL.NS,1.182935504430601,0.00855081394542138,0.021539299738892657,1
2024-06-30,699.2512047389706,834.201372864751,619.9475276186871,815.8509521484375,143224967,9013900000.0,3128000000.0,245041000000.0,115073600000.0,97278000000.0,5400000000.0,19.579361,35.66,219.566,823718921.0,JSL.NS,1.182935504430601,0.00855081394542138,0.021539299738892657,0
2024-09-30,819.3227569654972,841.1448121097002,625.8990522574005,786.2457275390625,66171758,9013900000.0,3128000000.0,341130900000.0,64730800000.0,154615600000.0,9240600000.0,19.579361,35.66,219.566,823718921.0,JSL.NS,0.41865633222003473,0.00855081394542138,0.021539299738892657,0
2024-12-31,788.7322838584843,789.4285287850677,628.449554931825,695.4371337890625,43926752,99073000000.0,6548400000.0,341130900000.0,64730800000.0,154615600000.0,9240600000.0,19.579361,35.66,219.566,823718921.0,JSL.NS,0.41865633222003473,0.00855081394542138,0.021539299738892657,0
2025-03-31,697.7247922212033,697.7247922212033,565.8823882490005,579.3806762695312,58755381,100766300000.0,5909900000.0,361580500000.0,64018700000.0,166879400000.0,6325400000.0,19.579361,35.66,219.566,823718921.0,JSL.NS,0.3836225441846028,0.01634463141679377,0.03541419731854261,1
2025-06-30,579.3806935236897,731.547750750227,494.70507750901663,702.409423828125,65234092,102071400000.0,7141600000.0,361580500000.0,64018700000.0,166879400000.0,6325400000.0,19.579361,35.66,219.566,823718921.0,JSL.NS,0.3836225441846028,0.01634463141679377,0.03541419731854261,1
2025-09-30,707.0914884825334,817.9377351988244,650.5082400005033,736.8380737304688,60748369,108927800000.0,8069400000.0,390775800000.0,68619700000.0,180792800000.0,6236700000.0,19.579361,35.66,219.566,823718921.0,JSL.NS,0.37954885371541347,0.020649692227614914,0.044633414605006395,1
2025-12-31,740.6833031720302,865.9283461447163,714.615605840758,838.212646484375,37584408,105175500000.0,8287900000.0,390775800000.0,68619700000.0,180792800000.0,6236700000.0,19.579361,35.66,219.566,823718921.0,JSL.NS,0.37954885371541347,0.020649692227614914,0.044633414605006395,0
2026-03-31,832.9691146023976,882.9073307862756,674.1500244140625,698.2000122070312,44456775,105175500000.0,8287900000.0,390775800000.0,68619700000.0,180792800000.0,6236700000.0,19.579361,35.66,219.566,823718921.0,JSL.NS,0.37954885371541347,0.020649692227614914,0.044633414605006395,0
2021-03-31,245.54558815698468,284.15936279296875,231.49108644423904,249.14312744140625,4410772,105175500000.0,8287900000.0,390775800000.0,68619700000.0,180792800000.0,6236700000.0,34.017326,16.74,192.597,158010885.0,JUBLINGREA.NS,0.37954885371541347,0.020649692227614914,0.044633414605006395,1
2021-06-30,250.3903215678637,586.7381170618238,249.4309716767991,502.1716003417969,61925216,105175500000.0,8287900000.0,390775800000.0,68619700000.0,180792800000.0,6236700000.0,34.017326,16.74,192.597,158010885.0,JUBLINGREA.NS,0.37954885371541347,0.020649692227614914,0.044633414605006395,1
2021-09-30,502.171583035829,771.1839440466206,494.06506683042164,725.4447021484375,128419196,105175500000.0,8287900000.0,390775800000.0,68619700000.0,180792800000.0,6236700000.0,34.017326,16.74,192.597,158010885.0,JUBLINGREA.NS,0.37954885371541347,0.020649692227614914,0.044633414605006395,0
2021-12-31,718.7734628605064,805.1163948079097,497.2283805411718,550.6949462890625,56353375,105175500000.0,8287900000.0,390775800000.0,68619700000.0,180792800000.0,6236700000.0,34.017326,16.74,192.597,158010885.0,JUBLINGREA.NS,0.37954885371541347,0.020649692227614914,0.044633414605006395,0
2022-03-31,553.382612532504,621.7754786235241,386.78343844086714,433.68524169921875,43404731,105175500000.0,8287900000.0,390775800000.0,68619700000.0,180792800000.0,6236700000.0,34.017326,16.74,192.597,158010885.0,JUBLINGREA.NS,0.37954885371541347,0.020649692227614914,0.044633414605006395,1
2022-06-30,437.49323775093114,521.5598608964132,396.23120855899396,468.3915710449219,28971107,105175500000.0,8287900000.0,390775800000.0,68619700000.0,180792800000.0,6236700000.0,34.017326,16.74,192.597,158010885.0,JUBLINGREA.NS,0.37954885371541347,0.020649692227614914,0.044633414605006395,1
2022-09-30,468.0541586323317,543.6370307340776,446.7716698986604,499.589599609375,40917867,105175500000.0,8287900000.0,390775800000.0,68619700000.0,180792800000.0,6236700000.0,34.017326,16.74,192.597,158010885.0,JUBLINGREA.NS,0.37954885371541347,0.020649692227614914,0.044633414605006395,1
2022-12-31,495.7130203764345,574.3099765758342,486.2155938553807,512.2367553710938,32027036,105175500000.0,8287900000.0,390775800000.0,68619700000.0,180792800000.0,6236700000.0,34.017326,16.74,192.597,158010885.0,JUBLINGREA.NS,0.37954885371541347,0.020649692227614914,0.044633414605006395,0
2023-03-31,510.734666603051,525.2716057027228,341.442568312175,350.69842529296875,17237701,105175500000.0,8287900000.0,390775800000.0,68619700000.0,180792800000.0,6236700000.0,34.017326,16.74,192.597,158010885.0,JUBLINGREA.NS,0.37954885371541347,0.020649692227614914,0.044633414605006395,1
2023-06-30,352.6956815750583,464.5450765136635,352.6956815750583,415.53790283203125,26363388,105175500000.0,8287900000.0,390775800000.0,68619700000.0,180792800000.0,6236700000.0,34.017326,16.74,192.597,158010885.0,JUBLINGREA.NS,0.37954885371541347,0.020649692227614914,0.044633414605006395,1
2023-09-30,416.9993833190611,514.1823168838589,388.74474853058183,469.4473571777344,26509995,105175500000.0,8287900000.0,390775800000.0,68619700000.0,180792800000.0,6236700000.0,34.017326,16.74,192.597,158010885.0,JUBLINGREA.NS,0.37954885371541347,0.020649692227614914,0.044633414605006395,1
2023-12-31,467.0954716984008,507.077629153647,398.0086252114657,498.405029296875,16845248,105175500000.0,8287900000.0,390775800000.0,68619700000.0,180792800000.0,6236700000.0,34.017326,16.74,192.597,158010885.0,JUBLINGREA.NS,0.37954885371541347,0.020649692227614914,0.044633414605006395,0
2024-03-31,501.9328933253356,506.48964755611814,411.58101119882934,446.1806945800781,28799720,105175500000.0,8287900000.0,390775800000.0,68619700000.0,180792800000.0,6236700000.0,34.017326,16.74,192.597,158010885.0,JUBLINGREA.NS,0.37954885371541347,0.020649692227614914,0.044633414605006395,1
2024-06-30,448.4475588938694,573.3230270151529,448.4475588938694,511.3780212402344,41540590,105175500000.0,8287900000.0,390775800000.0,68619700000.0,180792800000.0,6236700000.0,34.017326,16.74,192.597,158010885.0,JUBLINGREA.NS,0.37954885371541347,0.020649692227614914,0.044633414605006395,1
2024-09-30,512.5114868221132,791.6114873148258,509.4068764851634,767.5632934570312,95518277,10290000000.0,590000000.0,48412900000.0,7196900000.0,28153500000.0,547900000.0,34.017326,16.74,192.597,158010885.0,JUBLINGREA.NS,0.2556307386293001,0.012186834500721916,0.020956541815404833,1
2024-12-31,763.5552782053777,875.8296400995137,635.3476384192834,814.5216064453125,46694763,10460600000.0,693800000.0,48412900000.0,7196900000.0,28153500000.0,547900000.0,34.017326,16.74,192.597,158010885.0,JUBLINGREA.NS,0.2556307386293001,0.012186834500721916,0.020956541815404833,0
2025-03-31,816.2534379623245,875.8296875145886,553.1577616124141,645.474853515625,26507865,10381630000.0,740620000.0,50317650000.0,7637820000.0,29270760000.0,693550000.0,34.017326,16.74,192.597,158010885.0,JUBLINGREA.NS,0.2609368530232901,0.014718890886199971,0.025302383675722802,1
2025-06-30,634.649035682948,800.511968943946,531.5558525090763,757.4074096679688,67810099,10294200000.0,751000000.0,50317650000.0,7637820000.0,29270760000.0,693550000.0,34.017326,16.74,192.597,158010885.0,JUBLINGREA.NS,0.2609368530232901,0.014718890886199971,0.025302383675722802,0
2025-09-30,758.6488978097677,846.0000988078774,624.5373991849414,636.9404296875,21902665,10294200000.0,751000000.0,50317650000.0,7637820000.0,29270760000.0,693550000.0,34.017326,16.74,192.597,158010885.0,JUBLINGREA.NS,0.2609368530232901,0.014718890886199971,0.025302383675722802,1
2025-12-31,642.5691604911224,752.9515481621374,582.0979238801042,700.7988891601562,23392256,10397200000.0,469000000.0,50317650000.0,7637820000.0,29270760000.0,693550000.0,34.017326,16.74,192.597,158010885.0,JUBLINGREA.NS,0.2609368530232901,0.014718890886199971,0.025302383675722802,0
2026-03-31,700.7989013945629,774.0716629561845,537.2999877929688,569.4500122070312,13714622,10397200000.0,469000000.0,50317650000.0,7637820000.0,29270760000.0,693550000.0,34.017326,16.74,192.597,158010885.0,JUBLINGREA.NS,0.2609368530232901,0.014718890886199971,0.025302383675722802,0
2016-03-31,433.13450388844296,446.50315351689164,425.768944234973,442.3240051269531,918488,10397200000.0,469000000.0,50317650000.0,7637820000.0,29270760000.0,693550000.0,35.18039,25.5,183.983,159272290.0,KAJARIACER.NS,0.2609368530232901,0.014718890886199971,0.025302383675722802,1
2016-06-30,443.27068733213036,567.8611687927074,432.30320222858364,556.916748046875,8832282,10397200000.0,469000000.0,50317650000.0,7637820000.0,29270760000.0,693550000.0,35.18039,25.5,183.983,159272290.0,KAJARIACER.NS,0.2609368530232901,0.014718890886199971,0.025302383675722802,1
2016-09-30,558.7640388236698,661.6129596128677,547.2191869467957,644.064208984375,5791060,10397200000.0,469000000.0,50317650000.0,7637820000.0,29270760000.0,693550000.0,35.18039,25.5,183.983,159272290.0,KAJARIACER.NS,0.2609368530232901,0.014718890886199971,0.025302383675722802,0
2016-12-31,648.6308560885725,688.0403186758947,405.5451257121088,431.74066162109375,15344798,10397200000.0,469000000.0,50317650000.0,7637820000.0,29270760000.0,693550000.0,35.18039,25.5,183.983,159272290.0,KAJARIACER.NS,0.2609368530232901,0.014718890886199971,0.025302383675722802,1
2017-03-31,434.61529605137673,565.4540011559554,434.522562573343,541.0668334960938,15243540,10397200000.0,469000000.0,50317650000.0,7637820000.0,29270760000.0,693550000.0,35.18039,25.5,183.983,159272290.0,KAJARIACER.NS,0.2609368530232901,0.014718890886199971,0.025302383675722802,1
2017-06-30,545.8422047316334,732.3643063435154,543.8948870186749,616.9644165039062,18129842,10397200000.0,469000000.0,50317650000.0,7637820000.0,29270760000.0,693550000.0,35.18039,25.5,183.983,159272290.0,KAJARIACER.NS,0.2609368530232901,0.014718890886199971,0.025302383675722802,1
2017-09-30,613.0233634871446,715.1333323279963,559.0559419653997,660.2665405273438,25045683,10397200000.0,469000000.0,50317650000.0,7637820000.0,29270760000.0,693550000.0,35.18039,25.5,183.983,159272290.0,KAJARIACER.NS,0.2609368530232901,0.014718890886199971,0.025302383675722802,1
2017-12-31,665.9952464751505,693.8013976642151,617.3695902523556,679.3626708984375,20045721,10397200000.0,469000000.0,50317650000.0,7637820000.0,29270760000.0,693550000.0,35.18039,25.5,183.983,159272290.0,KAJARIACER.NS,0.2609368530232901,0.014718890886199971,0.025302383675722802,0
2018-03-31,680.014823184909,712.5250080999613,498.6465388551123,533.3460083007812,22742973,10397200000.0,469000000.0,50317650000.0,7637820000.0,29270760000.0,693550000.0,35.18039,25.5,183.983,159272290.0,KAJARIACER.NS,0.2609368530232901,0.014718890886199971,0.025302383675722802,0
2018-06-30,536.093924459594,555.842313239192,440.23971053091367,450.4399719238281,26140583,10397200000.0,469000000.0,50317650000.0,7637820000.0,29270760000.0,693550000.0,35.18039,25.5,183.983,159272290.0,KAJARIACER.NS,0.2609368530232901,0.014718890886199971,0.025302383675722802,0
2018-09-30,451.7906394236817,480.1290372473204,341.35419387094765,344.7320861816406,52105360,10397200000.0,469000000.0,50317650000.0,7637820000.0,29270760000.0,693550000.0,35.18039,25.5,183.983,159272290.0,KAJARIACER.NS,0.2609368530232901,0.014718890886199971,0.025302383675722802,1
2018-12-31,340.1344778673642,467.7434907232072,290.8735822332381,462.6766662597656,42206250,10397200000.0,469000000.0,50317650000.0,7637820000.0,29270760000.0,693550000.0,35.18039,25.5,183.983,159272290.0,KAJARIACER.NS,0.2609368530232901,0.014718890886199971,0.025302383675722802,1
2019-03-31,465.39773508630503,560.2600324977948,457.4690236358108,541.1185913085938,32754558,10397200000.0,469000000.0,50317650000.0,7637820000.0,29270760000.0,693550000.0,35.18039,25.5,183.983,159272290.0,KAJARIACER.NS,0.2609368530232901,0.014718890886199971,0.025302383675722802,1
2019-06-30,559.1341019734336,609.5678266415496,509.63862733907337,545.950927734375,31509751,10397200000.0,469000000.0,50317650000.0,7637820000.0,29270760000.0,693550000.0,35.18039,25.5,183.983,159272290.0,KAJARIACER.NS,0.2609368530232901,0.014718890886199971,0.025302383675722802,0
2019-09-30,549.7980796145326,571.8707124337031,418.2578403177623,518.4791259765625,39897283,10397200000.0,469000000.0,50317650000.0,7637820000.0,29270760000.0,693550000.0,35.18039,25.5,183.983,159272290.0,KAJARIACER.NS,0.2609368530232901,0.014718890886199971,0.025302383675722802,0
2019-12-31,526.5516756125247,547.6061990547187,473.2072880971821,495.8667907714844,14422037,10397200000.0,469000000.0,50317650000.0,7637820000.0,29270760000.0,693550000.0,35.18039,25.5,183.983,159272290.0,KAJARIACER.NS,0.2609368530232901,0.014718890886199971,0.025302383675722802,0
2020-03-31,498.03836684760233,557.0476745074943,315.5225454969671,356.87371826171875,12940705,10397200000.0,469000000.0,50317650000.0,7637820000.0,29270760000.0,693550000.0,35.18039,25.5,183.983,159272290.0,KAJARIACER.NS,0.2609368530232901,0.014718890886199971,0.025302383675722802,1
2020-06-30,359.53234779828773,394.9966034478374,280.62794162752675,372.58807373046875,27712516,10397200000.0,469000000.0,50317650000.0,7637820000.0,29270760000.0,693550000.0,35.18039,25.5,183.983,159272290.0,KAJARIACER.NS,0.2609368530232901,0.014718890886199971,0.025302383675722802,1
2020-09-30,372.68309342489357,540.8890094343428,365.371854225396,525.5543823242188,24604837,10397200000.0,469000000.0,50317650000.0,7637820000.0,29270760000.0,693550000.0,35.18039,25.5,183.983,159272290.0,KAJARIACER.NS,0.2609368530232901,0.014718890886199971,0.025302383675722802,1
2020-12-31,531.726170571813,678.4731828116965,496.5942262619036,668.075927734375,27460212,10397200000.0,469000000.0,50317650000.0,7637820000.0,29270760000.0,693550000.0,35.18039,25.5,183.983,159272290.0,KAJARIACER.NS,0.2609368530232901,0.014718890886199971,0.025302383675722802,1
2021-03-31,670.3548056744155,980.2985153042288,656.7768144222944,890.8223266601562,26818701,10397200000.0,469000000.0,50317650000.0,7637820000.0,29270760000.0,693550000.0,35.18039,25.5,183.983,159272290.0,KAJARIACER.NS,0.2609368530232901,0.014718890886199971,0.025302383675722802,1
2021-06-30,895.5315439326895,1013.8401628130092,817.9246049869525,941.8074951171875,14282725,10397200000.0,469000000.0,50317650000.0,7637820000.0,29270760000.0,693550000.0,35.18039,25.5,183.983,159272290.0,KAJARIACER.NS,0.2609368530232901,0.014718890886199971,0.025302383675722802,1
2021-09-30,946.0361241182109,1220.567546151606,922.6338584394977,1150.4090576171875,19694913,10397200000.0,469000000.0,50317650000.0,7637820000.0,29270760000.0,693550000.0,35.18039,25.5,183.983,159272290.0,KAJARIACER.NS,0.2609368530232901,0.014718890886199971,0.025302383675722802,1
2021-12-31,1146.4207238485667,1302.2590359452158,1011.768131606539,1247.9136962890625,18684791,10397200000.0,469000000.0,50317650000.0,7637820000.0,29270760000.0,693550000.0,35.18039,25.5,183.983,159272290.0,KAJARIACER.NS,0.2609368530232901,0.014718890886199971,0.025302383675722802,0
2022-03-31,1252.799102417109,1330.0953936686562,856.450180614843,986.08349609375,17804261,10397200000.0,469000000.0,50317650000.0,7637820000.0,29270760000.0,693550000.0,35.18039,25.5,183.983,159272290.0,KAJARIACER.NS,0.2609368530232901,0.014718890886199971,0.025302383675722802,0
2022-06-30,971.2821184680392,1056.3658547925509,868.7363263366663,916.8167724609375,10513260,10397200000.0,469000000.0,50317650000.0,7637820000.0,29270760000.0,693550000.0,35.18039,25.5,183.983,159272290.0,KAJARIACER.NS,0.2609368530232901,0.014718890886199971,0.025302383675722802,1
2022-09-30,916.8166860088269,1244.0195108736264,906.6588564434626,1164.246826171875,14282266,10397200000.0,469000000.0,50317650000.0,7637820000.0,29270760000.0,693550000.0,35.18039,25.5,183.983,159272290.0,KAJARIACER.NS,0.2609368530232901,0.014718890886199971,0.025302383675722802,0
2022-12-31,1149.3106368663769,1175.4973242434835,979.2901968543279,1125.25732421875,9564956,10397200000.0,469000000.0,50317650000.0,7637820000.0,29270760000.0,693550000.0,35.18039,25.5,183.983,159272290.0,KAJARIACER.NS,0.2609368530232901,0.014718890886199971,0.025302383675722802,0
2023-03-31,1127.2457975464793,1162.9374967032907,981.5400867412576,1028.1546630859375,9481570,10397200000.0,469000000.0,50317650000.0,7637820000.0,29270760000.0,693550000.0,35.18039,25.5,183.983,159272290.0,KAJARIACER.NS,0.2609368530232901,0.014718890886199971,0.025302383675722802,1
2023-06-30,1033.3230185016766,1292.1414040149737,1020.255300500005,1226.4129638671875,13123446,10397200000.0,469000000.0,50317650000.0,7637820000.0,29270760000.0,693550000.0,35.18039,25.5,183.983,159272290.0,KAJARIACER.NS,0.2609368530232901,0.014718890886199971,0.025302383675722802,1
2023-09-30,1238.505644739835,1486.0116005066445,1194.5724960638486,1291.9620361328125,15610117,10397200000.0,469000000.0,50317650000.0,7637820000.0,29270760000.0,693550000.0,35.18039,25.5,183.983,159272290.0,KAJARIACER.NS,0.2609368530232901,0.014718890886199971,0.025302383675722802,0
2023-12-31,1291.9621559340972,1415.8060743875824,1141.3749025883126,1278.0546875,9820107,10397200000.0,469000000.0,50317650000.0,7637820000.0,29270760000.0,693550000.0,35.18039,25.5,183.983,159272290.0,KAJARIACER.NS,0.2609368530232901,0.014718890886199971,0.025302383675722802,0
2024-03-31,1288.0204470995436,1407.0678633613495,1090.1805311305548,1133.872314453125,15092102,10397200000.0,469000000.0,50317650000.0,7637820000.0,29270760000.0,693550000.0,35.18039,25.5,183.983,159272290.0,KAJARIACER.NS,0.2609368530232901,0.014718890886199971,0.025302383675722802,1
2024-06-30,1158.5653109039624,1447.4704787236092,1102.4534324644796,1382.571044921875,22690281,10397200000.0,469000000.0,50317650000.0,7637820000.0,29270760000.0,693550000.0,35.18039,25.5,183.983,159272290.0,KAJARIACER.NS,0.2609368530232901,0.014718890886199971,0.025302383675722802,1
2024-09-30,1384.0439032162242,1556.9176810863,1303.8769705118696,1445.674072265625,14464615,11618100000.0,842700000.0,37107500000.0,2608800000.0,26983000000.0,162500000.0,35.18039,25.5,183.983,159272290.0,KAJARIACER.NS,0.09668309676462958,0.022709694805632286,0.031230774932364824,0
2024-12-31,1450.7036764225406,1480.9308636175545,1092.6044337843587,1147.662841796875,9911017,11556200000.0,777400000.0,37107500000.0,2608800000.0,26983000000.0,162500000.0,35.18039,25.5,183.983,159272290.0,KAJARIACER.NS,0.09668309676462958,0.022709694805632286,0.031230774932364824,0
2025-03-31,1143.7514924274342,1170.3895383754154,823.0059096701227,850.53515625,13006971,11715900000.0,425200000.0,37562000000.0,2738600000.0,27443400000.0,188700000.0,35.18039,25.5,183.983,159272290.0,KAJARIACER.NS,0.09979084224257927,0.011319951014322985,0.01549370704796053,1
2025-06-30,848.25754150331,1114.0436910347612,751.3110632611249,1070.47216796875,35975303,11027400000.0,1089800000.0,37562000000.0,2738600000.0,27443400000.0,188700000.0,35.18039,25.5,183.983,159272290.0,KAJARIACER.NS,0.09979084224257927,0.011319951014322985,0.01549370704796053,1
2025-09-30,1067.4024313674709,1309.0259908033797,1052.8455211117907,1159.193115234375,33365712,11027400000.0,1089800000.0,37562000000.0,2738600000.0,27443400000.0,188700000.0,35.18039,25.5,183.983,159272290.0,KAJARIACER.NS,0.09979084224257927,0.011319951014322985,0.01549370704796053,0
2025-12-31,1154.4243828832807,1285.36522978804,948.2000122070312,968.5,14449232,11682600000.0,877200000.0,37562000000.0,2738600000.0,27443400000.0,188700000.0,35.18039,25.5,183.983,159272290.0,KAJARIACER.NS,0.09979084224257927,0.011319951014322985,0.01549370704796053,0
2026-03-31,970.7000122070312,1016.4500122070312,869.5999755859375,897.0999755859375,14869867,11682600000.0,877200000.0,37562000000.0,2738600000.0,27443400000.0,188700000.0,35.18039,25.5,183.983,159272290.0,KAJARIACER.NS,0.09979084224257927,0.011319951014322985,0.01549370704796053,0
2016-03-31,95.37179041121361,97.70504811345315,88.95533599216104,95.27457427978516,679612,11682600000.0,877200000.0,37562000000.0,2738600000.0,27443400000.0,188700000.0,44.380276,90.04,647.651,95600595.0,KEI.NS,0.09979084224257927,0.011319951014322985,0.01549370704796053,1
2016-06-30,98.58000946044922,117.05161796625524,91.19137521395629,109.03105163574219,10586262,11682600000.0,877200000.0,37562000000.0,2738600000.0,27443400000.0,188700000.0,44.380276,90.04,647.651,95600595.0,KEI.NS,0.09979084224257927,0.011319951014322985,0.01549370704796053,1
2016-09-30,109.85740737569661,125.4124289049138,105.44420070025652,111.39984130859375,9293277,11682600000.0,877200000.0,37562000000.0,2738600000.0,27443400000.0,188700000.0,44.380276,90.04,647.651,95600595.0,KEI.NS,0.09979084224257927,0.011319951014322985,0.01549370704796053,1
2016-12-31,112.76671755087693,136.19878051489897,103.58917934397397,120.91911315917969,13266786,11682600000.0,877200000.0,37562000000.0,2738600000.0,27443400000.0,188700000.0,44.380276,90.04,647.651,95600595.0,KEI.NS,0.09979084224257927,0.011319951014322985,0.01549370704796053,1
2017-03-31,121.06555653378224,182.37942326343966,121.06555653378224,178.37646484375,24605761,11682600000.0,877200000.0,37562000000.0,2738600000.0,27443400000.0,188700000.0,44.380276,90.04,647.651,95600595.0,KEI.NS,0.09979084224257927,0.011319951014322985,0.01549370704796053,1
2017-06-30,180.670823998161,233.83228674786665,180.670823998161,226.8514862060547,17078934,11682600000.0,877200000.0,37562000000.0,2738600000.0,27443400000.0,188700000.0,44.380276,90.04,647.651,95600595.0,KEI.NS,0.09979084224257927,0.011319951014322985,0.01549370704796053,1
2017-09-30,226.8026764329947,358.93879736569494,201.64001498771646,318.21923828125,34111273,11682600000.0,877200000.0,37562000000.0,2738600000.0,27443400000.0,188700000.0,44.380276,90.04,647.651,95600595.0,KEI.NS,0.09979084224257927,0.011319951014322985,0.01549370704796053,1
2017-12-31,322.0366531562624,414.53657588652965,305.49440127496996,368.5802917480469,32593234,11682600000.0,877200000.0,37562000000.0,2738600000.0,27443400000.0,188700000.0,44.380276,90.04,647.651,95600595.0,KEI.NS,0.09979084224257927,0.011319951014322985,0.01549370704796053,1
2018-03-31,370.6848259938054,412.0895095668794,324.0922513698316,376.8514709472656,15761794,11682600000.0,877200000.0,37562000000.0,2738600000.0,27443400000.0,188700000.0,44.380276,90.04,647.651,95600595.0,KEI.NS,0.09979084224257927,0.011319951014322985,0.01549370704796053,1
2018-06-30,379.64113311967094,485.50212854368954,363.29459852667566,399.9519958496094,18324186,11682600000.0,877200000.0,37562000000.0,2738600000.0,27443400000.0,188700000.0,44.380276,90.04,647.651,95600595.0,KEI.NS,0.09979084224257927,0.011319951014322985,0.01549370704796053,0
2018-09-30,396.9175516224633,446.78920031597437,286.5183935235066,352.2606201171875,10404743,11682600000.0,877200000.0,37562000000.0,2738600000.0,27443400000.0,188700000.0,44.380276,90.04,647.651,95600595.0,KEI.NS,0.09979084224257927,0.011319951014322985,0.01549370704796053,1
2018-12-31,351.2793684378442,389.84160504228834,243.3443756406871,352.4568176269531,13242103,11682600000.0,877200000.0,37562000000.0,2738600000.0,27443400000.0,188700000.0,44.380276,90.04,647.651,95600595.0,KEI.NS,0.09979084224257927,0.011319951014322985,0.01549370704796053,1
2019-03-31,352.45683360522276,435.66488416208784,299.3724728921308,414.07794189453125,10794574,11682600000.0,877200000.0,37562000000.0,2738600000.0,27443400000.0,188700000.0,44.380276,90.04,647.651,95600595.0,KEI.NS,0.09979084224257927,0.011319951014322985,0.01549370704796053,1
2019-06-30,420.3578026156288,522.5036453636841,349.9546805551896,471.0872497558594,11029900,11682600000.0,877200000.0,37562000000.0,2738600000.0,27443400000.0,188700000.0,44.380276,90.04,647.651,95600595.0,KEI.NS,0.09979084224257927,0.011319951014322985,0.01549370704796053,1
2019-09-30,473.8837416287366,552.8509502232152,382.97300564888064,534.5537719726562,6838243,11682600000.0,877200000.0,37562000000.0,2738600000.0,27443400000.0,188700000.0,44.380276,90.04,647.651,95600595.0,KEI.NS,0.09979084224257927,0.011319951014322985,0.01549370704796053,0
2019-12-31,536.0294071326326,604.6438498012469,423.29495323192424,450.7899475097656,10425522,11682600000.0,877200000.0,37562000000.0,2738600000.0,27443400000.0,188700000.0,44.380276,90.04,647.651,95600595.0,KEI.NS,0.09979084224257927,0.011319951014322985,0.01549370704796053,0
2020-03-31,456.4463267811515,570.4595329655062,205.94494128593746,265.3160095214844,17219596,11682600000.0,877200000.0,37562000000.0,2738600000.0,27443400000.0,188700000.0,44.380276,90.04,647.651,95600595.0,KEI.NS,0.09979084224257927,0.011319951014322985,0.01549370704796053,1
2020-06-30,278.56451416015625,365.7178757921947,246.18478063147836,344.8564147949219,11497490,11682600000.0,877200000.0,37562000000.0,2738600000.0,27443400000.0,188700000.0,44.380276,90.04,647.651,95600595.0,KEI.NS,0.09979084224257927,0.011319951014322985,0.01549370704796053,0
2020-09-30,345.0541314365002,421.1836223818766,330.8663759155976,344.8564147949219,21448823,11682600000.0,877200000.0,37562000000.0,2738600000.0,27443400000.0,188700000.0,44.380276,90.04,647.651,95600595.0,KEI.NS,0.09979084224257927,0.011319951014322985,0.01549370704796053,1
2020-12-31,350.59088849577074,492.9627849386357,315.9865822631915,471.3597717285156,14909394,11682600000.0,877200000.0,37562000000.0,2738600000.0,27443400000.0,188700000.0,44.380276,90.04,647.651,95600595.0,KEI.NS,0.09979084224257927,0.011319951014322985,0.01549370704796053,1
2021-03-31,477.34140877848586,558.756282645827,452.8217983971194,518.8983154296875,19449927,11682600000.0,877200000.0,37562000000.0,2738600000.0,27443400000.0,188700000.0,44.380276,90.04,647.651,95600595.0,KEI.NS,0.09979084224257927,0.011319951014322985,0.01549370704796053,1
2021-06-30,515.8208297430648,725.6834334436996,471.24750159456755,688.4064331054688,28018458,11682600000.0,877200000.0,37562000000.0,2738600000.0,27443400000.0,188700000.0,44.380276,90.04,647.651,95600595.0,KEI.NS,0.09979084224257927,0.011319951014322985,0.01549370704796053,1
2021-09-30,688.3569153558042,990.4437026426193,684.4851683663392,920.3571166992188,41545323,11682600000.0,877200000.0,37562000000.0,2738600000.0,27443400000.0,188700000.0,44.380276,90.04,647.651,95600595.0,KEI.NS,0.09979084224257927,0.011319951014322985,0.01549370704796053,1
2021-12-31,907.1539104707514,1255.7994677503175,795.1743308693787,1159.5546875,30937390,11682600000.0,877200000.0,37562000000.0,2738600000.0,27443400000.0,188700000.0,44.380276,90.04,647.651,95600595.0,KEI.NS,0.09979084224257927,0.011319951014322985,0.01549370704796053,1
2022-03-31,1163.4760294399955,1271.5464150463656,946.2348147309006,1254.681396484375,15357041,11682600000.0,877200000.0,37562000000.0,2738600000.0,27443400000.0,188700000.0,44.380276,90.04,647.651,95600595.0,KEI.NS,0.09979084224257927,0.011319951014322985,0.01549370704796053,0
2022-06-30,1273.5863631810898,1370.4484733711495,1034.7888488257163,1146.7747802734375,14465734,11682600000.0,877200000.0,37562000000.0,2738600000.0,27443400000.0,188700000.0,44.380276,90.04,647.651,95600595.0,KEI.NS,0.09979084224257927,0.011319951014322985,0.01549370704796053,1
2022-09-30,1146.7750821275808,1598.89783260776,1146.7252840740891,1438.0579833984375,16805836,11682600000.0,877200000.0,37562000000.0,2738600000.0,27443400000.0,188700000.0,44.380276,90.04,647.651,95600595.0,KEI.NS,0.09979084224257927,0.011319951014322985,0.01549370704796053,1
2022-12-31,1420.9440875977734,1653.6223521463216,1346.1707418534331,1457.3607177734375,12920289,11682600000.0,877200000.0,37562000000.0,2738600000.0,27443400000.0,188700000.0,44.380276,90.04,647.651,95600595.0,KEI.NS,0.09979084224257927,0.011319951014322985,0.01549370704796053,1
2023-03-31,1463.0818844744429,1738.3866258110384,1404.0294156859347,1693.1826171875,10636807,11682600000.0,877200000.0,37562000000.0,2738600000.0,27443400000.0,188700000.0,44.380276,90.04,647.651,95600595.0,KEI.NS,0.09979084224257927,0.011319951014322985,0.01549370704796053,1
2023-06-30,1699.4620925267052,2384.300964301489,1679.5763558568067,2308.14697265625,15658722,11682600000.0,877200000.0,37562000000.0,2738600000.0,27443400000.0,188700000.0,44.380276,90.04,647.651,95600595.0,KEI.NS,0.09979084224257927,0.011319951014322985,0.01549370704796053,1
2023-09-30,2316.4697828641238,2806.088614914682,2215.844729928302,2644.66015625,21231019,11682600000.0,877200000.0,37562000000.0,2738600000.0,27443400000.0,188700000.0,44.380276,90.04,647.651,95600595.0,KEI.NS,0.09979084224257927,0.011319951014322985,0.01549370704796053,1
2023-12-31,2651.338520666334,3297.3525843942384,2313.6293492801483,3238.99072265625,17818577,11682600000.0,877200000.0,37562000000.0,2738600000.0,27443400000.0,188700000.0,44.380276,90.04,647.651,95600595.0,KEI.NS,0.09979084224257927,0.011319951014322985,0.01549370704796053,1
2024-03-31,3239.4892284456823,3585.376158382743,2813.365154366788,3452.458740234375,17577087,11682600000.0,877200000.0,37562000000.0,2738600000.0,27443400000.0,188700000.0,44.380276,90.04,647.651,95600595.0,KEI.NS,0.09979084224257927,0.011319951014322985,0.01549370704796053,1
2024-06-30,3457.647688095944,5029.0063646763265,3368.4374198067085,4410.521484375,18362096,11682600000.0,877200000.0,37562000000.0,2738600000.0,27443400000.0,188700000.0,44.380276,90.04,647.651,95600595.0,KEI.NS,0.09979084224257927,0.011319951014322985,0.01549370704796053,0
2024-09-30,4476.4813445044865,4769.75776555888,3917.6692956821353,4288.181640625,15268641,22838200000.0,1548120000.0,49427320000.0,3513300000.0,34577600000.0,2437350000.0,44.380276,90.04,647.651,95600595.0,KEI.NS,0.10160624219147656,0.03132113980689222,0.04477233816112165,1
2024-12-31,4280.897239529219,4714.973987271678,3697.1383936039942,4427.23583984375,21990325,24722510000.0,1648050000.0,49427320000.0,3513300000.0,34577600000.0,2437350000.0,44.380276,90.04,647.651,95600595.0,KEI.NS,0.10160624219147656,0.03132113980689222,0.04477233816112165,0
2025-03-31,4420.55022980807,4562.997445153047,2758.98338424215,2889.428955078125,49405757,28006130000.0,2265480000.0,72346030000.0,2172080000.0,57857500000.0,5277830000.0,44.380276,90.04,647.651,95600595.0,KEI.NS,0.0375418917167178,0.031314503366667114,0.03915620273948926,1
2025-06-30,2860.6128887685472,3935.9399429842224,2421.1333899355013,3788.114990234375,28511658,25903160000.0,1957470000.0,72346030000.0,2172080000.0,57857500000.0,5277830000.0,44.380276,90.04,647.651,95600595.0,KEI.NS,0.0375418917167178,0.031314503366667114,0.03915620273948926,1
2025-09-30,3800.50026724903,4229.991813151042,3596.8413702688067,4057.495849609375,17963058,25903160000.0,1957470000.0,72346030000.0,2172080000.0,57857500000.0,5277830000.0,44.380276,90.04,647.651,95600595.0,KEI.NS,0.0375418917167178,0.031314503366667114,0.03915620273948926,1
2025-12-31,4043.8120791080805,4475.4010232665605,3852.2388971817386,4454.92529296875,14571413,29547040000.0,2348610000.0,72346030000.0,2172080000.0,57857500000.0,5277830000.0,44.380276,90.04,647.651,95600595.0,KEI.NS,0.0375418917167178,0.031314503366667114,0.03915620273948926,0
2026-03-31,4484.090718640086,5303.0,3724.290243524651,3999.5,20443647,29547040000.0,2348610000.0,72346030000.0,2172080000.0,57857500000.0,5277830000.0,44.380276,90.04,647.651,95600595.0,KEI.NS,0.0375418917167178,0.031314503366667114,0.03915620273948926,0
2016-12-31,10.464007377624512,10.987208366394043,10.464007377624512,10.987208366394043,1001,29547040000.0,2348610000.0,72346030000.0,2172080000.0,57857500000.0,5277830000.0,44.380276,-1.23,27.29,607751096.0,KIOCL.NS,0.0375418917167178,0.031314503366667114,0.03915620273948926,1
2017-03-31,10.987208366394043,13.926094055175781,10.987208366394043,13.926094055175781,131805,29547040000.0,2348610000.0,72346030000.0,2172080000.0,57857500000.0,5277830000.0,44.380276,-1.23,27.29,607751096.0,KIOCL.NS,0.0375418917167178,0.031314503366667114,0.03915620273948926,1
2017-06-30,14.598387718200684,105.02195766731015,14.598387718200684,78.03414916992188,453339,29547040000.0,2348610000.0,72346030000.0,2172080000.0,57857500000.0,5277830000.0,44.380276,-1.23,27.29,607751096.0,KIOCL.NS,0.0375418917167178,0.031314503366667114,0.03915620273948926,1
2017-09-30,74.1444455266355,220.22254926745572,65.3085842326536,152.7396697998047,2526164,29547040000.0,2348610000.0,72346030000.0,2172080000.0,57857500000.0,5277830000.0,44.380276,-1.23,27.29,607751096.0,KIOCL.NS,0.0375418917167178,0.031314503366667114,0.03915620273948926,1
2017-12-31,146.4296825276102,484.4221771041374,146.4296825276102,360.8721008300781,4383600,29547040000.0,2348610000.0,72346030000.0,2172080000.0,57857500000.0,5277830000.0,44.380276,-1.23,27.29,607751096.0,KIOCL.NS,0.0375418917167178,0.031314503366667114,0.03915620273948926,0
2018-03-31,361.35377993028993,396.9496619206362,192.67063327039793,212.67857360839844,3487175,29547040000.0,2348610000.0,72346030000.0,2172080000.0,57857500000.0,5277830000.0,44.380276,-1.23,27.29,607751096.0,KIOCL.NS,0.0375418917167178,0.031314503366667114,0.03915620273948926,0
2018-06-30,217.01895507027416,305.46624240227914,165.41666930072742,181.7172088623047,5307741,29547040000.0,2348610000.0,72346030000.0,2172080000.0,57857500000.0,5277830000.0,44.380276,-1.23,27.29,607751096.0,KIOCL.NS,0.0375418917167178,0.031314503366667114,0.03915620273948926,0
2018-09-30,183.40514163912397,243.1126657375187,150.33448693727289,152.8053436279297,5056982,29547040000.0,2348610000.0,72346030000.0,2172080000.0,57857500000.0,5277830000.0,44.380276,-1.23,27.29,607751096.0,KIOCL.NS,0.0375418917167178,0.031314503366667114,0.03915620273948926,1
2018-12-31,158.81292893433954,182.16490844513964,124.02718617170247,159.4427490234375,1512096,29547040000.0,2348610000.0,72346030000.0,2172080000.0,57857500000.0,5277830000.0,44.380276,-1.23,27.29,607751096.0,KIOCL.NS,0.0375418917167178,0.031314503366667114,0.03915620273948926,0
2019-03-31,160.84775582785872,163.75464298137425,117.09909947887243,134.4435272216797,1202859,29547040000.0,2348610000.0,72346030000.0,2172080000.0,57857500000.0,5277830000.0,44.380276,-1.23,27.29,607751096.0,KIOCL.NS,0.0375418917167178,0.031314503366667114,0.03915620273948926,0
2019-06-30,137.5442152172518,142.43747136226665,111.23688826029716,126.40113830566406,819708,29547040000.0,2348610000.0,72346030000.0,2172080000.0,57857500000.0,5277830000.0,44.380276,-1.23,27.29,607751096.0,KIOCL.NS,0.0375418917167178,0.031314503366667114,0.03915620273948926,0
2019-09-30,127.9030223140608,140.35421040821106,104.6479359579598,119.76527404785156,847538,29547040000.0,2348610000.0,72346030000.0,2172080000.0,57857500000.0,5277830000.0,44.380276,-1.23,27.29,607751096.0,KIOCL.NS,0.0375418917167178,0.031314503366667114,0.03915620273948926,0
2019-12-31,125.20691207890465,139.12969067091632,102.21473485773261,111.52925872802734,1679612,29547040000.0,2348610000.0,72346030000.0,2172080000.0,57857500000.0,5277830000.0,44.380276,-1.23,27.29,607751096.0,KIOCL.NS,0.0375418917167178,0.031314503366667114,0.03915620273948926,0
2020-03-31,113.68629809053418,128.3934533365424,43.82731731428484,58.04423904418945,1252722,29547040000.0,2348610000.0,72346030000.0,2172080000.0,57857500000.0,5277830000.0,44.380276,-1.23,27.29,607751096.0,KIOCL.NS,0.0375418917167178,0.031314503366667114,0.03915620273948926,1
2020-06-30,62.16224494153413,114.71581791760754,56.5735251455552,104.46983337402344,954912,29547040000.0,2348610000.0,72346030000.0,2172080000.0,57857500000.0,5277830000.0,44.380276,-1.23,27.29,607751096.0,KIOCL.NS,0.0375418917167178,0.031314503366667114,0.03915620273948926,1
2020-09-30,101.72448263469326,166.1908403876484,95.84162804092753,122.71253967285156,3680241,29547040000.0,2348610000.0,72346030000.0,2172080000.0,57857500000.0,5277830000.0,44.380276,-1.23,27.29,607751096.0,KIOCL.NS,0.0375418917167178,0.031314503366667114,0.03915620273948926,1
2020-12-31,122.86043894106261,162.4992129059472,105.11174195294875,136.56639099121094,7255126,29547040000.0,2348610000.0,72346030000.0,2172080000.0,57857500000.0,5277830000.0,44.380276,-1.23,27.29,607751096.0,KIOCL.NS,0.0375418917167178,0.031314503366667114,0.03915620273948926,1
2021-03-31,135.0873132840622,187.988298526434,121.2827822526236,141.39797973632812,6884203,29547040000.0,2348610000.0,72346030000.0,2172080000.0,57857500000.0,5277830000.0,44.380276,-1.23,27.29,607751096.0,KIOCL.NS,0.0375418917167178,0.031314503366667114,0.03915620273948926,1
2021-06-30,144.25748555732386,302.22090499388696,138.29195444920762,275.5978698730469,11966458,29547040000.0,2348610000.0,72346030000.0,2172080000.0,57857500000.0,5277830000.0,44.380276,-1.23,27.29,607751096.0,KIOCL.NS,0.0375418917167178,0.031314503366667114,0.03915620273948926,0
2021-09-30,279.93640772742003,310.60224873555455,233.5470873392898,241.93235778808594,6783295,29547040000.0,2348610000.0,72346030000.0,2172080000.0,57857500000.0,5277830000.0,44.380276,-1.23,27.29,607751096.0,KIOCL.NS,0.0375418917167178,0.031314503366667114,0.03915620273948926,1
2021-12-31,242.13082738642328,316.55628134198184,208.60486383830985,256.97052001953125,8227274,29547040000.0,2348610000.0,72346030000.0,2172080000.0,57857500000.0,5277830000.0,44.380276,-1.23,27.29,607751096.0,KIOCL.NS,0.0375418917167178,0.031314503366667114,0.03915620273948926,0
2022-03-31,257.0203183800953,273.00937274854346,190.27474412742248,207.90753173828125,5813177,29547040000.0,2348610000.0,72346030000.0,2172080000.0,57857500000.0,5277830000.0,44.380276,-1.23,27.29,607751096.0,KIOCL.NS,0.0375418917167178,0.031314503366667114,0.03915620273948926,0
2022-06-30,208.30601641666806,261.50324641112707,166.0171907228762,187.38575744628906,6697329,29547040000.0,2348610000.0,72346030000.0,2172080000.0,57857500000.0,5277830000.0,44.380276,-1.23,27.29,607751096.0,KIOCL.NS,0.0375418917167178,0.031314503366667114,0.03915620273948926,1
2022-09-30,188.88006895699417,225.78936664542053,182.1999969482422,188.60000610351562,4106495,29547040000.0,2348610000.0,72346030000.0,2172080000.0,57857500000.0,5277830000.0,44.380276,-1.23,27.29,607751096.0,KIOCL.NS,0.0375418917167178,0.031314503366667114,0.03915620273948926,1
2022-12-31,189.89999389648438,236.6999969482422,172.0500030517578,228.1999969482422,5737592,29547040000.0,2348610000.0,72346030000.0,2172080000.0,57857500000.0,5277830000.0,44.380276,-1.23,27.29,607751096.0,KIOCL.NS,0.0375418917167178,0.031314503366667114,0.03915620273948926,0
2023-03-31,228.0,233.89999389648438,166.0,168.5500030517578,3863109,29547040000.0,2348610000.0,72346030000.0,2172080000.0,57857500000.0,5277830000.0,44.380276,-1.23,27.29,607751096.0,KIOCL.NS,0.0375418917167178,0.031314503366667114,0.03915620273948926,1
2023-06-30,171.0,216.14999389648438,169.89999389648438,189.89999389648438,3498883,29547040000.0,2348610000.0,72346030000.0,2172080000.0,57857500000.0,5277830000.0,44.380276,-1.23,27.29,607751096.0,KIOCL.NS,0.0375418917167178,0.031314503366667114,0.03915620273948926,1
2023-09-30,191.60000610351562,358.0,184.5,303.04998779296875,48727334,29547040000.0,2348610000.0,72346030000.0,2172080000.0,57857500000.0,5277830000.0,44.380276,-1.23,27.29,607751096.0,KIOCL.NS,0.0375418917167178,0.031314503366667114,0.03915620273948926,1
2023-12-31,304.3999938964844,519.4000244140625,301.20001220703125,368.1499938964844,47142536,29547040000.0,2348610000.0,72346030000.0,2172080000.0,57857500000.0,5277830000.0,44.380276,-1.23,27.29,607751096.0,KIOCL.NS,0.0375418917167178,0.031314503366667114,0.03915620273948926,1
2024-03-31,370.70001220703125,577.3499755859375,353.45001220703125,388.8999938964844,45626255,29547040000.0,2348610000.0,72346030000.0,2172080000.0,57857500000.0,5277830000.0,44.380276,-1.23,27.29,607751096.0,KIOCL.NS,0.0375418917167178,0.031314503366667114,0.03915620273948926,1
2024-06-30,390.0,498.0,369.0,448.0,23716525,29547040000.0,2348610000.0,72346030000.0,2172080000.0,57857500000.0,5277830000.0,44.380276,-1.23,27.29,607751096.0,KIOCL.NS,0.0375418917167178,0.031314503366667114,0.03915620273948926,0
2024-09-30,456.45001220703125,511.70001220703125,372.1499938964844,394.1000061035156,10228680,29547040000.0,2348610000.0,23181623000.0,2181436000.0,17963003000.0,1085746000.0,44.380276,-1.23,27.29,607751096.0,KIOCL.NS,0.12144049633571848,0.031314503366667114,0.03915620273948926,1
2024-12-31,395.0,411.79998779296875,306.20001220703125,400.29998779296875,14804889,1805400000.0,-477900000.0,23181623000.0,2181436000.0,17963003000.0,1085746000.0,44.380276,-1.23,27.29,607751096.0,KIOCL.NS,0.12144049633571848,0.031314503366667114,0.03915620273948926,0
2025-03-31,389.04998779296875,453.70001220703125,216.22000122070312,236.77000427246094,17806737,2467063000.0,-368627000.0,22884116000.0,1933067000.0,17115036000.0,2193060000.0,44.380276,-1.23,27.29,607751096.0,KIOCL.NS,0.11294554098513143,-0.016108422103785876,-0.021538196004963123,1
2025-06-30,236.77000427246094,335.5,209.83999633789062,300.1499938964844,18048108,909200000.0,-377900000.0,22884116000.0,1933067000.0,17115036000.0,2193060000.0,44.380276,-1.23,27.29,607751096.0,KIOCL.NS,0.11294554098513143,-0.016108422103785876,-0.021538196004963123,1
2025-09-30,303.1499938964844,495.0,285.0,424.45001220703125,180659622,1425400000.0,-171600000.0,22075681000.0,1847313000.0,16585789000.0,31756000.0,44.380276,-1.23,27.29,607751096.0,KIOCL.NS,0.11137926570752829,-0.007773259633530671,-0.01034620662303132,0
2025-12-31,427.5,634.5499877929688,322.54998779296875,401.54998779296875,62677950,1596500000.0,181300000.0,22075681000.0,1847313000.0,16585789000.0,31756000.0,44.380276,-1.23,27.29,607751096.0,KIOCL.NS,0.11137926570752829,-0.007773259633530671,-0.01034620662303132,0
2026-03-31,403.0,418.3999938964844,290.6499938964844,327.6000061035156,26945124,1596500000.0,181300000.0,22075681000.0,1847313000.0,16585789000.0,31756000.0,44.380276,-1.23,27.29,607751096.0,KIOCL.NS,0.11137926570752829,-0.007773259633530671,-0.01034620662303132,0
2016-03-31,195.43824505131053,207.32482295708368,184.24265652250548,205.94265747070312,1773865,1596500000.0,181300000.0,22075681000.0,1847313000.0,16585789000.0,31756000.0,10.155752,28.25,239.545,228889892.0,KRBL.NS,0.11137926570752829,-0.007773259633530671,-0.01034620662303132,1
2016-06-30,205.34371507823982,281.86962681514905,179.77368156138624,267.3108215332031,15975453,1596500000.0,181300000.0,22075681000.0,1847313000.0,16585789000.0,31756000.0,10.155752,28.25,239.545,228889892.0,KRBL.NS,0.11137926570752829,-0.007773259633530671,-0.01034620662303132,0
2016-09-30,271.8258564645752,271.8258564645752,212.30060583791234,236.166015625,10196784,1596500000.0,181300000.0,22075681000.0,1847313000.0,16585789000.0,31756000.0,10.155752,28.25,239.545,228889892.0,KRBL.NS,0.11137926570752829,-0.007773259633530671,-0.01034620662303132,1
2016-12-31,239.57535630561296,282.6989175669793,200.41400700213194,275.0048828125,7654170,1596500000.0,181300000.0,22075681000.0,1847313000.0,16585789000.0,31756000.0,10.155752,28.25,239.545,228889892.0,KRBL.NS,0.11137926570752829,-0.007773259633530671,-0.01034620662303132,1
2017-03-31,276.4791347708211,397.9714987692896,272.74729952207247,380.8326416015625,10204673,1596500000.0,181300000.0,22075681000.0,1847313000.0,16585789000.0,31756000.0,10.155752,28.25,239.545,228889892.0,KRBL.NS,0.11137926570752829,-0.007773259633530671,-0.01034620662303132,0
2017-06-30,378.71337040998196,416.2161560652016,341.9938595864466,349.4114990234375,7003129,1596500000.0,181300000.0,22075681000.0,1847313000.0,16585789000.0,31756000.0,10.155752,28.25,239.545,228889892.0,KRBL.NS,0.11137926570752829,-0.007773259633530671,-0.01034620662303132,1
2017-09-30,348.53608663074175,466.9220609607478,348.53608663074175,453.5020751953125,12651286,1596500000.0,181300000.0,22075681000.0,1847313000.0,16585789000.0,31756000.0,10.155752,28.25,239.545,228889892.0,KRBL.NS,0.11137926570752829,-0.007773259633530671,-0.01034620662303132,1
2017-12-31,455.35313209231344,624.7221618191768,454.0111247751513,555.5400390625,6033585,1596500000.0,181300000.0,22075681000.0,1847313000.0,16585789000.0,31756000.0,10.155752,28.25,239.545,228889892.0,KRBL.NS,0.11137926570752829,-0.007773259633530671,-0.01034620662303132,0
2018-03-31,555.5399514558528,603.3891244672509,396.1201492639148,403.6631164550781,11231092,1596500000.0,181300000.0,22075681000.0,1847313000.0,16585789000.0,31756000.0,10.155752,28.25,239.545,228889892.0,KRBL.NS,0.11137926570752829,-0.007773259633530671,-0.01034620662303132,0
2018-06-30,404.63488303603737,522.8231545409919,275.8032758399086,312.1297607421875,29118436,1596500000.0,181300000.0,22075681000.0,1847313000.0,16585789000.0,31756000.0,10.155752,28.25,239.545,228889892.0,KRBL.NS,0.11137926570752829,-0.007773259633530671,-0.01034620662303132,0
2018-09-30,305.4197188000718,376.22068526565585,280.66222968579496,304.8058776855469,13105157,1596500000.0,181300000.0,22075681000.0,1847313000.0,16585789000.0,31756000.0,10.155752,28.25,239.545,228889892.0,KRBL.NS,0.11137926570752829,-0.007773259633530671,-0.01034620662303132,0
2018-12-31,306.52954818742796,340.0707341059313,259.01281109862526,262.41351318359375,8213195,1596500000.0,181300000.0,22075681000.0,1847313000.0,16585789000.0,31756000.0,10.155752,28.25,239.545,228889892.0,KRBL.NS,0.11137926570752829,-0.007773259633530671,-0.01034620662303132,1
2019-03-31,262.7395764367055,363.1303457353972,259.9445083091386,316.0328674316406,14857968,1596500000.0,181300000.0,22075681000.0,1847313000.0,16585789000.0,31756000.0,10.155752,28.25,239.545,228889892.0,KRBL.NS,0.11137926570752829,-0.007773259633530671,-0.01034620662303132,0
2019-06-30,316.5453396862013,336.3439451760133,277.73994863513707,288.6874694824219,5169288,1596500000.0,181300000.0,22075681000.0,1847313000.0,16585789000.0,31756000.0,10.155752,28.25,239.545,228889892.0,KRBL.NS,0.11137926570752829,-0.007773259633530671,-0.01034620662303132,0
2019-09-30,292.08806925127584,296.97958633574325,183.3587051762095,205.2991943359375,15443522,1596500000.0,181300000.0,22075681000.0,1847313000.0,16585789000.0,31756000.0,10.155752,28.25,239.545,228889892.0,KRBL.NS,0.11137926570752829,-0.007773259633530671,-0.01034620662303132,1
2019-12-31,208.64464227326266,276.025350065384,175.6610553098129,268.9103088378906,14114597,1596500000.0,181300000.0,22075681000.0,1847313000.0,16585789000.0,31756000.0,10.155752,28.25,239.545,228889892.0,KRBL.NS,0.11137926570752829,-0.007773259633530671,-0.01034620662303132,0
2020-03-31,268.5804896155626,298.501307433835,87.66780518780789,128.452392578125,19424037,1596500000.0,181300000.0,22075681000.0,1847313000.0,16585789000.0,31756000.0,10.155752,28.25,239.545,228889892.0,KRBL.NS,0.11137926570752829,-0.007773259633530671,-0.01034620662303132,1
2020-06-30,141.26905822753906,252.52139307619007,141.26905177283314,234.51138305664062,23392561,1596500000.0,181300000.0,22075681000.0,1847313000.0,16585789000.0,31756000.0,10.155752,28.25,239.545,228889892.0,KRBL.NS,0.11137926570752829,-0.007773259633530671,-0.01034620662303132,1
2020-09-30,235.84545407078025,323.03676632549707,221.3135635420172,276.2012634277344,29515922,1596500000.0,181300000.0,22075681000.0,1847313000.0,16585789000.0,31756000.0,10.155752,28.25,239.545,228889892.0,KRBL.NS,0.11137926570752829,-0.007773259633530671,-0.01034620662303132,0
2020-12-31,277.5829297458971,285.30151374656486,214.40496368665399,233.27259826660156,22240324,1596500000.0,181300000.0,22075681000.0,1847313000.0,16585789000.0,31756000.0,10.155752,28.25,239.545,228889892.0,KRBL.NS,0.11137926570752829,-0.007773259633530671,-0.01034620662303132,0
2021-03-31,234.17785850319115,241.89644577277255,167.7123365752551,171.04751586914062,32198119,1596500000.0,181300000.0,22075681000.0,1847313000.0,16585789000.0,31756000.0,10.155752,28.25,239.545,228889892.0,KRBL.NS,0.11137926570752829,-0.007773259633530671,-0.01034620662303132,1
2021-06-30,171.90511910015337,252.4737567543679,164.99651982784312,224.4105224609375,75371126,1596500000.0,181300000.0,22075681000.0,1847313000.0,16585789000.0,31756000.0,10.155752,28.25,239.545,228889892.0,KRBL.NS,0.11137926570752829,-0.007773259633530671,-0.01034620662303132,1
2021-09-30,226.3163366449527,319.8961471828903,215.35787615781354,305.2215576171875,82527803,1596500000.0,181300000.0,22075681000.0,1847313000.0,16585789000.0,31756000.0,10.155752,28.25,239.545,228889892.0,KRBL.NS,0.11137926570752829,-0.007773259633530671,-0.01034620662303132,0
2021-12-31,303.62858668159885,326.26799964994314,222.677048660866,234.64842224121094,36290440,1596500000.0,181300000.0,22075681000.0,1847313000.0,16585789000.0,31756000.0,10.155752,28.25,239.545,228889892.0,KRBL.NS,0.11137926570752829,-0.007773259633530671,-0.01034620662303132,0
2022-03-31,232.18657194067222,260.08758114073726,178.12234300303598,194.63124084472656,38947657,1596500000.0,181300000.0,22075681000.0,1847313000.0,16585789000.0,31756000.0,10.155752,28.25,239.545,228889892.0,KRBL.NS,0.11137926570752829,-0.007773259633530671,-0.01034620662303132,1
2022-06-30,195.01740851345622,254.68114080425232,189.7075347950655,210.3195343017578,46264961,1596500000.0,181300000.0,22075681000.0,1847313000.0,16585789000.0,31756000.0,10.155752,28.25,239.545,228889892.0,KRBL.NS,0.11137926570752829,-0.007773259633530671,-0.01034620662303132,1
2022-09-30,209.49890742408056,374.78859807058916,206.36125442120675,358.73321533203125,80150390,1596500000.0,181300000.0,22075681000.0,1847313000.0,16585789000.0,31756000.0,10.155752,28.25,239.545,228889892.0,KRBL.NS,0.11137926570752829,-0.007773259633530671,-0.01034620662303132,1
2022-12-31,358.7332090456621,434.32533597398077,346.77702851170744,381.76708984375,49444158,1596500000.0,181300000.0,22075681000.0,1847313000.0,16585789000.0,31756000.0,10.155752,28.25,239.545,228889892.0,KRBL.NS,0.11137926570752829,-0.007773259633530671,-0.01034620662303132,0
2023-03-31,382.6455157761948,399.6769182373245,311.8358268803366,337.50494384765625,15544245,1596500000.0,181300000.0,22075681000.0,1847313000.0,16585789000.0,31756000.0,10.155752,28.25,239.545,228889892.0,KRBL.NS,0.11137926570752829,-0.007773259633530671,-0.01034620662303132,0
2023-06-30,339.6521767893145,410.9010638295477,329.06245922357726,332.2832946777344,32999023,1596500000.0,181300000.0,22075681000.0,1847313000.0,16585789000.0,31756000.0,10.155752,28.25,239.545,228889892.0,KRBL.NS,0.11137926570752829,-0.007773259633530671,-0.01034620662303132,1
2023-09-30,330.868085360682,460.7177269914701,327.4032391351618,396.78076171875,44211911,1596500000.0,181300000.0,22075681000.0,1847313000.0,16585789000.0,31756000.0,10.155752,28.25,239.545,228889892.0,KRBL.NS,0.11137926570752829,-0.007773259633530671,-0.01034620662303132,0
2023-12-31,398.49290283758364,401.13453243327046,334.84950633331243,366.98919677734375,24507375,1596500000.0,181300000.0,22075681000.0,1847313000.0,16585789000.0,31756000.0,10.155752,28.25,239.545,228889892.0,KRBL.NS,0.11137926570752829,-0.007773259633530671,-0.01034620662303132,0
2024-03-31,368.35892138769077,377.8491772055456,269.5917588280394,271.35284423828125,23299470,1596500000.0,181300000.0,22075681000.0,1847313000.0,16585789000.0,31756000.0,10.155752,28.25,239.545,228889892.0,KRBL.NS,0.11137926570752829,-0.007773259633530671,-0.01034620662303132,1
2024-06-30,276.73393348420973,316.01574861672975,252.56799287506948,277.5166015625,65236725,1596500000.0,181300000.0,22075681000.0,1847313000.0,16585789000.0,31756000.0,10.155752,28.25,239.545,228889892.0,KRBL.NS,0.11137926570752829,-0.007773259633530671,-0.01034620662303132,1
2024-09-30,277.5166041913696,341.16004847571344,269.05365390963277,300.4731750488281,94267794,1596500000.0,181300000.0,57388700000.0,2405000000.0,49548900000.0,2413800000.0,10.155752,28.25,239.545,228889892.0,KRBL.NS,0.048537909015134544,-0.007773259633530671,-0.01034620662303132,0
2024-12-31,302.307135892641,327.8835144233765,260.72067694618437,298.0444030761719,35286137,16819000000.0,1326100000.0,57388700000.0,2405000000.0,49548900000.0,2413800000.0,10.155752,28.25,239.545,228889892.0,KRBL.NS,0.048537909015134544,-0.007773259633530671,-0.01034620662303132,0
2025-03-31,297.3504802916564,313.1622168288795,239.15919193448377,272.22015380859375,22754328,14212900000.0,1542100000.0,62259500000.0,4066800000.0,52403100000.0,1540900000.0,10.155752,28.25,239.545,228889892.0,KRBL.NS,0.07760609582257538,0.024768910768637718,0.029427648364314326,1
2025-06-30,272.22017003356035,380.67202919407896,258.83717287581095,362.5306396484375,43157384,15843500000.0,1505800000.0,62259500000.0,4066800000.0,52403100000.0,1540900000.0,10.155752,28.25,239.545,228889892.0,KRBL.NS,0.07760609582257538,0.024768910768637718,0.029427648364314326,0
2025-09-30,363.76981437529787,490.71004347509864,342.0,344.45001220703125,110077687,15110800000.0,1721100000.0,62581900000.0,709900000.0,54824700000.0,302700000.0,10.155752,28.25,239.545,228889892.0,KRBL.NS,0.012948543266082623,0.027501561953216506,0.03139278463904043,1
2025-12-31,343.54998779296875,443.8999938964844,340.54998779296875,394.5,49526794,14769300000.0,1699700000.0,62581900000.0,709900000.0,54824700000.0,302700000.0,10.155752,28.25,239.545,228889892.0,KRBL.NS,0.012948543266082623,0.027501561953216506,0.03139278463904043,0
2026-03-31,394.5,399.95001220703125,274.6499938964844,286.8999938964844,28200278,14769300000.0,1699700000.0,62581900000.0,709900000.0,54824700000.0,302700000.0,10.155752,28.25,239.545,228889892.0,KRBL.NS,0.012948543266082623,0.027501561953216506,0.03139278463904043,0
2016-03-31,271.02471031835853,271.9281892020191,258.37696439400685,269.30828857421875,78186,14769300000.0,1699700000.0,62581900000.0,709900000.0,54824700000.0,302700000.0,19.465649,9.17,72.16,111000000.0,LAOPALA.NS,0.012948543266082623,0.027501561953216506,0.03139278463904043,0
2016-06-30,272.04109167924884,291.80331348842395,213.4545890242813,248.80076599121094,2053446,14769300000.0,1699700000.0,62581900000.0,709900000.0,54824700000.0,302700000.0,19.465649,9.17,72.16,111000000.0,LAOPALA.NS,0.012948543266082623,0.027501561953216506,0.03139278463904043,0
2016-09-30,252.5047449202928,277.080706034018,227.27502566323514,239.148681640625,2788672,14769300000.0,1699700000.0,62581900000.0,709900000.0,54824700000.0,302700000.0,19.465649,9.17,72.16,111000000.0,LAOPALA.NS,0.012948543266082623,0.027501561953216506,0.03139278463904043,0
2016-12-31,239.28463386637674,262.3972722058823,198.520115093856,202.71212768554688,1933170,14769300000.0,1699700000.0,62581900000.0,709900000.0,54824700000.0,302700000.0,19.465649,9.17,72.16,111000000.0,LAOPALA.NS,0.012948543266082623,0.027501561953216506,0.03139278463904043,1
2017-03-31,208.37698817391865,255.59948977427482,196.02756348459,243.88455200195312,2234244,14769300000.0,1699700000.0,62581900000.0,709900000.0,54824700000.0,302700000.0,19.465649,9.17,72.16,111000000.0,LAOPALA.NS,0.012948543266082623,0.027501561953216506,0.03139278463904043,0
2017-06-30,244.36037203103703,261.0377681557495,226.59531714436943,232.84930419921875,2771220,14769300000.0,1699700000.0,62581900000.0,709900000.0,54824700000.0,302700000.0,19.465649,9.17,72.16,111000000.0,LAOPALA.NS,0.012948543266082623,0.027501561953216506,0.03139278463904043,0
2017-09-30,237.47186012379282,246.53565552581497,205.05767940353354,226.63076782226562,2975954,14769300000.0,1699700000.0,62581900000.0,709900000.0,54824700000.0,302700000.0,19.465649,9.17,72.16,111000000.0,LAOPALA.NS,0.012948543266082623,0.027501561953216506,0.03139278463904043,1
2017-12-31,227.99615026402492,326.41745856207757,227.99615026402492,278.7883605957031,3650226,14769300000.0,1699700000.0,62581900000.0,709900000.0,54824700000.0,302700000.0,19.465649,9.17,72.16,111000000.0,LAOPALA.NS,0.012948543266082623,0.027501561953216506,0.03139278463904043,0
2018-03-31,276.71750585721907,336.3392168504824,239.67013409572385,261.0611267089844,6179289,14769300000.0,1699700000.0,62581900000.0,709900000.0,54824700000.0,302700000.0,19.465649,9.17,72.16,111000000.0,LAOPALA.NS,0.012948543266082623,0.027501561953216506,0.03139278463904043,0
2018-06-30,258.51247062109735,272.166250533912,205.80862223765823,216.27659606933594,2978460,14769300000.0,1699700000.0,62581900000.0,709900000.0,54824700000.0,302700000.0,19.465649,9.17,72.16,111000000.0,LAOPALA.NS,0.012948543266082623,0.027501561953216506,0.03139278463904043,0
2018-09-30,216.6406819138113,268.78377838896625,199.3022671411947,202.45635986328125,3377766,14769300000.0,1699700000.0,62581900000.0,709900000.0,54824700000.0,302700000.0,19.465649,9.17,72.16,111000000.0,LAOPALA.NS,0.012948543266082623,0.027501561953216506,0.03139278463904043,0
2018-12-31,202.54779049710893,219.36965682908152,170.18405060170932,201.08505249023438,2449639,14769300000.0,1699700000.0,62581900000.0,709900000.0,54824700000.0,302700000.0,19.465649,9.17,72.16,111000000.0,LAOPALA.NS,0.012948543266082623,0.027501561953216506,0.03139278463904043,0
2019-03-31,201.99929634154586,204.78769217691558,168.08134778708447,199.2108612060547,3417048,14769300000.0,1699700000.0,62581900000.0,709900000.0,54824700000.0,302700000.0,19.465649,9.17,72.16,111000000.0,LAOPALA.NS,0.012948543266082623,0.027501561953216506,0.03139278463904043,0
2019-06-30,197.7023766060638,200.49078285803267,164.83579640753277,177.31503295898438,1536821,14769300000.0,1699700000.0,62581900000.0,709900000.0,54824700000.0,302700000.0,19.465649,9.17,72.16,111000000.0,LAOPALA.NS,0.012948543266082623,0.027501561953216506,0.03139278463904043,0
2019-09-30,178.77783117174417,189.10865108773444,131.79376823330588,165.47848510742188,2570395,14769300000.0,1699700000.0,62581900000.0,709900000.0,54824700000.0,302700000.0,19.465649,9.17,72.16,111000000.0,LAOPALA.NS,0.012948543266082623,0.027501561953216506,0.03139278463904043,0
2019-12-31,163.82187426205763,166.62893727578773,120.1053685506185,134.46278381347656,5856089,14769300000.0,1699700000.0,62581900000.0,709900000.0,54824700000.0,302700000.0,19.465649,9.17,72.16,111000000.0,LAOPALA.NS,0.012948543266082623,0.027501561953216506,0.03139278463904043,1
2020-03-31,134.46278046702557,211.02341476883484,124.94806104619869,136.56361389160156,12770723,14769300000.0,1699700000.0,62581900000.0,709900000.0,54824700000.0,302700000.0,19.465649,9.17,72.16,111000000.0,LAOPALA.NS,0.012948543266082623,0.027501561953216506,0.03139278463904043,1
2020-06-30,141.0524802278697,189.73595460255942,129.57577760835116,173.8629150390625,7606477,14769300000.0,1699700000.0,62581900000.0,709900000.0,54824700000.0,302700000.0,19.465649,9.17,72.16,111000000.0,LAOPALA.NS,0.012948543266082623,0.027501561953216506,0.03139278463904043,1
2020-09-30,171.2251180491591,233.0975651046273,163.21918364928734,204.35951232910156,16032398,14769300000.0,1699700000.0,62581900000.0,709900000.0,54824700000.0,302700000.0,19.465649,9.17,72.16,111000000.0,LAOPALA.NS,0.012948543266082623,0.027501561953216506,0.03139278463904043,1
2020-12-31,208.06167843319506,229.5342486172981,187.051890687349,220.5564727783203,9255701,14769300000.0,1699700000.0,62581900000.0,709900000.0,54824700000.0,302700000.0,19.465649,9.17,72.16,111000000.0,LAOPALA.NS,0.012948543266082623,0.027501561953216506,0.03139278463904043,0
2021-03-31,221.48201307978502,229.07147140820703,190.33754643286025,205.28504943847656,10595009,14769300000.0,1699700000.0,62581900000.0,709900000.0,54824700000.0,302700000.0,19.465649,9.17,72.16,111000000.0,LAOPALA.NS,0.012948543266082623,0.027501561953216506,0.03139278463904043,1
2021-06-30,206.34941823153918,274.1916245793578,185.3396179891288,259.93829345703125,20614333,14769300000.0,1699700000.0,62581900000.0,709900000.0,54824700000.0,302700000.0,19.465649,9.17,72.16,111000000.0,LAOPALA.NS,0.012948543266082623,0.027501561953216506,0.03139278463904043,1
2021-09-30,261.74302344546936,301.72648770096447,240.6407034963555,288.1996154785156,21825002,14769300000.0,1699700000.0,62581900000.0,709900000.0,54824700000.0,302700000.0,19.465649,9.17,72.16,111000000.0,LAOPALA.NS,0.012948543266082623,0.027501561953216506,0.03139278463904043,1
2021-12-31,286.9902473931122,424.6711682399787,261.77973167870323,394.57666015625,36435310,14769300000.0,1699700000.0,62581900000.0,709900000.0,54824700000.0,302700000.0,19.465649,9.17,72.16,111000000.0,LAOPALA.NS,0.012948543266082623,0.027501561953216506,0.03139278463904043,0
2022-03-31,398.4838803885743,411.182133567002,289.7759521990959,324.1419372558594,17747322,14769300000.0,1699700000.0,62581900000.0,709900000.0,54824700000.0,302700000.0,19.465649,9.17,72.16,111000000.0,LAOPALA.NS,0.012948543266082623,0.027501561953216506,0.03139278463904043,0
2022-06-30,326.3832043051433,373.12275519025485,223.9857082935402,251.1610107421875,18465867,14769300000.0,1699700000.0,62581900000.0,709900000.0,54824700000.0,302700000.0,19.465649,9.17,72.16,111000000.0,LAOPALA.NS,0.012948543266082623,0.027501561953216506,0.03139278463904043,1
2022-09-30,252.42164669211627,352.8580694801622,249.33997703834606,315.406494140625,16544377,14769300000.0,1699700000.0,62581900000.0,709900000.0,54824700000.0,302700000.0,19.465649,9.17,72.16,111000000.0,LAOPALA.NS,0.012948543266082623,0.027501561953216506,0.03139278463904043,1
2022-12-31,315.92126276247774,407.3721818140822,314.7981706447663,359.21923828125,18799691,14769300000.0,1699700000.0,62581900000.0,709900000.0,54824700000.0,302700000.0,19.465649,9.17,72.16,111000000.0,LAOPALA.NS,0.012948543266082623,0.027501561953216506,0.03139278463904043,0
2023-03-31,360.58293968774643,381.83800427912314,307.53943607502015,319.2955322265625,5480419,14769300000.0,1699700000.0,62581900000.0,709900000.0,54824700000.0,302700000.0,19.465649,9.17,72.16,111000000.0,LAOPALA.NS,0.012948543266082623,0.027501561953216506,0.03139278463904043,1
2023-06-30,322.4461840083077,426.9813704360513,310.64304723878865,406.5257873535156,11105561,14769300000.0,1699700000.0,62581900000.0,709900000.0,54824700000.0,302700000.0,19.465649,9.17,72.16,111000000.0,LAOPALA.NS,0.012948543266082623,0.027501561953216506,0.03139278463904043,1
2023-09-30,408.5948749401766,451.1989220573087,383.1076601408828,407.5180358886719,8900947,14769300000.0,1699700000.0,62581900000.0,709900000.0,54824700000.0,302700000.0,19.465649,9.17,72.16,111000000.0,LAOPALA.NS,0.012948543266082623,0.027501561953216506,0.03139278463904043,0
2023-12-31,412.9648707749393,442.0935912374491,333.6305185432058,352.0076599121094,11170183,14769300000.0,1699700000.0,62581900000.0,709900000.0,54824700000.0,302700000.0,19.465649,9.17,72.16,111000000.0,LAOPALA.NS,0.012948543266082623,0.027501561953216506,0.03139278463904043,0
2024-03-31,352.81284461616934,361.85932172657067,280.3936118903109,282.1460876464844,12487255,14769300000.0,1699700000.0,62581900000.0,709900000.0,54824700000.0,302700000.0,19.465649,9.17,72.16,111000000.0,LAOPALA.NS,0.012948543266082623,0.027501561953216506,0.03139278463904043,1
2024-06-30,285.12998265356384,332.4464536238477,275.0888628525768,304.2649841308594,11302813,14769300000.0,1699700000.0,62581900000.0,709900000.0,54824700000.0,302700000.0,19.465649,9.17,72.16,111000000.0,LAOPALA.NS,0.012948543266082623,0.027501561953216506,0.03139278463904043,1
2024-09-30,306.82260384245967,365.64842053245553,283.18808539561195,339.89337158203125,18021935,14769300000.0,1699700000.0,10085025000.0,74644000.0,8164633000.0,17742000.0,19.465649,9.17,72.16,111000000.0,LAOPALA.NS,0.009142358266440146,0.027501561953216506,0.03139278463904043,0
2024-12-31,340.47703016810317,367.71519346609364,304.67834009617826,309.6395263671875,8839241,912959000.0,231697000.0,10085025000.0,74644000.0,8164633000.0,17742000.0,19.465649,9.17,72.16,111000000.0,LAOPALA.NS,0.009142358266440146,0.027501561953216506,0.03139278463904043,0
2025-03-31,308.37493100842755,319.07562763337154,185.21951107700622,206.7473907470703,11241961,693316000.0,256936000.0,9011541000.0,108218000.0,8243711000.0,969000.0,19.465649,9.17,72.16,111000000.0,LAOPALA.NS,0.013127340344657885,0.028511882706853356,0.031167516668160734,1
2025-06-30,208.1773904360318,264.9883977061742,182.27195466469084,254.12234497070312,6881360,652654000.0,253548000.0,9011541000.0,108218000.0,8243711000.0,969000.0,19.465649,9.17,72.16,111000000.0,LAOPALA.NS,0.013127340344657885,0.028511882706853356,0.031167516668160734,0
2025-09-30,253.94722768060248,279.191167951415,236.10000610351562,241.6699981689453,6164563,909017000.0,267797000.0,8804767000.0,83904000.0,8018328000.0,782000.0,19.465649,9.17,72.16,111000000.0,LAOPALA.NS,0.010464026914339248,0.030415001328257748,0.03339810993015003,0
2025-12-31,240.0500030517578,250.89999389648438,197.2100067138672,201.9499969482422,2879559,845030000.0,240018000.0,8804767000.0,83904000.0,8018328000.0,782000.0,19.465649,9.17,72.16,111000000.0,LAOPALA.NS,0.010464026914339248,0.030415001328257748,0.03339810993015003,0
2026-03-31,202.8000030517578,215.0,176.22000122070312,178.5,3499062,845030000.0,240018000.0,8804767000.0,83904000.0,8018328000.0,782000.0,19.465649,9.17,72.16,111000000.0,LAOPALA.NS,0.010464026914339248,0.030415001328257748,0.03339810993015003,0
2016-03-31,406.144746070754,420.050356310999,395.6308180793568,418.142578125,10633393,845030000.0,240018000.0,8804767000.0,83904000.0,8018328000.0,782000.0,4.664026,99.71,700.243,550063000.0,LICHSGFIN.NS,0.010464026914339248,0.030415001328257748,0.03339810993015003,1
2016-06-30,414.7933865779831,425.34971182779793,365.53030482422037,419.711181640625,121793350,845030000.0,240018000.0,8804767000.0,83904000.0,8018328000.0,782000.0,4.664026,99.71,700.243,550063000.0,LICHSGFIN.NS,0.010464026914339248,0.030415001328257748,0.03339810993015003,1
2016-09-30,419.75356268746066,509.7895066513209,416.40436780294004,495.95111083984375,132597142,845030000.0,240018000.0,8804767000.0,83904000.0,8018328000.0,782000.0,4.664026,99.71,700.243,550063000.0,LICHSGFIN.NS,0.010464026914339248,0.030415001328257748,0.03339810993015003,0
2016-12-31,501.26364055014994,534.8954854532462,400.88240146110303,479.5851135253906,144019923,845030000.0,240018000.0,8804767000.0,83904000.0,8018328000.0,782000.0,4.664026,99.71,700.243,550063000.0,LICHSGFIN.NS,0.010464026914339248,0.030415001328257748,0.03339810993015003,1
2017-03-31,480.01349950621403,538.9655026839189,439.612500786263,529.9256591796875,149309734,845030000.0,240018000.0,8804767000.0,83904000.0,8018328000.0,782000.0,4.664026,99.71,700.243,550063000.0,LICHSGFIN.NS,0.010464026914339248,0.030415001328257748,0.03339810993015003,1
2017-06-30,530.3969063541313,680.3476338274868,529.1116149817061,635.9622802734375,89519496,845030000.0,240018000.0,8804767000.0,83904000.0,8018328000.0,782000.0,4.664026,99.71,700.243,550063000.0,LICHSGFIN.NS,0.010464026914339248,0.030415001328257748,0.03339810993015003,0
2017-09-30,638.9613115973774,650.3574692713777,522.2102107250506,542.4432373046875,107393542,845030000.0,240018000.0,8804767000.0,83904000.0,8018328000.0,782000.0,4.664026,99.71,700.243,550063000.0,LICHSGFIN.NS,0.010464026914339248,0.030415001328257748,0.03339810993015003,0
2017-12-31,546.6368923010937,583.6442600763241,463.58642605721263,487.2347717285156,109905537,845030000.0,240018000.0,8804767000.0,83904000.0,8018328000.0,782000.0,4.664026,99.71,700.243,550063000.0,LICHSGFIN.NS,0.010464026914339248,0.030415001328257748,0.03339810993015003,0
2018-03-31,488.964142790542,508.54866036790804,412.09602782402436,462.07330322265625,111739672,845030000.0,240018000.0,8804767000.0,83904000.0,8018328000.0,782000.0,4.664026,99.71,700.243,550063000.0,LICHSGFIN.NS,0.010464026914339248,0.030415001328257748,0.03339810993015003,0
2018-06-30,464.3213462929076,494.06566503098696,400.3799247983645,405.2220153808594,101024145,845030000.0,240018000.0,8804767000.0,83904000.0,8018328000.0,782000.0,4.664026,99.71,700.243,550063000.0,LICHSGFIN.NS,0.010464026914339248,0.030415001328257748,0.03339810993015003,0
2018-09-30,405.5246062661291,511.00865290977185,345.83673138499944,365.35626220703125,142355395,845030000.0,240018000.0,8804767000.0,83904000.0,8018328000.0,782000.0,4.664026,99.71,700.243,550063000.0,LICHSGFIN.NS,0.010464026914339248,0.030415001328257748,0.03339810993015003,1
2018-12-31,364.13076445360593,436.5630736876786,339.27192534396545,427.76617431640625,131860622,845030000.0,240018000.0,8804767000.0,83904000.0,8018328000.0,782000.0,4.664026,99.71,700.243,550063000.0,LICHSGFIN.NS,0.010464026914339248,0.030415001328257748,0.03339810993015003,1
2019-03-31,425.44658958898026,475.7771249133101,376.03507069446306,467.461669921875,117730131,845030000.0,240018000.0,8804767000.0,83904000.0,8018328000.0,782000.0,4.664026,99.71,700.243,550063000.0,LICHSGFIN.NS,0.010464026914339248,0.030415001328257748,0.03339810993015003,1
2019-06-30,468.33699321249213,498.75417143080114,406.32099119783624,486.0183410644531,91315292,845030000.0,240018000.0,8804767000.0,83904000.0,8018328000.0,782000.0,4.664026,99.71,700.243,550063000.0,LICHSGFIN.NS,0.010464026914339248,0.030415001328257748,0.03339810993015003,0
2019-09-30,490.17614405959756,513.8095920102327,328.97983781808995,334.892578125,186831668,845030000.0,240018000.0,8804767000.0,83904000.0,8018328000.0,782000.0,4.664026,99.71,700.243,550063000.0,LICHSGFIN.NS,0.010464026914339248,0.030415001328257748,0.03339810993015003,1
2019-12-31,337.8711732844556,429.2742334614441,314.6203492856424,386.0178527832031,170595355,845030000.0,240018000.0,8804767000.0,83904000.0,8018328000.0,782000.0,4.664026,99.71,700.243,550063000.0,LICHSGFIN.NS,0.010464026914339248,0.030415001328257748,0.03339810993015003,0
2020-03-31,387.66275205802833,432.7863411636906,164.71221339603383,209.21339416503906,337728578,845030000.0,240018000.0,8804767000.0,83904000.0,8018328000.0,782000.0,4.664026,99.71,700.243,550063000.0,LICHSGFIN.NS,0.010464026914339248,0.030415001328257748,0.03339810993015003,1
2020-06-30,207.87970650692915,263.9396818392439,186.14037317900852,235.66514587402344,416175994,845030000.0,240018000.0,8804767000.0,83904000.0,8018328000.0,782000.0,4.664026,99.71,700.243,550063000.0,LICHSGFIN.NS,0.010464026914339248,0.030415001328257748,0.03339810993015003,1
2020-09-30,237.13226897678055,287.4572666419541,226.7293768413996,251.72796630859375,323418888,845030000.0,240018000.0,8804767000.0,83904000.0,8018328000.0,782000.0,4.664026,99.71,700.243,550063000.0,LICHSGFIN.NS,0.010464026914339248,0.030415001328257748,0.03339810993015003,1
2020-12-31,254.37487661079126,356.87322420646467,250.22198519777479,329.7198181152344,447644701,845030000.0,240018000.0,8804767000.0,83904000.0,8018328000.0,782000.0,4.664026,99.71,700.243,550063000.0,LICHSGFIN.NS,0.010464026914339248,0.030415001328257748,0.03339810993015003,1
2021-03-31,331.31708522866,444.85937226065136,330.95200310223447,390.826416015625,385351146,845030000.0,240018000.0,8804767000.0,83904000.0,8018328000.0,782000.0,4.664026,99.71,700.243,550063000.0,LICHSGFIN.NS,0.010464026914339248,0.030415001328257748,0.03339810993015003,1
2021-06-30,394.0665293945576,495.1045753968865,340.1704721458344,428.9780578613281,257305500,845030000.0,240018000.0,8804767000.0,83904000.0,8018328000.0,782000.0,4.664026,99.71,700.243,550063000.0,LICHSGFIN.NS,0.010464026914339248,0.030415001328257748,0.03339810993015003,0
2021-09-30,429.6169726070906,433.8154589764255,333.23382614736704,397.8182678222656,217938831,845030000.0,240018000.0,8804767000.0,83904000.0,8018328000.0,782000.0,4.664026,99.71,700.243,550063000.0,LICHSGFIN.NS,0.010464026914339248,0.030415001328257748,0.03339810993015003,0
2021-12-31,395.9085944543084,430.8416965818797,316.49400282772467,344.3472900390625,152313483,845030000.0,240018000.0,8804767000.0,83904000.0,8018328000.0,782000.0,4.664026,99.71,700.243,550063000.0,LICHSGFIN.NS,0.010464026914339248,0.030415001328257748,0.03339810993015003,0
2022-03-31,345.88434392137043,380.07222026795665,299.0274040828033,334.3797607421875,251045640,845030000.0,240018000.0,8804767000.0,83904000.0,8018328000.0,782000.0,4.664026,99.71,700.243,550063000.0,LICHSGFIN.NS,0.010464026914339248,0.030415001328257748,0.03339810993015003,0
2022-06-30,334.37974949497317,369.49916984042335,271.7796033363551,304.9427795410156,210580340,845030000.0,240018000.0,8804767000.0,83904000.0,8018328000.0,782000.0,4.664026,99.71,700.243,550063000.0,LICHSGFIN.NS,0.010464026914339248,0.030415001328257748,0.03339810993015003,1
2022-09-30,304.5235556258688,413.2354220432741,298.00270848857554,393.2852478027344,137140591,845030000.0,240018000.0,8804767000.0,83904000.0,8018328000.0,782000.0,4.664026,99.71,700.243,550063000.0,LICHSGFIN.NS,0.010464026914339248,0.030415001328257748,0.03339810993015003,1
2022-12-31,388.86626465011784,407.6824007260401,331.3250791791436,393.5703430175781,163564315,845030000.0,240018000.0,8804767000.0,83904000.0,8018328000.0,782000.0,4.664026,99.71,700.243,550063000.0,LICHSGFIN.NS,0.010464026914339248,0.030415001328257748,0.03339810993015003,0
2023-03-31,395.8035550946343,409.5830261010389,299.4422425218204,312.4139709472656,109363956,845030000.0,240018000.0,8804767000.0,83904000.0,8018328000.0,782000.0,4.664026,99.71,700.243,550063000.0,LICHSGFIN.NS,0.010464026914339248,0.030415001328257748,0.03339810993015003,1
2023-06-30,315.26485905553693,399.5097370363898,308.0425394049884,372.7110595703125,127243944,845030000.0,240018000.0,8804767000.0,83904000.0,8018328000.0,782000.0,4.664026,99.71,700.243,550063000.0,LICHSGFIN.NS,0.010464026914339248,0.030415001328257748,0.03339810993015003,1
2023-09-30,374.42159175993066,459.02308674509476,363.6831078275101,450.2955017089844,216306540,845030000.0,240018000.0,8804767000.0,83904000.0,8018328000.0,782000.0,4.664026,99.71,700.243,550063000.0,LICHSGFIN.NS,0.010464026914339248,0.030415001328257748,0.03339810993015003,1
2023-12-31,449.47121302932464,528.0196264074456,418.9246513095794,519.873779296875,137685442,845030000.0,240018000.0,8804767000.0,83904000.0,8018328000.0,782000.0,4.664026,99.71,700.243,550063000.0,LICHSGFIN.NS,0.010464026914339248,0.030415001328257748,0.03339810993015003,1
2024-03-31,522.0072275142411,651.6120893319262,522.0072275142411,592.4583740234375,145807173,845030000.0,240018000.0,8804767000.0,83904000.0,8018328000.0,782000.0,4.664026,99.71,700.243,550063000.0,LICHSGFIN.NS,0.010464026914339248,0.030415001328257748,0.03339810993015003,1
2024-06-30,598.6646500798857,785.3867651047491,528.3105347835664,772.6832275390625,196361174,845030000.0,240018000.0,8804767000.0,83904000.0,8018328000.0,782000.0,4.664026,99.71,700.243,550063000.0,LICHSGFIN.NS,0.010464026914339248,0.030415001328257748,0.03339810993015003,0
2024-09-30,776.0772772967532,801.7267505026514,607.3922532093691,650.9859619140625,204741442,20361300000.0,13277100000.0,2993153000000.0,2500920300000.0,336117500000.0,10105700000.0,4.664026,99.71,700.243,550063000.0,LICHSGFIN.NS,7.440613178427187,0.004435824029042284,0.03950136485008963,0
2024-12-31,652.902208943687,657.1769057596819,567.1129601352137,587.7003784179688,95604765,20960800000.0,14348400000.0,2993153000000.0,2500920300000.0,336117500000.0,10105700000.0,4.664026,99.71,700.243,550063000.0,LICHSGFIN.NS,7.440613178427187,0.004435824029042284,0.03950136485008963,0
2025-03-31,587.9951719070945,606.8138154367817,475.329321666055,554.0922241210938,88751642,20315100000.0,13733800000.0,3140403800000.0,2625382800000.0,363518000000.0,14380100000.0,4.664026,99.71,700.243,550063000.0,LICHSGFIN.NS,7.22215351096782,0.004373259260481088,0.03778024747055166,1
2025-06-30,551.7829484116238,624.010978368731,513.6052597359953,608.1404418945312,126621182,21894000000.0,13638900000.0,3140403800000.0,2625382800000.0,363518000000.0,14380100000.0,4.664026,99.71,700.243,550063000.0,LICHSGFIN.NS,7.22215351096782,0.004373259260481088,0.03778024747055166,0
2025-09-30,608.1404107003682,635.3119818933732,545.0,565.0,97557422,21894000000.0,13638900000.0,3140403800000.0,2625382800000.0,363518000000.0,14380100000.0,4.664026,99.71,700.243,550063000.0,LICHSGFIN.NS,7.22215351096782,0.004373259260481088,0.03778024747055166,0
2025-12-31,565.0,594.9000244140625,518.5499877929688,539.5499877929688,71160098,22499300000.0,13980200000.0,3140403800000.0,2625382800000.0,363518000000.0,14380100000.0,4.664026,99.71,700.243,550063000.0,LICHSGFIN.NS,7.22215351096782,0.004373259260481088,0.03778024747055166,0
2026-03-31,539.6500244140625,551.4000244140625,459.0,465.04998779296875,95102441,22499300000.0,13980200000.0,3140403800000.0,2625382800000.0,363518000000.0,14380100000.0,4.664026,99.71,700.243,550063000.0,LICHSGFIN.NS,7.22215351096782,0.004373259260481088,0.03778024747055166,0
2016-03-31,262.9179970858086,274.5335727500509,247.73570512128606,257.4234619140625,48074,22499300000.0,13980200000.0,3140403800000.0,2625382800000.0,363518000000.0,14380100000.0,98.26469,69.44,468.559,85284223.0,LINDEINDIA.NS,7.22215351096782,0.004373259260481088,0.03778024747055166,1
2016-06-30,258.9657641832867,320.94009303054844,244.76518870809215,317.6050109863281,2715638,22499300000.0,13980200000.0,3140403800000.0,2625382800000.0,363518000000.0,14380100000.0,98.26469,69.44,468.559,85284223.0,LINDEINDIA.NS,7.22215351096782,0.004373259260481088,0.03778024747055166,1
2016-09-30,324.7101683939959,394.3116499173847,312.2398997287608,358.44757080078125,1319087,22499300000.0,13980200000.0,3140403800000.0,2625382800000.0,363518000000.0,14380100000.0,98.26469,69.44,468.559,85284223.0,LINDEINDIA.NS,7.22215351096782,0.004373259260481088,0.03778024747055166,0
2016-12-31,358.64090791822514,399.3384818459132,310.30652696830407,342.4488830566406,2171316,22499300000.0,13980200000.0,3140403800000.0,2625382800000.0,363518000000.0,14380100000.0,98.26469,69.44,468.559,85284223.0,LINDEINDIA.NS,7.22215351096782,0.004373259260481088,0.03778024747055166,1
2017-03-31,338.77547809337796,409.87530899284053,333.74869378701095,385.03143310546875,1610666,22499300000.0,13980200000.0,3140403800000.0,2625382800000.0,363518000000.0,14380100000.0,98.26469,69.44,468.559,85284223.0,LINDEINDIA.NS,7.22215351096782,0.004373259260481088,0.03778024747055166,1
2017-06-30,386.67482922424625,478.76467516515055,382.8080809320038,416.98236083984375,3495739,22499300000.0,13980200000.0,3140403800000.0,2625382800000.0,363518000000.0,14380100000.0,98.26469,69.44,468.559,85284223.0,LINDEINDIA.NS,7.22215351096782,0.004373259260481088,0.03778024747055166,0
2017-09-30,419.2580048901593,463.56115593242174,356.36204927884614,364.157470703125,2406617,22499300000.0,13980200000.0,3140403800000.0,2625382800000.0,363518000000.0,14380100000.0,98.26469,69.44,468.559,85284223.0,LINDEINDIA.NS,7.22215351096782,0.004373259260481088,0.03778024747055166,1
2017-12-31,371.08135234614343,541.1279965922238,360.3323827617749,519.1943359375,3873337,22499300000.0,13980200000.0,3140403800000.0,2625382800000.0,363518000000.0,14380100000.0,98.26469,69.44,468.559,85284223.0,LINDEINDIA.NS,7.22215351096782,0.004373259260481088,0.03778024747055166,0
2018-03-31,524.6657425186802,580.0566028829718,419.40327668994485,423.4220275878906,2523050,22499300000.0,13980200000.0,3140403800000.0,2625382800000.0,363518000000.0,14380100000.0,98.26469,69.44,468.559,85284223.0,LINDEINDIA.NS,7.22215351096782,0.004373259260481088,0.03778024747055166,0
2018-06-30,426.95657572997345,498.62881569382665,400.90221161693677,412.4508056640625,2547447,22499300000.0,13980200000.0,3140403800000.0,2625382800000.0,363518000000.0,14380100000.0,98.26469,69.44,468.559,85284223.0,LINDEINDIA.NS,7.22215351096782,0.004373259260481088,0.03778024747055166,0
2018-09-30,412.49934843674333,463.88587329183633,384.59825598200547,397.0688171386719,2003798,22499300000.0,13980200000.0,3140403800000.0,2625382800000.0,363518000000.0,14380100000.0,98.26469,69.44,468.559,85284223.0,LINDEINDIA.NS,7.22215351096782,0.004373259260481088,0.03778024747055166,1
2018-12-31,399.83465610896593,684.0861398737634,370.9631276618078,659.5331420898438,10614296,22499300000.0,13980200000.0,3140403800000.0,2625382800000.0,363518000000.0,14380100000.0,98.26469,69.44,468.559,85284223.0,LINDEINDIA.NS,7.22215351096782,0.004373259260481088,0.03778024747055166,0
2019-03-31,662.39599609375,794.8169404111771,402.8916414755479,470.04840087890625,23279162,22499300000.0,13980200000.0,3140403800000.0,2625382800000.0,363518000000.0,14380100000.0,98.26469,69.44,468.559,85284223.0,LINDEINDIA.NS,7.22215351096782,0.004373259260481088,0.03778024747055166,1
2019-06-30,475.4830395336117,586.0114483190433,446.4173455426465,506.822021484375,3520626,22499300000.0,13980200000.0,3140403800000.0,2625382800000.0,363518000000.0,14380100000.0,98.26469,69.44,468.559,85284223.0,LINDEINDIA.NS,7.22215351096782,0.004373259260481088,0.03778024747055166,0
2019-09-30,506.18929786538735,524.6845903539855,453.6234315766526,498.1097412109375,1312018,22499300000.0,13980200000.0,3140403800000.0,2625382800000.0,363518000000.0,14380100000.0,98.26469,69.44,468.559,85284223.0,LINDEINDIA.NS,7.22215351096782,0.004373259260481088,0.03778024747055166,1
2019-12-31,492.5611474107017,683.5501962635593,487.6452555428725,643.882568359375,4069008,22499300000.0,13980200000.0,3140403800000.0,2625382800000.0,363518000000.0,14380100000.0,98.26469,69.44,468.559,85284223.0,LINDEINDIA.NS,7.22215351096782,0.004373259260481088,0.03778024747055166,0
2020-03-31,646.2187433094448,779.7261903894594,390.34978368243713,472.4108581542969,4206587,22499300000.0,13980200000.0,3140403800000.0,2625382800000.0,363518000000.0,14380100000.0,98.26469,69.44,468.559,85284223.0,LINDEINDIA.NS,7.22215351096782,0.004373259260481088,0.03778024747055166,1
2020-06-30,472.4108892669669,626.895979106222,435.32280985353333,596.816650390625,3873066,22499300000.0,13980200000.0,3140403800000.0,2625382800000.0,363518000000.0,14380100000.0,98.26469,69.44,468.559,85284223.0,LINDEINDIA.NS,7.22215351096782,0.004373259260481088,0.03778024747055166,1
2020-09-30,598.568790437263,849.5753099256132,588.1043579475248,767.6801147460938,8846180,22499300000.0,13980200000.0,3140403800000.0,2625382800000.0,363518000000.0,14380100000.0,98.26469,69.44,468.559,85284223.0,LINDEINDIA.NS,7.22215351096782,0.004373259260481088,0.03778024747055166,1
2020-12-31,773.3111536572222,992.718889469884,743.8723379865074,960.7116088867188,5721846,22499300000.0,13980200000.0,3140403800000.0,2625382800000.0,363518000000.0,14380100000.0,98.26469,69.44,468.559,85284223.0,LINDEINDIA.NS,7.22215351096782,0.004373259260481088,0.03778024747055166,1
2021-03-31,957.25406194715,1906.605263436645,874.7662750956615,1777.6868896484375,6266565,22499300000.0,13980200000.0,3140403800000.0,2625382800000.0,363518000000.0,14380100000.0,98.26469,69.44,468.559,85284223.0,LINDEINDIA.NS,7.22215351096782,0.004373259260481088,0.03778024747055166,0
2021-06-30,1807.8172067953071,2048.859558774907,1511.20922554524,1628.14892578125,5965977,22499300000.0,13980200000.0,3140403800000.0,2625382800000.0,363518000000.0,14380100000.0,98.26469,69.44,468.559,85284223.0,LINDEINDIA.NS,7.22215351096782,0.004373259260481088,0.03778024747055166,1
2021-09-30,1641.0158082213188,2914.832007320862,1548.0776596739163,2577.7705078125,23302133,22499300000.0,13980200000.0,3140403800000.0,2625382800000.0,363518000000.0,14380100000.0,98.26469,69.44,468.559,85284223.0,LINDEINDIA.NS,7.22215351096782,0.004373259260481088,0.03778024747055166,0
2021-12-31,2568.4171252674287,2728.5600387344784,2235.5625045116535,2461.8701171875,6000844,22499300000.0,13980200000.0,3140403800000.0,2625382800000.0,363518000000.0,14380100000.0,98.26469,69.44,468.559,85284223.0,LINDEINDIA.NS,7.22215351096782,0.004373259260481088,0.03778024747055166,1
2022-03-31,2483.7932077469345,3770.971151297011,2471.421255128151,3746.128173828125,13729819,22499300000.0,13980200000.0,3140403800000.0,2625382800000.0,363518000000.0,14380100000.0,98.26469,69.44,468.559,85284223.0,LINDEINDIA.NS,7.22215351096782,0.004373259260481088,0.03778024747055166,0
2022-06-30,3745.2376831394863,4147.07858612024,2694.3926195376444,3179.731201171875,6754933,22499300000.0,13980200000.0,3140403800000.0,2625382800000.0,363518000000.0,14380100000.0,98.26469,69.44,468.559,85284223.0,LINDEINDIA.NS,7.22215351096782,0.004373259260481088,0.03778024747055166,1
2022-09-30,3131.8586442194382,3758.2299358248756,3072.2039157301297,3292.7265625,4402260,22499300000.0,13980200000.0,3140403800000.0,2625382800000.0,363518000000.0,14380100000.0,98.26469,69.44,468.559,85284223.0,LINDEINDIA.NS,7.22215351096782,0.004373259260481088,0.03778024747055166,1
2022-12-31,3251.1673619262738,3569.721929047003,2916.1080769664404,3414.96875,2555889,22499300000.0,13980200000.0,3140403800000.0,2625382800000.0,363518000000.0,14380100000.0,98.26469,69.44,468.559,85284223.0,LINDEINDIA.NS,7.22215351096782,0.004373259260481088,0.03778024747055166,1
2023-03-31,3410.2459659337474,4105.219959088432,3158.106148739029,4006.64111328125,3001392,22499300000.0,13980200000.0,3140403800000.0,2625382800000.0,363518000000.0,14380100000.0,98.26469,69.44,468.559,85284223.0,LINDEINDIA.NS,7.22215351096782,0.004373259260481088,0.03778024747055166,1
2023-06-30,4055.5082825858813,4611.288357104004,3833.3451770157017,4291.689453125,2618486,22499300000.0,13980200000.0,3140403800000.0,2625382800000.0,363518000000.0,14380100000.0,98.26469,69.44,468.559,85284223.0,LINDEINDIA.NS,7.22215351096782,0.004373259260481088,0.03778024747055166,1
2023-09-30,4291.739983400133,6767.311639807005,4262.360102345014,5933.90576171875,5109181,22499300000.0,13980200000.0,3140403800000.0,2625382800000.0,363518000000.0,14380100000.0,98.26469,69.44,468.559,85284223.0,LINDEINDIA.NS,7.22215351096782,0.004373259260481088,0.03778024747055166,0
2023-12-31,5959.968776568789,6741.796965527147,5412.50382886982,5621.35400390625,4601128,22499300000.0,13980200000.0,3140403800000.0,2625382800000.0,363518000000.0,14380100000.0,98.26469,69.44,468.559,85284223.0,LINDEINDIA.NS,7.22215351096782,0.004373259260481088,0.03778024747055166,1
2024-03-31,5641.0878301360135,6945.713817819715,5307.206912133474,6387.435546875,5657016,22499300000.0,13980200000.0,3140403800000.0,2625382800000.0,363518000000.0,14380100000.0,98.26469,69.44,468.559,85284223.0,LINDEINDIA.NS,7.22215351096782,0.004373259260481088,0.03778024747055166,1
2024-06-30,6437.268257668371,9901.852342879489,6338.74833523587,8271.46875,9535092,22499300000.0,13980200000.0,3140403800000.0,2625382800000.0,363518000000.0,14380100000.0,98.26469,69.44,468.559,85284223.0,LINDEINDIA.NS,7.22215351096782,0.004373259260481088,0.03778024747055166,1
2024-09-30,8282.233032060343,9301.814379941226,7016.9492627307245,8469.34765625,6202164,6344150000.0,1064240000.0,49362300000.0,424790000.0,35864340000.0,9969630000.0,98.26469,69.44,468.559,85284223.0,LINDEINDIA.NS,0.011844355702628293,0.021559773349296932,0.029674043911026942,0
2024-12-31,8524.894655873013,8544.108919506249,5749.306997068945,5984.91845703125,2761240,6058570000.0,1163200000.0,49362300000.0,424790000.0,35864340000.0,9969630000.0,98.26469,69.44,468.559,85284223.0,LINDEINDIA.NS,0.011844355702628293,0.021559773349296932,0.029674043911026942,1
2025-03-31,6015.811329474309,6786.278270929868,5369.562830412541,6245.783203125,4552274,5917210000.0,1184120000.0,51427440000.0,423710000.0,38199440000.0,1453710000.0,98.26469,69.44,468.559,85284223.0,LINDEINDIA.NS,0.01109204742268473,0.023025062106921908,0.03099836018538492,1
2025-06-30,6232.807729277416,7855.390016940724,5232.667726220825,6643.14453125,3072620,5710800000.0,1071900000.0,51427440000.0,423710000.0,38199440000.0,1453710000.0,98.26469,69.44,468.559,85284223.0,LINDEINDIA.NS,0.01109204742268473,0.023025062106921908,0.03099836018538492,0
2025-09-30,6667.5989706106,6907.153441081273,6105.0,6245.5,1354782,5710800000.0,1071900000.0,51427440000.0,423710000.0,38199440000.0,1453710000.0,98.26469,69.44,468.559,85284223.0,LINDEINDIA.NS,0.01109204742268473,0.023025062106921908,0.03099836018538492,0
2025-12-31,6245.5,6342.5,5673.0,5955.5,2185539,7010340000.0,1933250000.0,51427440000.0,423710000.0,38199440000.0,1453710000.0,98.26469,69.44,468.559,85284223.0,LINDEINDIA.NS,0.01109204742268473,0.023025062106921908,0.03099836018538492,1
2026-03-31,5935.0,7400.0,5746.0,6820.5,3388793,7010340000.0,1933250000.0,51427440000.0,423710000.0,38199440000.0,1453710000.0,98.26469,69.44,468.559,85284223.0,LINDEINDIA.NS,0.01109204742268473,0.023025062106921908,0.03099836018538492,0
2016-03-31,664.7791528308095,672.2090136125071,626.6521940793833,645.6373901367188,69440,7010340000.0,1933250000.0,51427440000.0,423710000.0,38199440000.0,1453710000.0,25.877607,35.95,590.675,30071681.0,LUXIND.NS,0.01109204742268473,0.023025062106921908,0.03099836018538492,0
2016-06-30,645.627589077544,708.7718612868384,586.3255258050817,612.5255126953125,529216,7010340000.0,1933250000.0,51427440000.0,423710000.0,38199440000.0,1453710000.0,25.877607,35.95,590.675,30071681.0,LUXIND.NS,0.01109204742268473,0.023025062106921908,0.03099836018538492,1
2016-09-30,615.9960012319929,681.0425495709082,563.1070579847909,618.7472534179688,961858,7010340000.0,1933250000.0,51427440000.0,423710000.0,38199440000.0,1453710000.0,25.877607,35.95,590.675,30071681.0,LUXIND.NS,0.01109204742268473,0.023025062106921908,0.03099836018538492,1
2016-12-31,612.2927159378463,817.1239256266945,612.2927159378463,722.0184936523438,1315255,7010340000.0,1933250000.0,51427440000.0,423710000.0,38199440000.0,1453710000.0,25.877607,35.95,590.675,30071681.0,LUXIND.NS,0.01109204742268473,0.023025062106921908,0.03099836018538492,0
2017-03-31,738.3012972896744,748.5208581140913,635.6656783094289,698.058837890625,1599868,7010340000.0,1933250000.0,51427440000.0,423710000.0,38199440000.0,1453710000.0,25.877607,35.95,590.675,30071681.0,LUXIND.NS,0.01109204742268473,0.023025062106921908,0.03099836018538492,1
2017-06-30,699.232325923494,1093.736243096425,697.7165195324023,990.0738525390625,3900993,7010340000.0,1933250000.0,51427440000.0,423710000.0,38199440000.0,1453710000.0,25.877607,35.95,590.675,30071681.0,LUXIND.NS,0.01109204742268473,0.023025062106921908,0.03099836018538492,1
2017-09-30,987.7267444342144,1290.792673286953,987.7267444342144,1160.361083984375,2276994,7010340000.0,1933250000.0,51427440000.0,423710000.0,38199440000.0,1453710000.0,25.877607,35.95,590.675,30071681.0,LUXIND.NS,0.01109204742268473,0.023025062106921908,0.03099836018538492,1
2017-12-31,1173.5787431985718,1505.8308812640298,1116.1553660986167,1484.290771484375,2098916,7010340000.0,1933250000.0,51427440000.0,423710000.0,38199440000.0,1453710000.0,25.877607,35.95,590.675,30071681.0,LUXIND.NS,0.01109204742268473,0.023025062106921908,0.03099836018538492,1
2018-03-31,1473.6678164677844,1888.6526560099717,1463.730145509834,1665.9110107421875,4756939,7010340000.0,1933250000.0,51427440000.0,423710000.0,38199440000.0,1453710000.0,25.877607,35.95,590.675,30071681.0,LUXIND.NS,0.01109204742268473,0.023025062106921908,0.03099836018538492,1
2018-06-30,1683.9750854694096,2050.2011382834744,1625.278943282448,1871.17578125,4701623,7010340000.0,1933250000.0,51427440000.0,423710000.0,38199440000.0,1453710000.0,25.877607,35.95,590.675,30071681.0,LUXIND.NS,0.01109204742268473,0.023025062106921908,0.03099836018538492,0
2018-09-30,1873.2318705687478,1973.3431942835296,1553.5070813644068,1590.31103515625,3986947,7010340000.0,1933250000.0,51427440000.0,423710000.0,38199440000.0,1453710000.0,25.877607,35.95,590.675,30071681.0,LUXIND.NS,0.01109204742268473,0.023025062106921908,0.03099836018538492,0
2018-12-31,1569.1891656010564,1611.7267823704974,1315.38448042977,1330.1353759765625,2925997,7010340000.0,1933250000.0,51427440000.0,423710000.0,38199440000.0,1453710000.0,25.877607,35.95,590.675,30071681.0,LUXIND.NS,0.01109204742268473,0.023025062106921908,0.03099836018538492,0
2019-03-31,1357.3831378997927,1367.2822173414618,1034.1359936174576,1316.217529296875,3933069,7010340000.0,1933250000.0,51427440000.0,423710000.0,38199440000.0,1453710000.0,25.877607,35.95,590.675,30071681.0,LUXIND.NS,0.01109204742268473,0.023025062106921908,0.03099836018538492,0
2019-06-30,1356.4027418955318,1396.5880959215663,1063.4418908498744,1188.016357421875,2810209,7010340000.0,1933250000.0,51427440000.0,423710000.0,38199440000.0,1453710000.0,25.877607,35.95,590.675,30071681.0,LUXIND.NS,0.01109204742268473,0.023025062106921908,0.03099836018538492,0
2019-09-30,1187.9182701853608,1276.3428225766527,964.4486089896081,1183.215576171875,3251132,7010340000.0,1933250000.0,51427440000.0,423710000.0,38199440000.0,1453710000.0,25.877607,35.95,590.675,30071681.0,LUXIND.NS,0.01109204742268473,0.023025062106921908,0.03099836018538492,1
2019-12-31,1196.786369553627,1448.6818064697625,1114.1815357620171,1263.3128662109375,4241753,7010340000.0,1933250000.0,51427440000.0,423710000.0,38199440000.0,1453710000.0,25.877607,35.95,590.675,30071681.0,LUXIND.NS,0.01109204742268473,0.023025062106921908,0.03099836018538492,0
2020-03-31,1264.099391864996,1621.5128105775266,805.6638979520427,935.0430908203125,3727172,7010340000.0,1933250000.0,51427440000.0,423710000.0,38199440000.0,1453710000.0,25.877607,35.95,590.675,30071681.0,LUXIND.NS,0.01109204742268473,0.023025062106921908,0.03099836018538492,1
2020-06-30,944.9382481884664,1186.4297445302248,831.1933362387132,1140.0213623046875,3676714,7010340000.0,1933250000.0,51427440000.0,423710000.0,38199440000.0,1453710000.0,25.877607,35.95,590.675,30071681.0,LUXIND.NS,0.01109204742268473,0.023025062106921908,0.03099836018538492,1
2020-09-30,1143.8803816686593,1464.4835274286818,1093.2668508925813,1437.873046875,5214371,7010340000.0,1933250000.0,51427440000.0,423710000.0,38199440000.0,1453710000.0,25.877607,35.95,590.675,30071681.0,LUXIND.NS,0.01109204742268473,0.023025062106921908,0.03099836018538492,1
2020-12-31,1447.1908052837575,1707.9417465676095,1328.388209369164,1637.66162109375,3919415,7010340000.0,1933250000.0,51427440000.0,423710000.0,38199440000.0,1453710000.0,25.877607,35.95,590.675,30071681.0,LUXIND.NS,0.01109204742268473,0.023025062106921908,0.03099836018538492,1
2021-03-31,1645.7403400825403,1883.3950200631468,1553.4044121018258,1733.0701904296875,3422288,7010340000.0,1933250000.0,51427440000.0,423710000.0,38199440000.0,1453710000.0,25.877607,35.95,590.675,30071681.0,LUXIND.NS,0.01109204742268473,0.023025062106921908,0.03099836018538492,1
2021-06-30,1732.7233730787668,3746.9648887036033,1732.7233730787668,3546.283935546875,10370487,7010340000.0,1933250000.0,51427440000.0,423710000.0,38199440000.0,1453710000.0,25.877607,35.95,590.675,30071681.0,LUXIND.NS,0.01109204742268473,0.023025062106921908,0.03099836018538492,0
2021-09-30,3557.0888083311042,4311.9839137919635,3400.073260186481,3489.68310546875,3723352,7010340000.0,1933250000.0,51427440000.0,423710000.0,38199440000.0,1453710000.0,25.877607,35.95,590.675,30071681.0,LUXIND.NS,0.01109204742268473,0.023025062106921908,0.03099836018538492,1
2021-12-31,3472.385558951892,4617.456552357022,3301.4427184881156,3667.81591796875,4248826,7010340000.0,1933250000.0,51427440000.0,423710000.0,38199440000.0,1453710000.0,25.877607,35.95,590.675,30071681.0,LUXIND.NS,0.01109204742268473,0.023025062106921908,0.03099836018538492,0
2022-03-31,3668.9095150710104,3905.449741754197,2137.7114529079863,2178.427490234375,6301026,7010340000.0,1933250000.0,51427440000.0,423710000.0,38199440000.0,1453710000.0,25.877607,35.95,590.675,30071681.0,LUXIND.NS,0.01109204742268473,0.023025062106921908,0.03099836018538492,0
2022-06-30,2187.4256417492193,2614.0731674266626,1675.2200539900418,1744.42236328125,3908618,7010340000.0,1933250000.0,51427440000.0,423710000.0,38199440000.0,1453710000.0,25.877607,35.95,590.675,30071681.0,LUXIND.NS,0.01109204742268473,0.023025062106921908,0.03099836018538492,0
2022-09-30,1744.4222789691305,2012.4316772915063,1695.50352062453,1743.5771484375,3601447,7010340000.0,1933250000.0,51427440000.0,423710000.0,38199440000.0,1453710000.0,25.877607,35.95,590.675,30071681.0,LUXIND.NS,0.01109204742268473,0.023025062106921908,0.03099836018538492,0
2022-12-31,1743.577133309913,1810.5422152534773,1528.165431372115,1633.2613525390625,2150008,7010340000.0,1933250000.0,51427440000.0,423710000.0,38199440000.0,1453710000.0,25.877607,35.95,590.675,30071681.0,LUXIND.NS,0.01109204742268473,0.023025062106921908,0.03099836018538492,0
2023-03-31,1641.6134337193512,1675.3692509869998,1104.6500376729066,1154.513427734375,2122230,7010340000.0,1933250000.0,51427440000.0,423710000.0,38199440000.0,1453710000.0,25.877607,35.95,590.675,30071681.0,LUXIND.NS,0.01109204742268473,0.023025062106921908,0.03099836018538492,1
2023-06-30,1173.2555800769358,1590.8549759808097,1169.8253474808382,1500.22607421875,5929013,7010340000.0,1933250000.0,51427440000.0,423710000.0,38199440000.0,1453710000.0,25.877607,35.95,590.675,30071681.0,LUXIND.NS,0.01109204742268473,0.023025062106921908,0.03099836018538492,0
2023-09-30,1511.3123234169852,1709.7219145992435,1412.9776419583852,1488.3204345703125,7328195,7010340000.0,1933250000.0,51427440000.0,423710000.0,38199440000.0,1453710000.0,25.877607,35.95,590.675,30071681.0,LUXIND.NS,0.01109204742268473,0.023025062106921908,0.03099836018538492,0
2023-12-31,1502.2864533522409,1526.2779953002907,1258.1818113314976,1296.8375244140625,4648431,7010340000.0,1933250000.0,51427440000.0,423710000.0,38199440000.0,1453710000.0,25.877607,35.95,590.675,30071681.0,LUXIND.NS,0.01109204742268473,0.023025062106921908,0.03099836018538492,0
2024-03-31,1297.8850125828346,1323.6719962871914,1069.1426776842602,1071.736328125,4380490,7010340000.0,1933250000.0,51427440000.0,423710000.0,38199440000.0,1453710000.0,25.877607,35.95,590.675,30071681.0,LUXIND.NS,0.01109204742268473,0.023025062106921908,0.03099836018538492,1
2024-06-30,1072.3848033184063,1616.009182856102,1072.3848033184063,1412.3558349609375,7512454,7010340000.0,1933250000.0,51427440000.0,423710000.0,38199440000.0,1453710000.0,25.877607,35.95,590.675,30071681.0,LUXIND.NS,0.01109204742268473,0.023025062106921908,0.03099836018538492,1
2024-09-30,1401.6320095146991,2486.9353374185466,1401.6320095146991,2053.6689453125,15481343,7010340000.0,1933250000.0,23521900000.0,2439800000.0,16502800000.0,382300000.0,25.877607,35.95,590.675,30071681.0,LUXIND.NS,0.14784157839881717,0.023025062106921908,0.03099836018538492,0
2024-12-31,2072.7397096077293,2296.2989859620275,1700.7071275310548,2008.23828125,4921201,5493400000.0,320600000.0,23521900000.0,2439800000.0,16502800000.0,382300000.0,25.877607,35.95,590.675,30071681.0,LUXIND.NS,0.14784157839881717,0.023025062106921908,0.03099836018538492,0
2025-03-31,2007.9386932217699,2142.7331732905377,1209.1564826456463,1373.2562255859375,4174637,8139800000.0,480900000.0,25637100000.0,3146700000.0,17303400000.0,290200000.0,25.877607,35.95,590.675,30071681.0,LUXIND.NS,0.18185443323277506,0.018757971845489545,0.027792225805333057,1
2025-06-30,1369.1625346098767,1643.2946498977274,1218.1427476345866,1455.9801025390625,2649548,6009900000.0,235700000.0,25637100000.0,3146700000.0,17303400000.0,290200000.0,25.877607,35.95,590.675,30071681.0,LUXIND.NS,0.18185443323277506,0.018757971845489545,0.027792225805333057,0
2025-09-30,1462.7697834962378,1522.3788425193911,1249.095649457528,1280.4000244140625,1642236,7751400000.0,234500000.0,29621100000.0,5746800000.0,17758100000.0,311500000.0,25.877607,35.95,590.675,30071681.0,LUXIND.NS,0.32361570213029545,0.0079166540067722,0.013205241551742585,0
2025-12-31,1288.0,1324.9000244140625,1074.4000244140625,1113.0999755859375,1671627,6699800000.0,129100000.0,29621100000.0,5746800000.0,17758100000.0,311500000.0,25.877607,35.95,590.675,30071681.0,LUXIND.NS,0.32361570213029545,0.0079166540067722,0.013205241551742585,0
2026-03-31,1108.0,1118.0,840.0,930.2999877929688,3015616,6699800000.0,129100000.0,29621100000.0,5746800000.0,17758100000.0,311500000.0,25.877607,35.95,590.675,30071681.0,LUXIND.NS,0.32361570213029545,0.0079166540067722,0.013205241551742585,0
2016-03-31,212.847815936571,217.88260818385902,204.29746999396923,212.0665740966797,7157509,6699800000.0,129100000.0,29621100000.0,5746800000.0,17758100000.0,311500000.0,55.2,13.25,31.258,1295319565.0,MARICO.NS,0.32361570213029545,0.0079166540067722,0.013205241551742585,1
2016-06-30,212.28360382988106,233.7246650440988,208.33395104812163,228.8201141357422,61877936,6699800000.0,129100000.0,29621100000.0,5746800000.0,17758100000.0,311500000.0,55.2,13.25,31.258,1295319565.0,MARICO.NS,0.32361570213029545,0.0079166540067722,0.013205241551742585,1
2016-09-30,229.9486279466015,266.40701166318007,227.86526729341907,239.15003967285156,76433769,6699800000.0,129100000.0,29621100000.0,5746800000.0,17758100000.0,311500000.0,55.2,13.25,31.258,1295319565.0,MARICO.NS,0.32361570213029545,0.0079166540067722,0.013205241551742585,0
2016-12-31,240.8861123754623,251.65003343916123,203.8200493642508,227.50978088378906,83363123,6699800000.0,129100000.0,29621100000.0,5746800000.0,17758100000.0,311500000.0,55.2,13.25,31.258,1295319565.0,MARICO.NS,0.32361570213029545,0.0079166540067722,0.013205241551742585,1
2017-03-31,227.11667748950478,263.9498806639777,220.60891278243756,259.4620056152344,76338587,6699800000.0,129100000.0,29621100000.0,5746800000.0,17758100000.0,311500000.0,55.2,13.25,31.258,1295319565.0,MARICO.NS,0.32361570213029545,0.0079166540067722,0.013205241551742585,1
2017-06-30,260.8699397915241,288.63332661084485,257.8779879356855,276.62158203125,69051783,6699800000.0,129100000.0,29621100000.0,5746800000.0,17758100000.0,311500000.0,55.2,13.25,31.258,1295319565.0,MARICO.NS,0.32361570213029545,0.0079166540067722,0.013205241551742585,0
2017-09-30,276.3135893701048,306.848828412802,270.50564758759594,273.45361328125,79260021,6699800000.0,129100000.0,29621100000.0,5746800000.0,17758100000.0,311500000.0,55.2,13.25,31.258,1295319565.0,MARICO.NS,0.32361570213029545,0.0079166540067722,0.013205241551742585,1
2017-12-31,277.19349520955257,287.86937853373416,255.08254266095614,285.3915710449219,49863538,6699800000.0,129100000.0,29621100000.0,5746800000.0,17758100000.0,311500000.0,55.2,13.25,31.258,1295319565.0,MARICO.NS,0.32361570213029545,0.0079166540067722,0.013205241551742585,1
2018-03-31,285.3915171032606,297.79321832688197,251.45429403782052,290.8792419433594,70702209,6699800000.0,129100000.0,29621100000.0,5746800000.0,17758100000.0,311500000.0,55.2,13.25,31.258,1295319565.0,MARICO.NS,0.32361570213029545,0.0079166540067722,0.013205241551742585,1
2018-06-30,291.94983343824964,314.8329578514659,271.69844707247637,295.87518310546875,95632263,6699800000.0,129100000.0,29621100000.0,5746800000.0,17758100000.0,311500000.0,55.2,13.25,31.258,1295319565.0,MARICO.NS,0.32361570213029545,0.0079166540067722,0.013205241551742585,1
2018-09-30,295.8752176168569,346.0129677034258,285.48183896872627,297.12420654296875,121660842,6699800000.0,129100000.0,29621100000.0,5746800000.0,17758100000.0,311500000.0,55.2,13.25,31.258,1295319565.0,MARICO.NS,0.32361570213029545,0.0079166540067722,0.013205241551742585,1
2018-12-31,297.97167987065126,355.90992005696614,252.42843958383955,335.0901184082031,119740449,6699800000.0,129100000.0,29621100000.0,5746800000.0,17758100000.0,311500000.0,55.2,13.25,31.258,1295319565.0,MARICO.NS,0.32361570213029545,0.0079166540067722,0.013205241551742585,0
2019-03-31,336.88498130004353,351.243433667074,293.2081124478371,305.280029296875,99773056,6699800000.0,129100000.0,29621100000.0,5746800000.0,17758100000.0,311500000.0,55.2,13.25,31.258,1295319565.0,MARICO.NS,0.32361570213029545,0.0079166540067722,0.013205241551742585,1
2019-06-30,314.0965897033403,344.02782054228,305.2347405565216,335.0755615234375,117420723,6699800000.0,129100000.0,29621100000.0,5746800000.0,17758100000.0,311500000.0,55.2,13.25,31.258,1295319565.0,MARICO.NS,0.32361570213029545,0.0079166540067722,0.013205241551742585,1
2019-09-30,335.618124176511,365.3232309769611,316.85454920401224,356.50665283203125,113318733,6699800000.0,129100000.0,29621100000.0,5746800000.0,17758100000.0,311500000.0,55.2,13.25,31.258,1295319565.0,MARICO.NS,0.32361570213029545,0.0079166540067722,0.013205241551742585,0
2019-12-31,356.2805901744098,362.52002785317455,298.4531546172092,311.2076416015625,118821046,6699800000.0,129100000.0,29621100000.0,5746800000.0,17758100000.0,311500000.0,55.2,13.25,31.258,1295319565.0,MARICO.NS,0.32361570213029545,0.0079166540067722,0.013205241551742585,0
2020-03-31,311.43542452644897,322.45881895011314,216.04944991175375,253.76576232910156,179676629,6699800000.0,129100000.0,29621100000.0,5746800000.0,17758100000.0,311500000.0,55.2,13.25,31.258,1295319565.0,MARICO.NS,0.32361570213029545,0.0079166540067722,0.013205241551742585,1
2020-06-30,255.79702580014416,327.44419422526323,237.28507397664444,324.9051513671875,226682529,6699800000.0,129100000.0,29621100000.0,5746800000.0,17758100000.0,311500000.0,55.2,13.25,31.258,1295319565.0,MARICO.NS,0.32361570213029545,0.0079166540067722,0.013205241551742585,1
2020-09-30,327.7672820451521,353.4347478762374,307.4549701384702,335.1535949707031,177730755,6699800000.0,129100000.0,29621100000.0,5746800000.0,17758100000.0,311500000.0,55.2,13.25,31.258,1295319565.0,MARICO.NS,0.32361570213029545,0.0079166540067722,0.013205241551742585,1
2020-12-31,335.15365377381187,391.6835017392038,319.2269027908078,374.78936767578125,208772205,6699800000.0,129100000.0,29621100000.0,5746800000.0,17758100000.0,311500000.0,55.2,13.25,31.258,1295319565.0,MARICO.NS,0.32361570213029545,0.0079166540067722,0.013205241551742585,1
2021-03-31,375.67365423758355,403.923658193451,356.8707087001564,387.1825256347656,144509978,6699800000.0,129100000.0,29621100000.0,5746800000.0,17758100000.0,311500000.0,55.2,13.25,31.258,1295319565.0,MARICO.NS,0.32361570213029545,0.0079166540067722,0.013205241551742585,1
2021-06-30,387.1825645565346,511.9131327197219,375.6037880468766,499.6754150390625,163958172,6699800000.0,129100000.0,29621100000.0,5746800000.0,17758100000.0,311500000.0,55.2,13.25,31.258,1295319565.0,MARICO.NS,0.32361570213029545,0.0079166540067722,0.013205241551742585,1
2021-09-30,500.8050588089508,552.9094635258323,481.03646450192286,515.3961181640625,165106365,6699800000.0,129100000.0,29621100000.0,5746800000.0,17758100000.0,311500000.0,55.2,13.25,31.258,1295319565.0,MARICO.NS,0.32361570213029545,0.0079166540067722,0.013205241551742585,0
2021-12-31,513.0427989120626,572.0662080563756,462.38945935202634,485.198974609375,100506593,6699800000.0,129100000.0,29621100000.0,5746800000.0,17758100000.0,311500000.0,55.2,13.25,31.258,1295319565.0,MARICO.NS,0.32361570213029545,0.0079166540067722,0.013205241551742585,0
2022-03-31,486.05075165323746,512.744848986602,431.25116756078336,482.7469177246094,95414275,6699800000.0,129100000.0,29621100000.0,5746800000.0,17758100000.0,311500000.0,55.2,13.25,31.258,1295319565.0,MARICO.NS,0.32361570213029545,0.0079166540067722,0.013205241551742585,0
2022-06-30,486.4367710213751,528.9418794344324,451.45508669287665,458.0201110839844,109525510,6699800000.0,129100000.0,29621100000.0,5746800000.0,17758100000.0,311500000.0,55.2,13.25,31.258,1295319565.0,MARICO.NS,0.32361570213029545,0.0079166540067722,0.013205241551742585,1
2022-09-30,458.11599313652727,531.2899406830161,457.7326383224342,515.476318359375,89794640,6699800000.0,129100000.0,29621100000.0,5746800000.0,17758100000.0,311500000.0,55.2,13.25,31.258,1295319565.0,MARICO.NS,0.32361570213029545,0.0079166540067722,0.013205241551742585,0
2022-12-31,517.536880449938,519.4536543157639,461.4703778433041,488.6410827636719,87706144,6699800000.0,129100000.0,29621100000.0,5746800000.0,17758100000.0,311500000.0,55.2,13.25,31.258,1295319565.0,MARICO.NS,0.32361570213029545,0.0079166540067722,0.013205241551742585,0
2023-03-31,488.6411088769635,503.0650598857801,454.53181350086027,464.00927734375,73278663,6699800000.0,129100000.0,29621100000.0,5746800000.0,17758100000.0,311500000.0,55.2,13.25,31.258,1295319565.0,MARICO.NS,0.32361570213029545,0.0079166540067722,0.013205241551742585,1
2023-06-30,467.34572100241684,540.3609569079499,447.4720993771178,513.4758911132812,88608866,6699800000.0,129100000.0,29621100000.0,5746800000.0,17758100000.0,311500000.0,55.2,13.25,31.258,1295319565.0,MARICO.NS,0.32361570213029545,0.0079166540067722,0.013205241551742585,1
2023-09-30,517.2475140601103,572.2748864591558,496.40674166615236,543.1655883789062,105192147,6699800000.0,129100000.0,29621100000.0,5746800000.0,17758100000.0,311500000.0,55.2,13.25,31.258,1295319565.0,MARICO.NS,0.32361570213029545,0.0079166540067722,0.013205241551742585,0
2023-12-31,557.4784294956625,575.417917470335,501.8858152078207,533.4451293945312,91359812,6699800000.0,129100000.0,29621100000.0,5746800000.0,17758100000.0,311500000.0,55.2,13.25,31.258,1295319565.0,MARICO.NS,0.32361570213029545,0.0079166540067722,0.013205241551742585,0
2024-03-31,534.9040445175629,542.1981504111936,478.95665101004687,489.6921081542969,93353955,6699800000.0,129100000.0,29621100000.0,5746800000.0,17758100000.0,311500000.0,55.2,13.25,31.258,1295319565.0,MARICO.NS,0.32361570213029545,0.0079166540067722,0.013205241551742585,1
2024-06-30,489.69208536780457,657.1250186793616,483.1424888707849,603.7434692382812,193337460,6699800000.0,129100000.0,29621100000.0,5746800000.0,17758100000.0,311500000.0,55.2,13.25,31.258,1295319565.0,MARICO.NS,0.32361570213029545,0.0079166540067722,0.013205241551742585,1
2024-09-30,604.925332671213,702.7258371256456,591.924678076626,684.8992309570312,186352966,6699800000.0,129100000.0,81240000000.0,4980000000.0,46550000000.0,2160000000.0,55.2,13.25,31.258,1295319565.0,MARICO.NS,0.10698174006444683,0.0079166540067722,0.013205241551742585,0
2024-12-31,683.5202889422585,708.9799171764478,570.8477879292012,629.84326171875,138778520,27940000000.0,3990000000.0,81240000000.0,4980000000.0,46550000000.0,2160000000.0,55.2,13.25,31.258,1295319565.0,MARICO.NS,0.10698174006444683,0.0079166540067722,0.013205241551742585,1
2025-03-31,626.3961329489762,725.7725730931097,572.1512228442679,645.2235107421875,106385462,26320000000.0,3430000000.0,83380000000.0,5540000000.0,39750000000.0,3200000000.0,55.2,13.25,31.258,1295319565.0,MARICO.NS,0.13937106918238995,0.04113696330055169,0.08628930817610063,1
2025-06-30,634.6784872819622,732.9001705634498,634.6784872819622,715.2261962890625,151379724,32590000000.0,5040000000.0,83380000000.0,5540000000.0,39750000000.0,3200000000.0,55.2,13.25,31.258,1295319565.0,MARICO.NS,0.13937106918238995,0.04113696330055169,0.08628930817610063,0
2025-09-30,716.8104554079764,759.0,683.3933069240197,697.4000244140625,128342871,34820000000.0,4200000000.0,86790000000.0,5750000000.0,40520000000.0,4190000000.0,55.2,13.25,31.258,1295319565.0,MARICO.NS,0.14190523198420532,0.04839267196681645,0.10365251727541955,1
2025-12-31,697.0,765.2999877929688,691.2999877929688,750.5999755859375,100749768,35370000000.0,4470000000.0,86790000000.0,5750000000.0,40520000000.0,4190000000.0,55.2,13.25,31.258,1295319565.0,MARICO.NS,0.14190523198420532,0.04839267196681645,0.10365251727541955,0
2026-03-31,755.0,813.5,708.2999877929688,731.4000244140625,97046743,35370000000.0,4470000000.0,86790000000.0,5750000000.0,40520000000.0,4190000000.0,55.2,13.25,31.258,1295319565.0,MARICO.NS,0.14190523198420532,0.04839267196681645,0.10365251727541955,0
2016-03-31,149.27249971416086,151.13753543965535,143.39594806932098,147.20516967773438,3073345,35370000000.0,4470000000.0,86790000000.0,5750000000.0,40520000000.0,4190000000.0,92.291916,24.87,122.4,254514090.0,MCX.NS,0.14190523198420532,0.04839267196681645,0.10365251727541955,1
2016-06-30,147.72421512434397,184.47927738284164,143.04405508435119,176.08668518066406,77603505,35370000000.0,4470000000.0,86790000000.0,5750000000.0,40520000000.0,4190000000.0,92.291916,24.87,122.4,254514090.0,MCX.NS,0.14190523198420532,0.04839267196681645,0.10365251727541955,1
2016-09-30,176.82566460501482,247.77897974713534,163.82814105961526,239.3218994140625,125521080,35370000000.0,4470000000.0,86790000000.0,5750000000.0,40520000000.0,4190000000.0,92.291916,24.87,122.4,254514090.0,MCX.NS,0.14190523198420532,0.04839267196681645,0.10365251727541955,0
2016-12-31,247.07056505614247,251.49835296037443,203.89962363196196,224.48880004882812,127615720,35370000000.0,4470000000.0,86790000000.0,5750000000.0,40520000000.0,4190000000.0,92.291916,24.87,122.4,254514090.0,MCX.NS,0.14190523198420532,0.04839267196681645,0.10365251727541955,0
2017-03-31,224.9316201270561,231.1304980202941,192.3076637789601,213.42822265625,97509865,35370000000.0,4470000000.0,86790000000.0,5750000000.0,40520000000.0,4190000000.0,92.291916,24.87,122.4,254514090.0,MCX.NS,0.14190523198420532,0.04839267196681645,0.10365251727541955,0
2017-06-30,215.19931975927568,222.9568380626389,164.7314001054223,192.75045776367188,115046945,35370000000.0,4470000000.0,86790000000.0,5750000000.0,40520000000.0,4190000000.0,92.291916,24.87,122.4,254514090.0,MCX.NS,0.14190523198420532,0.04839267196681645,0.10365251727541955,0
2017-09-30,193.7599908487808,209.3457865000362,176.12592507657155,186.7373046875,79753765,35370000000.0,4470000000.0,86790000000.0,5750000000.0,40520000000.0,4190000000.0,92.291916,24.87,122.4,254514090.0,MCX.NS,0.14190523198420532,0.04839267196681645,0.10365251727541955,0
2017-12-31,191.38262729897204,208.4273493049535,161.13877741199107,163.8073272705078,110673775,35370000000.0,4470000000.0,86790000000.0,5750000000.0,40520000000.0,4190000000.0,92.291916,24.87,122.4,254514090.0,MCX.NS,0.14190523198420532,0.04839267196681645,0.10365251727541955,0
2018-03-31,164.40934421255648,172.19044746582958,119.51980653437398,119.92413330078125,178383675,35370000000.0,4470000000.0,86790000000.0,5750000000.0,40520000000.0,4190000000.0,92.291916,24.87,122.4,254514090.0,MCX.NS,0.14190523198420532,0.04839267196681645,0.10365251727541955,1
2018-06-30,121.83794621963985,156.9517200335964,120.7866775863941,131.3711395263672,175505625,35370000000.0,4470000000.0,86790000000.0,5750000000.0,40520000000.0,4190000000.0,92.291916,24.87,122.4,254514090.0,MCX.NS,0.14190523198420532,0.04839267196681645,0.10365251727541955,0
2018-09-30,132.08097162298114,164.95744862802044,123.71756523855308,126.18275451660156,176126665,35370000000.0,4470000000.0,86790000000.0,5750000000.0,40520000000.0,4190000000.0,92.291916,24.87,122.4,254514090.0,MCX.NS,0.14190523198420532,0.04839267196681645,0.10365251727541955,1
2018-12-31,121.88470107764861,152.84159964111572,119.13542210597234,134.71469116210938,195533020,35370000000.0,4470000000.0,86790000000.0,5750000000.0,40520000000.0,4190000000.0,92.291916,24.87,122.4,254514090.0,MCX.NS,0.14190523198420532,0.04839267196681645,0.10365251727541955,1
2019-03-31,134.95293040117855,151.02706491041076,117.94407969850138,147.9478759765625,116903225,35370000000.0,4470000000.0,86790000000.0,5750000000.0,40520000000.0,4190000000.0,92.291916,24.87,122.4,254514090.0,MCX.NS,0.14190523198420532,0.04839267196681645,0.10365251727541955,1
2019-06-30,148.46106293959156,160.82365715530278,139.52592866607839,152.46583557128906,109354165,35370000000.0,4470000000.0,86790000000.0,5750000000.0,40520000000.0,4190000000.0,92.291916,24.87,122.4,254514090.0,MCX.NS,0.14190523198420532,0.04839267196681645,0.10365251727541955,1
2019-09-30,152.67663983932744,192.6972375260531,142.71506219572493,179.7696990966797,355839190,35370000000.0,4470000000.0,86790000000.0,5750000000.0,40520000000.0,4190000000.0,92.291916,24.87,122.4,254514090.0,MCX.NS,0.14190523198420532,0.04839267196681645,0.10365251727541955,1
2019-12-31,180.72384565415842,228.24336097915787,173.43690172803014,218.5242919921875,176680485,35370000000.0,4470000000.0,86790000000.0,5750000000.0,40520000000.0,4190000000.0,92.291916,24.87,122.4,254514090.0,MCX.NS,0.14190523198420532,0.04839267196681645,0.10365251727541955,0
2020-03-31,218.78619844491516,269.9632268833396,152.47404756846706,210.3300018310547,151884740,35370000000.0,4470000000.0,86790000000.0,5750000000.0,40520000000.0,4190000000.0,92.291916,24.87,122.4,254514090.0,MCX.NS,0.14190523198420532,0.04839267196681645,0.10365251727541955,1
2020-06-30,206.99985611535882,256.0534971644391,177.9362991077236,240.1980438232422,101232385,35370000000.0,4470000000.0,86790000000.0,5750000000.0,40520000000.0,4190000000.0,92.291916,24.87,122.4,254514090.0,MCX.NS,0.14190523198420532,0.04839267196681645,0.10365251727541955,1
2020-09-30,237.03631524021665,354.0281337623305,234.23004466859564,328.0901794433594,149484165,35370000000.0,4470000000.0,86790000000.0,5750000000.0,40520000000.0,4190000000.0,92.291916,24.87,122.4,254514090.0,MCX.NS,0.14190523198420532,0.04839267196681645,0.10365251727541955,1
2020-12-31,332.698823060443,357.0751694639352,295.2773760071915,329.5946960449219,79868675,35370000000.0,4470000000.0,86790000000.0,5750000000.0,40520000000.0,4190000000.0,92.291916,24.87,122.4,254514090.0,MCX.NS,0.14190523198420532,0.04839267196681645,0.10365251727541955,0
2021-03-31,331.36576467940046,342.35418290770076,281.5657088039277,288.1263427734375,77674700,35370000000.0,4470000000.0,86790000000.0,5750000000.0,40520000000.0,4190000000.0,92.291916,24.87,122.4,254514090.0,MCX.NS,0.14190523198420532,0.04839267196681645,0.10365251727541955,1
2021-06-30,289.6498266553837,317.0542040314211,272.76732318638506,289.7641296386719,66630475,35370000000.0,4470000000.0,86790000000.0,5750000000.0,40520000000.0,4190000000.0,92.291916,24.87,122.4,254514090.0,MCX.NS,0.14190523198420532,0.04839267196681645,0.10365251727541955,1
2021-09-30,289.8497942303434,351.91422223996534,276.138114340612,321.9313049316406,209783845,35370000000.0,4470000000.0,86790000000.0,5750000000.0,40520000000.0,4190000000.0,92.291916,24.87,122.4,254514090.0,MCX.NS,0.14190523198420532,0.04839267196681645,0.10365251727541955,0
2021-12-31,320.4464772761744,414.38716443392565,290.86681347105633,307.2093505859375,275942475,35370000000.0,4470000000.0,86790000000.0,5750000000.0,40520000000.0,4190000000.0,92.291916,24.87,122.4,254514090.0,MCX.NS,0.14190523198420532,0.04839267196681645,0.10365251727541955,0
2022-03-31,307.8304911471093,321.40721751774925,226.1175940096974,274.72802734375,207047385,35370000000.0,4470000000.0,86790000000.0,5750000000.0,40520000000.0,4190000000.0,92.291916,24.87,122.4,254514090.0,MCX.NS,0.14190523198420532,0.04839267196681645,0.10365251727541955,0
2022-06-30,274.6406680737445,289.93517184569197,221.84757092818415,253.86309814453125,114261750,35370000000.0,4470000000.0,86790000000.0,5750000000.0,40520000000.0,4190000000.0,92.291916,24.87,122.4,254514090.0,MCX.NS,0.14190523198420532,0.04839267196681645,0.10365251727541955,0
2022-09-30,253.4749007565584,278.19257228723296,227.54323322864,239.8947296142578,109697405,35370000000.0,4470000000.0,86790000000.0,5750000000.0,40520000000.0,4190000000.0,92.291916,24.87,122.4,254514090.0,MCX.NS,0.14190523198420532,0.04839267196681645,0.10365251727541955,1
2022-12-31,244.2743619676354,334.0515889119541,240.16048180462,305.923583984375,128110530,35370000000.0,4470000000.0,86790000000.0,5750000000.0,40520000000.0,4190000000.0,92.291916,24.87,122.4,254514090.0,MCX.NS,0.14190523198420532,0.04839267196681645,0.10365251727541955,0
2023-03-31,295.45192759016106,322.2315500613668,264.5977693448571,298.50286865234375,92436825,35370000000.0,4470000000.0,86790000000.0,5750000000.0,40520000000.0,4190000000.0,92.291916,24.87,122.4,254514090.0,MCX.NS,0.14190523198420532,0.04839267196681645,0.10365251727541955,0
2023-06-30,298.601291058186,327.73310850891903,252.94504560221517,295.33380126953125,135064975,35370000000.0,4470000000.0,86790000000.0,5750000000.0,40520000000.0,4190000000.0,92.291916,24.87,122.4,254514090.0,MCX.NS,0.14190523198420532,0.04839267196681645,0.10365251727541955,1
2023-09-30,295.0582102074984,425.8006734421313,290.7278086835426,407.843017578125,252004910,35370000000.0,4470000000.0,86790000000.0,5750000000.0,40520000000.0,4190000000.0,92.291916,24.87,122.4,254514090.0,MCX.NS,0.14190523198420532,0.04839267196681645,0.10365251727541955,1
2023-12-31,405.51497827753496,665.3788465034531,380.6727357305317,636.6962890625,449300950,35370000000.0,4470000000.0,86790000000.0,5750000000.0,40520000000.0,4190000000.0,92.291916,24.87,122.4,254514090.0,MCX.NS,0.14190523198420532,0.04839267196681645,0.10365251727541955,1
2024-03-31,635.7313070510534,793.9179952917239,588.5737800536693,666.4931030273438,172342685,35370000000.0,4470000000.0,86790000000.0,5750000000.0,40520000000.0,4190000000.0,92.291916,24.87,122.4,254514090.0,MCX.NS,0.14190523198420532,0.04839267196681645,0.10365251727541955,1
2024-06-30,662.593206647661,849.6315270790237,580.5848319197004,780.765625,252855895,35370000000.0,4470000000.0,86790000000.0,5750000000.0,40520000000.0,4190000000.0,92.291916,24.87,122.4,254514090.0,MCX.NS,0.14190523198420532,0.04839267196681645,0.10365251727541955,1
2024-09-30,783.959123551318,1202.4973560168894,720.3561647033162,1127.7529296875,194890945,2855800000.0,1536200000.0,44065600000.0,14300000.0,15846400000.0,5010100000.0,92.291916,24.87,122.4,254514090.0,MCX.NS,0.0009024131663974152,0.03486166079663048,0.09694315428109855,1
2024-12-31,1135.6626753559162,1404.3564904135776,1131.169824402764,1242.076171875,124011950,3013800000.0,1600400000.0,44065600000.0,14300000.0,15846400000.0,5010100000.0,92.291916,24.87,122.4,254514090.0,MCX.NS,0.0009024131663974152,0.03486166079663048,0.09694315428109855,0
2025-03-31,1243.2517538832833,1277.7998920076582,878.2756947526698,1058.30810546875,133822340,1731600000.0,1354600000.0,43251700000.0,10100000.0,18844000000.0,3385800000.0,92.291916,24.87,122.4,254514090.0,MCX.NS,0.0005359796221609001,0.03131900017802768,0.07188495011674803,1
2025-06-30,1065.9189672312514,1808.0944771678971,903.549167301787,1781.9942626953125,214863470,3732100000.0,2031900000.0,43251700000.0,10100000.0,18844000000.0,3385800000.0,92.291916,24.87,122.4,254514090.0,MCX.NS,0.0005359796221609001,0.03131900017802768,0.07188495011674803,0
2025-09-30,1788.4695575176597,1816.0641200243344,1460.800048828125,1559.199951171875,161532110,3732100000.0,2031900000.0,43251700000.0,10100000.0,18844000000.0,3385800000.0,92.291916,24.87,122.4,254514090.0,MCX.NS,0.0005359796221609001,0.03131900017802768,0.07188495011674803,1
2025-12-31,1562.300048828125,2243.800048828125,1551.300048828125,2227.199951171875,170823290,6656200000.0,4011200000.0,43251700000.0,10100000.0,18844000000.0,3385800000.0,92.291916,24.87,122.4,254514090.0,MCX.NS,0.0005359796221609001,0.03131900017802768,0.07188495011674803,1
2026-03-31,2232.0,2705.0,2125.5,2295.5,214117525,6656200000.0,4011200000.0,43251700000.0,10100000.0,18844000000.0,3385800000.0,92.291916,24.87,122.4,254514090.0,MCX.NS,0.0005359796221609001,0.03131900017802768,0.07188495011674803,0
2019-06-30,234.05034915658484,245.6795759028782,221.59048202865617,237.29969787597656,44629296,6656200000.0,4011200000.0,43251700000.0,10100000.0,18844000000.0,3385800000.0,53.159855,8.07,69.152,207327768.0,METROPOLIS.NS,0.0005359796221609001,0.03131900017802768,0.07188495011674803,1
2019-09-30,235.76053310819594,332.263574035527,231.15527591703113,310.95965576171875,8123164,6656200000.0,4011200000.0,43251700000.0,10100000.0,18844000000.0,3385800000.0,53.159855,8.07,69.152,207327768.0,METROPOLIS.NS,0.0005359796221609001,0.03131900017802768,0.07188495011674803,1
2019-12-31,309.786902420147,363.5354187254655,297.7423338668648,354.6302795410156,9440560,6656200000.0,4011200000.0,43251700000.0,10100000.0,18844000000.0,3385800000.0,53.159855,8.07,69.152,207327768.0,METROPOLIS.NS,0.0005359796221609001,0.03131900017802768,0.07188495011674803,0
2020-03-31,349.41423045923557,517.5030990049063,244.89993231971522,315.1763000488281,18654184,6656200000.0,4011200000.0,43251700000.0,10100000.0,18844000000.0,3385800000.0,53.159855,8.07,69.152,207327768.0,METROPOLIS.NS,0.0005359796221609001,0.03131900017802768,0.07188495011674803,1
2020-06-30,318.96741839938016,379.82127412204346,282.4306023137019,333.5428771972656,54449104,6656200000.0,4011200000.0,43251700000.0,10100000.0,18844000000.0,3385800000.0,53.159855,8.07,69.152,207327768.0,METROPOLIS.NS,0.0005359796221609001,0.03131900017802768,0.07188495011674803,1
2020-09-30,332.4878004273862,500.5720022128264,328.56174521938755,440.2211608886719,33047088,6656200000.0,4011200000.0,43251700000.0,10100000.0,18844000000.0,3385800000.0,53.159855,8.07,69.152,207327768.0,METROPOLIS.NS,0.0005359796221609001,0.03131900017802768,0.07188495011674803,1
2020-12-31,441.43579544056706,570.0140742495911,434.31982097265353,481.2607116699219,29686888,6656200000.0,4011200000.0,43251700000.0,10100000.0,18844000000.0,3385800000.0,53.159855,8.07,69.152,207327768.0,METROPOLIS.NS,0.0005359796221609001,0.03131900017802768,0.07188495011674803,1
2021-03-31,483.64084987593054,578.5391656059317,455.3408512236225,552.2239990234375,27296440,6656200000.0,4011200000.0,43251700000.0,10100000.0,18844000000.0,3385800000.0,53.159855,8.07,69.152,207327768.0,METROPOLIS.NS,0.0005359796221609001,0.03131900017802768,0.07188495011674803,1
2021-06-30,546.7540327603916,763.3365715392831,527.7938272065666,698.7190551757812,51703424,6656200000.0,4011200000.0,43251700000.0,10100000.0,18844000000.0,3385800000.0,53.159855,8.07,69.152,207327768.0,METROPOLIS.NS,0.0005359796221609001,0.03131900017802768,0.07188495011674803,0
2021-09-30,698.5343021697628,798.3248421102596,642.7994343605918,665.4678955078125,65524672,6656200000.0,4011200000.0,43251700000.0,10100000.0,18844000000.0,3385800000.0,53.159855,8.07,69.152,207327768.0,METROPOLIS.NS,0.0005359796221609001,0.03131900017802768,0.07188495011674803,1
2021-12-31,660.1087345353095,882.0750294135171,648.0229889495852,847.8259887695312,80625700,6656200000.0,4011200000.0,43251700000.0,10100000.0,18844000000.0,3385800000.0,53.159855,8.07,69.152,207327768.0,METROPOLIS.NS,0.0005359796221609001,0.03131900017802768,0.07188495011674803,0
2022-03-31,852.5074609583627,858.3471077401641,446.29648633424983,503.61578369140625,83408236,6656200000.0,4011200000.0,43251700000.0,10100000.0,18844000000.0,3385800000.0,53.159855,8.07,69.152,207327768.0,METROPOLIS.NS,0.0005359796221609001,0.03131900017802768,0.07188495011674803,0
2022-06-30,503.4302058463915,635.9300907474487,340.91010906060995,347.93585205078125,97012456,6656200000.0,4011200000.0,43251700000.0,10100000.0,18844000000.0,3385800000.0,53.159855,8.07,69.152,207327768.0,METROPOLIS.NS,0.0005359796221609001,0.03131900017802768,0.07188495011674803,1
2022-09-30,346.34020219470756,403.84504384474445,326.06694924309915,384.52423095703125,71913700,6656200000.0,4011200000.0,43251700000.0,10100000.0,18844000000.0,3385800000.0,53.159855,8.07,69.152,207327768.0,METROPOLIS.NS,0.0005359796221609001,0.03131900017802768,0.07188495011674803,0
2022-12-31,383.4604548893956,443.11755989657365,313.4502637561927,328.4047546386719,80468256,6656200000.0,4011200000.0,43251700000.0,10100000.0,18844000000.0,3385800000.0,53.159855,8.07,69.152,207327768.0,METROPOLIS.NS,0.0005359796221609001,0.03131900017802768,0.07188495011674803,0
2023-03-31,327.7862671063106,345.1032813443401,291.50467198668554,310.6546325683594,40992140,6656200000.0,4011200000.0,43251700000.0,10100000.0,18844000000.0,3385800000.0,53.159855,8.07,69.152,207327768.0,METROPOLIS.NS,0.0005359796221609001,0.03131900017802768,0.07188495011674803,1
2023-06-30,314.0640263709198,378.25800620070805,300.9365459173498,371.5760498046875,80939676,6656200000.0,4011200000.0,43251700000.0,10100000.0,18844000000.0,3385800000.0,53.159855,8.07,69.152,207327768.0,METROPOLIS.NS,0.0005359796221609001,0.03131900017802768,0.07188495011674803,0
2023-09-30,374.0273566568676,380.73417295603474,322.5253478445262,363.2889709472656,70691852,6656200000.0,4011200000.0,43251700000.0,10100000.0,18844000000.0,3385800000.0,53.159855,8.07,69.152,207327768.0,METROPOLIS.NS,0.0005359796221609001,0.03131900017802768,0.07188495011674803,1
2023-12-31,364.5830230660937,437.80555781583314,338.46496282384896,418.6701965332031,97398564,6656200000.0,4011200000.0,43251700000.0,10100000.0,18844000000.0,3385800000.0,53.159855,8.07,69.152,207327768.0,METROPOLIS.NS,0.0005359796221609001,0.03131900017802768,0.07188495011674803,1
2024-03-31,420.25440962634696,456.7787759541519,361.75061367969977,430.00921630859375,89708088,6656200000.0,4011200000.0,43251700000.0,10100000.0,18844000000.0,3385800000.0,53.159855,8.07,69.152,207327768.0,METROPOLIS.NS,0.0005359796221609001,0.03131900017802768,0.07188495011674803,1
2024-06-30,426.36675385572806,515.9187241469373,417.0360848579917,493.490234375,76885632,6656200000.0,4011200000.0,43251700000.0,10100000.0,18844000000.0,3385800000.0,53.159855,8.07,69.152,207327768.0,METROPOLIS.NS,0.0005359796221609001,0.03131900017802768,0.07188495011674803,1
2024-09-30,497.66905431968655,554.3516268968575,487.81448653128155,546.879638671875,37224260,3497888000.0,465188000.0,16312289000.0,1894624000.0,11839431000.0,443898000.0,53.159855,8.07,69.152,207327768.0,METROPOLIS.NS,0.16002660938688693,0.02851764090251221,0.03929141527156162,0
2024-12-31,548.9378497860129,578.3768632578006,493.98918849232444,518.0892333984375,39304960,3227674000.0,313605000.0,16312289000.0,1894624000.0,11839431000.0,443898000.0,53.159855,8.07,69.152,207327768.0,METROPOLIS.NS,0.16002660938688693,0.02851764090251221,0.03929141527156162,0
2025-03-31,514.2098418944455,520.5217180537418,381.11051853582734,390.32891845703125,40701304,3452915000.0,291417000.0,18673402000.0,2041274000.0,13309720000.0,394757000.0,53.159855,8.07,69.152,207327768.0,METROPOLIS.NS,0.15336716324610886,0.015605994022942365,0.02189505113556108,1
2025-06-30,392.68654112333826,446.0759266074083,328.0703729499858,425.6681823730469,21712972,3860632000.0,450607000.0,18673402000.0,2041274000.0,13309720000.0,394757000.0,53.159855,8.07,69.152,207327768.0,METROPOLIS.NS,0.15336716324610886,0.015605994022942365,0.02189505113556108,1
2025-09-30,427.6141766717023,564.5804673304132,421.9010056766141,507.94775390625,34732700,3860632000.0,450607000.0,18673402000.0,2041274000.0,13309720000.0,394757000.0,53.159855,8.07,69.152,207327768.0,METROPOLIS.NS,0.15336716324610886,0.015605994022942365,0.02189505113556108,0
2025-12-31,507.2492000367659,538.8837047652257,459.0249938964844,482.2250061035156,14748572,4059097000.0,413856000.0,18673402000.0,2041274000.0,13309720000.0,394757000.0,53.159855,8.07,69.152,207327768.0,METROPOLIS.NS,0.15336716324610886,0.015605994022942365,0.02189505113556108,0
2026-03-31,483.75,515.0,421.20001220703125,429.0,11305064,4059097000.0,413856000.0,18673402000.0,2041274000.0,13309720000.0,394757000.0,53.159855,8.07,69.152,207327768.0,METROPOLIS.NS,0.15336716324610886,0.015605994022942365,0.02189505113556108,0
2016-03-31,329.3360443137398,348.3275732560454,314.5814650053288,342.9939880371094,818159,4059097000.0,413856000.0,18673402000.0,2041274000.0,13309720000.0,394757000.0,368.12204,4.26,152.98,345114771.0,MFSL.NS,0.15336716324610886,0.015605994022942365,0.02189505113556108,1
2016-06-30,340.7508785783013,562.9667263110902,331.97791641007365,531.1148071289062,43306967,4059097000.0,413856000.0,18673402000.0,2041274000.0,13309720000.0,394757000.0,368.12204,4.26,152.98,345114771.0,MFSL.NS,0.15336716324610886,0.015605994022942365,0.02189505113556108,1
2016-09-30,531.364037577769,626.0724275733436,421.7016682582619,555.5999755859375,50057969,4059097000.0,413856000.0,18673402000.0,2041274000.0,13309720000.0,394757000.0,368.12204,4.26,152.98,345114771.0,MFSL.NS,0.15336716324610886,0.015605994022942365,0.02189505113556108,0
2016-12-31,563.75,580.0,485.95001220703125,548.75,17641012,4059097000.0,413856000.0,18673402000.0,2041274000.0,13309720000.0,394757000.0,368.12204,4.26,152.98,345114771.0,MFSL.NS,0.15336716324610886,0.015605994022942365,0.02189505113556108,1
2017-03-31,551.0,639.0,512.2999877929688,576.9500122070312,48299801,4059097000.0,413856000.0,18673402000.0,2041274000.0,13309720000.0,394757000.0,368.12204,4.26,152.98,345114771.0,MFSL.NS,0.15336716324610886,0.015605994022942365,0.02189505113556108,1
2017-06-30,577.6500244140625,683.9500122070312,514.0,631.0999755859375,73865791,4059097000.0,413856000.0,18673402000.0,2041274000.0,13309720000.0,394757000.0,368.12204,4.26,152.98,345114771.0,MFSL.NS,0.15336716324610886,0.015605994022942365,0.02189505113556108,0
2017-09-30,631.0999755859375,652.9000244140625,567.4000244140625,590.9000244140625,52530445,4059097000.0,413856000.0,18673402000.0,2041274000.0,13309720000.0,394757000.0,368.12204,4.26,152.98,345114771.0,MFSL.NS,0.15336716324610886,0.015605994022942365,0.02189505113556108,1
2017-12-31,597.0,611.25,520.1500244140625,592.5,35774544,4059097000.0,413856000.0,18673402000.0,2041274000.0,13309720000.0,394757000.0,368.12204,4.26,152.98,345114771.0,MFSL.NS,0.15336716324610886,0.015605994022942365,0.02189505113556108,0
2018-03-31,590.0,604.75,417.29998779296875,453.45001220703125,39310451,4059097000.0,413856000.0,18673402000.0,2041274000.0,13309720000.0,394757000.0,368.12204,4.26,152.98,345114771.0,MFSL.NS,0.15336716324610886,0.015605994022942365,0.02189505113556108,0
2018-06-30,452.25,531.5,416.25,432.54998779296875,39866291,4059097000.0,413856000.0,18673402000.0,2041274000.0,13309720000.0,394757000.0,368.12204,4.26,152.98,345114771.0,MFSL.NS,0.15336716324610886,0.015605994022942365,0.02189505113556108,0
2018-09-30,437.0,534.0,400.0,408.29998779296875,45849624,4059097000.0,413856000.0,18673402000.0,2041274000.0,13309720000.0,394757000.0,368.12204,4.26,152.98,345114771.0,MFSL.NS,0.15336716324610886,0.015605994022942365,0.02189505113556108,1
2018-12-31,405.5,453.95001220703125,350.0,446.0,47620234,4059097000.0,413856000.0,18673402000.0,2041274000.0,13309720000.0,394757000.0,368.12204,4.26,152.98,345114771.0,MFSL.NS,0.15336716324610886,0.015605994022942365,0.02189505113556108,0
2019-03-31,449.25,464.95001220703125,360.8999938964844,438.1499938964844,37357069,4059097000.0,413856000.0,18673402000.0,2041274000.0,13309720000.0,394757000.0,368.12204,4.26,152.98,345114771.0,MFSL.NS,0.15336716324610886,0.015605994022942365,0.02189505113556108,0
2019-06-30,438.70001220703125,474.5,394.3500061035156,407.95001220703125,31887868,4059097000.0,413856000.0,18673402000.0,2041274000.0,13309720000.0,394757000.0,368.12204,4.26,152.98,345114771.0,MFSL.NS,0.15336716324610886,0.015605994022942365,0.02189505113556108,1
2019-09-30,409.45001220703125,462.95001220703125,370.04998779296875,426.79998779296875,54694702,4059097000.0,413856000.0,18673402000.0,2041274000.0,13309720000.0,394757000.0,368.12204,4.26,152.98,345114771.0,MFSL.NS,0.15336716324610886,0.015605994022942365,0.02189505113556108,1
2019-12-31,428.8999938964844,544.7000122070312,396.79998779296875,534.4500122070312,86833411,4059097000.0,413856000.0,18673402000.0,2041274000.0,13309720000.0,394757000.0,368.12204,4.26,152.98,345114771.0,MFSL.NS,0.15336716324610886,0.015605994022942365,0.02189505113556108,0
2020-03-31,537.0,611.9000244140625,276.3500061035156,384.6000061035156,213567727,4059097000.0,413856000.0,18673402000.0,2041274000.0,13309720000.0,394757000.0,368.12204,4.26,152.98,345114771.0,MFSL.NS,0.15336716324610886,0.015605994022942365,0.02189505113556108,1
2020-06-30,380.0,554.0,326.6499938964844,542.0,119071489,4059097000.0,413856000.0,18673402000.0,2041274000.0,13309720000.0,394757000.0,368.12204,4.26,152.98,345114771.0,MFSL.NS,0.15336716324610886,0.015605994022942365,0.02189505113556108,1
2020-09-30,537.9000244140625,641.75,514.9000244140625,612.2000122070312,103248867,4059097000.0,413856000.0,18673402000.0,2041274000.0,13309720000.0,394757000.0,368.12204,4.26,152.98,345114771.0,MFSL.NS,0.15336716324610886,0.015605994022942365,0.02189505113556108,1
2020-12-31,615.0,703.0,566.0499877929688,675.0499877929688,101449015,4059097000.0,413856000.0,18673402000.0,2041274000.0,13309720000.0,394757000.0,368.12204,4.26,152.98,345114771.0,MFSL.NS,0.15336716324610886,0.015605994022942365,0.02189505113556108,1
2021-03-31,675.0,953.7000122070312,659.0999755859375,859.4500122070312,99233604,4059097000.0,413856000.0,18673402000.0,2041274000.0,13309720000.0,394757000.0,368.12204,4.26,152.98,345114771.0,MFSL.NS,0.15336716324610886,0.015605994022942365,0.02189505113556108,1
2021-06-30,862.5999755859375,1097.550048828125,834.0,1060.4000244140625,61652755,4059097000.0,413856000.0,18673402000.0,2041274000.0,13309720000.0,394757000.0,368.12204,4.26,152.98,345114771.0,MFSL.NS,0.15336716324610886,0.015605994022942365,0.02189505113556108,0
2021-09-30,1065.9000244140625,1148.050048828125,982.0499877929688,1014.2999877929688,56312499,4059097000.0,413856000.0,18673402000.0,2041274000.0,13309720000.0,394757000.0,368.12204,4.26,152.98,345114771.0,MFSL.NS,0.15336716324610886,0.015605994022942365,0.02189505113556108,0
2021-12-31,1017.1500244140625,1045.5999755859375,881.0,980.3499755859375,36923946,4059097000.0,413856000.0,18673402000.0,2041274000.0,13309720000.0,394757000.0,368.12204,4.26,152.98,345114771.0,MFSL.NS,0.15336716324610886,0.015605994022942365,0.02189505113556108,0
2022-03-31,983.0,1080.699951171875,700.0,753.9000244140625,41918263,4059097000.0,413856000.0,18673402000.0,2041274000.0,13309720000.0,394757000.0,368.12204,4.26,152.98,345114771.0,MFSL.NS,0.15336716324610886,0.015605994022942365,0.02189505113556108,1
2022-06-30,751.5,835.9500122070312,696.5,782.3499755859375,30870499,4059097000.0,413856000.0,18673402000.0,2041274000.0,13309720000.0,394757000.0,368.12204,4.26,152.98,345114771.0,MFSL.NS,0.15336716324610886,0.015605994022942365,0.02189505113556108,0
2022-09-30,782.3499755859375,885.0,750.0,762.5999755859375,31213145,4059097000.0,413856000.0,18673402000.0,2041274000.0,13309720000.0,394757000.0,368.12204,4.26,152.98,345114771.0,MFSL.NS,0.15336716324610886,0.015605994022942365,0.02189505113556108,0
2022-12-31,765.0,777.9500122070312,625.2000122070312,677.5,72383995,4059097000.0,413856000.0,18673402000.0,2041274000.0,13309720000.0,394757000.0,368.12204,4.26,152.98,345114771.0,MFSL.NS,0.15336716324610886,0.015605994022942365,0.02189505113556108,0
2023-03-31,680.9000244140625,874.4000244140625,604.6500244140625,635.0,73223762,4059097000.0,413856000.0,18673402000.0,2041274000.0,13309720000.0,394757000.0,368.12204,4.26,152.98,345114771.0,MFSL.NS,0.15336716324610886,0.015605994022942365,0.02189505113556108,1
2023-06-30,634.9500122070312,824.2000122070312,599.0999755859375,810.8499755859375,56914494,4059097000.0,413856000.0,18673402000.0,2041274000.0,13309720000.0,394757000.0,368.12204,4.26,152.98,345114771.0,MFSL.NS,0.15336716324610886,0.015605994022942365,0.02189505113556108,1
2023-09-30,813.0,961.0,763.0,909.75,67743427,4059097000.0,413856000.0,18673402000.0,2041274000.0,13309720000.0,394757000.0,368.12204,4.26,152.98,345114771.0,MFSL.NS,0.15336716324610886,0.015605994022942365,0.02189505113556108,1
2023-12-31,909.75,1067.5,862.9500122070312,954.2999877929688,49366267,4059097000.0,413856000.0,18673402000.0,2041274000.0,13309720000.0,394757000.0,368.12204,4.26,152.98,345114771.0,MFSL.NS,0.15336716324610886,0.015605994022942365,0.02189505113556108,1
2024-03-31,957.2000122070312,1027.4000244140625,854.25,1002.2000122070312,73460700,4059097000.0,413856000.0,18673402000.0,2041274000.0,13309720000.0,394757000.0,368.12204,4.26,152.98,345114771.0,MFSL.NS,0.15336716324610886,0.015605994022942365,0.02189505113556108,0
2024-06-30,1007.4500122070312,1092.0,864.0,971.7000122070312,68961195,4059097000.0,413856000.0,18673402000.0,2041274000.0,13309720000.0,394757000.0,368.12204,4.26,152.98,345114771.0,MFSL.NS,0.15336716324610886,0.015605994022942365,0.02189505113556108,1
2024-09-30,972.7999877929688,1212.8499755859375,967.7000122070312,1191.0,82558504,4059097000.0,413856000.0,1827912200000.0,5035000000.0,51688800000.0,4594400000.0,368.12204,4.26,152.98,345114771.0,MFSL.NS,0.09740988376592222,0.015605994022942365,0.02189505113556108,0
2024-12-31,1180.199951171875,1306.449951171875,1087.050048828125,1113.9000244140625,55910913,89226800000.0,560400000.0,1827912200000.0,5035000000.0,51688800000.0,4594400000.0,368.12204,4.26,152.98,345114771.0,MFSL.NS,0.09740988376592222,0.015605994022942365,0.02189505113556108,1
2025-03-31,1110.9000244140625,1169.4000244140625,950.0,1147.699951171875,54189329,123757100000.0,313381000.0,1899986931000.0,14421134000.0,52745179000.0,14537501000.0,368.12204,4.26,152.98,345114771.0,MFSL.NS,0.27341141452946816,0.00016493850293752363,0.005941415043827987,1
2025-06-30,1116.699951171875,1659.699951171875,1085.0,1647.0999755859375,74414438,128216900000.0,696400000.0,1899986931000.0,14421134000.0,52745179000.0,14537501000.0,368.12204,4.26,152.98,345114771.0,MFSL.NS,0.27341141452946816,0.00016493850293752363,0.005941415043827987,0
2025-09-30,1637.800048828125,1674.800048828125,1451.0999755859375,1575.9000244140625,38844850,97933700000.0,41200000.0,1968717000000.0,18294500000.0,53032900000.0,5294100000.0,368.12204,4.26,152.98,345114771.0,MFSL.NS,0.34496510656592416,2.0927334908978793e-05,0.000776876240974942,1
2025-12-31,1566.0,1751.4000244140625,1501.9000244140625,1671.800048828125,41621480,142589100000.0,365600000.0,1968717000000.0,18294500000.0,53032900000.0,5294100000.0,368.12204,4.26,152.98,345114771.0,MFSL.NS,0.34496510656592416,2.0927334908978793e-05,0.000776876240974942,0
2026-03-31,1677.5,1892.5,1553.5,1568.300048828125,41082996,142589100000.0,365600000.0,1968717000000.0,18294500000.0,53032900000.0,5294100000.0,368.12204,4.26,152.98,345114771.0,MFSL.NS,0.34496510656592416,2.0927334908978793e-05,0.000776876240974942,0
2017-12-31,352.6657153654647,352.6657153654647,250.67480285002404,282.64984130859375,13342952,142589100000.0,365600000.0,1968717000000.0,18294500000.0,53032900000.0,5294100000.0,17.341162,7.24,265.806,1648000000.0,NIACL.NS,0.34496510656592416,2.0927334908978793e-05,0.000776876240974942,1
2018-03-31,285.82377479398355,353.3945627269604,283.5432138739633,335.1969909667969,9325292,142589100000.0,365600000.0,1968717000000.0,18294500000.0,53032900000.0,5294100000.0,17.341162,7.24,265.806,1648000000.0,NIACL.NS,0.34496510656592416,2.0927334908978793e-05,0.000776876240974942,0
2018-06-30,325.392900005824,359.6484662195049,289.6560957280722,303.1916809082031,6056534,142589100000.0,365600000.0,1968717000000.0,18294500000.0,53032900000.0,5294100000.0,17.341162,7.24,265.806,1648000000.0,NIACL.NS,0.34496510656592416,2.0927334908978793e-05,0.000776876240974942,0
2018-09-30,303.19168284779425,303.7169678315201,206.82360678062147,214.60755920410156,5224756,142589100000.0,365600000.0,1968717000000.0,18294500000.0,53032900000.0,5294100000.0,17.341162,7.24,265.806,1648000000.0,NIACL.NS,0.34496510656592416,2.0927334908978793e-05,0.000776876240974942,0
2018-12-31,215.94468293786068,227.5011879797844,163.51051774500178,171.676513671875,5688662,142589100000.0,365600000.0,1968717000000.0,18294500000.0,53032900000.0,5294100000.0,17.341162,7.24,265.806,1648000000.0,NIACL.NS,0.34496510656592416,2.0927334908978793e-05,0.000776876240974942,1
2019-03-31,170.5304146872235,209.16357392502798,161.4093353124112,183.0897674560547,7485814,142589100000.0,365600000.0,1968717000000.0,18294500000.0,53032900000.0,5294100000.0,17.341162,7.24,265.806,1648000000.0,NIACL.NS,0.34496510656592416,2.0927334908978793e-05,0.000776876240974942,0
2019-06-30,183.75830887003332,186.671302841573,140.397461705005,142.64193725585938,3410059,142589100000.0,365600000.0,1968717000000.0,18294500000.0,53032900000.0,5294100000.0,17.341162,7.24,265.806,1648000000.0,NIACL.NS,0.34496510656592416,2.0927334908978793e-05,0.000776876240974942,0
2019-09-30,143.3582303322405,152.71805023052733,96.15101116935887,105.61639404296875,6373913,142589100000.0,365600000.0,1968717000000.0,18294500000.0,53032900000.0,5294100000.0,17.341162,7.24,265.806,1648000000.0,NIACL.NS,0.34496510656592416,2.0927334908978793e-05,0.000776876240974942,1
2019-12-31,107.40322980168497,173.03317068553122,91.17686175368166,130.8252410888672,37448553,142589100000.0,365600000.0,1968717000000.0,18294500000.0,53032900000.0,5294100000.0,17.341162,7.24,265.806,1648000000.0,NIACL.NS,0.34496510656592416,2.0927334908978793e-05,0.000776876240974942,0
2020-03-31,132.03256434064863,166.12730540956412,71.56996497139238,108.46569061279297,26887235,142589100000.0,365600000.0,1968717000000.0,18294500000.0,53032900000.0,5294100000.0,17.341162,7.24,265.806,1648000000.0,NIACL.NS,0.34496510656592416,2.0927334908978793e-05,0.000776876240974942,1
2020-06-30,108.46568461479751,133.28819149282518,95.4749065086683,112.66715240478516,27496930,142589100000.0,365600000.0,1968717000000.0,18294500000.0,53032900000.0,5294100000.0,17.341162,7.24,265.806,1648000000.0,NIACL.NS,0.34496510656592416,2.0927334908978793e-05,0.000776876240974942,0
2020-09-30,118.26911946956885,121.50474745092244,97.55150097330299,101.02857971191406,42621846,142589100000.0,365600000.0,1968717000000.0,18294500000.0,53032900000.0,5294100000.0,17.341162,7.24,265.806,1648000000.0,NIACL.NS,0.34496510656592416,2.0927334908978793e-05,0.000776876240974942,1
2020-12-31,102.18762266429523,134.97845164769538,96.39246797143453,124.45060729980469,31577105,142589100000.0,365600000.0,1968717000000.0,18294500000.0,53032900000.0,5294100000.0,17.341162,7.24,265.806,1648000000.0,NIACL.NS,0.34496510656592416,2.0927334908978793e-05,0.000776876240974942,1
2021-03-31,125.36816856840434,190.27372804740256,120.24912546861897,149.07994079589844,106889214,142589100000.0,365600000.0,1968717000000.0,18294500000.0,53032900000.0,5294100000.0,17.341162,7.24,265.806,1648000000.0,NIACL.NS,0.34496510656592416,2.0927334908978793e-05,0.000776876240974942,1
2021-06-30,149.99751510312464,176.75171913817186,137.29650353521302,163.80926513671875,71788853,142589100000.0,365600000.0,1968717000000.0,18294500000.0,53032900000.0,5294100000.0,17.341162,7.24,265.806,1648000000.0,NIACL.NS,0.34496510656592416,2.0927334908978793e-05,0.000776876240974942,0
2021-09-30,163.80925349125206,172.30878926411032,129.95597625949205,157.62777709960938,68256633,142589100000.0,365600000.0,1968717000000.0,18294500000.0,53032900000.0,5294100000.0,17.341162,7.24,265.806,1648000000.0,NIACL.NS,0.34496510656592416,2.0927334908978793e-05,0.000776876240974942,0
2021-12-31,156.51704577163414,171.82584684207575,129.13500077035494,135.46136474609375,20621722,142589100000.0,365600000.0,1968717000000.0,18294500000.0,53032900000.0,5294100000.0,17.341162,7.24,265.806,1648000000.0,NIACL.NS,0.34496510656592416,2.0927334908978793e-05,0.000776876240974942,0
2022-03-31,136.3789064963949,142.94673407743412,106.29250762646889,107.83787536621094,25472699,142589100000.0,365600000.0,1968717000000.0,18294500000.0,53032900000.0,5294100000.0,17.341162,7.24,265.806,1648000000.0,NIACL.NS,0.34496510656592416,2.0927334908978793e-05,0.000776876240974942,0
2022-06-30,108.65885166143069,122.56718278274916,75.52997310076502,77.07534790039062,22501072,142589100000.0,365600000.0,1968717000000.0,18294500000.0,53032900000.0,5294100000.0,17.341162,7.24,265.806,1648000000.0,NIACL.NS,0.34496510656592416,2.0927334908978793e-05,0.000776876240974942,1
2022-09-30,77.07534529723289,96.43410882026805,75.4816807297567,83.20470428466797,45233092,142589100000.0,365600000.0,1968717000000.0,18294500000.0,53032900000.0,5294100000.0,17.341162,7.24,265.806,1648000000.0,NIACL.NS,0.34496510656592416,2.0927334908978793e-05,0.000776876240974942,1
2022-12-31,82.86548608789239,137.96378451763718,81.94476008510588,121.8752670288086,164497306,142589100000.0,365600000.0,1968717000000.0,18294500000.0,53032900000.0,5294100000.0,17.341162,7.24,265.806,1648000000.0,NIACL.NS,0.34496510656592416,2.0927334908978793e-05,0.000776876240974942,0
2023-03-31,122.60215324843301,135.68617748395724,91.68509286863998,94.3019027709961,86580551,142589100000.0,365600000.0,1968717000000.0,18294500000.0,53032900000.0,5294100000.0,17.341162,7.24,265.806,1648000000.0,NIACL.NS,0.34496510656592416,2.0927334908978793e-05,0.000776876240974942,1
2023-06-30,96.33719465250014,125.75201394326803,94.83495176098182,113.34642028808594,75378492,142589100000.0,365600000.0,1968717000000.0,18294500000.0,53032900000.0,5294100000.0,17.341162,7.24,265.806,1648000000.0,NIACL.NS,0.34496510656592416,2.0927334908978793e-05,0.000776876240974942,1
2023-09-30,114.1217675716319,148.2787581907483,111.65033338572246,138.15097045898438,94302317,142589100000.0,365600000.0,1968717000000.0,18294500000.0,53032900000.0,5294100000.0,17.341162,7.24,265.806,1648000000.0,NIACL.NS,0.34496510656592416,2.0927334908978793e-05,0.000776876240974942,1
2023-12-31,137.0201839010064,257.52124968634666,127.92484430390023,206.8331298828125,229174362,142589100000.0,365600000.0,1968717000000.0,18294500000.0,53032900000.0,5294100000.0,17.341162,7.24,265.806,1648000000.0,NIACL.NS,0.34496510656592416,2.0927334908978793e-05,0.000776876240974942,1
2024-03-31,208.9471802167199,319.2712995100855,207.17727168944324,223.30308532714844,241962918,142589100000.0,365600000.0,1968717000000.0,18294500000.0,53032900000.0,5294100000.0,17.341162,7.24,265.806,1648000000.0,NIACL.NS,0.34496510656592416,2.0927334908978793e-05,0.000776876240974942,1
2024-06-30,225.95795059272956,258.89783395308274,189.2323854651465,232.9785614013672,113000470,142589100000.0,365600000.0,1968717000000.0,18294500000.0,53032900000.0,5294100000.0,17.341162,7.24,265.806,1648000000.0,NIACL.NS,0.34496510656592416,2.0927334908978793e-05,0.000776876240974942,0
2024-09-30,234.0700082274715,304.925216250375,224.6102546381613,228.3760528564453,236389675,142589100000.0,365600000.0,1113636500000.0,18294500000.0,304931700000.0,126541500000.0,17.341162,7.24,265.806,1648000000.0,NIACL.NS,0.34496510656592416,2.0927334908978793e-05,0.000776876240974942,0
2024-12-31,228.37605587910824,232.09230765123996,167.28088426947366,200.69741821289062,90859421,107127800000.0,3490500000.0,1113636500000.0,18294500000.0,304931700000.0,126541500000.0,17.341162,7.24,265.806,1648000000.0,NIACL.NS,0.34496510656592416,2.0927334908978793e-05,0.000776876240974942,0
2025-03-31,200.1820987014084,209.10110309899588,134.37967482044198,153.12939453125,53038129,122110100000.0,3585500000.0,1097676900000.0,18294500000.0,289951100000.0,177105000000.0,17.341162,7.24,265.806,1648000000.0,NIACL.NS,0.34496510656592416,0.0032664438870855348,0.01236587824636637,1
2025-06-30,151.62307827297826,206.61368802654735,143.73469941181898,190.74777221679688,58213677,117034300000.0,4003300000.0,1097676900000.0,18294500000.0,289951100000.0,177105000000.0,17.341162,7.24,265.806,1648000000.0,NIACL.NS,0.34496510656592416,0.0032664438870855348,0.01236587824636637,0
2025-09-30,190.281996560676,212.8074444754022,167.28088114682924,189.10000610351562,239207740,134266800000.0,540600000.0,1107057200000.0,18294500000.0,288128700000.0,154485600000.0,17.341162,7.24,265.806,1648000000.0,NIACL.NS,0.34496510656592416,0.0004883216513112421,0.0018762448863997234,0
2025-12-31,187.1999969482422,197.69000244140625,149.8000030517578,155.82000732421875,32626895,120462400000.0,3799500000.0,1107057200000.0,18294500000.0,288128700000.0,154485600000.0,17.341162,7.24,265.806,1648000000.0,NIACL.NS,0.34496510656592416,0.0004883216513112421,0.0018762448863997234,0
2026-03-31,157.0,162.38999938964844,124.02999877929688,125.55000305175781,24459907,120462400000.0,3799500000.0,1107057200000.0,18294500000.0,288128700000.0,154485600000.0,17.341162,7.24,265.806,1648000000.0,NIACL.NS,0.34496510656592416,0.0004883216513112421,0.0018762448863997234,0
2016-03-31,1036.595201280897,1051.3510048578494,983.6589807204055,1015.7066650390625,269005,120462400000.0,3799500000.0,1107057200000.0,18294500000.0,288128700000.0,154485600000.0,15.6126795,72.55,1009.888,14922525.0,NILKAMAL.NS,0.34496510656592416,0.0004883216513112421,0.0018762448863997234,1
2016-06-30,1018.0583894717606,1272.6881846951364,996.3396031136118,1163.4490966796875,9936831,120462400000.0,3799500000.0,1107057200000.0,18294500000.0,288128700000.0,154485600000.0,15.6126795,72.55,1009.888,14922525.0,NILKAMAL.NS,0.34496510656592416,0.0004883216513112421,0.0018762448863997234,1
2016-09-30,1165.8006941703686,1296.3895987681583,1060.5737388143193,1177.789794921875,5104992,120462400000.0,3799500000.0,1107057200000.0,18294500000.0,288128700000.0,154485600000.0,15.6126795,72.55,1009.888,14922525.0,NILKAMAL.NS,0.34496510656592416,0.0004883216513112421,0.0018762448863997234,0
2016-12-31,1185.0755997141896,1698.6698747610776,1118.8658105410973,1168.105224609375,10765838,120462400000.0,3799500000.0,1107057200000.0,18294500000.0,288128700000.0,154485600000.0,15.6126795,72.55,1009.888,14922525.0,NILKAMAL.NS,0.34496510656592416,0.0004883216513112421,0.0018762448863997234,1
2017-03-31,1174.346606697494,1877.105414758324,1160.5688168468137,1804.8878173828125,9878784,120462400000.0,3799500000.0,1107057200000.0,18294500000.0,288128700000.0,154485600000.0,15.6126795,72.55,1009.888,14922525.0,NILKAMAL.NS,0.34496510656592416,0.0004883216513112421,0.0018762448863997234,0
2017-06-30,1815.5215881419183,2103.652847225305,1645.056432984243,1742.1942138671875,4744356,120462400000.0,3799500000.0,1107057200000.0,18294500000.0,288128700000.0,154485600000.0,15.6126795,72.55,1009.888,14922525.0,NILKAMAL.NS,0.34496510656592416,0.0004883216513112421,0.0018762448863997234,0
2017-09-30,1754.770027586515,1893.7496212121212,1381.1489584183398,1438.644775390625,3512061,120462400000.0,3799500000.0,1107057200000.0,18294500000.0,288128700000.0,154485600000.0,15.6126795,72.55,1009.888,14922525.0,NILKAMAL.NS,0.34496510656592416,0.0004883216513112421,0.0018762448863997234,1
2017-12-31,1444.1206428625042,1749.3083277934884,1432.0550409513198,1709.5301513671875,5496866,120462400000.0,3799500000.0,1107057200000.0,18294500000.0,288128700000.0,154485600000.0,15.6126795,72.55,1009.888,14922525.0,NILKAMAL.NS,0.34496510656592416,0.0004883216513112421,0.0018762448863997234,0
2018-03-31,1730.512493175735,1948.4316088094092,1407.9607628361039,1414.19482421875,2229960,120462400000.0,3799500000.0,1107057200000.0,18294500000.0,288128700000.0,154485600000.0,15.6126795,72.55,1009.888,14922525.0,NILKAMAL.NS,0.34496510656592416,0.0004883216513112421,0.0018762448863997234,1
2018-06-30,1432.8974223792675,1670.2171399707372,1419.1727964821657,1491.4959716796875,1652794,120462400000.0,3799500000.0,1107057200000.0,18294500000.0,288128700000.0,154485600000.0,15.6126795,72.55,1009.888,14922525.0,NILKAMAL.NS,0.34496510656592416,0.0004883216513112421,0.0018762448863997234,1
2018-09-30,1491.7299063615567,1996.3947423291015,1452.0171084916196,1589.86572265625,2692043,120462400000.0,3799500000.0,1107057200000.0,18294500000.0,288128700000.0,154485600000.0,15.6126795,72.55,1009.888,14922525.0,NILKAMAL.NS,0.34496510656592416,0.0004883216513112421,0.0018762448863997234,0
2018-12-31,1568.8631129497276,1576.3474518573234,1353.7042570058961,1387.4683837890625,1447257,120462400000.0,3799500000.0,1107057200000.0,18294500000.0,288128700000.0,154485600000.0,15.6126795,72.55,1009.888,14922525.0,NILKAMAL.NS,0.34496510656592416,0.0004883216513112421,0.0018762448863997234,0
2019-03-31,1389.2033424371778,1394.643153052858,1144.3670406240863,1331.9920654296875,935620,120462400000.0,3799500000.0,1107057200000.0,18294500000.0,288128700000.0,154485600000.0,15.6126795,72.55,1009.888,14922525.0,NILKAMAL.NS,0.34496510656592416,0.0004883216513112421,0.0018762448863997234,0
2019-06-30,1339.4013108882443,1350.5623844008283,1017.6112713302585,1132.0811767578125,787808,120462400000.0,3799500000.0,1107057200000.0,18294500000.0,288128700000.0,154485600000.0,15.6126795,72.55,1009.888,14922525.0,NILKAMAL.NS,0.34496510656592416,0.0004883216513112421,0.0018762448863997234,1
2019-09-30,1139.9719948177883,1195.3947746470494,840.8869154905054,1142.381591796875,1541249,120462400000.0,3799500000.0,1107057200000.0,18294500000.0,288128700000.0,154485600000.0,15.6126795,72.55,1009.888,14922525.0,NILKAMAL.NS,0.34496510656592416,0.0004883216513112421,0.0018762448863997234,1
2019-12-31,1138.9324246821327,1301.6819262111358,1099.952295814801,1236.891845703125,742439,120462400000.0,3799500000.0,1107057200000.0,18294500000.0,288128700000.0,154485600000.0,15.6126795,72.55,1009.888,14922525.0,NILKAMAL.NS,0.34496510656592416,0.0004883216513112421,0.0018762448863997234,0
2020-03-31,1249.3189137901395,1464.368555694769,872.636841337302,954.6380004882812,1395475,120462400000.0,3799500000.0,1107057200000.0,18294500000.0,288128700000.0,154485600000.0,15.6126795,72.55,1009.888,14922525.0,NILKAMAL.NS,0.34496510656592416,0.0004883216513112421,0.0018762448863997234,1
2020-06-30,956.7908323412942,1162.5589706276196,875.5073995077803,1093.28369140625,909589,120462400000.0,3799500000.0,1107057200000.0,18294500000.0,288128700000.0,154485600000.0,15.6126795,72.55,1009.888,14922525.0,NILKAMAL.NS,0.34496510656592416,0.0004883216513112421,0.0018762448863997234,1
2020-09-30,1099.3598166390104,1377.8475926292847,1071.6594096166377,1255.515869140625,1675623,120462400000.0,3799500000.0,1107057200000.0,18294500000.0,288128700000.0,154485600000.0,15.6126795,72.55,1009.888,14922525.0,NILKAMAL.NS,0.34496510656592416,0.0004883216513112421,0.0018762448863997234,1
2020-12-31,1261.8311220415233,1563.1872562862814,1187.0062577264293,1432.148193359375,1090668,120462400000.0,3799500000.0,1107057200000.0,18294500000.0,288128700000.0,154485600000.0,15.6126795,72.55,1009.888,14922525.0,NILKAMAL.NS,0.34496510656592416,0.0004883216513112421,0.0018762448863997234,1
2021-03-31,1418.0349098129102,1989.8474256737234,1363.4471415482433,1871.6436767578125,2307309,120462400000.0,3799500000.0,1107057200000.0,18294500000.0,288128700000.0,154485600000.0,15.6126795,72.55,1009.888,14922525.0,NILKAMAL.NS,0.34496510656592416,0.0004883216513112421,0.0018762448863997234,1
2021-06-30,1881.4778773675594,2500.801779589536,1740.2949520242446,2134.100830078125,1920936,120462400000.0,3799500000.0,1107057200000.0,18294500000.0,288128700000.0,154485600000.0,15.6126795,72.55,1009.888,14922525.0,NILKAMAL.NS,0.34496510656592416,0.0004883216513112421,0.0018762448863997234,1
2021-09-30,2140.5290468161324,3062.8722097653945,2111.7455993017966,2729.038330078125,1482894,120462400000.0,3799500000.0,1107057200000.0,18294500000.0,288128700000.0,154485600000.0,15.6126795,72.55,1009.888,14922525.0,NILKAMAL.NS,0.34496510656592416,0.0004883216513112421,0.0018762448863997234,0
2021-12-31,2742.7156255515706,2743.96755507268,2140.157756236155,2346.90185546875,579289,120462400000.0,3799500000.0,1107057200000.0,18294500000.0,288128700000.0,154485600000.0,15.6126795,72.55,1009.888,14922525.0,NILKAMAL.NS,0.34496510656592416,0.0004883216513112421,0.0018762448863997234,0
2022-03-31,2330.864932623002,2602.4780141557167,1811.0435705858597,1953.592529296875,456973,120462400000.0,3799500000.0,1107057200000.0,18294500000.0,288128700000.0,154485600000.0,15.6126795,72.55,1009.888,14922525.0,NILKAMAL.NS,0.34496510656592416,0.0004883216513112421,0.0018762448863997234,0
2022-06-30,1971.6035433219301,2215.285031698072,1630.5941362518975,1850.918701171875,484742,120462400000.0,3799500000.0,1107057200000.0,18294500000.0,288128700000.0,154485600000.0,15.6126795,72.55,1009.888,14922525.0,NILKAMAL.NS,0.34496510656592416,0.0004883216513112421,0.0018762448863997234,1
2022-09-30,1860.2132432356548,2308.199921329865,1814.9614637000911,1992.5078125,578087,120462400000.0,3799500000.0,1107057200000.0,18294500000.0,288128700000.0,154485600000.0,15.6126795,72.55,1009.888,14922525.0,NILKAMAL.NS,0.34496510656592416,0.0004883216513112421,0.0018762448863997234,0
2022-12-31,1995.56487756228,2042.29263796287,1752.948844422868,1831.1683349609375,298014,120462400000.0,3799500000.0,1107057200000.0,18294500000.0,288128700000.0,154485600000.0,15.6126795,72.55,1009.888,14922525.0,NILKAMAL.NS,0.34496510656592416,0.0004883216513112421,0.0018762448863997234,0
2023-03-31,1828.256849436364,2023.5626354114918,1649.7885860503334,1704.18310546875,398930,120462400000.0,3799500000.0,1107057200000.0,18294500000.0,288128700000.0,154485600000.0,15.6126795,72.55,1009.888,14922525.0,NILKAMAL.NS,0.34496510656592416,0.0004883216513112421,0.0018762448863997234,1
2023-06-30,1669.19781349891,2416.454949942056,1669.19781349891,2389.078857421875,621504,120462400000.0,3799500000.0,1107057200000.0,18294500000.0,288128700000.0,154485600000.0,15.6126795,72.55,1009.888,14922525.0,NILKAMAL.NS,0.34496510656592416,0.0004883216513112421,0.0018762448863997234,0
2023-09-30,2401.064748253001,2744.5491892395626,2201.118824139032,2219.415771484375,557056,120462400000.0,3799500000.0,1107057200000.0,18294500000.0,288128700000.0,154485600000.0,15.6126795,72.55,1009.888,14922525.0,NILKAMAL.NS,0.34496510656592416,0.0004883216513112421,0.0018762448863997234,0
2023-12-31,2219.3666359007198,2406.984457577476,2104.692517311003,2189.91552734375,236805,120462400000.0,3799500000.0,1107057200000.0,18294500000.0,288128700000.0,154485600000.0,15.6126795,72.55,1009.888,14922525.0,NILKAMAL.NS,0.34496510656592416,0.0004883216513112421,0.0018762448863997234,0
2024-03-31,2197.9874862240454,2214.2788035350327,1653.5786872068738,1668.9892578125,384345,120462400000.0,3799500000.0,1107057200000.0,18294500000.0,288128700000.0,154485600000.0,15.6126795,72.55,1009.888,14922525.0,NILKAMAL.NS,0.34496510656592416,0.0004883216513112421,0.0018762448863997234,1
2024-06-30,1669.0383103641202,2069.664154508689,1669.0383103641202,1907.6329345703125,1260667,120462400000.0,3799500000.0,1107057200000.0,18294500000.0,288128700000.0,154485600000.0,15.6126795,72.55,1009.888,14922525.0,NILKAMAL.NS,0.34496510656592416,0.0004883216513112421,0.0018762448863997234,0
2024-09-30,1908.9539364891248,2030.8147422707914,1775.3253730525141,1898.76904296875,1211893,120462400000.0,3799500000.0,23479476000.0,4586769000.0,14314165000.0,316711000.0,15.6126795,72.55,1009.888,14922525.0,NILKAMAL.NS,0.32043566634868326,0.0004883216513112421,0.0018762448863997234,0
2024-12-31,1897.9286713198771,2045.7446643819967,1769.8377693442962,1886.3603515625,427468,8542805000.0,214850000.0,23479476000.0,4586769000.0,14314165000.0,316711000.0,15.6126795,72.55,1009.888,14922525.0,NILKAMAL.NS,0.32043566634868326,0.0004883216513112421,0.0018762448863997234,0
2025-03-31,1891.2547107917003,1997.2471098849699,1477.2213561883193,1520.379638671875,260358,8730286000.0,341276000.0,25444289000.0,5307049000.0,14871959000.0,1389675000.0,15.6126795,72.55,1009.888,14922525.0,NILKAMAL.NS,0.35684935656425626,0.013412675826783764,0.022947615710882472,1
2025-06-30,1520.6268243535678,1823.229561901457,1513.1124532054023,1766.08056640625,196134,8831444000.0,152389000.0,25444289000.0,5307049000.0,14871959000.0,1389675000.0,15.6126795,72.55,1009.888,14922525.0,NILKAMAL.NS,0.35684935656425626,0.013412675826783764,0.022947615710882472,0
2025-09-30,1773.7927299633513,1865.0,1499.800048828125,1551.5999755859375,335536,9677072000.0,335679000.0,25515330000.0,5388712000.0,15073290000.0,550682000.0,15.6126795,72.55,1009.888,14922525.0,NILKAMAL.NS,0.3575007181577479,0.01315597329135073,0.022269789807002983,0
2025-12-31,1536.0999755859375,1600.0,1330.699951171875,1379.199951171875,229410,9620286000.0,252578000.0,25515330000.0,5388712000.0,15073290000.0,550682000.0,15.6126795,72.55,1009.888,14922525.0,NILKAMAL.NS,0.3575007181577479,0.01315597329135073,0.022269789807002983,0
2026-03-31,1366.699951171875,1570.4000244140625,1118.9000244140625,1132.699951171875,327679,9620286000.0,252578000.0,25515330000.0,5388712000.0,15073290000.0,550682000.0,15.6126795,72.55,1009.888,14922525.0,NILKAMAL.NS,0.3575007181577479,0.01315597329135073,0.022269789807002983,0
2016-03-31,17.2248311132056,17.27475739808427,15.127894823195076,16.62570571899414,82523,9620286000.0,252578000.0,25515330000.0,5388712000.0,15073290000.0,550682000.0,59.025784,17.45,136.804,82080737.0,OLECTRA.NS,0.3575007181577479,0.01315597329135073,0.022269789807002983,1
2016-06-30,16.925269133803923,18.872424714174244,16.32614420874999,17.973735809326172,648937,9620286000.0,252578000.0,25515330000.0,5388712000.0,15073290000.0,550682000.0,59.025784,17.45,136.804,82080737.0,OLECTRA.NS,0.3575007181577479,0.01315597329135073,0.022269789807002983,1
2016-09-30,18.373151779731415,24.763813541402445,17.973735809326172,22.2674617767334,1543913,9620286000.0,252578000.0,25515330000.0,5388712000.0,15073290000.0,550682000.0,59.025784,17.45,136.804,82080737.0,OLECTRA.NS,0.3575007181577479,0.01315597329135073,0.022269789807002983,1
2016-12-31,22.26746325802827,32.95185008160395,21.368775356206772,26.66104507446289,3131164,9620286000.0,252578000.0,25515330000.0,5388712000.0,15073290000.0,550682000.0,59.025784,17.45,136.804,82080737.0,OLECTRA.NS,0.3575007181577479,0.01315597329135073,0.022269789807002983,1
2017-03-31,28.857835870169392,78.78487782513291,26.0619218621448,75.19013214111328,14669776,9620286000.0,252578000.0,25515330000.0,5388712000.0,15073290000.0,550682000.0,59.025784,17.45,136.804,82080737.0,OLECTRA.NS,0.3575007181577479,0.01315597329135073,0.022269789807002983,0
2017-06-30,76.68794482108079,107.44300759687708,44.884417128528945,57.066612243652344,8016651,9620286000.0,252578000.0,25515330000.0,5388712000.0,15073290000.0,550682000.0,59.025784,17.45,136.804,82080737.0,OLECTRA.NS,0.3575007181577479,0.01315597329135073,0.022269789807002983,1
2017-09-30,57.56589048798778,214.68631104120735,55.918296305338544,175.9928436279297,10565658,9620286000.0,252578000.0,25515330000.0,5388712000.0,15073290000.0,550682000.0,59.025784,17.45,136.804,82080737.0,OLECTRA.NS,0.3575007181577479,0.01315597329135073,0.022269789807002983,1
2017-12-31,184.77999877929688,235.15638306970476,167.65501341360778,197.16189575195312,7054774,9620286000.0,252578000.0,25515330000.0,5388712000.0,15073290000.0,550682000.0,59.025784,17.45,136.804,82080737.0,OLECTRA.NS,0.3575007181577479,0.01315597329135073,0.022269789807002983,0
2018-03-31,199.70819369218614,248.63669865453593,173.44654797412846,182.08395385742188,8949542,9620286000.0,252578000.0,25515330000.0,5388712000.0,15073290000.0,550682000.0,59.025784,17.45,136.804,82080737.0,OLECTRA.NS,0.3575007181577479,0.01315597329135073,0.022269789807002983,0
2018-06-30,184.7300841818639,194.31607100206654,132.5063758614994,162.91195678710938,4631237,9620286000.0,252578000.0,25515330000.0,5388712000.0,15073290000.0,550682000.0,59.025784,17.45,136.804,82080737.0,OLECTRA.NS,0.3575007181577479,0.01315597329135073,0.022269789807002983,1
2018-09-30,159.7665424278639,279.39173146582647,137.34931923345016,202.8036651611328,3023121,9620286000.0,252578000.0,25515330000.0,5388712000.0,15073290000.0,550682000.0,59.025784,17.45,136.804,82080737.0,OLECTRA.NS,0.3575007181577479,0.01315597329135073,0.022269789807002983,1
2018-12-31,193.36744927674104,258.622109154009,181.734463233129,233.75845336914062,3869123,9620286000.0,252578000.0,25515330000.0,5388712000.0,15073290000.0,550682000.0,59.025784,17.45,136.804,82080737.0,OLECTRA.NS,0.3575007181577479,0.01315597329135073,0.022269789807002983,1
2019-03-31,231.66150091155166,274.0495685441542,179.73737245276854,253.0802001953125,5536835,9620286000.0,252578000.0,25515330000.0,5388712000.0,15073290000.0,550682000.0,59.025784,17.45,136.804,82080737.0,OLECTRA.NS,0.3575007181577479,0.01315597329135073,0.022269789807002983,0
2019-06-30,243.59406000152399,253.62940054644545,165.40830797453856,200.15753173828125,3285670,9620286000.0,252578000.0,25515330000.0,5388712000.0,15073290000.0,550682000.0,59.025784,17.45,136.804,82080737.0,OLECTRA.NS,0.3575007181577479,0.01315597329135073,0.022269789807002983,0
2019-09-30,205.10029313943562,234.4074866717961,147.38466063894418,194.3160858154297,3885488,9620286000.0,252578000.0,25515330000.0,5388712000.0,15073290000.0,550682000.0,59.025784,17.45,136.804,82080737.0,OLECTRA.NS,0.3575007181577479,0.01315597329135073,0.022269789807002983,0
2019-12-31,196.5128733868526,207.69651622748103,154.57412740718286,174.74465942382812,4129613,9620286000.0,252578000.0,25515330000.0,5388712000.0,15073290000.0,550682000.0,59.025784,17.45,136.804,82080737.0,OLECTRA.NS,0.3575007181577479,0.01315597329135073,0.022269789807002983,0
2020-03-31,174.7446685684817,191.5201556622675,41.389522821230244,49.128211975097656,6100905,9620286000.0,252578000.0,25515330000.0,5388712000.0,15073290000.0,550682000.0,59.025784,17.45,136.804,82080737.0,OLECTRA.NS,0.3575007181577479,0.01315597329135073,0.022269789807002983,1
2020-06-30,51.574642181396484,80.5822489871915,51.574642181396484,72.49406433105469,4146117,9620286000.0,252578000.0,25515330000.0,5388712000.0,15073290000.0,550682000.0,59.025784,17.45,136.804,82080737.0,OLECTRA.NS,0.3575007181577479,0.01315597329135073,0.022269789807002983,0
2020-09-30,68.89933013916016,78.33553206848329,56.167933353790026,63.057861328125,5934888,9620286000.0,252578000.0,25515330000.0,5388712000.0,15073290000.0,550682000.0,59.025784,17.45,136.804,82080737.0,OLECTRA.NS,0.3575007181577479,0.01315597329135073,0.022269789807002983,1
2020-12-31,63.30749845473308,143.09091241717934,54.91975313374809,135.5519256591797,23497497,9620286000.0,252578000.0,25515330000.0,5388712000.0,15073290000.0,550682000.0,59.025784,17.45,136.804,82080737.0,OLECTRA.NS,0.3575007181577479,0.01315597329135073,0.022269789807002983,1
2021-03-31,136.75018507888066,231.7114169366124,124.4182079970291,216.9829559326172,37106482,9620286000.0,252578000.0,25515330000.0,5388712000.0,15073290000.0,550682000.0,59.025784,17.45,136.804,82080737.0,OLECTRA.NS,0.3575007181577479,0.01315597329135073,0.022269789807002983,1
2021-06-30,220.72747811922724,228.066745580952,165.85765774508087,223.2737579345703,29691142,9620286000.0,252578000.0,25515330000.0,5388712000.0,15073290000.0,550682000.0,59.025784,17.45,136.804,82080737.0,OLECTRA.NS,0.3575007181577479,0.01315597329135073,0.022269789807002983,1
2021-09-30,228.66586700576303,447.09670104153304,220.8772449076067,412.0978698730469,29924145,9620286000.0,252578000.0,25515330000.0,5388712000.0,15073290000.0,550682000.0,59.025784,17.45,136.804,82080737.0,OLECTRA.NS,0.3575007181577479,0.01315597329135073,0.022269789807002983,1
2021-12-31,409.4017934729709,939.826677948483,405.40762963421025,796.835693359375,16962968,9620286000.0,252578000.0,25515330000.0,5388712000.0,15073290000.0,550682000.0,59.025784,17.45,136.804,82080737.0,OLECTRA.NS,0.3575007181577479,0.01315597329135073,0.022269789807002983,0
2022-03-31,825.793369450838,887.5032125461112,565.1741908134247,668.5730590820312,13371058,9620286000.0,252578000.0,25515330000.0,5388712000.0,15073290000.0,550682000.0,59.025784,17.45,136.804,82080737.0,OLECTRA.NS,0.3575007181577479,0.01315597329135073,0.022269789807002983,0
2022-06-30,666.0268560012269,737.2727432403601,534.2194530345776,586.5928955078125,18038054,9620286000.0,252578000.0,25515330000.0,5388712000.0,15073290000.0,550682000.0,59.025784,17.45,136.804,82080737.0,OLECTRA.NS,0.3575007181577479,0.01315597329135073,0.022269789807002983,0
2022-09-30,581.1508480934909,663.031218143487,559.1828688997729,586.2783203125,13960334,9620286000.0,252578000.0,25515330000.0,5388712000.0,15073290000.0,550682000.0,59.025784,17.45,136.804,82080737.0,OLECTRA.NS,0.3575007181577479,0.01315597329135073,0.022269789807002983,0
2022-12-31,589.3258282286981,620.5008175433215,456.732581456431,494.5521545410156,14588124,9620286000.0,252578000.0,25515330000.0,5388712000.0,15073290000.0,550682000.0,59.025784,17.45,136.804,82080737.0,OLECTRA.NS,0.3575007181577479,0.01315597329135073,0.022269789807002983,1
2023-03-31,496.9002094465206,742.7524461251735,373.79928029909496,618.752197265625,91008649,9620286000.0,252578000.0,25515330000.0,5388712000.0,15073290000.0,550682000.0,59.025784,17.45,136.804,82080737.0,OLECTRA.NS,0.3575007181577479,0.01315597329135073,0.022269789807002983,1
2023-06-30,622.9988308923973,1006.0406283872859,617.053601303342,971.4185180664062,103673473,9620286000.0,252578000.0,25515330000.0,5388712000.0,15073290000.0,550682000.0,59.025784,17.45,136.804,82080737.0,OLECTRA.NS,0.3575007181577479,0.01315597329135073,0.022269789807002983,1
2023-09-30,979.212241230706,1463.822348005392,957.379829430357,1200.2772216796875,118831608,9620286000.0,252578000.0,25515330000.0,5388712000.0,15073290000.0,550682000.0,59.025784,17.45,136.804,82080737.0,OLECTRA.NS,0.3575007181577479,0.01315597329135073,0.022269789807002983,1
2023-12-31,1200.2771514584035,1378.1423280028666,1017.5143444564466,1346.1575927734375,48562273,9620286000.0,252578000.0,25515330000.0,5388712000.0,15073290000.0,550682000.0,59.025784,17.45,136.804,82080737.0,OLECTRA.NS,0.3575007181577479,0.01315597329135073,0.022269789807002983,1
2024-03-31,1348.3565115397312,2220.8900536540687,1326.7667879609996,1887.649169921875,149191252,9620286000.0,252578000.0,25515330000.0,5388712000.0,15073290000.0,550682000.0,59.025784,17.45,136.804,82080737.0,OLECTRA.NS,0.3575007181577479,0.01315597329135073,0.022269789807002983,0
2024-06-30,1900.0431771771252,2010.7902582695988,1457.8042902169539,1778.4012451171875,55400343,9620286000.0,252578000.0,25515330000.0,5388712000.0,15073290000.0,550682000.0,59.025784,17.45,136.804,82080737.0,OLECTRA.NS,0.3575007181577479,0.01315597329135073,0.022269789807002983,0
2024-09-30,1778.8509746419654,1959.0650676085672,1520.2745004121114,1655.0521240234375,55090364,9620286000.0,252578000.0,20526908000.0,1867195000.0,9817527000.0,76424000.0,59.025784,17.45,136.804,82080737.0,OLECTRA.NS,0.19018995313178155,0.01315597329135073,0.022269789807002983,0
2024-12-31,1652.302721108372,1786.5704917861274,1383.7173864019558,1446.202392578125,39098778,5153664000.0,463261000.0,20526908000.0,1867195000.0,9817527000.0,76424000.0,59.025784,17.45,136.804,82080737.0,OLECTRA.NS,0.19018995313178155,0.01315597329135073,0.022269789807002983,0
2025-03-31,1447.0521264828062,1517.6351539549462,1008.0576289525308,1167.2193603515625,48117414,4489189000.0,210021000.0,21714025000.0,2548479000.0,10492630000.0,56653000.0,59.025784,17.45,136.804,82080737.0,OLECTRA.NS,0.24288276628452543,0.00967213586610497,0.02001604936036056,1
2025-06-30,1167.8692876757123,1349.675530147075,989.7120599582494,1171.318359375,35031425,3472235000.0,260277000.0,21714025000.0,2548479000.0,10492630000.0,56653000.0,59.025784,17.45,136.804,82080737.0,OLECTRA.NS,0.24288276628452543,0.00967213586610497,0.02001604936036056,1
2025-09-30,1180.6162290838752,1714.199951171875,1177.4169248871815,1552.9000244140625,72506690,6566234000.0,495483000.0,23642052000.0,3662873000.0,11222535000.0,102206000.0,59.025784,17.45,136.804,82080737.0,OLECTRA.NS,0.3263855269776392,0.020957698595705652,0.044150719957656626,0
2025-12-31,1549.699951171875,1578.0,1131.5,1199.0,21441337,6635999000.0,463971000.0,23642052000.0,3662873000.0,11222535000.0,102206000.0,59.025784,17.45,136.804,82080737.0,OLECTRA.NS,0.3263855269776392,0.020957698595705652,0.044150719957656626,0
2026-03-31,1198.5999755859375,1274.800048828125,866.5999755859375,1030.0,43999399,6635999000.0,463971000.0,23642052000.0,3662873000.0,11222535000.0,102206000.0,59.025784,17.45,136.804,82080737.0,OLECTRA.NS,0.3263855269776392,0.020957698595705652,0.044150719957656626,0
2018-06-30,128.06101553780692,137.54700499244282,106.00605427440671,119.00186157226562,9582915,6635999000.0,463971000.0,23642052000.0,3662873000.0,11222535000.0,102206000.0,39.562653,4.07,33.507,213365899.0,ORIENTELEC.NS,0.3263855269776392,0.020957698595705652,0.044150719957656626,1
2018-09-30,117.67384251805659,168.59402597088487,98.3465072631836,122.77835083007812,17073768,6635999000.0,463971000.0,23642052000.0,3662873000.0,11222535000.0,102206000.0,39.562653,4.07,33.507,213365899.0,ORIENTELEC.NS,0.3263855269776392,0.020957698595705652,0.044150719957656626,1
2018-12-31,122.87359859818925,154.25873321879322,107.06195657176771,138.06614685058594,8375422,6635999000.0,463971000.0,23642052000.0,3662873000.0,11222535000.0,102206000.0,39.562653,4.07,33.507,213365899.0,ORIENTELEC.NS,0.3263855269776392,0.020957698595705652,0.044150719957656626,1
2019-03-31,138.1137534624513,148.3189080057805,118.54038729525074,143.2522430419922,7303850,6635999000.0,463971000.0,23642052000.0,3662873000.0,11222535000.0,102206000.0,39.562653,4.07,33.507,213365899.0,ORIENTELEC.NS,0.3263855269776392,0.020957698595705652,0.044150719957656626,1
2019-06-30,148.12771904416576,162.80185136618232,139.28494367442465,152.1905517578125,9337440,6635999000.0,463971000.0,23642052000.0,3662873000.0,11222535000.0,102206000.0,39.562653,4.07,33.507,213365899.0,ORIENTELEC.NS,0.3263855269776392,0.020957698595705652,0.044150719957656626,1
2019-09-30,152.95534409395518,166.58149804317154,131.19373101347347,158.81344604492188,10924719,6635999000.0,463971000.0,23642052000.0,3662873000.0,11222535000.0,102206000.0,39.562653,4.07,33.507,213365899.0,ORIENTELEC.NS,0.3263855269776392,0.020957698595705652,0.044150719957656626,1
2019-12-31,156.799479716826,207.57951799040345,149.1273353136622,180.34341430664062,18743970,6635999000.0,463971000.0,23642052000.0,3662873000.0,11222535000.0,102206000.0,39.562653,4.07,33.507,213365899.0,ORIENTELEC.NS,0.3263855269776392,0.020957698595705652,0.044150719957656626,1
2020-03-31,180.34342060540249,275.87705241131926,139.47707567235076,188.85418701171875,23153368,6635999000.0,463971000.0,23642052000.0,3662873000.0,11222535000.0,102206000.0,39.562653,4.07,33.507,213365899.0,ORIENTELEC.NS,0.3263855269776392,0.020957698595705652,0.044150719957656626,1
2020-06-30,194.23902731529242,202.22016978512252,146.11197250015303,195.82565307617188,18454086,6635999000.0,463971000.0,23642052000.0,3662873000.0,11222535000.0,102206000.0,39.562653,4.07,33.507,213365899.0,ORIENTELEC.NS,0.3263855269776392,0.020957698595705652,0.044150719957656626,0
2020-09-30,198.08535193998605,225.21159800684774,164.43005925958806,174.97171020507812,30544560,6635999000.0,463971000.0,23642052000.0,3662873000.0,11222535000.0,102206000.0,39.562653,4.07,33.507,213365899.0,ORIENTELEC.NS,0.3263855269776392,0.020957698595705652,0.044150719957656626,1
2020-12-31,176.46638898733113,235.72243030513118,167.78771411910174,216.67758178710938,23787690,6635999000.0,463971000.0,23642052000.0,3662873000.0,11222535000.0,102206000.0,39.562653,4.07,33.507,213365899.0,ORIENTELEC.NS,0.3263855269776392,0.020957698595705652,0.044150719957656626,1
2021-03-31,215.27936504520557,333.57640998692466,213.88111086980524,301.13726806640625,33913685,6635999000.0,463971000.0,23642052000.0,3662873000.0,11222535000.0,102206000.0,39.562653,4.07,33.507,213365899.0,ORIENTELEC.NS,0.3263855269776392,0.020957698595705652,0.044150719957656626,1
2021-06-30,303.11937884968785,323.9074659933917,254.77500304720556,303.167724609375,29815708,6635999000.0,463971000.0,23642052000.0,3662873000.0,11222535000.0,102206000.0,39.562653,4.07,33.507,213365899.0,ORIENTELEC.NS,0.3263855269776392,0.020957698595705652,0.044150719957656626,1
2021-09-30,305.8750135879005,357.14280525539164,293.62381923237564,322.059326171875,38042622,6635999000.0,463971000.0,23642052000.0,3662873000.0,11222535000.0,102206000.0,39.562653,4.07,33.507,213365899.0,ORIENTELEC.NS,0.3263855269776392,0.020957698595705652,0.044150719957656626,1
2021-12-31,321.0889279968521,395.96272531189965,300.8540305699777,364.6642150878906,22631194,6635999000.0,463971000.0,23642052000.0,3662873000.0,11222535000.0,102206000.0,39.562653,4.07,33.507,213365899.0,ORIENTELEC.NS,0.3263855269776392,0.020957698595705652,0.044150719957656626,0
2022-03-31,366.5081474952362,369.7593131521146,279.99041398149285,312.47845458984375,13132717,6635999000.0,463971000.0,23642052000.0,3662873000.0,11222535000.0,102206000.0,39.562653,4.07,33.507,213365899.0,ORIENTELEC.NS,0.3263855269776392,0.020957698595705652,0.044150719957656626,0
2022-06-30,311.262576367339,348.22497669461774,237.33771275463545,264.6218566894531,17078617,6635999000.0,463971000.0,23642052000.0,3662873000.0,11222535000.0,102206000.0,39.562653,4.07,33.507,213365899.0,ORIENTELEC.NS,0.3263855269776392,0.020957698595705652,0.044150719957656626,1
2022-09-30,264.8649789984146,293.60810863955055,246.51993653545762,266.6479797363281,20491546,6635999000.0,463971000.0,23642052000.0,3662873000.0,11222535000.0,102206000.0,39.562653,4.07,33.507,213365899.0,ORIENTELEC.NS,0.3263855269776392,0.020957698595705652,0.044150719957656626,0
2022-12-31,268.01590041236284,284.33336170689364,243.93062025688837,257.56103515625,9869518,6635999000.0,463971000.0,23642052000.0,3662873000.0,11222535000.0,102206000.0,39.562653,4.07,33.507,213365899.0,ORIENTELEC.NS,0.3263855269776392,0.020957698595705652,0.044150719957656626,1
2023-03-31,257.95189675701283,278.3730745757837,251.60082258166182,264.8280944824219,12421963,6635999000.0,463971000.0,23642052000.0,3662873000.0,11222535000.0,102206000.0,39.562653,4.07,33.507,213365899.0,ORIENTELEC.NS,0.3263855269776392,0.020957698595705652,0.044150719957656626,0
2023-06-30,254.73661512941263,254.73661512941263,211.28442572902202,234.55364990234375,14831208,6635999000.0,463971000.0,23642052000.0,3662873000.0,11222535000.0,102206000.0,39.562653,4.07,33.507,213365899.0,ORIENTELEC.NS,0.3263855269776392,0.020957698595705652,0.044150719957656626,0
2023-09-30,236.02327405444686,256.69612940305416,210.79325503188699,218.0670928955078,30239928,6635999000.0,463971000.0,23642052000.0,3662873000.0,11222535000.0,102206000.0,39.562653,4.07,33.507,213365899.0,ORIENTELEC.NS,0.3263855269776392,0.020957698595705652,0.044150719957656626,1
2023-12-31,218.0179423140362,241.80527030900424,204.15837076521532,223.08010864257812,24334126,6635999000.0,463971000.0,23642052000.0,3662873000.0,11222535000.0,102206000.0,39.562653,4.07,33.507,213365899.0,ORIENTELEC.NS,0.3263855269776392,0.020957698595705652,0.044150719957656626,0
2024-03-31,224.21051212494362,232.90959739601377,186.46820129349894,190.51327514648438,29937020,6635999000.0,463971000.0,23642052000.0,3662873000.0,11222535000.0,102206000.0,39.562653,4.07,33.507,213365899.0,ORIENTELEC.NS,0.3263855269776392,0.020957698595705652,0.044150719957656626,1
2024-06-30,191.94385710427113,277.4330963084065,191.3518885409797,266.6593933105469,39258082,6635999000.0,463971000.0,23642052000.0,3662873000.0,11222535000.0,102206000.0,39.562653,4.07,33.507,213365899.0,ORIENTELEC.NS,0.3263855269776392,0.020957698595705652,0.044150719957656626,0
2024-09-30,266.62980847294364,293.92174223352913,232.9807021378935,237.82827758789062,24265357,6601500000.0,104400000.0,14034700000.0,1022400000.0,6504300000.0,397400000.0,39.562653,4.07,33.507,213365899.0,ORIENTELEC.NS,0.15718832157188323,0.007438705494239278,0.016050920160509203,0
2024-12-31,238.4218673999513,262.1651298693873,202.51017782409818,230.43817138671875,18280642,8168200000.0,271700000.0,14034700000.0,1022400000.0,6504300000.0,397400000.0,39.562653,4.07,33.507,213365899.0,ORIENTELEC.NS,0.15718832157188323,0.007438705494239278,0.016050920160509203,0
2025-03-31,230.51731646721632,243.09573005377976,193.11695717921765,206.4949188232422,13460203,8194800000.0,312600000.0,15546800000.0,864300000.0,6943000000.0,522800000.0,39.562653,4.07,33.507,213365899.0,ORIENTELEC.NS,0.12448509289932307,0.02010703167211259,0.04502376494310817,1
2025-06-30,208.410301334282,247.015819808355,175.86852036395288,222.36386108398438,11399050,7690800000.0,175200000.0,15546800000.0,864300000.0,6943000000.0,522800000.0,39.562653,4.07,33.507,213365899.0,ORIENTELEC.NS,0.12448509289932307,0.02010703167211259,0.04502376494310817,0
2025-09-30,223.29675969000337,228.073560562123,192.6452372239595,195.2042694091797,11002344,7690800000.0,175200000.0,15546800000.0,864300000.0,6943000000.0,522800000.0,39.562653,4.07,33.507,213365899.0,ORIENTELEC.NS,0.12448509289932307,0.02010703167211259,0.04502376494310817,0
2025-12-31,194.6665683169344,216.58273828129876,154.687745410092,175.379150390625,63850281,9064500000.0,259800000.0,15546800000.0,864300000.0,6943000000.0,522800000.0,39.562653,4.07,33.507,213365899.0,ORIENTELEC.NS,0.12448509289932307,0.02010703167211259,0.04502376494310817,0
2026-03-31,176.3450176226535,201.3000030517578,157.13724982305166,161.02000427246094,20991379,9064500000.0,259800000.0,15546800000.0,864300000.0,6943000000.0,522800000.0,39.562653,4.07,33.507,213365899.0,ORIENTELEC.NS,0.12448509289932307,0.02010703167211259,0.04502376494310817,0
2016-03-31,10430.404514395277,11192.909212784685,9320.49703797674,10942.3095703125,135715,9064500000.0,259800000.0,15546800000.0,864300000.0,6943000000.0,522800000.0,46.971478,672.11,1263.363,11153874.0,PAGEIND.NS,0.12448509289932307,0.02010703167211259,0.04502376494310817,1
2016-06-30,10835.749812471578,13175.068977491837,10595.625299886897,12678.150390625,484425,9064500000.0,259800000.0,15546800000.0,864300000.0,6943000000.0,522800000.0,46.971478,672.11,1263.363,11153874.0,PAGEIND.NS,0.12448509289932307,0.02010703167211259,0.04502376494310817,1
2016-09-30,12678.104812486565,14074.925086660784,11853.21577221216,13695.9189453125,605377,9064500000.0,259800000.0,15546800000.0,864300000.0,6943000000.0,522800000.0,46.971478,672.11,1263.363,11153874.0,PAGEIND.NS,0.12448509289932307,0.02010703167211259,0.04502376494310817,0
2016-12-31,13729.757421297083,15762.720154387649,11243.849912038091,12390.6669921875,700347,9064500000.0,259800000.0,15546800000.0,864300000.0,6943000000.0,522800000.0,46.971478,672.11,1263.363,11153874.0,PAGEIND.NS,0.12448509289932307,0.02010703167211259,0.04502376494310817,1
2017-03-31,12514.567245432825,13730.151970532368,12140.327640569349,13294.42578125,587672,9064500000.0,259800000.0,15546800000.0,864300000.0,6943000000.0,522800000.0,46.971478,672.11,1263.363,11153874.0,PAGEIND.NS,0.12448509289932307,0.02010703167211259,0.04502376494310817,1
2017-06-30,13320.974245556612,15658.883515173065,12438.972650194824,15246.0078125,1005683,9064500000.0,259800000.0,15546800000.0,864300000.0,6943000000.0,522800000.0,46.971478,672.11,1263.363,11153874.0,PAGEIND.NS,0.12448509289932307,0.02010703167211259,0.04502376494310817,1
2017-09-30,15189.756418069031,17857.509487360574,13789.92142021831,16820.677734375,867050,9064500000.0,259800000.0,15546800000.0,864300000.0,6943000000.0,522800000.0,46.971478,672.11,1263.363,11153874.0,PAGEIND.NS,0.12448509289932307,0.02010703167211259,0.04502376494310817,1
2017-12-31,16739.992799863026,23562.98119413614,16650.272268374913,23336.033203125,1075106,9064500000.0,259800000.0,15546800000.0,864300000.0,6943000000.0,522800000.0,46.971478,672.11,1263.363,11153874.0,PAGEIND.NS,0.12448509289932307,0.02010703167211259,0.04502376494310817,0
2018-03-31,23234.11504892312,23554.53132875029,16446.60517000354,20757.53125,1129623,9064500000.0,259800000.0,15546800000.0,864300000.0,6943000000.0,522800000.0,46.971478,672.11,1263.363,11153874.0,PAGEIND.NS,0.12448509289932307,0.02010703167211259,0.04502376494310817,1
2018-06-30,20451.40394082607,26222.660685021587,20010.579303671188,25488.0078125,1247108,9064500000.0,259800000.0,15546800000.0,864300000.0,6943000000.0,522800000.0,46.971478,672.11,1263.363,11153874.0,PAGEIND.NS,0.12448509289932307,0.02010703167211259,0.04502376494310817,1
2018-09-30,25539.10107905283,33368.26226525282,25267.903482643684,30170.986328125,2364843,9064500000.0,259800000.0,15546800000.0,864300000.0,6943000000.0,522800000.0,46.971478,672.11,1263.363,11153874.0,PAGEIND.NS,0.12448509289932307,0.02010703167211259,0.04502376494310817,0
2018-12-31,30198.41828544006,30902.980116937415,21417.29915964678,23288.341796875,2417970,9064500000.0,259800000.0,15546800000.0,864300000.0,6943000000.0,522800000.0,46.971478,672.11,1263.363,11153874.0,PAGEIND.NS,0.12448509289932307,0.02010703167211259,0.04502376494310817,0
2019-03-31,23252.494630069443,23640.755761067856,18731.174102026023,22495.43359375,2905449,9064500000.0,259800000.0,15546800000.0,864300000.0,6943000000.0,522800000.0,46.971478,672.11,1263.363,11153874.0,PAGEIND.NS,0.12448509289932307,0.02010703167211259,0.04502376494310817,0
2019-06-30,23274.770905952,23981.69754140861,17633.652230096344,19133.810546875,2376586,9064500000.0,259800000.0,15546800000.0,864300000.0,6943000000.0,522800000.0,46.971478,672.11,1263.363,11153874.0,PAGEIND.NS,0.12448509289932307,0.02010703167211259,0.04502376494310817,1
2019-09-30,19225.19709929812,23389.654796057337,15988.448315585758,20992.744140625,1684629,9064500000.0,259800000.0,15546800000.0,864300000.0,6943000000.0,522800000.0,46.971478,672.11,1263.363,11153874.0,PAGEIND.NS,0.12448509289932307,0.02010703167211259,0.04502376494310817,1
2019-12-31,21162.459568641585,24426.439146355697,19298.010451957707,21858.025390625,1644888,9064500000.0,259800000.0,15546800000.0,864300000.0,6943000000.0,522800000.0,46.971478,672.11,1263.363,11153874.0,PAGEIND.NS,0.12448509289932307,0.02010703167211259,0.04502376494310817,0
2020-03-31,21817.759148832854,25118.547581814677,15226.565094270172,15891.2216796875,2463412,9064500000.0,259800000.0,15546800000.0,864300000.0,6943000000.0,522800000.0,46.971478,672.11,1263.363,11153874.0,PAGEIND.NS,0.12448509289932307,0.02010703167211259,0.04502376494310817,1
2020-06-30,15831.731821574886,19854.160985961666,15297.857915071807,18655.77734375,2489132,9064500000.0,259800000.0,15546800000.0,864300000.0,6943000000.0,522800000.0,46.971478,672.11,1263.363,11153874.0,PAGEIND.NS,0.12448509289932307,0.02010703167211259,0.04502376494310817,1
2020-09-30,18808.192591465737,20871.651461927064,16567.117049442924,19987.275390625,3465008,9064500000.0,259800000.0,15546800000.0,864300000.0,6943000000.0,522800000.0,46.971478,672.11,1263.363,11153874.0,PAGEIND.NS,0.12448509289932307,0.02010703167211259,0.04502376494310817,1
2020-12-31,20370.473339047392,26756.667293673283,18220.546136374065,25980.873046875,3504309,9064500000.0,259800000.0,15546800000.0,864300000.0,6943000000.0,522800000.0,46.971478,672.11,1263.363,11153874.0,PAGEIND.NS,0.12448509289932307,0.02010703167211259,0.04502376494310817,1
2021-03-31,26065.328911469915,30305.086006941427,25406.63354508121,28674.896484375,2902946,9064500000.0,259800000.0,15546800000.0,864300000.0,6943000000.0,522800000.0,46.971478,672.11,1263.363,11153874.0,PAGEIND.NS,0.12448509289932307,0.02010703167211259,0.04502376494310817,0
2021-06-30,28940.24636193468,30701.364909104483,26294.785016484766,27922.5390625,1899250,9064500000.0,259800000.0,15546800000.0,864300000.0,6943000000.0,522800000.0,46.971478,672.11,1263.363,11153874.0,PAGEIND.NS,0.12448509289932307,0.02010703167211259,0.04502376494310817,1
2021-09-30,27949.026448877798,33040.43992098576,27873.360725835148,30036.234375,1480043,9064500000.0,259800000.0,15546800000.0,864300000.0,6943000000.0,522800000.0,46.971478,672.11,1263.363,11153874.0,PAGEIND.NS,0.12448509289932307,0.02010703167211259,0.04502376494310817,1
2021-12-31,30022.119391104665,39576.33392843359,29903.935124962652,38434.0703125,1792865,9064500000.0,259800000.0,15546800000.0,864300000.0,6943000000.0,522800000.0,46.971478,672.11,1263.363,11153874.0,PAGEIND.NS,0.12448509289932307,0.02010703167211259,0.04502376494310817,1
2022-03-31,38434.07479352705,43357.895760860825,37029.83056501366,41165.5234375,1355340,9064500000.0,259800000.0,15546800000.0,864300000.0,6943000000.0,522800000.0,46.971478,672.11,1263.363,11153874.0,PAGEIND.NS,0.12448509289932307,0.02010703167211259,0.04502376494310817,0
2022-06-30,41165.53105478086,44547.59492376385,36109.73487134656,38345.05078125,1458175,9064500000.0,259800000.0,15546800000.0,864300000.0,6943000000.0,522800000.0,46.971478,672.11,1263.363,11153874.0,PAGEIND.NS,0.12448509289932307,0.02010703167211259,0.04502376494310817,1
2022-09-30,38376.0797042731,51247.12756720443,38305.38693372125,48427.2890625,1158429,9064500000.0,259800000.0,15546800000.0,864300000.0,6943000000.0,522800000.0,46.971478,672.11,1263.363,11153874.0,PAGEIND.NS,0.12448509289932307,0.02010703167211259,0.04502376494310817,0
2022-12-31,48427.28751715454,51947.504419480814,40779.34648767803,41005.92578125,1221445,9064500000.0,259800000.0,15546800000.0,864300000.0,6943000000.0,522800000.0,46.971478,672.11,1263.363,11153874.0,PAGEIND.NS,0.12448509289932307,0.02010703167211259,0.04502376494310817,0
2023-03-31,41229.26710914648,41344.08991804774,34107.42507007038,36339.67578125,1442271,9064500000.0,259800000.0,15546800000.0,864300000.0,6943000000.0,522800000.0,46.971478,672.11,1263.363,11153874.0,PAGEIND.NS,0.12448509289932307,0.02010703167211259,0.04502376494310817,0
2023-06-30,36652.8997943777,41772.606154834284,33510.74878751032,36149.5625,1785578,9064500000.0,259800000.0,15546800000.0,864300000.0,6943000000.0,522800000.0,46.971478,672.11,1263.363,11153874.0,PAGEIND.NS,0.12448509289932307,0.02010703167211259,0.04502376494310817,1
2023-09-30,36286.63513012188,41253.96776331212,34439.27137213084,37496.1875,1690666,9064500000.0,259800000.0,15546800000.0,864300000.0,6943000000.0,522800000.0,46.971478,672.11,1263.363,11153874.0,PAGEIND.NS,0.12448509289932307,0.02010703167211259,0.04502376494310817,0
2023-12-31,37516.774224505236,38328.331556333236,35031.625227849676,37122.37109375,1417405,9064500000.0,259800000.0,15546800000.0,864300000.0,6943000000.0,522800000.0,46.971478,672.11,1263.363,11153874.0,PAGEIND.NS,0.12448509289932307,0.02010703167211259,0.04502376494310817,0
2024-03-31,37125.497542162746,38322.618929952114,31964.20786985905,33298.9296875,1668629,9064500000.0,259800000.0,15546800000.0,864300000.0,6943000000.0,522800000.0,46.971478,672.11,1263.363,11153874.0,PAGEIND.NS,0.12448509289932307,0.02010703167211259,0.04502376494310817,1
2024-06-30,33423.66068600206,39554.02545384527,32684.098030871584,37911.7265625,1838045,9064500000.0,259800000.0,15546800000.0,864300000.0,6943000000.0,522800000.0,46.971478,672.11,1263.363,11153874.0,PAGEIND.NS,0.12448509289932307,0.02010703167211259,0.04502376494310817,1
2024-09-30,37768.90164043041,43078.59032572529,37136.65703383834,41910.484375,1393925,9064500000.0,259800000.0,27096513000.0,2066073000.0,14900628000.0,1201677000.0,46.971478,672.11,1263.363,11153874.0,PAGEIND.NS,0.13865677339236976,0.02010703167211259,0.04502376494310817,1
2024-12-31,41584.11603143183,48962.28427574207,39859.895754613375,46668.32421875,2110516,13130510000.0,2046550000.0,27096513000.0,2066073000.0,14900628000.0,1201677000.0,46.971478,672.11,1263.363,11153874.0,PAGEIND.NS,0.13865677339236976,0.02010703167211259,0.04502376494310817,0
2025-03-31,46668.32650004306,48377.63461377529,38292.69830176249,42081.31640625,1770457,10762167000.0,1640051000.0,26430110000.0,2618130000.0,14071960000.0,2382880000.0,46.971478,672.11,1263.363,11153874.0,PAGEIND.NS,0.18605297343085114,0.062052371329517735,0.11654744612690769,1
2025-06-30,42081.31151856938,50075.73564468927,39990.19545251885,48907.734375,1512978,13165611000.0,2007963000.0,26430110000.0,2618130000.0,14071960000.0,2382880000.0,46.971478,672.11,1263.363,11153874.0,PAGEIND.NS,0.18605297343085114,0.062052371329517735,0.11654744612690769,0
2025-09-30,48699.86587690632,49194.78321305374,40299.676098569806,40408.9296875,1415942,12908582000.0,1947601000.0,27859207000.0,2681272000.0,14090750000.0,1588981000.0,46.971478,672.11,1263.363,11153874.0,PAGEIND.NS,0.1902859677447971,0.06990870199571725,0.13821840569167718,0
2025-12-31,40706.899231551295,42842.3060741618,35182.43481496538,35914.78125,1635883,13867571000.0,1895364000.0,27859207000.0,2681272000.0,14090750000.0,1588981000.0,46.971478,672.11,1263.363,11153874.0,PAGEIND.NS,0.1902859677447971,0.06990870199571725,0.13821840569167718,0
2026-03-31,36153.91445701536,36163.875847230986,29805.0,31570.0,1277008,13867571000.0,1895364000.0,27859207000.0,2681272000.0,14090750000.0,1588981000.0,46.971478,672.11,1263.363,11153874.0,PAGEIND.NS,0.1902859677447971,0.06990870199571725,0.13821840569167718,0
2016-03-31,322.873968522972,344.5022421595459,319.0109909300563,342.3461608886719,1449506,13867571000.0,1895364000.0,27859207000.0,2681272000.0,14090750000.0,1588981000.0,42.910503,110.84,497.651,156365917.0,PERSISTENT.NS,0.1902859677447971,0.06990870199571725,0.13821840569167718,0
2016-06-30,341.38047346020676,352.565173190078,300.95375965164516,313.3512878417969,8777338,13867571000.0,1895364000.0,27859207000.0,2681272000.0,14090750000.0,1588981000.0,42.910503,110.84,497.651,156365917.0,PERSISTENT.NS,0.1902859677447971,0.06990870199571725,0.13821840569167718,0
2016-09-30,313.53092424206756,316.6752832780975,265.8274755274191,287.52313232421875,11085078,13867571000.0,1895364000.0,27859207000.0,2681272000.0,14090750000.0,1588981000.0,42.910503,110.84,497.651,156365917.0,PERSISTENT.NS,0.1902859677447971,0.06990870199571725,0.13821840569167718,0
2016-12-31,288.376635191984,317.57358438489644,261.9421135668531,276.9223937988281,12491608,13867571000.0,1895364000.0,27859207000.0,2681272000.0,14090750000.0,1588981000.0,42.910503,110.84,497.651,156365917.0,PERSISTENT.NS,0.1902859677447971,0.06990870199571725,0.13821840569167718,0
2017-03-31,277.1919068457677,297.1357440420306,263.154814528117,270.2781066894531,12090044,13867571000.0,1895364000.0,27859207000.0,2681272000.0,14090750000.0,1588981000.0,42.910503,110.84,497.651,156365917.0,PERSISTENT.NS,0.1902859677447971,0.06990870199571725,0.13821840569167718,1
2017-06-30,273.18181631796443,313.97088368595604,253.62679450393568,309.5018005371094,26667218,13867571000.0,1895364000.0,27859207000.0,2681272000.0,14090750000.0,1588981000.0,42.910503,110.84,497.651,156365917.0,PERSISTENT.NS,0.1902859677447971,0.06990870199571725,0.13821840569167718,0
2017-09-30,312.1560092820118,315.33203793512115,272.55467175411695,305.2794189453125,10819472,13867571000.0,1895364000.0,27859207000.0,2681272000.0,14090750000.0,1588981000.0,42.910503,110.84,497.651,156365917.0,PERSISTENT.NS,0.1902859677447971,0.06990870199571725,0.13821840569167718,1
2017-12-31,304.5501738763803,329.5495933639327,286.6837363019086,327.2479248046875,10792750,13867571000.0,1895364000.0,27859207000.0,2681272000.0,14090750000.0,1588981000.0,42.910503,110.84,497.651,156365917.0,PERSISTENT.NS,0.1902859677447971,0.06990870199571725,0.13821840569167718,0
2018-03-31,328.15940414320505,403.7766246513602,298.9234586599456,319.18133544921875,31877366,13867571000.0,1895364000.0,27859207000.0,2681272000.0,14090750000.0,1588981000.0,42.910503,110.84,497.651,156365917.0,PERSISTENT.NS,0.1902859677447971,0.06990870199571725,0.13821840569167718,1
2018-06-30,324.21695580175464,399.1778395350039,301.9127549677702,373.17144775390625,27419094,13867571000.0,1895364000.0,27859207000.0,2681272000.0,14090750000.0,1588981000.0,42.910503,110.84,497.651,156365917.0,PERSISTENT.NS,0.1902859677447971,0.06990870199571725,0.13821840569167718,0
2018-09-30,376.13778702342023,422.3108572232521,355.96421381511055,363.8796691894531,25870008,13867571000.0,1895364000.0,27859207000.0,2681272000.0,14090750000.0,1588981000.0,42.910503,110.84,497.651,156365917.0,PERSISTENT.NS,0.1902859677447971,0.06990870199571725,0.13821840569167718,0
2018-12-31,361.61813794234894,363.67200536816557,245.67872224656946,287.3790588378906,30815850,13867571000.0,1895364000.0,27859207000.0,2681272000.0,14090750000.0,1588981000.0,42.910503,110.84,497.651,156365917.0,PERSISTENT.NS,0.1902859677447971,0.06990870199571725,0.13821840569167718,1
2019-03-31,289.84828478628725,325.370421003718,248.56340652006693,297.7593994140625,31642204,13867571000.0,1895364000.0,27859207000.0,2681272000.0,14090750000.0,1588981000.0,42.910503,110.84,497.651,156365917.0,PERSISTENT.NS,0.1902859677447971,0.06990870199571725,0.13821840569167718,0
2019-06-30,297.8528984251114,303.4639420375154,267.9273741815944,288.688232421875,15734756,13867571000.0,1895364000.0,27859207000.0,2681272000.0,14090750000.0,1588981000.0,42.910503,110.84,497.651,156365917.0,PERSISTENT.NS,0.1902859677447971,0.06990870199571725,0.13821840569167718,0
2019-09-30,289.9039584142727,296.8008449505622,220.2537476427186,267.80511474609375,12503572,13867571000.0,1895364000.0,27859207000.0,2681272000.0,14090750000.0,1588981000.0,42.910503,110.84,497.651,156365917.0,PERSISTENT.NS,0.1902859677447971,0.06990870199571725,0.13821840569167718,1
2019-12-31,270.6243332746852,328.91223363435057,256.8569554569903,316.7659912109375,13241512,13867571000.0,1895364000.0,27859207000.0,2681272000.0,14090750000.0,1588981000.0,42.910503,110.84,497.651,156365917.0,PERSISTENT.NS,0.1902859677447971,0.06990870199571725,0.13821840569167718,0
2020-03-31,318.5044906314172,349.2895622989624,200.9026864698044,263.5099182128906,11250200,13867571000.0,1895364000.0,27859207000.0,2681272000.0,14090750000.0,1588981000.0,42.910503,110.84,497.651,156365917.0,PERSISTENT.NS,0.1902859677447971,0.06990870199571725,0.13821840569167718,1
2020-06-30,263.5099142429297,306.6510502667889,220.01010452640668,303.7574157714844,14983420,13867571000.0,1895364000.0,27859207000.0,2681272000.0,14090750000.0,1588981000.0,42.910503,110.84,497.651,156365917.0,PERSISTENT.NS,0.1902859677447971,0.06990870199571725,0.13821840569167718,1
2020-09-30,305.144436864259,662.8282280624412,300.36160964183256,641.496826171875,31691028,13867571000.0,1895364000.0,27859207000.0,2681272000.0,14090750000.0,1588981000.0,42.910503,110.84,497.651,156365917.0,PERSISTENT.NS,0.1902859677447971,0.06990870199571725,0.13821840569167718,1
2020-12-31,641.8794105489782,740.8600656974261,508.60593425658186,725.6267700195312,22275318,13867571000.0,1895364000.0,27859207000.0,2681272000.0,14090750000.0,1588981000.0,42.910503,110.84,497.651,156365917.0,PERSISTENT.NS,0.1902859677447971,0.06990870199571725,0.13821840569167718,1
2021-03-31,722.2071620884697,962.7252317607852,706.8064764227563,926.5928955078125,20600392,13867571000.0,1895364000.0,27859207000.0,2681272000.0,14090750000.0,1588981000.0,42.910503,110.84,497.651,156365917.0,PERSISTENT.NS,0.1902859677447971,0.06990870199571725,0.13821840569167718,1
2021-06-30,929.9434532439924,1440.4720526553203,895.52242835688,1416.777587890625,23761242,13867571000.0,1895364000.0,27859207000.0,2681272000.0,14090750000.0,1588981000.0,42.910503,110.84,497.651,156365917.0,PERSISTENT.NS,0.1902859677447971,0.06990870199571725,0.13821840569167718,1
2021-09-30,1432.0838723576462,1854.6177446399743,1316.5551290440699,1795.45849609375,33505936,13867571000.0,1895364000.0,27859207000.0,2681272000.0,14090750000.0,1588981000.0,42.910503,110.84,497.651,156365917.0,PERSISTENT.NS,0.1902859677447971,0.06990870199571725,0.13821840569167718,1
2021-12-31,1792.559705725402,2379.4182502897966,1739.2701692058754,2369.441650390625,41413242,13867571000.0,1895364000.0,27859207000.0,2681272000.0,14090750000.0,1588981000.0,42.910503,110.84,497.651,156365917.0,PERSISTENT.NS,0.1902859677447971,0.06990870199571725,0.13821840569167718,0
2022-03-31,2386.665363140193,2409.6140685550026,1772.4886442772874,2313.42724609375,39895734,13867571000.0,1895364000.0,27859207000.0,2681272000.0,14090750000.0,1588981000.0,42.910503,110.84,497.651,156365917.0,PERSISTENT.NS,0.1902859677447971,0.06990870199571725,0.13821840569167718,0
2022-06-30,2325.3700135445924,2405.0361706760286,1505.9393488517392,1651.484130859375,35645380,13867571000.0,1895364000.0,27859207000.0,2681272000.0,14090750000.0,1588981000.0,42.910503,110.84,497.651,156365917.0,PERSISTENT.NS,0.1902859677447971,0.06990870199571725,0.13821840569167718,0
2022-09-30,1643.328371755891,1910.6987250030243,1505.9842798316508,1578.627685546875,44941968,13867571000.0,1895364000.0,27859207000.0,2681272000.0,14090750000.0,1588981000.0,42.910503,110.84,497.651,156365917.0,PERSISTENT.NS,0.1902859677447971,0.06990870199571725,0.13821840569167718,1
2022-12-31,1573.172798232185,2155.14886840218,1546.7746902293657,1885.3231201171875,39304596,13867571000.0,1895364000.0,27859207000.0,2681272000.0,14090750000.0,1588981000.0,42.910503,110.84,497.651,156365917.0,PERSISTENT.NS,0.1902859677447971,0.06990870199571725,0.13821840569167718,1
2023-03-31,1894.114689513397,2516.359771384517,1870.2734839024624,2258.843505859375,50605350,13867571000.0,1895364000.0,27859207000.0,2681272000.0,14090750000.0,1588981000.0,42.910503,110.84,497.651,156365917.0,PERSISTENT.NS,0.1902859677447971,0.06990870199571725,0.13821840569167718,1
2023-06-30,2268.8895442076273,2586.901224459186,1941.566568760745,2455.619140625,40833106,13867571000.0,1895364000.0,27859207000.0,2681272000.0,14090750000.0,1588981000.0,42.910503,110.84,497.651,156365917.0,PERSISTENT.NS,0.1902859677447971,0.06990870199571725,0.13821840569167718,1
2023-09-30,2477.1567008949805,2971.1631460607614,2281.5925010045416,2853.8427734375,49132428,13867571000.0,1895364000.0,27859207000.0,2681272000.0,14090750000.0,1588981000.0,42.910503,110.84,497.651,156365917.0,PERSISTENT.NS,0.1902859677447971,0.06990870199571725,0.13821840569167718,1
2023-12-31,2843.0854894596728,3721.9538926323467,2745.581326425538,3637.964111328125,64387192,13867571000.0,1895364000.0,27859207000.0,2681272000.0,14090750000.0,1588981000.0,42.910503,110.84,497.651,156365917.0,PERSISTENT.NS,0.1902859677447971,0.06990870199571725,0.13821840569167718,1
2024-03-31,3655.4904234379806,4397.958666077837,3525.19735187133,3937.951904296875,34902024,13867571000.0,1895364000.0,27859207000.0,2681272000.0,14090750000.0,1588981000.0,42.910503,110.84,497.651,156365917.0,PERSISTENT.NS,0.1902859677447971,0.06990870199571725,0.13821840569167718,1
2024-06-30,4022.3035171935344,4234.888158508212,3194.25233859815,4191.84765625,37978241,13867571000.0,1895364000.0,27859207000.0,2681272000.0,14090750000.0,1588981000.0,42.910503,110.84,497.651,156365917.0,PERSISTENT.NS,0.1902859677447971,0.06990870199571725,0.13821840569167718,1
2024-09-30,4195.356525195439,5532.687656615793,4177.764881675319,5398.43017578125,33507309,28971510000.0,3249970000.0,82790230000.0,5765830000.0,55643180000.0,5999640000.0,42.910503,110.84,497.651,156365917.0,PERSISTENT.NS,0.10362150401900107,0.039255477367317375,0.0584073376108267,1
2024-12-31,5426.558973700521,6724.167189750869,5030.075854926718,6396.12548828125,29213158,30622840000.0,3729900000.0,82790230000.0,5765830000.0,55643180000.0,5999640000.0,42.910503,110.84,497.651,156365917.0,PERSISTENT.NS,0.10362150401900107,0.039255477367317375,0.0584073376108267,0
2025-03-31,6396.0756064308825,6465.6067213186525,4958.745040727391,5479.26953125,34080759,32421120000.0,3957600000.0,87366020000.0,3108970000.0,63190650000.0,6744060000.0,42.910503,110.84,497.651,156365917.0,PERSISTENT.NS,0.04919984206524225,0.04529907623123956,0.06262951876583008,1
2025-06-30,5459.642856058706,6141.3531712392105,4123.0043900772735,6003.71875,40817782,33335870000.0,4249360000.0,87366020000.0,3108970000.0,63190650000.0,6744060000.0,42.910503,110.84,497.651,156365917.0,PERSISTENT.NS,0.04919984206524225,0.04529907623123956,0.06262951876583008,0
2025-09-30,6021.606467913247,6074.771715262335,4767.896733451594,4805.2626953125,32575510,33335870000.0,4249360000.0,87366020000.0,3108970000.0,63190650000.0,6744060000.0,42.910503,110.84,497.651,156365917.0,PERSISTENT.NS,0.04919984206524225,0.04529907623123956,0.06262951876583008,1
2025-12-31,4842.2305975141735,6575.412975699863,4786.331016491933,6249.58203125,26591320,37782050000.0,4394540000.0,87366020000.0,3108970000.0,63190650000.0,6744060000.0,42.910503,110.84,497.651,156365917.0,PERSISTENT.NS,0.04919984206524225,0.04529907623123956,0.06262951876583008,0
2026-03-31,6262.5354978331425,6574.416674799005,4449.10009765625,4756.2001953125,40073392,37782050000.0,4394540000.0,87366020000.0,3108970000.0,63190650000.0,6744060000.0,42.910503,110.84,497.651,156365917.0,PERSISTENT.NS,0.04919984206524225,0.04529907623123956,0.06262951876583008,0
2016-12-31,692.3006343331774,795.2602222960761,637.3592844878832,676.2810668945312,80765652,37782050000.0,4394540000.0,87366020000.0,3108970000.0,63190650000.0,6744060000.0,9.003939,83.78,690.287,260508563.0,PNBHOUSING.NS,0.04919984206524225,0.04529907623123956,0.06262951876583008,1
2017-03-31,681.8355772819797,978.8406146660566,644.1615043651303,958.2728271484375,23058042,37782050000.0,4394540000.0,87366020000.0,3108970000.0,63190650000.0,6744060000.0,9.003939,83.78,690.287,260508563.0,PNBHOUSING.NS,0.04919984206524225,0.04529907623123956,0.06262951876583008,1
2017-06-30,961.0500699559751,1366.0057566380908,942.6558254167452,1284.942138671875,22316700,37782050000.0,4394540000.0,87366020000.0,3108970000.0,63190650000.0,6744060000.0,9.003939,83.78,690.287,260508563.0,PNBHOUSING.NS,0.04919984206524225,0.04529907623123956,0.06262951876583008,0
2017-09-30,1292.0260945629943,1388.3678037631648,1127.571512474664,1197.8931884765625,15035096,37782050000.0,4394540000.0,87366020000.0,3108970000.0,63190650000.0,6744060000.0,9.003939,83.78,690.287,260508563.0,PNBHOUSING.NS,0.04919984206524225,0.04529907623123956,0.06262951876583008,0
2017-12-31,1209.209313876893,1244.7743167040355,1046.742033311946,1083.398193359375,10810619,37782050000.0,4394540000.0,87366020000.0,3108970000.0,63190650000.0,6744060000.0,9.003939,83.78,690.287,260508563.0,PNBHOUSING.NS,0.04919984206524225,0.04529907623123956,0.06262951876583008,0
2018-03-31,1086.2675919118985,1100.8977905914878,865.037295527072,1044.680908203125,14373906,37782050000.0,4394540000.0,87366020000.0,3108970000.0,63190650000.0,6744060000.0,9.003939,83.78,690.287,260508563.0,PNBHOUSING.NS,0.04919984206524225,0.04529907623123956,0.06262951876583008,0
2018-06-30,1030.5761044234082,1163.9448404441396,849.5180781690331,912.2821655273438,30611325,37782050000.0,4394540000.0,87366020000.0,3108970000.0,63190650000.0,6744060000.0,9.003939,83.78,690.287,260508563.0,PNBHOUSING.NS,0.04919984206524225,0.04529907623123956,0.06262951876583008,0
2018-09-30,914.1817060247117,1162.9976064794812,695.3233249678534,721.8661499023438,16735167,37782050000.0,4394540000.0,87366020000.0,3108970000.0,63190650000.0,6744060000.0,9.003939,83.78,690.287,260508563.0,PNBHOUSING.NS,0.04919984206524225,0.04529907623123956,0.06262951876583008,1
2018-12-31,721.2147749432247,845.9088299282246,566.8024620872897,751.8692626953125,27093925,37782050000.0,4394540000.0,87366020000.0,3108970000.0,63190650000.0,6744060000.0,9.003939,83.78,690.287,260508563.0,PNBHOUSING.NS,0.04919984206524225,0.04529907623123956,0.06262951876583008,0
2019-03-31,757.0394083183069,809.799314189034,663.7326002332151,674.5613403320312,14076904,37782050000.0,4394540000.0,87366020000.0,3108970000.0,63190650000.0,6744060000.0,9.003939,83.78,690.287,260508563.0,PNBHOUSING.NS,0.04919984206524225,0.04529907623123956,0.06262951876583008,0
2019-06-30,707.1291609106876,800.1917965573762,549.5822291276407,630.8390502929688,48228586,37782050000.0,4394540000.0,87366020000.0,3108970000.0,63190650000.0,6744060000.0,9.003939,83.78,690.287,260508563.0,PNBHOUSING.NS,0.04919984206524225,0.04529907623123956,0.06262951876583008,0
2019-09-30,629.4142046291939,654.6135784983884,469.8682695544234,481.0340270996094,16479083,37782050000.0,4394540000.0,87366020000.0,3108970000.0,63190650000.0,6744060000.0,9.003939,83.78,690.287,260508563.0,PNBHOUSING.NS,0.04919984206524225,0.04529907623123956,0.06262951876583008,0
2019-12-31,480.91043420488944,498.38009774613096,305.30725958223144,357.7986755371094,66141847,37782050000.0,4394540000.0,87366020000.0,3108970000.0,63190650000.0,6744060000.0,9.003939,83.78,690.287,260508563.0,PNBHOUSING.NS,0.04919984206524225,0.04529907623123956,0.06262951876583008,0
2020-03-31,359.0347150243278,477.1198232631383,120.02159621027752,133.61827087402344,70029335,37782050000.0,4394540000.0,87366020000.0,3108970000.0,63190650000.0,6744060000.0,9.003939,83.78,690.287,260508563.0,PNBHOUSING.NS,0.04919984206524225,0.04529907623123956,0.06262951876583008,1
2020-06-30,135.96679410473286,193.15524104565512,132.46461182019658,171.0297393798828,48412969,37782050000.0,4394540000.0,87366020000.0,3108970000.0,63190650000.0,6744060000.0,9.003939,83.78,690.287,260508563.0,PNBHOUSING.NS,0.04919984206524225,0.04529907623123956,0.06262951876583008,1
2020-09-30,173.04864560538286,289.1972365915562,159.86397818761455,278.6495056152344,72779057,37782050000.0,4394540000.0,87366020000.0,3108970000.0,63190650000.0,6744060000.0,9.003939,83.78,690.287,260508563.0,PNBHOUSING.NS,0.04919984206524225,0.04529907623123956,0.06262951876583008,1
2020-12-31,281.65725756279306,325.74346373429887,261.67427617839394,300.28057861328125,21373181,37782050000.0,4394540000.0,87366020000.0,3108970000.0,63190650000.0,6744060000.0,9.003939,83.78,690.287,260508563.0,PNBHOUSING.NS,0.04919984206524225,0.04529907623123956,0.06262951876583008,1
2021-03-31,302.38191388464844,391.419541809941,267.8545661300131,308.93304443359375,40749312,37782050000.0,4394540000.0,87366020000.0,3108970000.0,63190650000.0,6744060000.0,9.003939,83.78,690.287,260508563.0,PNBHOUSING.NS,0.04919984206524225,0.04529907623123956,0.06262951876583008,1
2021-06-30,313.01203298237806,762.2380397775927,288.4144045939869,563.1497192382812,39462073,37782050000.0,4394540000.0,87366020000.0,3108970000.0,63190650000.0,6744060000.0,9.003939,83.78,690.287,260508563.0,PNBHOUSING.NS,0.04919984206524225,0.04529907623123956,0.06262951876583008,0
2021-09-30,568.5884185635592,646.3778956503207,506.7853016996374,512.47119140625,5788696,37782050000.0,4394540000.0,87366020000.0,3108970000.0,63190650000.0,6744060000.0,9.003939,83.78,690.287,260508563.0,PNBHOUSING.NS,0.04919984206524225,0.04529907623123956,0.06262951876583008,0
2021-12-31,512.4711905488797,543.867178521546,365.1326467089585,408.18878173828125,15655029,37782050000.0,4394540000.0,87366020000.0,3108970000.0,63190650000.0,6744060000.0,9.003939,83.78,690.287,260508563.0,PNBHOUSING.NS,0.04919984206524225,0.04529907623123956,0.06262951876583008,0
2022-03-31,411.5673567521767,439.7907866584443,304.89521362808915,310.5398864746094,30210633,37782050000.0,4394540000.0,87366020000.0,3108970000.0,63190650000.0,6744060000.0,9.003939,83.78,690.287,260508563.0,PNBHOUSING.NS,0.04919984206524225,0.04529907623123956,0.06262951876583008,0
2022-06-30,309.83947906755236,351.535957377161,256.6476062103693,272.1807861328125,26918678,37782050000.0,4394540000.0,87366020000.0,3108970000.0,63190650000.0,6744060000.0,9.003939,83.78,690.287,260508563.0,PNBHOUSING.NS,0.04919984206524225,0.04529907623123956,0.06262951876583008,1
2022-09-30,271.5627588146729,374.1146795119605,267.071735479914,323.3125305175781,37719702,37782050000.0,4394540000.0,87366020000.0,3108970000.0,63190650000.0,6744060000.0,9.003939,83.78,690.287,260508563.0,PNBHOUSING.NS,0.04919984206524225,0.04529907623123956,0.06262951876583008,1
2022-12-31,320.5520272991558,447.454366141667,313.2592608381707,439.66717529296875,76331344,37782050000.0,4394540000.0,87366020000.0,3108970000.0,63190650000.0,6744060000.0,9.003939,83.78,690.287,260508563.0,PNBHOUSING.NS,0.04919984206524225,0.04529907623123956,0.06262951876583008,0
2023-03-31,440.8620100845129,539.5821157258425,381.1190170143138,422.8567199707031,97015458,37782050000.0,4394540000.0,87366020000.0,3108970000.0,63190650000.0,6744060000.0,9.003939,83.78,690.287,260508563.0,PNBHOUSING.NS,0.04919984206524225,0.04529907623123956,0.06262951876583008,1
2023-06-30,432.621606839356,611.8819603402308,404.6380531898239,564.5233154296875,57879092,37782050000.0,4394540000.0,87366020000.0,3108970000.0,63190650000.0,6744060000.0,9.003939,83.78,690.287,260508563.0,PNBHOUSING.NS,0.04919984206524225,0.04529907623123956,0.06262951876583008,1
2023-09-30,564.5233402274737,735.9497241398283,556.1658893196841,690.5809326171875,36011845,37782050000.0,4394540000.0,87366020000.0,3108970000.0,63190650000.0,6744060000.0,9.003939,83.78,690.287,260508563.0,PNBHOUSING.NS,0.04919984206524225,0.04529907623123956,0.06262951876583008,1
2023-12-31,690.2824528891458,828.7767314224075,647.7989183296353,776.7916259765625,32708548,37782050000.0,4394540000.0,87366020000.0,3108970000.0,63190650000.0,6744060000.0,9.003939,83.78,690.287,260508563.0,PNBHOUSING.NS,0.04919984206524225,0.04529907623123956,0.06262951876583008,0
2024-03-31,777.9358168049473,909.0675941656384,600.9377482281001,626.6566772460938,44475766,37782050000.0,4394540000.0,87366020000.0,3108970000.0,63190650000.0,6744060000.0,9.003939,83.78,690.287,260508563.0,PNBHOUSING.NS,0.04919984206524225,0.04529907623123956,0.06262951876583008,1
2024-06-30,647.6994306453508,898.6705375963652,613.4738580133713,780.821044921875,112385306,37782050000.0,4394540000.0,87366020000.0,3108970000.0,63190650000.0,6744060000.0,9.003939,83.78,690.287,260508563.0,PNBHOUSING.NS,0.04919984206524225,0.04529907623123956,0.06262951876583008,1
2024-09-30,782.0149962292057,1196.1048748556198,737.4919136882011,977.9664916992188,176266598,7579400000.0,4696800000.0,751780700000.0,393689700000.0,158677700000.0,21750000000.0,9.003939,83.78,690.287,260508563.0,PNBHOUSING.NS,2.481065077197363,0.0062475666108480835,0.0295996223792001,0
2024-12-31,977.9664799053206,1029.7027972773742,823.9015612758506,873.2501220703125,119165275,7821000000.0,4832700000.0,751780700000.0,393689700000.0,158677700000.0,21750000000.0,9.003939,83.78,690.287,260508563.0,PNBHOUSING.NS,2.481065077197363,0.0062475666108480835,0.0295996223792001,1
2025-03-31,874.5434718728135,935.0352591989827,742.9142491644864,877.0308227539062,56326295,6898700000.0,5503800000.0,825203600000.0,448137500000.0,168631300000.0,36214600000.0,9.003939,83.78,690.287,260508563.0,PNBHOUSING.NS,2.6574989340650284,0.0066696267442362105,0.0326380689705885,1
2025-06-30,875.5383953344065,1136.110567247901,850.1677259794138,1103.775390625,101111225,8440600000.0,5335000000.0,825203600000.0,448137500000.0,168631300000.0,36214600000.0,9.003939,83.78,690.287,260508563.0,PNBHOUSING.NS,2.6574989340650284,0.0066696267442362105,0.0326380689705885,0
2025-09-30,1106.3621498881905,1110.839361877179,750.2999877929688,863.5999755859375,161665676,8440600000.0,5335000000.0,825203600000.0,448137500000.0,168631300000.0,36214600000.0,9.003939,83.78,690.287,260508563.0,PNBHOUSING.NS,2.6574989340650284,0.0066696267442362105,0.0326380689705885,1
2025-12-31,863.9500122070312,970.8499755859375,833.2999877929688,951.5,68480127,8644800000.0,5203500000.0,825203600000.0,448137500000.0,168631300000.0,36214600000.0,9.003939,83.78,690.287,260508563.0,PNBHOUSING.NS,2.6574989340650284,0.0066696267442362105,0.0326380689705885,0
2026-03-31,954.0,1015.75,729.5999755859375,754.25,64141167,8644800000.0,5203500000.0,825203600000.0,448137500000.0,168631300000.0,36214600000.0,9.003939,83.78,690.287,260508563.0,PNBHOUSING.NS,2.6574989340650284,0.0066696267442362105,0.0326380689705885,0
2016-03-31,48.810711924220115,50.12607860846283,48.52630734708403,49.450618743896484,53228784,8644800000.0,5203500000.0,825203600000.0,448137500000.0,168631300000.0,36214600000.0,19.30404,15.59,106.531,9300603819.0,POWERGRID.NS,2.6574989340650284,0.0066696267442362105,0.0326380689705885,1
2016-06-30,49.699469970304406,58.2493474287052,49.09511126305236,57.98271942138672,381479181,8644800000.0,5203500000.0,825203600000.0,448137500000.0,168631300000.0,36214600000.0,19.30404,15.59,106.531,9300603819.0,POWERGRID.NS,2.6574989340650284,0.0066696267442362105,0.0326380689705885,1
2016-09-30,58.30268099512057,67.26007656061508,56.951756514075456,63.281463623046875,524570993,8644800000.0,5203500000.0,825203600000.0,448137500000.0,168631300000.0,36214600000.0,19.30404,15.59,106.531,9300603819.0,POWERGRID.NS,2.6574989340650284,0.0066696267442362105,0.0326380689705885,1
2016-12-31,63.496499861425995,70.39635527745902,59.840492790744726,65.77259063720703,480156281,8644800000.0,5203500000.0,825203600000.0,448137500000.0,168631300000.0,36214600000.0,19.30404,15.59,106.531,9300603819.0,POWERGRID.NS,2.6574989340650284,0.0066696267442362105,0.0326380689705885,1
2017-03-31,65.77255278820401,75.25032578583605,65.44996365488667,71.07173156738281,615146240,8644800000.0,5203500000.0,825203600000.0,448137500000.0,168631300000.0,36214600000.0,19.30404,15.59,106.531,9300603819.0,POWERGRID.NS,2.6574989340650284,0.0066696267442362105,0.0326380689705885,1
2017-06-30,71.8282256166512,77.44769795166759,69.55881866122168,75.84469604492188,531690236,8644800000.0,5203500000.0,825203600000.0,448137500000.0,168631300000.0,36214600000.0,19.30404,15.59,106.531,9300603819.0,POWERGRID.NS,2.6574989340650284,0.0066696267442362105,0.0326380689705885,1
2017-09-30,75.64657339496819,81.62625636493445,74.99816349315209,77.2207260131836,478921939,8644800000.0,5203500000.0,825203600000.0,448137500000.0,168631300000.0,36214600000.0,19.30404,15.59,106.531,9300603819.0,POWERGRID.NS,2.6574989340650284,0.0066696267442362105,0.0326380689705885,0
2017-12-31,77.64158900779998,80.69747861927509,70.77957201678103,73.3230972290039,744380500,8644800000.0,5203500000.0,825203600000.0,448137500000.0,168631300000.0,36214600000.0,19.30404,15.59,106.531,9300603819.0,POWERGRID.NS,2.6574989340650284,0.0066696267442362105,0.0326380689705885,0
2018-03-31,72.84731835375156,74.38442798458946,69.16928704456922,71.62223052978516,708635063,8644800000.0,5203500000.0,825203600000.0,448137500000.0,168631300000.0,36214600000.0,19.30404,15.59,106.531,9300603819.0,POWERGRID.NS,2.6574989340650284,0.0066696267442362105,0.0326380689705885,0
2018-06-30,71.49252559716597,80.05385014211097,67.87896764866986,69.25027465820312,1050609743,8644800000.0,5203500000.0,825203600000.0,448137500000.0,168631300000.0,36214600000.0,19.30404,15.59,106.531,9300603819.0,POWERGRID.NS,2.6574989340650284,0.0066696267442362105,0.0326380689705885,1
2018-09-30,69.30588086920804,76.6662585688412,64.52487491611825,70.8382797241211,544686939,8644800000.0,5203500000.0,825203600000.0,448137500000.0,168631300000.0,36214600000.0,19.30404,15.59,106.531,9300603819.0,POWERGRID.NS,2.6574989340650284,0.0066696267442362105,0.0326380689705885,1
2018-12-31,70.80065712929394,75.1998683653161,66.42026983987596,74.69226837158203,491840650,8644800000.0,5203500000.0,825203600000.0,448137500000.0,168631300000.0,36214600000.0,19.30404,15.59,106.531,9300603819.0,POWERGRID.NS,2.6574989340650284,0.0066696267442362105,0.0326380689705885,1
2019-03-31,74.24105107707841,79.34222555235655,64.85987448398733,76.84220123291016,685239333,8644800000.0,5203500000.0,825203600000.0,448137500000.0,168631300000.0,36214600000.0,19.30404,15.59,106.531,9300603819.0,POWERGRID.NS,2.6574989340650284,0.0066696267442362105,0.0326380689705885,1
2019-06-30,76.82281488197455,81.76473760517997,68.78004666155755,80.1949462890625,722481752,8644800000.0,5203500000.0,825203600000.0,448137500000.0,168631300000.0,36214600000.0,19.30404,15.59,106.531,9300603819.0,POWERGRID.NS,2.6574989340650284,0.0066696267442362105,0.0326380689705885,0
2019-09-30,80.33060484515944,83.81903528225487,72.56560861869835,78.0766830444336,779053535,8644800000.0,5203500000.0,825203600000.0,448137500000.0,168631300000.0,36214600000.0,19.30404,15.59,106.531,9300603819.0,POWERGRID.NS,2.6574989340650284,0.0066696267442362105,0.0326380689705885,0
2019-12-31,78.25321683352998,81.41079217516108,69.93757751384524,74.62493133544922,712112775,8644800000.0,5203500000.0,825203600000.0,448137500000.0,168631300000.0,36214600000.0,19.30404,15.59,106.531,9300603819.0,POWERGRID.NS,2.6574989340650284,0.0066696267442362105,0.0326380689705885,0
2020-03-31,74.74258943547385,82.76402822588527,49.676297398099635,64.7032241821289,1880598639,8644800000.0,5203500000.0,825203600000.0,448137500000.0,168631300000.0,36214600000.0,19.30404,15.59,106.531,9300603819.0,POWERGRID.NS,2.6574989340650284,0.0066696267442362105,0.0326380689705885,1
2020-06-30,64.66256011949996,76.86304486616095,61.714118530396135,71.10847473144531,1300599925,8644800000.0,5203500000.0,825203600000.0,448137500000.0,168631300000.0,36214600000.0,19.30404,15.59,106.531,9300603819.0,POWERGRID.NS,2.6574989340650284,0.0066696267442362105,0.0326380689705885,0
2020-09-30,71.16948712613409,77.53406518624118,64.86590356257682,67.57901763916016,1114410722,8644800000.0,5203500000.0,825203600000.0,448137500000.0,168631300000.0,36214600000.0,19.30404,15.59,106.531,9300603819.0,POWERGRID.NS,2.6574989340650284,0.0066696267442362105,0.0326380689705885,1
2020-12-31,68.5358255161046,83.41186266893982,64.3134420373982,81.0427017211914,1221503469,8644800000.0,5203500000.0,825203600000.0,448137500000.0,168631300000.0,36214600000.0,19.30404,15.59,106.531,9300603819.0,POWERGRID.NS,2.6574989340650284,0.0066696267442362105,0.0326380689705885,1
2021-03-31,80.67984895080485,101.91093343311816,77.90515605921794,93.75891876220703,1526309413,8644800000.0,5203500000.0,825203600000.0,448137500000.0,168631300000.0,36214600000.0,19.30404,15.59,106.531,9300603819.0,POWERGRID.NS,2.6574989340650284,0.0066696267442362105,0.0326380689705885,1
2021-06-30,94.19368711620297,109.34554217656999,86.30256331871814,101.0413818359375,1262679970,8644800000.0,5203500000.0,825203600000.0,448137500000.0,168631300000.0,36214600000.0,19.30404,15.59,106.531,9300603819.0,POWERGRID.NS,2.6574989340650284,0.0066696267442362105,0.0326380689705885,1
2021-09-30,101.1065871812413,116.80573488865664,96.89651837809451,112.0273208618164,985155878,8644800000.0,5203500000.0,825203600000.0,448137500000.0,168631300000.0,36214600000.0,19.30404,15.59,106.531,9300603819.0,POWERGRID.NS,2.6574989340650284,0.0066696267442362105,0.0326380689705885,1
2021-12-31,112.5582258510862,129.08439628130208,106.36400965280531,124.81006622314453,1079144070,8644800000.0,5203500000.0,825203600000.0,448137500000.0,168631300000.0,36214600000.0,19.30404,15.59,106.531,9300603819.0,POWERGRID.NS,2.6574989340650284,0.0066696267442362105,0.0326380689705885,1
2022-03-31,125.42068656961456,140.20197521414389,119.17792111051016,136.05990600585938,944438595,8644800000.0,5203500000.0,825203600000.0,448137500000.0,168631300000.0,36214600000.0,19.30404,15.59,106.531,9300603819.0,POWERGRID.NS,2.6574989340650284,0.0066696267442362105,0.0326380689705885,0
2022-06-30,135.6206151241073,155.86014039508552,129.3761841274921,132.9847412109375,946953273,8644800000.0,5203500000.0,825203600000.0,448137500000.0,168631300000.0,36214600000.0,19.30404,15.59,106.531,9300603819.0,POWERGRID.NS,2.6574989340650284,0.0066696267442362105,0.0326380689705885,1
2022-09-30,132.45130034571002,151.1167666677763,118.09860552935324,134.4809112548828,1207977001,8644800000.0,5203500000.0,825203600000.0,448137500000.0,168631300000.0,36214600000.0,19.30404,15.59,106.531,9300603819.0,POWERGRID.NS,2.6574989340650284,0.0066696267442362105,0.0326380689705885,1
2022-12-31,134.9879407073013,149.9126410781662,129.28421949765212,138.67074584960938,764134466,8644800000.0,5203500000.0,825203600000.0,448137500000.0,168631300000.0,36214600000.0,19.30404,15.59,106.531,9300603819.0,POWERGRID.NS,2.6574989340650284,0.0066696267442362105,0.0326380689705885,1
2023-03-31,139.22234673343144,155.4272687391045,132.53863982524075,149.9142303466797,869906226,8644800000.0,5203500000.0,825203600000.0,448137500000.0,168631300000.0,36214600000.0,19.30404,15.59,106.531,9300603819.0,POWERGRID.NS,2.6574989340650284,0.0066696267442362105,0.0326380689705885,1
2023-06-30,151.01021155645884,172.4976519114991,148.58579200158516,169.4754638671875,678108206,8644800000.0,5203500000.0,825203600000.0,448137500000.0,168631300000.0,36214600000.0,19.30404,15.59,106.531,9300603819.0,POWERGRID.NS,2.6574989340650284,0.0066696267442362105,0.0326380689705885,1
2023-09-30,169.07697939019866,185.9569444636259,157.22064093367436,180.35882568359375,1020278920,8644800000.0,5203500000.0,825203600000.0,448137500000.0,168631300000.0,36214600000.0,19.30404,15.59,106.531,9300603819.0,POWERGRID.NS,2.6574989340650284,0.0066696267442362105,0.0326380689705885,1
2023-12-31,179.45589695794575,220.8601569405307,174.9413012850816,218.32894897460938,1010615954,8644800000.0,5203500000.0,825203600000.0,448137500000.0,168631300000.0,36214600000.0,19.30404,15.59,106.531,9300603819.0,POWERGRID.NS,2.6574989340650284,0.0066696267442362105,0.0326380689705885,1
2024-03-31,218.97328015878514,279.7200720289706,208.06603502831462,259.13177490234375,1342476773,8644800000.0,5203500000.0,825203600000.0,448137500000.0,168631300000.0,36214600000.0,19.30404,15.59,106.531,9300603819.0,POWERGRID.NS,2.6574989340650284,0.0066696267442362105,0.0326380689705885,1
2024-06-30,262.7347224468965,326.3245394135394,251.1771874726003,309.7135009765625,1215537350,8644800000.0,5203500000.0,825203600000.0,448137500000.0,168631300000.0,36214600000.0,19.30404,15.59,106.531,9300603819.0,POWERGRID.NS,2.6574989340650284,0.0066696267442362105,0.0326380689705885,1
2024-09-30,309.76029294652307,345.5981061483167,300.4955468768576,332.95367431640625,909267150,112777600000.0,37930200000.0,2552969000000.0,1225675000000.0,920610700000.0,38470700000.0,19.30404,15.59,106.531,9300603819.0,POWERGRID.NS,1.3313716644831524,0.014857289688985647,0.04120112877245507,0
2024-12-31,331.302418709874,335.92611509651056,291.29321695966684,295.4744567871094,826452635,112330300000.0,38616300000.0,2552969000000.0,1225675000000.0,920610700000.0,38470700000.0,19.30404,15.59,106.531,9300603819.0,POWERGRID.NS,1.3313716644831524,0.014857289688985647,0.04120112877245507,0
2025-03-31,295.47447363229577,304.3759897090918,239.47322413686564,281.1607360839844,851814599,122753500000.0,41428700000.0,2661071900000.0,1345177100000.0,926628100000.0,37967900000.0,19.30404,15.59,106.531,9300603819.0,POWERGRID.NS,1.4516903815025683,0.015568425640810383,0.04470909095029602,1
2025-06-30,280.4344744666903,311.809016418457,272.88132258098824,290.4084777832031,821158760,111962200000.0,36305800000.0,2661071900000.0,1345177100000.0,926628100000.0,37967900000.0,19.30404,15.59,106.531,9300603819.0,POWERGRID.NS,1.4516903815025683,0.015568425640810383,0.04470909095029602,0
2025-09-30,291.47366595973506,293.1198756893476,264.77345670861183,272.5537414550781,650675935,111962200000.0,36305800000.0,2661071900000.0,1345177100000.0,926628100000.0,37967900000.0,19.30404,15.59,106.531,9300603819.0,POWERGRID.NS,1.4516903815025683,0.015568425640810383,0.04470909095029602,0
2025-12-31,273.2831737716498,288.5033621052577,252.96020891421256,261.66253662109375,731658781,123950900000.0,41849600000.0,2661071900000.0,1345177100000.0,926628100000.0,37967900000.0,19.30404,15.59,106.531,9300603819.0,POWERGRID.NS,1.4516903815025683,0.015568425640810383,0.04470909095029602,1
2026-03-31,261.1680662317967,311.70001220703125,247.224610170096,300.8999938964844,899793890,123950900000.0,41849600000.0,2661071900000.0,1345177100000.0,926628100000.0,37967900000.0,19.30404,15.59,106.531,9300603819.0,POWERGRID.NS,1.4516903815025683,0.015568425640810383,0.04470909095029602,0
2016-03-31,81.03812599489048,81.48284052761983,77.57917604645556,79.55571746826172,716199,123950900000.0,41849600000.0,2661071900000.0,1345177100000.0,926628100000.0,37967900000.0,32.177376,3.89,31.198,503356580.0,PRSMJOHNSN.NS,1.4516903815025683,0.015568425640810383,0.04470909095029602,1
2016-06-30,79.55572029036355,115.57815074666595,79.06158732837528,107.91905975341797,31142954,123950900000.0,41849600000.0,2661071900000.0,1345177100000.0,926628100000.0,37967900000.0,32.177376,3.89,31.198,503356580.0,PRSMJOHNSN.NS,1.4516903815025683,0.015568425640810383,0.04470909095029602,0
2016-09-30,109.1049900390484,117.20879847341521,96.85044189286535,102.08827209472656,22794208,123950900000.0,41849600000.0,2661071900000.0,1345177100000.0,926628100000.0,37967900000.0,32.177376,3.89,31.198,503356580.0,PRSMJOHNSN.NS,1.4516903815025683,0.015568425640810383,0.04470909095029602,0
2016-12-31,102.0882748611964,115.52874185711178,72.04486945871578,76.49208068847656,22485716,123950900000.0,41849600000.0,2661071900000.0,1345177100000.0,926628100000.0,37967900000.0,32.177376,3.89,31.198,503356580.0,PRSMJOHNSN.NS,1.4516903815025683,0.015568425640810383,0.04470909095029602,1
2017-03-31,78.36980144802166,112.61334333897612,76.88739668575064,96.75161743164062,22320424,123950900000.0,41849600000.0,2661071900000.0,1345177100000.0,926628100000.0,37967900000.0,32.177376,3.89,31.198,503356580.0,PRSMJOHNSN.NS,1.4516903815025683,0.015568425640810383,0.04470909095029602,1
2017-06-30,102.33533943926078,127.6844579479209,97.88812543515357,119.67947387695312,27157916,123950900000.0,41849600000.0,2661071900000.0,1345177100000.0,926628100000.0,37967900000.0,32.177376,3.89,31.198,503356580.0,PRSMJOHNSN.NS,1.4516903815025683,0.015568425640810383,0.04470909095029602,0
2017-09-30,119.77829461965554,128.3762457138547,97.93753992179833,101.74237060546875,9662147,123950900000.0,41849600000.0,2661071900000.0,1345177100000.0,926628100000.0,37967900000.0,32.177376,3.89,31.198,503356580.0,PRSMJOHNSN.NS,1.4516903815025683,0.015568425640810383,0.04470909095029602,1
2017-12-31,101.44589899686332,123.43489931095597,100.3093871906639,111.62506866455078,12014742,123950900000.0,41849600000.0,2661071900000.0,1345177100000.0,926628100000.0,37967900000.0,32.177376,3.89,31.198,503356580.0,PRSMJOHNSN.NS,1.4516903815025683,0.015568425640810383,0.04470909095029602,0
2018-03-31,112.06980030445861,157.28312839652875,104.85542860443712,107.1778564453125,84447303,123950900000.0,41849600000.0,2661071900000.0,1345177100000.0,926628100000.0,37967900000.0,32.177376,3.89,31.198,503356580.0,PRSMJOHNSN.NS,1.4516903815025683,0.015568425640810383,0.04470909095029602,0
2018-06-30,108.01789553879293,125.31261150130923,93.88563152555679,103.3236083984375,20482048,123950900000.0,41849600000.0,2661071900000.0,1345177100000.0,926628100000.0,37967900000.0,32.177376,3.89,31.198,503356580.0,PRSMJOHNSN.NS,1.4516903815025683,0.015568425640810383,0.04470909095029602,0
2018-09-30,104.46011750556049,122.3972169329263,83.9041080122393,86.57243347167969,45387222,123950900000.0,41849600000.0,2661071900000.0,1345177100000.0,926628100000.0,37967900000.0,32.177376,3.89,31.198,503356580.0,PRSMJOHNSN.NS,1.4516903815025683,0.015568425640810383,0.04470909095029602,1
2018-12-31,90.62433425539822,100.16114129039144,73.3296165471069,87.56070709228516,20134073,123950900000.0,41849600000.0,2661071900000.0,1345177100000.0,926628100000.0,37967900000.0,32.177376,3.89,31.198,503356580.0,PRSMJOHNSN.NS,1.4516903815025683,0.015568425640810383,0.04470909095029602,1
2019-03-31,87.65952873250046,102.78006178650278,61.4209671732362,93.39149475097656,20716871,123950900000.0,41849600000.0,2661071900000.0,1345177100000.0,926628100000.0,37967900000.0,32.177376,3.89,31.198,503356580.0,PRSMJOHNSN.NS,1.4516903815025683,0.015568425640810383,0.04470909095029602,0
2019-06-30,95.51627638995964,102.48357581929896,81.18636514434367,89.58666229248047,20572203,123950900000.0,41849600000.0,2661071900000.0,1345177100000.0,926628100000.0,37967900000.0,32.177376,3.89,31.198,503356580.0,PRSMJOHNSN.NS,1.4516903815025683,0.015568425640810383,0.04470909095029602,0
2019-09-30,89.93255330762078,95.36804014507094,76.9000015258789,82.80000305175781,14750717,123950900000.0,41849600000.0,2661071900000.0,1345177100000.0,926628100000.0,37967900000.0,32.177376,3.89,31.198,503356580.0,PRSMJOHNSN.NS,1.4516903815025683,0.015568425640810383,0.04470909095029602,0
2019-12-31,82.19999694824219,85.69999694824219,58.5,62.79999923706055,16739849,123950900000.0,41849600000.0,2661071900000.0,1345177100000.0,926628100000.0,37967900000.0,32.177376,3.89,31.198,503356580.0,PRSMJOHNSN.NS,1.4516903815025683,0.015568425640810383,0.04470909095029602,0
2020-03-31,62.70000076293945,75.75,25.700000762939453,30.25,25406839,123950900000.0,41849600000.0,2661071900000.0,1345177100000.0,926628100000.0,37967900000.0,32.177376,3.89,31.198,503356580.0,PRSMJOHNSN.NS,1.4516903815025683,0.015568425640810383,0.04470909095029602,1
2020-06-30,30.5,50.400001525878906,28.25,46.54999923706055,19356439,123950900000.0,41849600000.0,2661071900000.0,1345177100000.0,926628100000.0,37967900000.0,32.177376,3.89,31.198,503356580.0,PRSMJOHNSN.NS,1.4516903815025683,0.015568425640810383,0.04470909095029602,1
2020-09-30,47.0,62.400001525878906,43.400001525878906,55.70000076293945,20678173,123950900000.0,41849600000.0,2661071900000.0,1345177100000.0,926628100000.0,37967900000.0,32.177376,3.89,31.198,503356580.0,PRSMJOHNSN.NS,1.4516903815025683,0.015568425640810383,0.04470909095029602,1
2020-12-31,56.45000076293945,94.5,56.04999923706055,88.55000305175781,29709778,123950900000.0,41849600000.0,2661071900000.0,1345177100000.0,926628100000.0,37967900000.0,32.177376,3.89,31.198,503356580.0,PRSMJOHNSN.NS,1.4516903815025683,0.015568425640810383,0.04470909095029602,1
2021-03-31,88.55000305175781,132.0,83.0,131.0500030517578,59987666,123950900000.0,41849600000.0,2661071900000.0,1345177100000.0,926628100000.0,37967900000.0,32.177376,3.89,31.198,503356580.0,PRSMJOHNSN.NS,1.4516903815025683,0.015568425640810383,0.04470909095029602,0
2021-06-30,132.10000610351562,149.25,114.25,130.60000610351562,29364236,123950900000.0,41849600000.0,2661071900000.0,1345177100000.0,926628100000.0,37967900000.0,32.177376,3.89,31.198,503356580.0,PRSMJOHNSN.NS,1.4516903815025683,0.015568425640810383,0.04470909095029602,0
2021-09-30,130.0,149.4499969482422,120.0,124.8499984741211,33052765,123950900000.0,41849600000.0,2661071900000.0,1345177100000.0,926628100000.0,37967900000.0,32.177376,3.89,31.198,503356580.0,PRSMJOHNSN.NS,1.4516903815025683,0.015568425640810383,0.04470909095029602,1
2021-12-31,126.80000305175781,139.89999389648438,118.0,129.85000610351562,21048681,123950900000.0,41849600000.0,2661071900000.0,1345177100000.0,926628100000.0,37967900000.0,32.177376,3.89,31.198,503356580.0,PRSMJOHNSN.NS,1.4516903815025683,0.015568425640810383,0.04470909095029602,0
2022-03-31,131.8000030517578,160.0,109.9000015258789,115.19999694824219,37629905,123950900000.0,41849600000.0,2661071900000.0,1345177100000.0,926628100000.0,37967900000.0,32.177376,3.89,31.198,503356580.0,PRSMJOHNSN.NS,1.4516903815025683,0.015568425640810383,0.04470909095029602,0
2022-06-30,115.75,139.10000610351562,96.6500015258789,107.94999694824219,20924201,123950900000.0,41849600000.0,2661071900000.0,1345177100000.0,926628100000.0,37967900000.0,32.177376,3.89,31.198,503356580.0,PRSMJOHNSN.NS,1.4516903815025683,0.015568425640810383,0.04470909095029602,1
2022-09-30,107.94999694824219,143.6999969482422,96.69999694824219,131.64999389648438,39558810,123950900000.0,41849600000.0,2661071900000.0,1345177100000.0,926628100000.0,37967900000.0,32.177376,3.89,31.198,503356580.0,PRSMJOHNSN.NS,1.4516903815025683,0.015568425640810383,0.04470909095029602,0
2022-12-31,130.1999969482422,135.35000610351562,98.19999694824219,104.3499984741211,23732962,123950900000.0,41849600000.0,2661071900000.0,1345177100000.0,926628100000.0,37967900000.0,32.177376,3.89,31.198,503356580.0,PRSMJOHNSN.NS,1.4516903815025683,0.015568425640810383,0.04470909095029602,1
2023-03-31,105.19999694824219,113.4000015258789,98.0,105.3499984741211,25971904,123950900000.0,41849600000.0,2661071900000.0,1345177100000.0,926628100000.0,37967900000.0,32.177376,3.89,31.198,503356580.0,PRSMJOHNSN.NS,1.4516903815025683,0.015568425640810383,0.04470909095029602,1
2023-06-30,106.5,134.0,106.19999694824219,129.35000610351562,33896346,123950900000.0,41849600000.0,2661071900000.0,1345177100000.0,926628100000.0,37967900000.0,32.177376,3.89,31.198,503356580.0,PRSMJOHNSN.NS,1.4516903815025683,0.015568425640810383,0.04470909095029602,1
2023-09-30,129.39999389648438,145.5,119.94999694824219,131.0,34086756,123950900000.0,41849600000.0,2661071900000.0,1345177100000.0,926628100000.0,37967900000.0,32.177376,3.89,31.198,503356580.0,PRSMJOHNSN.NS,1.4516903815025683,0.015568425640810383,0.04470909095029602,1
2023-12-31,131.6999969482422,191.6999969482422,120.0,183.75,64123842,123950900000.0,41849600000.0,2661071900000.0,1345177100000.0,926628100000.0,37967900000.0,32.177376,3.89,31.198,503356580.0,PRSMJOHNSN.NS,1.4516903815025683,0.015568425640810383,0.04470909095029602,0
2024-03-31,184.0,199.0,161.60000610351562,178.60000610351562,53314392,123950900000.0,41849600000.0,2661071900000.0,1345177100000.0,926628100000.0,37967900000.0,32.177376,3.89,31.198,503356580.0,PRSMJOHNSN.NS,1.4516903815025683,0.015568425640810383,0.04470909095029602,0
2024-06-30,179.5,192.0,142.0,175.0800018310547,37858343,123950900000.0,41849600000.0,2661071900000.0,1345177100000.0,926628100000.0,37967900000.0,32.177376,3.89,31.198,503356580.0,PRSMJOHNSN.NS,1.4516903815025683,0.015568425640810383,0.04470909095029602,1
2024-09-30,175.14999389648438,246.0,154.0,204.8699951171875,353495204,123950900000.0,41849600000.0,70237700000.0,17496600000.0,12952300000.0,1090600000.0,32.177376,3.89,31.198,503356580.0,PRSMJOHNSN.NS,1.3508488839819954,0.015568425640810383,0.04470909095029602,0
2024-12-31,205.6999969482422,209.0,168.0,170.0399932861328,65641775,17921900000.0,481200000.0,70237700000.0,17496600000.0,12952300000.0,1090600000.0,32.177376,3.89,31.198,503356580.0,PRSMJOHNSN.NS,1.3508488839819954,0.015568425640810383,0.04470909095029602,0
2025-03-31,169.0,172.58999633789062,105.30000305175781,135.4199981689453,32650180,20085200000.0,1293000000.0,73178600000.0,14965700000.0,14780100000.0,4079800000.0,32.177376,3.89,31.198,503356580.0,PRSMJOHNSN.NS,1.0125574251865683,0.017669099982781853,0.08748249335254836,1
2025-06-30,135.35000610351562,163.97000122070312,114.72000122070312,154.75999450683594,33574933,18953700000.0,25400000.0,73178600000.0,14965700000.0,14780100000.0,4079800000.0,32.177376,3.89,31.198,503356580.0,PRSMJOHNSN.NS,1.0125574251865683,0.017669099982781853,0.08748249335254836,1
2025-09-30,154.75999450683594,176.0,140.0,158.64999389648438,45080106,18267500000.0,28100000.0,73021700000.0,16941800000.0,14611200000.0,1930000000.0,32.177376,3.89,31.198,503356580.0,PRSMJOHNSN.NS,1.1595077748576434,0.0003848171160079812,0.0019231822163819536,0
2025-12-31,158.64999389648438,165.89999389648438,123.16000366210938,135.94000244140625,36994300,18100400000.0,611200000.0,73021700000.0,16941800000.0,14611200000.0,1930000000.0,32.177376,3.89,31.198,503356580.0,PRSMJOHNSN.NS,1.1595077748576434,0.0003848171160079812,0.0019231822163819536,0
2026-03-31,135.35000610351562,145.0,117.31999969482422,125.16999816894531,18035151,18100400000.0,611200000.0,73021700000.0,16941800000.0,14611200000.0,1930000000.0,32.177376,3.89,31.198,503356580.0,PRSMJOHNSN.NS,1.1595077748576434,0.0003848171160079812,0.0019231822163819536,0
2016-03-31,22.899999618530273,23.200000762939453,22.0,22.399999618530273,3956082,18100400000.0,611200000.0,73021700000.0,16941800000.0,14611200000.0,1930000000.0,32.177376,3.89,-61.115,335596000.0,PUNJLLOYD.NS,1.1595077748576434,0.0003848171160079812,0.0019231822163819536,0
2016-06-30,22.399999618530273,24.5,17.700000762939453,21.100000381469727,56828469,18100400000.0,611200000.0,73021700000.0,16941800000.0,14611200000.0,1930000000.0,32.177376,3.89,-61.115,335596000.0,PUNJLLOYD.NS,1.1595077748576434,0.0003848171160079812,0.0019231822163819536,1
2016-09-30,21.350000381469727,28.299999237060547,18.899999618530273,22.049999237060547,173237831,18100400000.0,611200000.0,73021700000.0,16941800000.0,14611200000.0,1930000000.0,32.177376,3.89,-61.115,335596000.0,PUNJLLOYD.NS,1.1595077748576434,0.0003848171160079812,0.0019231822163819536,0
2016-12-31,22.5,24.25,16.950000762939453,18.75,61444502,18100400000.0,611200000.0,73021700000.0,16941800000.0,14611200000.0,1930000000.0,32.177376,3.89,-61.115,335596000.0,PUNJLLOYD.NS,1.1595077748576434,0.0003848171160079812,0.0019231822163819536,1
2017-03-31,18.799999237060547,22.700000762939453,18.649999618530273,19.350000381469727,63796929,18100400000.0,611200000.0,73021700000.0,16941800000.0,14611200000.0,1930000000.0,32.177376,3.89,-61.115,335596000.0,PUNJLLOYD.NS,1.1595077748576434,0.0003848171160079812,0.0019231822163819536,1
2017-06-30,19.350000381469727,25.350000381469727,17.75,20.049999237060547,131339484,18100400000.0,611200000.0,73021700000.0,16941800000.0,14611200000.0,1930000000.0,32.177376,3.89,-61.115,335596000.0,PUNJLLOYD.NS,1.1595077748576434,0.0003848171160079812,0.0019231822163819536,1
2017-09-30,20.399999618530273,25.899999618530273,18.5,21.100000381469727,193510561,18100400000.0,611200000.0,73021700000.0,16941800000.0,14611200000.0,1930000000.0,32.177376,3.89,-61.115,335596000.0,PUNJLLOYD.NS,1.1595077748576434,0.0003848171160079812,0.0019231822163819536,1
2017-12-31,21.350000381469727,24.899999618530273,19.950000762939453,24.200000762939453,113350042,18100400000.0,611200000.0,73021700000.0,16941800000.0,14611200000.0,1930000000.0,32.177376,3.89,-61.115,335596000.0,PUNJLLOYD.NS,1.1595077748576434,0.0003848171160079812,0.0019231822163819536,0
2018-03-31,24.450000762939453,29.0,15.850000381469727,16.899999618530273,156999257,18100400000.0,611200000.0,73021700000.0,16941800000.0,14611200000.0,1930000000.0,32.177376,3.89,-61.115,335596000.0,PUNJLLOYD.NS,1.1595077748576434,0.0003848171160079812,0.0019231822163819536,0
2018-06-30,17.799999237060547,19.399999618530273,12.5,13.949999809265137,71776109,18100400000.0,611200000.0,73021700000.0,16941800000.0,14611200000.0,1930000000.0,32.177376,3.89,-61.115,335596000.0,PUNJLLOYD.NS,1.1595077748576434,0.0003848171160079812,0.0019231822163819536,0
2018-09-30,14.050000190734863,16.299999237060547,9.050000190734863,9.149999618530273,61143172,18100400000.0,611200000.0,73021700000.0,16941800000.0,14611200000.0,1930000000.0,32.177376,3.89,-61.115,335596000.0,PUNJLLOYD.NS,1.1595077748576434,0.0003848171160079812,0.0019231822163819536,0
2018-12-31,9.399999618530273,10.0,3.5,4.199999809265137,97816526,18100400000.0,611200000.0,73021700000.0,16941800000.0,14611200000.0,1930000000.0,32.177376,3.89,-61.115,335596000.0,PUNJLLOYD.NS,1.1595077748576434,0.0003848171160079812,0.0019231822163819536,0
2019-03-31,4.25,4.599999904632568,1.649999976158142,2.0999999046325684,111807389,18100400000.0,611200000.0,73021700000.0,16941800000.0,14611200000.0,1930000000.0,32.177376,3.89,-61.115,335596000.0,PUNJLLOYD.NS,1.1595077748576434,0.0003848171160079812,0.0019231822163819536,0
2019-06-30,2.1500000953674316,2.3499999046325684,1.2000000476837158,1.5499999523162842,31324360,18100400000.0,611200000.0,73021700000.0,16941800000.0,14611200000.0,1930000000.0,32.177376,3.89,-61.115,335596000.0,PUNJLLOYD.NS,1.1595077748576434,0.0003848171160079812,0.0019231822163819536,0
2019-09-30,1.600000023841858,1.600000023841858,0.949999988079071,1.149999976158142,26541615,18100400000.0,611200000.0,73021700000.0,16941800000.0,14611200000.0,1930000000.0,32.177376,3.89,-61.115,335596000.0,PUNJLLOYD.NS,1.1595077748576434,0.0003848171160079812,0.0019231822163819536,0
2019-12-31,1.149999976158142,1.5,0.8500000238418579,1.100000023841858,12933052,18100400000.0,611200000.0,73021700000.0,16941800000.0,14611200000.0,1930000000.0,32.177376,3.89,-61.115,335596000.0,PUNJLLOYD.NS,1.1595077748576434,0.0003848171160079812,0.0019231822163819536,0
2020-03-31,1.100000023841858,1.350000023841858,0.75,0.8500000238418579,12126654,18100400000.0,611200000.0,73021700000.0,16941800000.0,14611200000.0,1930000000.0,32.177376,3.89,-61.115,335596000.0,PUNJLLOYD.NS,1.1595077748576434,0.0003848171160079812,0.0019231822163819536,1
2020-06-30,0.8999999761581421,2.200000047683716,0.800000011920929,2.200000047683716,13029278,18100400000.0,611200000.0,73021700000.0,16941800000.0,14611200000.0,1930000000.0,32.177376,3.89,-61.115,335596000.0,PUNJLLOYD.NS,1.1595077748576434,0.0003848171160079812,0.0019231822163819536,0
2020-09-30,2.299999952316284,2.5,1.2999999523162842,1.4500000476837158,13300106,18100400000.0,611200000.0,73021700000.0,16941800000.0,14611200000.0,1930000000.0,32.177376,3.89,-61.115,335596000.0,PUNJLLOYD.NS,1.1595077748576434,0.0003848171160079812,0.0019231822163819536,1
2020-12-31,1.5,2.3499999046325684,1.2999999523162842,2.200000047683716,11198318,18100400000.0,611200000.0,73021700000.0,16941800000.0,14611200000.0,1930000000.0,32.177376,3.89,-61.115,335596000.0,PUNJLLOYD.NS,1.1595077748576434,0.0003848171160079812,0.0019231822163819536,0
2021-03-31,2.200000047683716,2.799999952316284,1.5,1.5,18010548,18100400000.0,611200000.0,73021700000.0,16941800000.0,14611200000.0,1930000000.0,32.177376,3.89,-61.115,335596000.0,PUNJLLOYD.NS,1.1595077748576434,0.0003848171160079812,0.0019231822163819536,1
2021-06-30,1.4500000476837158,2.5999999046325684,1.2000000476837158,2.200000047683716,30214234,18100400000.0,611200000.0,73021700000.0,16941800000.0,14611200000.0,1930000000.0,32.177376,3.89,-61.115,335596000.0,PUNJLLOYD.NS,1.1595077748576434,0.0003848171160079812,0.0019231822163819536,0
2021-09-30,2.0999999046325684,2.75,1.600000023841858,1.899999976158142,19260562,18100400000.0,611200000.0,73021700000.0,16941800000.0,14611200000.0,1930000000.0,32.177376,3.89,-61.115,335596000.0,PUNJLLOYD.NS,1.1595077748576434,0.0003848171160079812,0.0019231822163819536,1
2021-12-31,1.899999976158142,4.5,1.7000000476837158,3.950000047683716,27541534,18100400000.0,611200000.0,73021700000.0,16941800000.0,14611200000.0,1930000000.0,32.177376,3.89,-61.115,335596000.0,PUNJLLOYD.NS,1.1595077748576434,0.0003848171160079812,0.0019231822163819536,0
2022-03-31,3.799999952316284,4.300000190734863,2.0,2.1500000953674316,22548099,18100400000.0,611200000.0,73021700000.0,16941800000.0,14611200000.0,1930000000.0,32.177376,3.89,-61.115,335596000.0,PUNJLLOYD.NS,1.1595077748576434,0.0003848171160079812,0.0019231822163819536,0
2022-06-30,2.25,3.200000047683716,1.600000023841858,1.649999976158142,16714669,18100400000.0,611200000.0,73021700000.0,16941800000.0,14611200000.0,1930000000.0,32.177376,3.89,-61.115,335596000.0,PUNJLLOYD.NS,1.1595077748576434,0.0003848171160079812,0.0019231822163819536,1
2022-09-30,1.649999976158142,3.299999952316284,1.600000023841858,2.3499999046325684,15567359,18100400000.0,611200000.0,73021700000.0,16941800000.0,14611200000.0,1930000000.0,32.177376,3.89,-61.115,335596000.0,PUNJLLOYD.NS,1.1595077748576434,0.0003848171160079812,0.0019231822163819536,0
2022-12-31,2.25,2.4000000953674316,2.1500000953674316,2.25,843760,18100400000.0,611200000.0,73021700000.0,16941800000.0,14611200000.0,1930000000.0,32.177376,3.89,-61.115,335596000.0,PUNJLLOYD.NS,1.1595077748576434,0.0003848171160079812,0.0019231822163819536,0
2023-03-31,2.25,2.25,2.25,2.25,0,18100400000.0,611200000.0,73021700000.0,16941800000.0,14611200000.0,1930000000.0,32.177376,3.89,-61.115,335596000.0,PUNJLLOYD.NS,1.1595077748576434,0.0003848171160079812,0.0019231822163819536,0
2023-06-30,2.25,2.25,2.25,2.25,0,18100400000.0,611200000.0,73021700000.0,16941800000.0,14611200000.0,1930000000.0,32.177376,3.89,-61.115,335596000.0,PUNJLLOYD.NS,1.1595077748576434,0.0003848171160079812,0.0019231822163819536,0
2023-09-30,2.25,2.25,2.25,2.25,0,18100400000.0,611200000.0,73021700000.0,16941800000.0,14611200000.0,1930000000.0,32.177376,3.89,-61.115,335596000.0,PUNJLLOYD.NS,1.1595077748576434,0.0003848171160079812,0.0019231822163819536,0
2023-12-31,2.25,2.25,2.25,2.25,0,18100400000.0,611200000.0,73021700000.0,16941800000.0,14611200000.0,1930000000.0,32.177376,3.89,-61.115,335596000.0,PUNJLLOYD.NS,1.1595077748576434,0.0003848171160079812,0.0019231822163819536,0
2024-03-31,2.25,2.25,2.25,2.25,0,18100400000.0,611200000.0,73021700000.0,16941800000.0,14611200000.0,1930000000.0,32.177376,3.89,-61.115,335596000.0,PUNJLLOYD.NS,1.1595077748576434,0.0003848171160079812,0.0019231822163819536,0
2024-06-30,2.25,2.25,2.25,2.25,0,18100400000.0,611200000.0,73021700000.0,16941800000.0,14611200000.0,1930000000.0,32.177376,3.89,-61.115,335596000.0,PUNJLLOYD.NS,1.1595077748576434,0.0003848171160079812,0.0019231822163819536,0
2024-09-30,2.25,2.25,2.25,2.25,0,18100400000.0,611200000.0,73021700000.0,16941800000.0,14611200000.0,1930000000.0,32.177376,3.89,-61.115,335596000.0,PUNJLLOYD.NS,1.1595077748576434,0.0003848171160079812,0.0019231822163819536,0
2024-12-31,2.25,2.25,2.25,2.25,0,18100400000.0,611200000.0,73021700000.0,16941800000.0,14611200000.0,1930000000.0,32.177376,3.89,-61.115,335596000.0,PUNJLLOYD.NS,1.1595077748576434,0.0003848171160079812,0.0019231822163819536,0
2025-03-31,2.25,2.25,2.25,2.25,0,18100400000.0,611200000.0,73021700000.0,16941800000.0,14611200000.0,1930000000.0,32.177376,3.89,-61.115,335596000.0,PUNJLLOYD.NS,1.1595077748576434,0.0003848171160079812,0.0019231822163819536,0
2025-06-30,2.25,2.25,2.25,2.25,0,18100400000.0,611200000.0,73021700000.0,16941800000.0,14611200000.0,1930000000.0,32.177376,3.89,-61.115,335596000.0,PUNJLLOYD.NS,1.1595077748576434,0.0003848171160079812,0.0019231822163819536,0
2025-09-30,2.25,2.25,2.25,2.25,0,18100400000.0,611200000.0,73021700000.0,16941800000.0,14611200000.0,1930000000.0,32.177376,3.89,-61.115,335596000.0,PUNJLLOYD.NS,1.1595077748576434,0.0003848171160079812,0.0019231822163819536,0
2025-12-31,2.25,2.25,2.25,2.25,0,18100400000.0,611200000.0,73021700000.0,16941800000.0,14611200000.0,1930000000.0,32.177376,3.89,-61.115,335596000.0,PUNJLLOYD.NS,1.1595077748576434,0.0003848171160079812,0.0019231822163819536,0
2026-03-31,2.25,2.25,2.25,2.25,0,18100400000.0,611200000.0,73021700000.0,16941800000.0,14611200000.0,1930000000.0,32.177376,3.89,-61.115,335596000.0,PUNJLLOYD.NS,1.1595077748576434,0.0003848171160079812,0.0019231822163819536,0
2016-09-30,450.3597113137838,586.368363610393,407.57554836838904,503.59222412109375,49864586,18100400000.0,611200000.0,73021700000.0,16941800000.0,14611200000.0,1930000000.0,41.26087,4.14,74.771,149217607.0,QUESS.NS,1.1595077748576434,0.0003848171160079812,0.0019231822163819536,1
2016-12-31,505.30355892541274,634.1064918735781,463.8704503789799,591.8176879882812,11060910,18100400000.0,611200000.0,73021700000.0,16941800000.0,14611200000.0,1930000000.0,41.26087,4.14,74.771,149217607.0,QUESS.NS,1.1595077748576434,0.0003848171160079812,0.0019231822163819536,1
2017-03-31,585.5577001145276,670.1352366025559,567.4531993701669,621.856689453125,5491159,18100400000.0,611200000.0,73021700000.0,16941800000.0,14611200000.0,1930000000.0,41.26087,4.14,74.771,149217607.0,QUESS.NS,1.1595077748576434,0.0003848171160079812,0.0019231822163819536,1
2017-06-30,615.1914083226476,848.8380778190995,615.1914083226476,835.5073852539062,3633957,18100400000.0,611200000.0,73021700000.0,16941800000.0,14611200000.0,1930000000.0,41.26087,4.14,74.771,149217607.0,QUESS.NS,1.1595077748576434,0.0003848171160079812,0.0019231822163819536,0
2017-09-30,835.507306028955,873.6977214890047,712.604146267397,752.911376953125,4335435,18100400000.0,611200000.0,73021700000.0,16941800000.0,14611200000.0,1930000000.0,41.26087,4.14,74.771,149217607.0,QUESS.NS,1.1595077748576434,0.0003848171160079812,0.0019231822163819536,1
2017-12-31,752.9113808263558,1049.292887861466,716.0720329930676,1039.565185546875,17403934,18100400000.0,611200000.0,73021700000.0,16941800000.0,14611200000.0,1930000000.0,41.26087,4.14,74.771,149217607.0,QUESS.NS,1.1595077748576434,0.0003848171160079812,0.0019231822163819536,0
2018-03-31,1040.0157470703125,1076.2696423650702,823.8429789944203,925.9395141601562,17445777,18100400000.0,611200000.0,73021700000.0,16941800000.0,14611200000.0,1930000000.0,41.26087,4.14,74.771,149217607.0,QUESS.NS,1.1595077748576434,0.0003848171160079812,0.0019231822163819536,1
2018-06-30,932.244640961274,1173.7725339585081,900.7645290233668,1027.810791015625,8132635,18100400000.0,611200000.0,73021700000.0,16941800000.0,14611200000.0,1930000000.0,41.26087,4.14,74.771,149217607.0,QUESS.NS,1.1595077748576434,0.0003848171160079812,0.0019231822163819536,0
2018-09-30,1028.6215982333097,1030.7833468748086,748.2726132654406,800.3792724609375,6412247,18100400000.0,611200000.0,73021700000.0,16941800000.0,14611200000.0,1930000000.0,41.26087,4.14,74.771,149217607.0,QUESS.NS,1.1595077748576434,0.0003848171160079812,0.0019231822163819536,0
2018-12-31,798.938161721656,807.630030698191,521.6066273154688,594.7450561523438,7135822,18100400000.0,611200000.0,73021700000.0,16941800000.0,14611200000.0,1930000000.0,41.26087,4.14,74.771,149217607.0,QUESS.NS,1.1595077748576434,0.0003848171160079812,0.0019231822163819536,1
2019-03-31,598.0777591972516,742.9133983673422,559.7521436853473,672.4319458007812,8050099,18100400000.0,611200000.0,73021700000.0,16941800000.0,14611200000.0,1930000000.0,41.26087,4.14,74.771,149217607.0,QUESS.NS,1.1595077748576434,0.0003848171160079812,0.0019231822163819536,0
2019-06-30,677.340919505792,682.7902603231967,498.4130864487046,521.066162109375,5573134,18100400000.0,611200000.0,73021700000.0,16941800000.0,14611200000.0,1930000000.0,41.26087,4.14,74.771,149217607.0,QUESS.NS,1.1595077748576434,0.0003848171160079812,0.0019231822163819536,0
2019-09-30,525.9750770481763,525.9750770481763,347.27235118664987,422.9328308105469,28371116,18100400000.0,611200000.0,73021700000.0,16941800000.0,14611200000.0,1930000000.0,41.26087,4.14,74.771,149217607.0,QUESS.NS,1.1595077748576434,0.0003848171160079812,0.0019231822163819536,1
2019-12-31,421.53667199648476,534.1265583774257,401.7208645728326,436.53363037109375,12061040,18100400000.0,611200000.0,73021700000.0,16941800000.0,14611200000.0,1930000000.0,41.26087,4.14,74.771,149217607.0,QUESS.NS,1.1595077748576434,0.0003848171160079812,0.0019231822163819536,0
2020-03-31,436.71382290049377,574.8391039576527,180.72935239273446,191.9883270263672,15630527,18100400000.0,611200000.0,73021700000.0,16941800000.0,14611200000.0,1930000000.0,41.26087,4.14,74.771,149217607.0,QUESS.NS,1.1595077748576434,0.0003848171160079812,0.0019231822163819536,1
2020-06-30,190.0518038573328,356.91003962925504,148.61870271087034,329.43817138671875,27194216,18100400000.0,611200000.0,73021700000.0,16941800000.0,14611200000.0,1930000000.0,41.26087,4.14,74.771,149217607.0,QUESS.NS,1.1595077748576434,0.0003848171160079812,0.0019231822163819536,1
2020-09-30,313.0000218917183,414.0156604481753,276.115519234936,371.6368103027344,16623721,18100400000.0,611200000.0,73021700000.0,16941800000.0,14611200000.0,1930000000.0,41.26087,4.14,74.771,149217607.0,QUESS.NS,1.1595077748576434,0.0003848171160079812,0.0019231822163819536,1
2020-12-31,377.4014471883781,498.097815073621,327.8619062419309,492.5133972167969,13221742,18100400000.0,611200000.0,73021700000.0,16941800000.0,14611200000.0,1930000000.0,41.26087,4.14,74.771,149217607.0,QUESS.NS,1.1595077748576434,0.0003848171160079812,0.0019231822163819536,1
2021-03-31,491.52259624487135,727.1507141066278,450.5398981427094,629.4228515625,21605687,18100400000.0,611200000.0,73021700000.0,16941800000.0,14611200000.0,1930000000.0,41.26087,4.14,74.771,149217607.0,QUESS.NS,1.1595077748576434,0.0003848171160079812,0.0019231822163819536,1
2021-06-30,623.5679413136709,808.4443576884623,481.92992536212284,744.7540893554688,14538953,18100400000.0,611200000.0,73021700000.0,16941800000.0,14611200000.0,1930000000.0,41.26087,4.14,74.771,149217607.0,QUESS.NS,1.1595077748576434,0.0003848171160079812,0.0019231822163819536,1
2021-09-30,744.8905477720517,901.316835750975,670.1375854890441,834.2120361328125,18438884,18100400000.0,611200000.0,73021700000.0,16941800000.0,14611200000.0,1930000000.0,41.26087,4.14,74.771,149217607.0,QUESS.NS,1.1595077748576434,0.0003848171160079812,0.0019231822163819536,0
2021-12-31,836.5792153388483,881.19437887758,712.4665585339174,783.1597900390625,10583830,18100400000.0,611200000.0,73021700000.0,16941800000.0,14611200000.0,1930000000.0,41.26087,4.14,74.771,149217607.0,QUESS.NS,1.1595077748576434,0.0003848171160079812,0.0019231822163819536,0
2022-03-31,786.2235577749268,811.556116749802,482.32446361740256,602.7225952148438,24328660,18100400000.0,611200000.0,73021700000.0,16941800000.0,14611200000.0,1930000000.0,41.26087,4.14,74.771,149217607.0,QUESS.NS,1.1595077748576434,0.0003848171160079812,0.0019231822163819536,0
2022-06-30,603.317029006681,666.6940881741159,532.4865141313817,564.5341186523438,10266924,18100400000.0,611200000.0,73021700000.0,16941800000.0,14611200000.0,1930000000.0,41.26087,4.14,74.771,149217607.0,QUESS.NS,1.1595077748576434,0.0003848171160079812,0.0019231822163819536,1
2022-09-30,564.3961455961066,620.053788140957,505.0586775793688,593.60498046875,13669466,18100400000.0,611200000.0,73021700000.0,16941800000.0,14611200000.0,1930000000.0,41.26087,4.14,74.771,149217607.0,QUESS.NS,1.1595077748576434,0.0003848171160079812,0.0019231822163819536,0
2022-12-31,582.3353739719171,606.4843405418542,365.2901545769631,385.31121826171875,17878931,18100400000.0,611200000.0,73021700000.0,16941800000.0,14611200000.0,1930000000.0,41.26087,4.14,74.771,149217607.0,QUESS.NS,1.1595077748576434,0.0003848171160079812,0.0019231822163819536,0
2023-03-31,386.05963012468936,389.8486488378181,315.7989429736744,345.8304748535156,26569612,18100400000.0,611200000.0,73021700000.0,16941800000.0,14611200000.0,1930000000.0,41.26087,4.14,74.771,149217607.0,QUESS.NS,1.1595077748576434,0.0003848171160079812,0.0019231822163819536,1
2023-06-30,349.9001452412955,427.5518280938493,335.72639784398893,420.9093322753906,23437569,18100400000.0,611200000.0,73021700000.0,16941800000.0,14611200000.0,1930000000.0,41.26087,4.14,74.771,149217607.0,QUESS.NS,1.1595077748576434,0.0003848171160079812,0.0019231822163819536,0
2023-09-30,423.0143572232548,430.17131954026394,372.0730113441404,391.2052001953125,16713263,18100400000.0,611200000.0,73021700000.0,16941800000.0,14611200000.0,1930000000.0,41.26087,4.14,74.771,149217607.0,QUESS.NS,1.1595077748576434,0.0003848171160079812,0.0019231822163819536,1
2023-12-31,385.4982634781474,497.67217294746155,374.5522194660487,489.25213623046875,29509887,18100400000.0,611200000.0,73021700000.0,16941800000.0,14611200000.0,1930000000.0,41.26087,4.14,74.771,149217607.0,QUESS.NS,1.1595077748576434,0.0003848171160079812,0.0019231822163819536,1
2024-03-31,489.29887198877714,548.9491609641433,433.4057346333169,490.8473815917969,33512800,18100400000.0,611200000.0,73021700000.0,16941800000.0,14611200000.0,1930000000.0,41.26087,4.14,74.771,149217607.0,QUESS.NS,1.1595077748576434,0.0003848171160079812,0.0019231822163819536,1
2024-06-30,490.84738916871186,632.3291033051124,490.2814092794895,567.7662963867188,25881415,18100400000.0,611200000.0,73021700000.0,16941800000.0,14611200000.0,1930000000.0,41.26087,4.14,74.771,149217607.0,QUESS.NS,1.1595077748576434,0.0003848171160079812,0.0019231822163819536,1
2024-09-30,570.5016203213006,831.3719862124607,558.428428505619,736.0255126953125,39569708,37047780000.0,505420000.0,64138940000.0,6904190000.0,29184020000.0,4450300000.0,41.26087,4.14,74.771,149217607.0,QUESS.NS,0.236574330746758,0.007880080338091025,0.017318381771942316,0
2024-12-31,739.6835637657388,744.3867656539608,588.1362894318804,628.9447631835938,36502077,40191280000.0,416810000.0,64138940000.0,6904190000.0,29184020000.0,4450300000.0,41.26087,4.14,74.771,149217607.0,QUESS.NS,0.236574330746758,0.007880080338091025,0.017318381771942316,0
2025-03-31,632.0802323288005,682.9601937793707,535.4035008313987,622.5374145507812,22748690,-7343400000.0,-2308880000.0,28118280000.0,1128860000.0,10848510000.0,2491180000.0,41.26087,4.14,74.771,149217607.0,QUESS.NS,0.1040566861255601,-0.08211313067513376,-0.2128292272395011,0
2025-06-30,622.537428646119,677.6500076408911,260.17131089213996,288.7552795410156,27365713,36514180000.0,509090000.0,28118280000.0,1128860000.0,10848510000.0,2491180000.0,41.26087,4.14,74.771,149217607.0,QUESS.NS,0.1040566861255601,-0.08211313067513376,-0.2128292272395011,0
2025-09-30,287.3691087461643,306.775592872321,243.8049548329588,248.78854370117188,18249042,36514180000.0,509090000.0,28118280000.0,1128860000.0,10848510000.0,2491180000.0,41.26087,4.14,74.771,149217607.0,QUESS.NS,0.1040566861255601,-0.08211313067513376,-0.2128292272395011,0
2025-12-31,250.1565808924555,254.30957327131088,192.82577352284036,200.89723205566406,29767265,39297080000.0,549820000.0,28118280000.0,1128860000.0,10848510000.0,2491180000.0,41.26087,4.14,74.771,149217607.0,QUESS.NS,0.1040566861255601,-0.08211313067513376,-0.2128292272395011,0
2026-03-31,203.81898530913736,220.60000610351562,167.8800048828125,170.82000732421875,14144335,39297080000.0,549820000.0,28118280000.0,1128860000.0,10848510000.0,2491180000.0,41.26087,4.14,74.771,149217607.0,QUESS.NS,0.1040566861255601,-0.08211313067513376,-0.2128292272395011,0
2016-03-31,91.85693122008603,93.49722581711931,89.49296185310943,92.00164794921875,1596075,39297080000.0,549820000.0,28118280000.0,1128860000.0,10848510000.0,2491180000.0,66.85847,38.58,222.54,133897933.0,RADICO.NS,0.1040566861255601,-0.08211313067513376,-0.2128292272395011,0
2016-06-30,92.14639104339125,94.46211333771977,80.85725257956413,89.73417663574219,15888228,39297080000.0,549820000.0,28118280000.0,1128860000.0,10848510000.0,2491180000.0,66.85847,38.58,222.54,133897933.0,RADICO.NS,0.1040566861255601,-0.08211313067513376,-0.2128292272395011,1
2016-09-30,90.07188678352034,127.59682778655254,81.31742293858844,116.64743041992188,50992849,39297080000.0,549820000.0,28118280000.0,1128860000.0,10848510000.0,2491180000.0,66.85847,38.58,222.54,133897933.0,RADICO.NS,0.1040566861255601,-0.08211313067513376,-0.2128292272395011,0
2016-12-31,117.76670602356072,146.38108525935377,102.68089017576081,109.0072021484375,51848857,39297080000.0,549820000.0,28118280000.0,1128860000.0,10848510000.0,2491180000.0,66.85847,38.58,222.54,133897933.0,RADICO.NS,0.1040566861255601,-0.08211313067513376,-0.2128292272395011,1
2017-03-31,109.3478383068513,138.93549886291282,107.06063531032673,134.11778259277344,45651006,39297080000.0,549820000.0,28118280000.0,1128860000.0,10848510000.0,2491180000.0,66.85847,38.58,222.54,133897933.0,RADICO.NS,0.1040566861255601,-0.08211313067513376,-0.2128292272395011,0
2017-06-30,130.41931474664727,132.17121895972286,103.70283716296441,118.20466613769531,36885006,39297080000.0,549820000.0,28118280000.0,1128860000.0,10848510000.0,2491180000.0,66.85847,38.58,222.54,133897933.0,RADICO.NS,0.1040566861255601,-0.08211313067513376,-0.2128292272395011,1
2017-09-30,119.61593612840822,179.569868487932,116.35545444789045,163.02020263671875,56010999,39297080000.0,549820000.0,28118280000.0,1128860000.0,10848510000.0,2491180000.0,66.85847,38.58,222.54,133897933.0,RADICO.NS,0.1040566861255601,-0.08211313067513376,-0.2128292272395011,1
2017-12-31,164.6826629169439,302.08128107517996,160.8687590956191,287.41229248046875,145628545,39297080000.0,549820000.0,28118280000.0,1128860000.0,10848510000.0,2491180000.0,66.85847,38.58,222.54,133897933.0,RADICO.NS,0.1040566861255601,-0.08211313067513376,-0.2128292272395011,1
2018-03-31,287.0211640978322,408.7728984984051,281.25137866441383,324.9158020019531,129583286,39297080000.0,549820000.0,28118280000.0,1128860000.0,10848510000.0,2491180000.0,66.85847,38.58,222.54,133897933.0,RADICO.NS,0.1040566861255601,-0.08211313067513376,-0.2128292272395011,1
2018-06-30,327.36058160749764,484.85553060706263,326.9694173518066,404.7145080566406,83830626,39297080000.0,549820000.0,28118280000.0,1128860000.0,10848510000.0,2491180000.0,66.85847,38.58,222.54,133897933.0,RADICO.NS,0.1040566861255601,-0.08211313067513376,-0.2128292272395011,0
2018-09-30,404.7145448778418,489.10423192542567,313.18065433265326,340.069580078125,33466373,39297080000.0,549820000.0,28118280000.0,1128860000.0,10848510000.0,2491180000.0,66.85847,38.58,222.54,133897933.0,RADICO.NS,0.1040566861255601,-0.08211313067513376,-0.2128292272395011,1
2018-12-31,333.4533885975409,444.9966826313368,291.11015521067014,392.5085754394531,31063060,39297080000.0,549820000.0,28118280000.0,1128860000.0,10848510000.0,2491180000.0,66.85847,38.58,222.54,133897933.0,RADICO.NS,0.1040566861255601,-0.08211313067513376,-0.2128292272395011,1
2019-03-31,394.02785993303576,440.0957907128066,342.0789197579101,393.2437438964844,33364919,39297080000.0,549820000.0,28118280000.0,1128860000.0,10848510000.0,2491180000.0,66.85847,38.58,222.54,133897933.0,RADICO.NS,0.1040566861255601,-0.08211313067513376,-0.2128292272395011,0
2019-06-30,388.44085067508223,396.87030762577405,256.75524947789296,309.3412780761719,33689442,39297080000.0,549820000.0,28118280000.0,1128860000.0,10848510000.0,2491180000.0,66.85847,38.58,222.54,133897933.0,RADICO.NS,0.1040566861255601,-0.08211313067513376,-0.2128292272395011,1
2019-09-30,311.15459666025885,332.86537179511794,270.722603345124,309.98944091796875,22414290,39297080000.0,549820000.0,28118280000.0,1128860000.0,10848510000.0,2491180000.0,66.85847,38.58,222.54,133897933.0,RADICO.NS,0.1040566861255601,-0.08211313067513376,-0.2128292272395011,0
2019-12-31,310.4814572446496,333.0171865666045,285.4363058343643,308.5132751464844,19866983,39297080000.0,549820000.0,28118280000.0,1128860000.0,10848510000.0,2491180000.0,66.85847,38.58,222.54,133897933.0,RADICO.NS,0.1040566861255601,-0.08211313067513376,-0.2128292272395011,0
2020-03-31,309.79258706062035,432.1645775308567,216.50055391456257,263.9338684082031,44443240,39297080000.0,549820000.0,28118280000.0,1128860000.0,10848510000.0,2491180000.0,66.85847,38.58,222.54,133897933.0,RADICO.NS,0.1040566861255601,-0.08211313067513376,-0.2128292272395011,1
2020-06-30,266.68932912247584,387.4376223664999,254.8802059766222,367.5588684082031,53053489,39297080000.0,549820000.0,28118280000.0,1128860000.0,10848510000.0,2491180000.0,66.85847,38.58,222.54,133897933.0,RADICO.NS,0.1040566861255601,-0.08211313067513376,-0.2128292272395011,1
2020-09-30,369.5270679583091,466.8104625899041,354.76569182154975,401.8327941894531,32716104,39297080000.0,549820000.0,28118280000.0,1128860000.0,10848510000.0,2491180000.0,66.85847,38.58,222.54,133897933.0,RADICO.NS,0.1040566861255601,-0.08211313067513376,-0.2128292272395011,1
2020-12-31,405.73941903067106,479.6675371892115,379.7780276880141,452.2720947265625,19081050,39297080000.0,549820000.0,28118280000.0,1128860000.0,10848510000.0,2491180000.0,66.85847,38.58,222.54,133897933.0,RADICO.NS,0.1040566861255601,-0.08211313067513376,-0.2128292272395011,1
2021-03-31,453.9534398023557,642.8534780242369,447.7721565806461,553.8923950195312,27773540,39297080000.0,549820000.0,28118280000.0,1128860000.0,10848510000.0,2491180000.0,66.85847,38.58,222.54,133897933.0,RADICO.NS,0.1040566861255601,-0.08211313067513376,-0.2128292272395011,1
2021-06-30,554.8320040464009,815.9293231121412,488.5686252332818,750.75390625,39832768,39297080000.0,549820000.0,28118280000.0,1128860000.0,10848510000.0,2491180000.0,66.85847,38.58,222.54,133897933.0,RADICO.NS,0.1040566861255601,-0.08211313067513376,-0.2128292272395011,1
2021-09-30,746.99570161449,956.8732070246579,728.4023987778183,873.5806274414062,37874854,39297080000.0,549820000.0,28118280000.0,1128860000.0,10848510000.0,2491180000.0,66.85847,38.58,222.54,133897933.0,RADICO.NS,0.1040566861255601,-0.08211313067513376,-0.2128292272395011,1
2021-12-31,872.4898830052605,1274.1782855899053,856.7733286087811,1225.73974609375,40553198,39297080000.0,549820000.0,28118280000.0,1128860000.0,10848510000.0,2491180000.0,66.85847,38.58,222.54,133897933.0,RADICO.NS,0.1040566861255601,-0.08211313067513376,-0.2128292272395011,0
2022-03-31,1215.6751964343284,1283.10241995541,802.8314789551305,880.4720458984375,32123171,39297080000.0,549820000.0,28118280000.0,1128860000.0,10848510000.0,2491180000.0,66.85847,38.58,222.54,133897933.0,RADICO.NS,0.1040566861255601,-0.08211313067513376,-0.2128292272395011,0
2022-06-30,884.2896218152821,928.1174708107573,717.1095842698879,865.1522216796875,15598786,39297080000.0,549820000.0,28118280000.0,1128860000.0,10848510000.0,2491180000.0,66.85847,38.58,222.54,133897933.0,RADICO.NS,0.1040566861255601,-0.08211313067513376,-0.2128292272395011,1
2022-09-30,864.6563576682613,1134.1674974231935,853.0053115643599,1038.8848876953125,17904982,39297080000.0,549820000.0,28118280000.0,1128860000.0,10848510000.0,2491180000.0,66.85847,38.58,222.54,133897933.0,RADICO.NS,0.1040566861255601,-0.08211313067513376,-0.2128292272395011,0
2022-12-31,1038.089483820845,1143.489244434131,924.0388531157338,1006.6683959960938,13826625,39297080000.0,549820000.0,28118280000.0,1128860000.0,10848510000.0,2491180000.0,66.85847,38.58,222.54,133897933.0,RADICO.NS,0.1040566861255601,-0.08211313067513376,-0.2128292272395011,1
2023-03-31,1018.2027336224223,1223.0364981139762,1002.4424754925794,1187.8369140625,13435892,39297080000.0,549820000.0,28118280000.0,1128860000.0,10848510000.0,2491180000.0,66.85847,38.58,222.54,133897933.0,RADICO.NS,0.1040566861255601,-0.08211313067513376,-0.2128292272395011,1
2023-06-30,1193.2062586216043,1232.9797951813807,1062.5004858870964,1201.757568359375,10804660,39297080000.0,549820000.0,28118280000.0,1128860000.0,10848510000.0,2491180000.0,66.85847,38.58,222.54,133897933.0,RADICO.NS,0.1040566861255601,-0.08211313067513376,-0.2128292272395011,0
2023-09-30,1208.1213945872069,1469.6324083722268,1151.3151309967761,1200.0091552734375,19833378,39297080000.0,549820000.0,28118280000.0,1128860000.0,10848510000.0,2491180000.0,66.85847,38.58,222.54,133897933.0,RADICO.NS,0.1040566861255601,-0.08211313067513376,-0.2128292272395011,1
2023-12-31,1201.155649848903,1879.0858484288,1137.6090160317424,1652.9595947265625,21370532,39297080000.0,549820000.0,28118280000.0,1128860000.0,10848510000.0,2491180000.0,66.85847,38.58,222.54,133897933.0,RADICO.NS,0.1040566861255601,-0.08211313067513376,-0.2128292272395011,1
2024-03-31,1663.9743374022007,1814.1934678498967,1468.6495321405066,1722.23779296875,11064666,39297080000.0,549820000.0,28118280000.0,1128860000.0,10848510000.0,2491180000.0,66.85847,38.58,222.54,133897933.0,RADICO.NS,0.1040566861255601,-0.08211313067513376,-0.2128292272395011,1
2024-06-30,1736.4423295566462,1862.0403353848071,1425.2882957609047,1780.75048828125,15309081,39297080000.0,549820000.0,28118280000.0,1128860000.0,10848510000.0,2491180000.0,66.85847,38.58,222.54,133897933.0,RADICO.NS,0.1040566861255601,-0.08211313067513376,-0.2128292272395011,1
2024-09-30,1780.4017192177696,2329.321856078334,1625.6423851888462,2042.48779296875,23055864,11162961000.0,806634000.0,44122781000.0,9032256000.0,25641528000.0,561717000.0,66.85847,38.58,222.54,133897933.0,RADICO.NS,0.3522510826967878,0.01828157658512051,0.03145810967271529,1
2024-12-31,2027.0602526371085,2625.991756670068,1924.9583654273574,2602.126220703125,20914259,12942374000.0,954891000.0,44122781000.0,9032256000.0,25641528000.0,561717000.0,66.85847,38.58,222.54,133897933.0,RADICO.NS,0.3522510826967878,0.01828157658512051,0.03145810967271529,0
2025-03-31,2602.1261789403557,2633.8801766563934,1842.827461398725,2425.432373046875,14280238,12624978000.0,920749000.0,46389561000.0,11025691000.0,27537110000.0,401693000.0,66.85847,38.58,222.54,133897933.0,RADICO.NS,0.4003939048070041,0.019848193864132495,0.0334366605645981,1
2025-06-30,2425.5325138323774,2782.864098186379,2196.8141386093193,2613.409912109375,15756182,15060406000.0,1305214000.0,46389561000.0,11025691000.0,27537110000.0,401693000.0,66.85847,38.58,222.54,133897933.0,RADICO.NS,0.4003939048070041,0.019848193864132495,0.0334366605645981,1
2025-09-30,2636.176764581706,3067.0,2498.3767025484863,2887.89990234375,18363105,15060406000.0,1305214000.0,46389561000.0,11025691000.0,27537110000.0,401693000.0,66.85847,38.58,222.54,133897933.0,RADICO.NS,0.4003939048070041,0.019848193864132495,0.0334366605645981,1
2025-12-31,2884.800048828125,3591.89990234375,2854.199951171875,3298.39990234375,24603044,15467455000.0,1549330000.0,46389561000.0,11025691000.0,27537110000.0,401693000.0,66.85847,38.58,222.54,133897933.0,RADICO.NS,0.4003939048070041,0.019848193864132495,0.0334366605645981,0
2026-03-31,3282.0,3307.800048828125,2500.0,2579.39990234375,24646107,15467455000.0,1549330000.0,46389561000.0,11025691000.0,27537110000.0,401693000.0,66.85847,38.58,222.54,133897933.0,RADICO.NS,0.4003939048070041,0.019848193864132495,0.0334366605645981,0
2016-03-31,26.55384739705797,28.110455131805974,26.324934630706178,27.286365509033203,957285,15467455000.0,1549330000.0,46389561000.0,11025691000.0,27537110000.0,401693000.0,82.7381,1.26,220.568,336345679.0,RAIN.NS,0.4003939048070041,0.019848193864132495,0.0334366605645981,1
2016-06-30,27.28636678933253,35.023613910285796,27.194803194933225,33.51278305053711,16293496,15467455000.0,1549330000.0,46389561000.0,11025691000.0,27537110000.0,401693000.0,82.7381,1.26,220.568,336345679.0,RAIN.NS,0.4003939048070041,0.019848193864132495,0.0334366605645981,1
2016-09-30,33.92482793690784,51.293909671078055,31.17787709045986,42.68252944946289,44635036,15467455000.0,1549330000.0,46389561000.0,11025691000.0,27537110000.0,401693000.0,82.7381,1.26,220.568,336345679.0,RAIN.NS,0.4003939048070041,0.019848193864132495,0.0334366605645981,1
2016-12-31,43.244136850979956,54.6635919302149,39.31285636621154,51.38751220703125,34754062,15467455000.0,1549330000.0,46389561000.0,11025691000.0,27537110000.0,401693000.0,82.7381,1.26,220.568,336345679.0,RAIN.NS,0.4003939048070041,0.019848193864132495,0.0334366605645981,1
2017-03-31,52.13633379946437,105.3490972090555,50.12388918944939,102.58782196044922,125457618,15467455000.0,1549330000.0,46389561000.0,11025691000.0,27537110000.0,401693000.0,82.7381,1.26,220.568,336345679.0,RAIN.NS,0.4003939048070041,0.019848193864132495,0.0334366605645981,1
2017-06-30,102.63463228335762,114.94330510324085,85.69266015752028,108.99956512451172,87672791,15467455000.0,1549330000.0,46389561000.0,11025691000.0,27537110000.0,401693000.0,82.7381,1.26,220.568,336345679.0,RAIN.NS,0.4003939048070041,0.019848193864132495,0.0334366605645981,1
2017-09-30,109.98238599915997,178.01386307146595,98.75014606142115,165.89797973632812,155753165,15467455000.0,1549330000.0,46389561000.0,11025691000.0,27537110000.0,401693000.0,82.7381,1.26,220.568,336345679.0,RAIN.NS,0.4003939048070041,0.019848193864132495,0.0334366605645981,1
2017-12-31,167.9722851268278,379.64663060597957,162.1736403684745,349.19195556640625,323397121,15467455000.0,1549330000.0,46389561000.0,11025691000.0,27537110000.0,401693000.0,82.7381,1.26,220.568,336345679.0,RAIN.NS,0.4003939048070041,0.019848193864132495,0.0334366605645981,1
2018-03-31,349.09765772765,447.8632718280981,286.4439404489574,353.2462463378906,238666816,15467455000.0,1549330000.0,46389561000.0,11025691000.0,27537110000.0,401693000.0,82.7381,1.26,220.568,336345679.0,RAIN.NS,0.4003939048070041,0.019848193864132495,0.0334366605645981,0
2018-06-30,356.40488239870234,382.0509226166782,171.31270983868413,182.4749755859375,189137015,15467455000.0,1549330000.0,46389561000.0,11025691000.0,27537110000.0,401693000.0,82.7381,1.26,220.568,336345679.0,RAIN.NS,0.4003939048070041,0.019848193864132495,0.0334366605645981,0
2018-09-30,191.55618286132812,219.46187093503437,153.57601936416557,154.4746856689453,30594548,15467455000.0,1549330000.0,46389561000.0,11025691000.0,27537110000.0,401693000.0,82.7381,1.26,220.568,336345679.0,RAIN.NS,0.4003939048070041,0.019848193864132495,0.0334366605645981,0
2018-12-31,153.9070865484043,190.13723513094126,111.4606407478036,127.50601959228516,34160848,15467455000.0,1549330000.0,46389561000.0,11025691000.0,27537110000.0,401693000.0,82.7381,1.26,220.568,336345679.0,RAIN.NS,0.4003939048070041,0.019848193864132495,0.0334366605645981,0
2019-03-31,127.41079844861736,130.45798945690873,83.79782522988042,97.31975555419922,66388603,15467455000.0,1549330000.0,46389561000.0,11025691000.0,27537110000.0,401693000.0,82.7381,1.26,220.568,336345679.0,RAIN.NS,0.4003939048070041,0.019848193864132495,0.0334366605645981,0
2019-06-30,97.93871462812113,140.74225252143,89.6065391705224,95.6533203125,112058179,15467455000.0,1549330000.0,46389561000.0,11025691000.0,27537110000.0,401693000.0,82.7381,1.26,220.568,336345679.0,RAIN.NS,0.4003939048070041,0.019848193864132495,0.0334366605645981,0
2019-09-30,95.22479468372688,108.88956191378358,73.37071654512611,91.2253646850586,63970670,15467455000.0,1549330000.0,46389561000.0,11025691000.0,27537110000.0,401693000.0,82.7381,1.26,220.568,336345679.0,RAIN.NS,0.4003939048070041,0.019848193864132495,0.0334366605645981,1
2019-12-31,91.41581199829074,104.6303836779498,78.84614404182618,94.82127380371094,54915207,15467455000.0,1549330000.0,46389561000.0,11025691000.0,27537110000.0,401693000.0,82.7381,1.26,220.568,336345679.0,RAIN.NS,0.4003939048070041,0.019848193864132495,0.0334366605645981,0
2020-03-31,95.10978981582721,123.86390966412998,43.03501230605105,53.709617614746094,97236440,15467455000.0,1549330000.0,46389561000.0,11025691000.0,27537110000.0,401693000.0,82.7381,1.26,220.568,336345679.0,RAIN.NS,0.4003939048070041,0.019848193864132495,0.0334366605645981,1
2020-06-30,54.04621058984736,83.95433635680551,47.41064035556876,73.08740234375,99386029,15467455000.0,1549330000.0,46389561000.0,11025691000.0,27537110000.0,401693000.0,82.7381,1.26,220.568,336345679.0,RAIN.NS,0.4003939048070041,0.019848193864132495,0.0334366605645981,1
2020-09-30,73.08740785660282,123.57539820827122,72.17381819319881,98.66798400878906,152380690,15467455000.0,1549330000.0,46389561000.0,11025691000.0,27537110000.0,401693000.0,82.7381,1.26,220.568,336345679.0,RAIN.NS,0.4003939048070041,0.019848193864132495,0.0334366605645981,1
2020-12-31,99.43734212731268,138.3019584450171,90.39757350564334,123.15088653564453,103784080,15467455000.0,1549330000.0,46389561000.0,11025691000.0,27537110000.0,401693000.0,82.7381,1.26,220.568,336345679.0,RAIN.NS,0.4003939048070041,0.019848193864132495,0.0334366605645981,1
2021-03-31,126.74440149770398,170.3522369253745,117.90629773535852,138.73899841308594,209255369,15467455000.0,1549330000.0,46389561000.0,11025691000.0,27537110000.0,401693000.0,82.7381,1.26,220.568,336345679.0,RAIN.NS,0.4003939048070041,0.019848193864132495,0.0334366605645981,1
2021-06-30,140.5357562183669,200.84859824352668,139.85590409295912,189.0482635498047,364760127,15467455000.0,1549330000.0,46389561000.0,11025691000.0,27537110000.0,401693000.0,82.7381,1.26,220.568,336345679.0,RAIN.NS,0.4003939048070041,0.019848193864132495,0.0334366605645981,1
2021-09-30,190.11659824848175,264.9006556918093,184.67776713194934,233.9672393798828,302300519,15467455000.0,1549330000.0,46389561000.0,11025691000.0,27537110000.0,401693000.0,82.7381,1.26,220.568,336345679.0,RAIN.NS,0.4003939048070041,0.019848193864132495,0.0334366605645981,0
2021-12-31,235.0841541282585,252.03198448373226,187.32482203934305,233.9609375,134824711,15467455000.0,1549330000.0,46389561000.0,11025691000.0,27537110000.0,401693000.0,82.7381,1.26,220.568,336345679.0,RAIN.NS,0.4003939048070041,0.019848193864132495,0.0334366605645981,0
2022-03-31,234.7902200169613,249.57134303784014,159.3724729258719,189.27613830566406,205295986,15467455000.0,1549330000.0,46389561000.0,11025691000.0,27537110000.0,401693000.0,82.7381,1.26,220.568,336345679.0,RAIN.NS,0.4003939048070041,0.019848193864132495,0.0334366605645981,0
2022-06-30,189.22734978314998,203.71575357800438,125.46863179092429,142.93276977539062,134749088,15467455000.0,1549330000.0,46389561000.0,11025691000.0,27537110000.0,401693000.0,82.7381,1.26,220.568,336345679.0,RAIN.NS,0.4003939048070041,0.019848193864132495,0.0334366605645981,1
2022-09-30,141.9571059926598,202.3507556752213,138.63991702397854,160.28219604492188,165867660,15467455000.0,1549330000.0,46389561000.0,11025691000.0,27537110000.0,401693000.0,82.7381,1.26,220.568,336345679.0,RAIN.NS,0.4003939048070041,0.019848193864132495,0.0334366605645981,1
2022-12-31,160.28219267870014,187.20018722756524,152.68238880526826,167.39169311523438,104916030,15467455000.0,1549330000.0,46389561000.0,11025691000.0,27537110000.0,401693000.0,82.7381,1.26,220.568,336345679.0,RAIN.NS,0.4003939048070041,0.019848193864132495,0.0334366605645981,0
2023-03-31,167.78394477295396,181.41454001714007,140.4736886086216,146.16128540039062,101120064,15467455000.0,1549330000.0,46389561000.0,11025691000.0,27537110000.0,401693000.0,82.7381,1.26,220.568,336345679.0,RAIN.NS,0.4003939048070041,0.019848193864132495,0.0334366605645981,1
2023-06-30,147.5831884488825,173.76103976516467,142.80985150904877,161.12387084960938,129021031,15467455000.0,1549330000.0,46389561000.0,11025691000.0,27537110000.0,401693000.0,82.7381,1.26,220.568,336345679.0,RAIN.NS,0.4003939048070041,0.019848193864132495,0.0334366605645981,1
2023-09-30,161.81496716026217,182.054171752184,151.79410135868957,161.8643341064453,111324250,15467455000.0,1549330000.0,46389561000.0,11025691000.0,27537110000.0,401693000.0,82.7381,1.26,220.568,336345679.0,RAIN.NS,0.4003939048070041,0.019848193864132495,0.0334366605645981,0
2023-12-31,162.95034333949863,170.5030150482511,138.46583209424065,152.33709716796875,112218654,15467455000.0,1549330000.0,46389561000.0,11025691000.0,27537110000.0,401693000.0,82.7381,1.26,220.568,336345679.0,RAIN.NS,0.4003939048070041,0.019848193864132495,0.0334366605645981,0
2024-03-31,153.02818998353592,216.80640226949922,144.04395839157584,148.7828826904297,457429378,15467455000.0,1549330000.0,46389561000.0,11025691000.0,27537110000.0,401693000.0,82.7381,1.26,220.568,336345679.0,RAIN.NS,0.4003939048070041,0.019848193864132495,0.0334366605645981,1
2024-06-30,150.06636448884737,182.15290889979406,128.395584367792,158.75440979003906,147109042,15467455000.0,1549330000.0,192355260000.0,85184430000.0,70996070000.0,10612400000.0,82.7381,1.26,220.568,336345679.0,RAIN.NS,1.1998471182982382,0.019848193864132495,0.0334366605645981,1
2024-09-30,159.42575911868985,191.52269029689742,149.57272009759268,178.88368225097656,177867586,39342790000.0,-1791100000.0,192355260000.0,85184430000.0,70996070000.0,10612400000.0,82.7381,1.26,220.568,336345679.0,RAIN.NS,1.1998471182982382,0.019848193864132495,0.0334366605645981,0
2024-12-31,178.35704944279925,195.74561751827116,143.31162128427852,168.19219970703125,141275654,36757270000.0,-1614100000.0,189368710000.0,84942790000.0,66376620000.0,13211860000.0,82.7381,1.26,220.568,336345679.0,RAIN.NS,1.2797094820435269,-0.008523583436777914,-0.024317297265211757,0
2025-03-31,167.9735957397513,178.5458441667066,116.31463471971344,133.94168090820312,76748260,37680160000.0,-1376950000.0,189368710000.0,84942790000.0,66376620000.0,13211860000.0,82.7381,1.26,220.568,336345679.0,RAIN.NS,1.2797094820435269,-0.008523583436777914,-0.024317297265211757,1
2025-06-30,133.84230939466337,155.79165193901733,126.80739836352737,146.7198028564453,49590412,44013830000.0,607010000.0,204985830000.0,97493020000.0,70260730000.0,11982160000.0,82.7381,1.26,220.568,336345679.0,RAIN.NS,1.387589055792617,0.0029612290761756557,0.008639392161168834,0
2025-09-30,146.75953124694388,167.4270897693993,127.54000091552734,128.22999572753906,106666549,44013830000.0,607010000.0,204985830000.0,97493020000.0,70260730000.0,11982160000.0,82.7381,1.26,220.568,336345679.0,RAIN.NS,1.387589055792617,0.0029612290761756557,0.008639392161168834,1
2025-12-31,128.22999572753906,149.60000610351562,99.9000015258789,144.94000244140625,148238212,43007130000.0,135090000.0,207597670000.0,98240410000.0,74491180000.0,9257020000.0,82.7381,1.26,220.568,336345679.0,RAIN.NS,1.3188193555263859,0.0006507298468234254,0.0018135032899196926,0
2026-03-31,145.0,176.0,103.0,104.25,231795001,43007130000.0,135090000.0,207597670000.0,98240410000.0,74491180000.0,9257020000.0,82.7381,1.26,220.568,336345679.0,RAIN.NS,1.3188193555263859,0.0006507298468234254,0.0018135032899196926,0
2016-03-31,36.26393791105153,37.9768702457509,34.75989611829875,36.01325607299805,31412008,43007130000.0,135090000.0,207597670000.0,98240410000.0,74491180000.0,9257020000.0,21.46815,6.75,140.573,4130525289.0,SAIL.NS,1.3188193555263859,0.0006507298468234254,0.0018135032899196926,1
2016-06-30,36.09682143718286,40.77604190555487,32.127846576930494,37.893310546875,290966882,43007130000.0,135090000.0,207597670000.0,98240410000.0,74491180000.0,9257020000.0,21.46815,6.75,140.573,4130525289.0,SAIL.NS,1.3188193555263859,0.0006507298468234254,0.0018135032899196926,1
2016-09-30,38.102197126479304,45.705936490963104,36.890625833753255,38.687095642089844,506202333,43007130000.0,135090000.0,207597670000.0,98240410000.0,74491180000.0,9257020000.0,21.46815,6.75,140.573,4130525289.0,SAIL.NS,1.3188193555263859,0.0006507298468234254,0.0018135032899196926,1
2016-12-31,39.188448013594034,46.87573043357601,36.848837975895236,41.193824768066406,409038832,43007130000.0,135090000.0,207597670000.0,98240410000.0,74491180000.0,9257020000.0,21.46815,6.75,140.573,4130525289.0,SAIL.NS,1.3188193555263859,0.0006507298468234254,0.0018135032899196926,1
2017-03-31,41.3609358532594,56.94440774695043,40.81781117818065,51.22072219848633,400022699,43007130000.0,135090000.0,207597670000.0,98240410000.0,74491180000.0,9257020000.0,21.46815,6.75,140.573,4130525289.0,SAIL.NS,1.3188193555263859,0.0006507298468234254,0.0018135032899196926,0
2017-06-30,51.47139247275564,57.32041149710361,46.37438707233935,48.75578308105469,390438131,43007130000.0,135090000.0,207597670000.0,98240410000.0,74491180000.0,9257020000.0,21.46815,6.75,140.573,4130525289.0,SAIL.NS,1.3188193555263859,0.0006507298468234254,0.0018135032899196926,0
2017-09-30,48.88111127806039,54.31235380383477,44.16011504029509,44.82857894897461,316357714,43007130000.0,135090000.0,207597670000.0,98240410000.0,74491180000.0,9257020000.0,21.46815,6.75,140.573,4130525289.0,SAIL.NS,1.3188193555263859,0.0006507298468234254,0.0018135032899196926,1
2017-12-31,45.37170486532504,78.33510976516948,44.61968955952498,76.9981918334961,910878003,43007130000.0,135090000.0,207597670000.0,98240410000.0,74491180000.0,9257020000.0,21.46815,6.75,140.573,4130525289.0,SAIL.NS,1.3188193555263859,0.0006507298468234254,0.0018135032899196926,0
2018-03-31,77.37419986483123,84.76903113627586,56.1088320885456,58.65733337402344,944201005,43007130000.0,135090000.0,207597670000.0,98240410000.0,74491180000.0,9257020000.0,21.46815,6.75,140.573,4130525289.0,SAIL.NS,1.3188193555263859,0.0006507298468234254,0.0018135032899196926,1
2018-06-30,59.91068476915092,76.120850215771,56.94440364815643,69.35269165039062,901416110,43007130000.0,135090000.0,207597670000.0,98240410000.0,74491180000.0,9257020000.0,21.46815,6.75,140.573,4130525289.0,SAIL.NS,1.3188193555263859,0.0006507298468234254,0.0018135032899196926,0
2018-09-30,69.43624426747866,69.81225736459854,56.65195953158828,57.0279655456543,747223918,43007130000.0,135090000.0,207597670000.0,98240410000.0,74491180000.0,9257020000.0,21.46815,6.75,140.573,4130525289.0,SAIL.NS,1.3188193555263859,0.0006507298468234254,0.0018135032899196926,0
2018-12-31,56.944418222281534,59.61824968707045,40.943158453417915,47.08462905883789,670297874,43007130000.0,135090000.0,207597670000.0,98240410000.0,74491180000.0,9257020000.0,21.46815,6.75,140.573,4130525289.0,SAIL.NS,1.3188193555263859,0.0006507298468234254,0.0018135032899196926,0
2019-03-31,47.37707507328705,47.46063124880559,36.765280180805604,42.3636360168457,989587835,43007130000.0,135090000.0,207597670000.0,98240410000.0,74491180000.0,9257020000.0,21.46815,6.75,140.573,4130525289.0,SAIL.NS,1.3188193555263859,0.0006507298468234254,0.0018135032899196926,1
2019-06-30,45.70592893351774,50.301590745556084,38.35287061673473,42.4054069519043,1408508064,43007130000.0,135090000.0,207597670000.0,98240410000.0,74491180000.0,9257020000.0,21.46815,6.75,140.573,4130525289.0,SAIL.NS,1.3188193555263859,0.0006507298468234254,0.0018135032899196926,0
2019-09-30,42.6560864362968,43.95122253079092,25.085031067562078,28.3957462310791,1774017479,43007130000.0,135090000.0,207597670000.0,98240410000.0,74491180000.0,9257020000.0,21.46815,6.75,140.573,4130525289.0,SAIL.NS,1.3188193555263859,0.0006507298468234254,0.0018135032899196926,1
2019-12-31,28.353301400777212,36.799860309051205,25.594367670446108,36.41786193847656,1840798555,43007130000.0,135090000.0,207597670000.0,98240410000.0,74491180000.0,9257020000.0,21.46815,6.75,140.573,4130525289.0,SAIL.NS,1.3188193555263859,0.0006507298468234254,0.0018135032899196926,0
2020-03-31,36.63008723359985,44.05797506442924,17.10535968121874,19.567174911499023,1845282813,43007130000.0,135090000.0,207597670000.0,98240410000.0,74491180000.0,9257020000.0,21.46815,6.75,140.573,4130525289.0,SAIL.NS,1.3188193555263859,0.0006507298468234254,0.0018135032899196926,1
2020-06-30,19.567168539484644,29.796428299776984,18.251376837034456,25.806594848632812,1563443930,43007130000.0,135090000.0,207597670000.0,98240410000.0,74491180000.0,9257020000.0,21.46815,6.75,140.573,4130525289.0,SAIL.NS,1.3188193555263859,0.0006507298468234254,0.0018135032899196926,1
2020-09-30,25.976375910245523,37.988322308753595,25.467034888642576,28.65041732788086,2547342439,43007130000.0,135090000.0,207597670000.0,98240410000.0,74491180000.0,9257020000.0,21.46815,6.75,140.573,4130525289.0,SAIL.NS,1.3188193555263859,0.0006507298468234254,0.0018135032899196926,1
2020-12-31,29.074865706465143,63.41290761673799,27.716620870439694,62.903568267822266,2350806401,43007130000.0,135090000.0,207597670000.0,98240410000.0,74491180000.0,9257020000.0,21.46815,6.75,140.573,4130525289.0,SAIL.NS,1.3188193555263859,0.0006507298468234254,0.0018135032899196926,1
2021-03-31,62.776242910576485,70.29064240274023,46.94423292005432,67.96199798583984,4349077898,43007130000.0,135090000.0,207597670000.0,98240410000.0,74491180000.0,9257020000.0,21.46815,6.75,140.573,4130525289.0,SAIL.NS,1.3188193555263859,0.0006507298468234254,0.0018135032899196926,1
2021-06-30,68.69509850867738,130.49048632102628,68.60885362608018,112.63752746582031,5172320631,43007130000.0,135090000.0,207597670000.0,98240410000.0,74491180000.0,9257020000.0,21.46815,6.75,140.573,4130525289.0,SAIL.NS,1.3188193555263859,0.0006507298468234254,0.0018135032899196926,0
2021-09-30,113.58621846476927,125.83318869207342,91.99657319048146,99.57533264160156,3085516190,43007130000.0,135090000.0,207597670000.0,98240410000.0,74491180000.0,9257020000.0,21.46815,6.75,140.573,4130525289.0,SAIL.NS,1.3188193555263859,0.0006507298468234254,0.0018135032899196926,0
2021-12-31,98.96201901200098,115.47760526729519,89.84165914657237,97.03805541992188,2616236700,43007130000.0,135090000.0,207597670000.0,98240410000.0,74491180000.0,9257020000.0,21.46815,6.75,140.573,4130525289.0,SAIL.NS,1.3188193555263859,0.0006507298468234254,0.0018135032899196926,0
2022-03-31,97.49064443124833,102.87663125283903,76.35409692755339,91.42491912841797,2473423684,43007130000.0,135090000.0,207597670000.0,98240410000.0,74491180000.0,9257020000.0,21.46815,6.75,140.573,4130525289.0,SAIL.NS,1.3188193555263859,0.0006507298468234254,0.0018135032899196926,0
2022-06-30,91.84238179013302,104.22720087046963,59.001768886065335,63.593902587890625,2217350172,43007130000.0,135090000.0,207597670000.0,98240410000.0,74491180000.0,9257020000.0,21.46815,6.75,140.573,4130525289.0,SAIL.NS,1.3188193555263859,0.0006507298468234254,0.0018135032899196926,1
2022-09-30,63.269202346435044,81.26685524266013,62.61980139690896,73.37918090820312,1517802623,43007130000.0,135090000.0,207597670000.0,98240410000.0,74491180000.0,9257020000.0,21.46815,6.75,140.573,4130525289.0,SAIL.NS,1.3188193555263859,0.0006507298468234254,0.0018135032899196926,1
2022-12-31,73.14016492743241,84.75653719149236,70.51094186043156,79.02005767822266,1054828004,43007130000.0,135090000.0,207597670000.0,98240410000.0,74491180000.0,9257020000.0,21.46815,6.75,140.573,4130525289.0,SAIL.NS,1.3188193555263859,0.0006507298468234254,0.0018135032899196926,1
2023-03-31,79.64152313060522,89.77596343979195,75.06624185606445,79.99971771240234,1222699211,43007130000.0,135090000.0,207597670000.0,98240410000.0,74491180000.0,9257020000.0,21.46815,6.75,140.573,4130525289.0,SAIL.NS,1.3188193555263859,0.0006507298468234254,0.0018135032899196926,1
2023-06-30,81.11216762172836,84.2076897001744,77.82317752321585,82.70829772949219,742976441,43007130000.0,135090000.0,207597670000.0,98240410000.0,74491180000.0,9257020000.0,21.46815,6.75,140.573,4130525289.0,SAIL.NS,1.3188193555263859,0.0006507298468234254,0.0018135032899196926,1
2023-09-30,83.09522656499341,100.2656651019547,81.16053660279364,91.25653076171875,1051472948,43007130000.0,135090000.0,207597670000.0,98240410000.0,74491180000.0,9257020000.0,21.46815,6.75,140.573,4130525289.0,SAIL.NS,1.3188193555263859,0.0006507298468234254,0.0018135032899196926,1
2023-12-31,91.40238359931384,122.27499891559557,79.53952777665808,120.2330322265625,1701792794,43007130000.0,135090000.0,207597670000.0,98240410000.0,74491180000.0,9257020000.0,21.46815,6.75,140.573,4130525289.0,SAIL.NS,1.3188193555263859,0.0006507298468234254,0.0018135032899196926,1
2024-03-31,120.23303341618615,145.85486928764695,104.52932356527907,131.56556701660156,2803283242,43007130000.0,135090000.0,207597670000.0,98240410000.0,74491180000.0,9257020000.0,21.46815,6.75,140.573,4130525289.0,SAIL.NS,1.3188193555263859,0.0006507298468234254,0.0018135032899196926,1
2024-06-30,132.88859164837885,171.8437533531551,122.30453685222994,145.67762756347656,2643699706,43007130000.0,135090000.0,207597670000.0,98240410000.0,74491180000.0,9257020000.0,21.46815,6.75,140.573,4130525289.0,SAIL.NS,1.3188193555263859,0.0006507298468234254,0.0018135032899196926,0
2024-09-30,146.90262192681996,155.57567154704077,122.2675891752234,139.6102294921875,1594943690,246752000000.0,8971500000.0,1397421300000.0,412650300000.0,575881900000.0,683900000.0,21.46815,6.75,140.573,4130525289.0,SAIL.NS,0.7165536892199599,0.006420039539972663,0.01557871501083816,0
2024-12-31,139.63984620990934,140.36080590697054,107.3051185342773,111.72966003417969,1209421129,244899100000.0,1418900000.0,1397421300000.0,412650300000.0,575881900000.0,683900000.0,21.46815,6.75,140.573,4130525289.0,SAIL.NS,0.7165536892199599,0.006420039539972663,0.01557871501083816,1
2025-03-31,111.12720643743492,117.16157394112957,97.92270688812773,113.75428771972656,1180217849,285773400000.0,12510000000.0,1363709400000.0,369339400000.0,589056100000.0,2915800000.0,21.46815,6.75,140.573,4130525289.0,SAIL.NS,0.6270020801074804,0.009173508666875801,0.02123736601658144,1
2025-06-30,112.93455317898646,134.6523584496154,99.87819763268249,130.35621643066406,1020402138,259217600000.0,7445800000.0,1363709400000.0,369339400000.0,589056100000.0,2915800000.0,21.46815,6.75,140.573,4130525289.0,SAIL.NS,0.6270020801074804,0.009173508666875801,0.02123736601658144,1
2025-09-30,130.37595998221454,138.75,116.63813628480024,134.47999572753906,672167833,259217600000.0,7445800000.0,1363709400000.0,369339400000.0,589056100000.0,2915800000.0,21.46815,6.75,140.573,4130525289.0,SAIL.NS,0.6270020801074804,0.009173508666875801,0.02123736601658144,1
2025-12-31,134.47999572753906,149.19000244140625,124.0,146.99000549316406,1308875799,273714200000.0,3740300000.0,1363709400000.0,369339400000.0,589056100000.0,2915800000.0,21.46815,6.75,140.573,4130525289.0,SAIL.NS,0.6270020801074804,0.009173508666875801,0.02123736601658144,0
2026-03-31,147.10000610351562,168.2100067138672,141.3000030517578,144.91000366210938,1258852509,273714200000.0,3740300000.0,1363709400000.0,369339400000.0,589056100000.0,2915800000.0,21.46815,6.75,140.573,4130525289.0,SAIL.NS,0.6270020801074804,0.009173508666875801,0.02123736601658144,0
2016-03-31,151.1999969482422,151.89999389648438,141.14999389648438,146.0500030517578,318553,273714200000.0,3740300000.0,1363709400000.0,369339400000.0,589056100000.0,2915800000.0,85.05859,10.24,27.552,239104035.0,SCHNEIDER.NS,0.6270020801074804,0.009173508666875801,0.02123736601658144,0
2016-06-30,145.0500030517578,153.1999969482422,126.0,138.5500030517578,5509618,273714200000.0,3740300000.0,1363709400000.0,369339400000.0,589056100000.0,2915800000.0,85.05859,10.24,27.552,239104035.0,SCHNEIDER.NS,0.6270020801074804,0.009173508666875801,0.02123736601658144,0
2016-09-30,139.0500030517578,152.5,129.8000030517578,137.5,5541377,273714200000.0,3740300000.0,1363709400000.0,369339400000.0,589056100000.0,2915800000.0,85.05859,10.24,27.552,239104035.0,SCHNEIDER.NS,0.6270020801074804,0.009173508666875801,0.02123736601658144,0
2016-12-31,137.89999389648438,173.75,130.0,135.60000610351562,7586325,273714200000.0,3740300000.0,1363709400000.0,369339400000.0,589056100000.0,2915800000.0,85.05859,10.24,27.552,239104035.0,SCHNEIDER.NS,0.6270020801074804,0.009173508666875801,0.02123736601658144,1
2017-03-31,135.14999389648438,154.89999389648438,128.9499969482422,141.89999389648438,11861280,273714200000.0,3740300000.0,1363709400000.0,369339400000.0,589056100000.0,2915800000.0,85.05859,10.24,27.552,239104035.0,SCHNEIDER.NS,0.6270020801074804,0.009173508666875801,0.02123736601658144,0
2017-06-30,142.89999389648438,162.0,125.0999984741211,127.5999984741211,9690983,273714200000.0,3740300000.0,1363709400000.0,369339400000.0,589056100000.0,2915800000.0,85.05859,10.24,27.552,239104035.0,SCHNEIDER.NS,0.6270020801074804,0.009173508666875801,0.02123736601658144,0
2017-09-30,127.6500015258789,150.0,115.0,118.9000015258789,14116053,273714200000.0,3740300000.0,1363709400000.0,369339400000.0,589056100000.0,2915800000.0,85.05859,10.24,27.552,239104035.0,SCHNEIDER.NS,0.6270020801074804,0.009173508666875801,0.02123736601658144,1
2017-12-31,120.19999694824219,134.9499969482422,119.0999984741211,126.3499984741211,9246546,273714200000.0,3740300000.0,1363709400000.0,369339400000.0,589056100000.0,2915800000.0,85.05859,10.24,27.552,239104035.0,SCHNEIDER.NS,0.6270020801074804,0.009173508666875801,0.02123736601658144,0
2018-03-31,127.0999984741211,134.39999389648438,101.55000305175781,111.4000015258789,19300169,273714200000.0,3740300000.0,1363709400000.0,369339400000.0,589056100000.0,2915800000.0,85.05859,10.24,27.552,239104035.0,SCHNEIDER.NS,0.6270020801074804,0.009173508666875801,0.02123736601658144,0
2018-06-30,113.05000305175781,133.85000610351562,84.69999694824219,87.55000305175781,10754136,273714200000.0,3740300000.0,1363709400000.0,369339400000.0,589056100000.0,2915800000.0,85.05859,10.24,27.552,239104035.0,SCHNEIDER.NS,0.6270020801074804,0.009173508666875801,0.02123736601658144,1
2018-09-30,87.69999694824219,128.0,81.1500015258789,109.44999694824219,11521402,273714200000.0,3740300000.0,1363709400000.0,369339400000.0,589056100000.0,2915800000.0,85.05859,10.24,27.552,239104035.0,SCHNEIDER.NS,0.6270020801074804,0.009173508666875801,0.02123736601658144,0
2018-12-31,110.0999984741211,121.0,98.6500015258789,101.3499984741211,8807897,273714200000.0,3740300000.0,1363709400000.0,369339400000.0,589056100000.0,2915800000.0,85.05859,10.24,27.552,239104035.0,SCHNEIDER.NS,0.6270020801074804,0.009173508666875801,0.02123736601658144,1
2019-03-31,101.69999694824219,113.9000015258789,81.0,102.05000305175781,3634798,273714200000.0,3740300000.0,1363709400000.0,369339400000.0,589056100000.0,2915800000.0,85.05859,10.24,27.552,239104035.0,SCHNEIDER.NS,0.6270020801074804,0.009173508666875801,0.02123736601658144,0
2019-06-30,111.80000305175781,120.0,87.55000305175781,95.6500015258789,4562964,273714200000.0,3740300000.0,1363709400000.0,369339400000.0,589056100000.0,2915800000.0,85.05859,10.24,27.552,239104035.0,SCHNEIDER.NS,0.6270020801074804,0.009173508666875801,0.02123736601658144,0
2019-09-30,95.69999694824219,99.80000305175781,70.3499984741211,78.6500015258789,2594981,273714200000.0,3740300000.0,1363709400000.0,369339400000.0,589056100000.0,2915800000.0,85.05859,10.24,27.552,239104035.0,SCHNEIDER.NS,0.6270020801074804,0.009173508666875801,0.02123736601658144,0
2019-12-31,79.80000305175781,80.55000305175781,60.54999923706055,66.3499984741211,3553269,273714200000.0,3740300000.0,1363709400000.0,369339400000.0,589056100000.0,2915800000.0,85.05859,10.24,27.552,239104035.0,SCHNEIDER.NS,0.6270020801074804,0.009173508666875801,0.02123736601658144,0
2020-03-31,67.4000015258789,114.0,58.0,65.69999694824219,23833746,273714200000.0,3740300000.0,1363709400000.0,369339400000.0,589056100000.0,2915800000.0,85.05859,10.24,27.552,239104035.0,SCHNEIDER.NS,0.6270020801074804,0.009173508666875801,0.02123736601658144,1
2020-06-30,65.55000305175781,95.4000015258789,63.0,80.69999694824219,17726850,273714200000.0,3740300000.0,1363709400000.0,369339400000.0,589056100000.0,2915800000.0,85.05859,10.24,27.552,239104035.0,SCHNEIDER.NS,0.6270020801074804,0.009173508666875801,0.02123736601658144,1
2020-09-30,80.9000015258789,90.9000015258789,72.19999694824219,82.9000015258789,16377199,273714200000.0,3740300000.0,1363709400000.0,369339400000.0,589056100000.0,2915800000.0,85.05859,10.24,27.552,239104035.0,SCHNEIDER.NS,0.6270020801074804,0.009173508666875801,0.02123736601658144,1
2020-12-31,84.44999694824219,96.0,67.5999984741211,84.3499984741211,18962921,273714200000.0,3740300000.0,1363709400000.0,369339400000.0,589056100000.0,2915800000.0,85.05859,10.24,27.552,239104035.0,SCHNEIDER.NS,0.6270020801074804,0.009173508666875801,0.02123736601658144,1
2021-03-31,84.75,120.8499984741211,84.0999984741211,94.4000015258789,87123633,273714200000.0,3740300000.0,1363709400000.0,369339400000.0,589056100000.0,2915800000.0,85.05859,10.24,27.552,239104035.0,SCHNEIDER.NS,0.6270020801074804,0.009173508666875801,0.02123736601658144,1
2021-06-30,95.30000305175781,141.0,87.30000305175781,129.10000610351562,76590353,273714200000.0,3740300000.0,1363709400000.0,369339400000.0,589056100000.0,2915800000.0,85.05859,10.24,27.552,239104035.0,SCHNEIDER.NS,0.6270020801074804,0.009173508666875801,0.02123736601658144,0
2021-09-30,128.5,147.14999389648438,112.5,114.3499984741211,76040885,273714200000.0,3740300000.0,1363709400000.0,369339400000.0,589056100000.0,2915800000.0,85.05859,10.24,27.552,239104035.0,SCHNEIDER.NS,0.6270020801074804,0.009173508666875801,0.02123736601658144,0
2021-12-31,113.8499984741211,128.39999389648438,98.75,105.75,40345835,273714200000.0,3740300000.0,1363709400000.0,369339400000.0,589056100000.0,2915800000.0,85.05859,10.24,27.552,239104035.0,SCHNEIDER.NS,0.6270020801074804,0.009173508666875801,0.02123736601658144,1
2022-03-31,106.0,136.6999969482422,100.8499984741211,118.55000305175781,75379426,273714200000.0,3740300000.0,1363709400000.0,369339400000.0,589056100000.0,2915800000.0,85.05859,10.24,27.552,239104035.0,SCHNEIDER.NS,0.6270020801074804,0.009173508666875801,0.02123736601658144,0
2022-06-30,118.55000305175781,154.0,91.69999694824219,99.05000305175781,69341024,273714200000.0,3740300000.0,1363709400000.0,369339400000.0,589056100000.0,2915800000.0,85.05859,10.24,27.552,239104035.0,SCHNEIDER.NS,0.6270020801074804,0.009173508666875801,0.02123736601658144,1
2022-09-30,99.55000305175781,189.8000030517578,96.69999694824219,184.5500030517578,103422051,273714200000.0,3740300000.0,1363709400000.0,369339400000.0,589056100000.0,2915800000.0,85.05859,10.24,27.552,239104035.0,SCHNEIDER.NS,0.6270020801074804,0.009173508666875801,0.02123736601658144,0
2022-12-31,183.85000610351562,195.39999389648438,138.1999969482422,165.0,39799619,273714200000.0,3740300000.0,1363709400000.0,369339400000.0,589056100000.0,2915800000.0,85.05859,10.24,27.552,239104035.0,SCHNEIDER.NS,0.6270020801074804,0.009173508666875801,0.02123736601658144,0
2023-03-31,165.64999389648438,209.89999389648438,145.64999389648438,155.6999969482422,64680559,273714200000.0,3740300000.0,1363709400000.0,369339400000.0,589056100000.0,2915800000.0,85.05859,10.24,27.552,239104035.0,SCHNEIDER.NS,0.6270020801074804,0.009173508666875801,0.02123736601658144,1
2023-06-30,157.1999969482422,271.1499938964844,155.89999389648438,260.45001220703125,66277965,273714200000.0,3740300000.0,1363709400000.0,369339400000.0,589056100000.0,2915800000.0,85.05859,10.24,27.552,239104035.0,SCHNEIDER.NS,0.6270020801074804,0.009173508666875801,0.02123736601658144,1
2023-09-30,262.0,397.0,258.8500061035156,364.04998779296875,69113022,273714200000.0,3740300000.0,1363709400000.0,369339400000.0,589056100000.0,2915800000.0,85.05859,10.24,27.552,239104035.0,SCHNEIDER.NS,0.6270020801074804,0.009173508666875801,0.02123736601658144,1
2023-12-31,364.0,445.95001220703125,300.0,409.20001220703125,42260262,273714200000.0,3740300000.0,1363709400000.0,369339400000.0,589056100000.0,2915800000.0,85.05859,10.24,27.552,239104035.0,SCHNEIDER.NS,0.6270020801074804,0.009173508666875801,0.02123736601658144,1
2024-03-31,412.0,752.0,394.3500061035156,741.0499877929688,24242520,273714200000.0,3740300000.0,1363709400000.0,369339400000.0,589056100000.0,2915800000.0,85.05859,10.24,27.552,239104035.0,SCHNEIDER.NS,0.6270020801074804,0.009173508666875801,0.02123736601658144,1
2024-06-30,774.0,955.0499877929688,649.5999755859375,865.2999877929688,15448282,273714200000.0,3740300000.0,1363709400000.0,369339400000.0,589056100000.0,2915800000.0,85.05859,10.24,27.552,239104035.0,SCHNEIDER.NS,0.6270020801074804,0.009173508666875801,0.02123736601658144,0
2024-09-30,877.9000244140625,980.0,730.0,816.0499877929688,27404745,273714200000.0,3740300000.0,17827400000.0,5135700000.0,3995600000.0,1395400000.0,85.05859,10.24,27.552,239104035.0,SCHNEIDER.NS,1.285338872760036,0.009173508666875801,0.02123736601658144,0
2024-12-31,816.0499877929688,880.0,678.0499877929688,766.6500244140625,15577920,8572000000.0,1105300000.0,17827400000.0,5135700000.0,3995600000.0,1395400000.0,85.05859,10.24,27.552,239104035.0,SCHNEIDER.NS,1.285338872760036,0.009173508666875801,0.02123736601658144,0
2025-03-31,761.2999877929688,812.25,582.1500244140625,668.3499755859375,19487736,5693100000.0,546100000.0,19326400000.0,5215700000.0,5618800000.0,2584300000.0,85.05859,10.24,27.552,239104035.0,SCHNEIDER.NS,0.9282587029258916,0.028256685156055963,0.09719157115398305,1
2025-06-30,660.0,832.4000244140625,540.0,832.4000244140625,33569231,6216300000.0,412400000.0,19326400000.0,5215700000.0,5618800000.0,2584300000.0,85.05859,10.24,27.552,239104035.0,SCHNEIDER.NS,0.9282587029258916,0.028256685156055963,0.09719157115398305,0
2025-09-30,857.0,1052.0,798.5499877929688,820.5999755859375,7326041,6501400000.0,523200000.0,20648400000.0,5271400000.0,6582300000.0,2771400000.0,85.05859,10.24,27.552,239104035.0,SCHNEIDER.NS,0.8008446895462072,0.025338525018887663,0.0794858939884235,0
2025-12-31,821.0,909.5,687.0,722.9000244140625,11357405,10291700000.0,970300000.0,20648400000.0,5271400000.0,6582300000.0,2771400000.0,85.05859,10.24,27.552,239104035.0,SCHNEIDER.NS,0.8008446895462072,0.025338525018887663,0.0794858939884235,1
2026-03-31,723.0,948.7999877929688,571.8499755859375,871.0,28829267,10291700000.0,970300000.0,20648400000.0,5271400000.0,6582300000.0,2771400000.0,85.05859,10.24,27.552,239104035.0,SCHNEIDER.NS,0.8008446895462072,0.025338525018887663,0.0794858939884235,0
2016-03-31,144.06185052881062,147.87525022711392,123.25762155243461,126.0117416381836,238945,10291700000.0,970300000.0,20648400000.0,5271400000.0,6582300000.0,2771400000.0,123.417175,1.63,32.384,435722226.0,SEQUENT.NS,0.8008446895462072,0.025338525018887663,0.0794858939884235,0
2016-06-30,127.11338548584959,149.57008231862224,93.21649234081505,121.64751434326172,5473747,10291700000.0,970300000.0,20648400000.0,5271400000.0,6582300000.0,2771400000.0,123.417175,1.63,32.384,435722226.0,SEQUENT.NS,0.8008446895462072,0.025338525018887663,0.0794858939884235,0
2016-09-30,122.87628338766703,126.26596777945969,90.08102374054256,112.28350067138672,6461209,10291700000.0,970300000.0,20648400000.0,5271400000.0,6582300000.0,2771400000.0,123.417175,1.63,32.384,435722226.0,SEQUENT.NS,0.8008446895462072,0.025338525018887663,0.0794858939884235,0
2016-12-31,111.60555837997065,114.19019722935192,89.82679509443406,93.13174438476562,3238710,10291700000.0,970300000.0,20648400000.0,5271400000.0,6582300000.0,2771400000.0,123.417175,1.63,32.384,435722226.0,SEQUENT.NS,0.8008446895462072,0.025338525018887663,0.0794858939884235,1
2017-03-31,94.69947300357369,128.97771630035598,93.51308326933145,108.59720611572266,5940328,10291700000.0,970300000.0,20648400000.0,5271400000.0,6582300000.0,2771400000.0,123.417175,1.63,32.384,435722226.0,SEQUENT.NS,0.8008446895462072,0.025338525018887663,0.0794858939884235,0
2017-06-30,108.47008774146482,123.13050691245448,88.30144120835514,102.28390502929688,8807612,10291700000.0,970300000.0,20648400000.0,5271400000.0,6582300000.0,2771400000.0,123.417175,1.63,32.384,435722226.0,SEQUENT.NS,0.8008446895462072,0.025338525018887663,0.0794858939884235,0
2017-09-30,103.80927258803844,114.23256384517279,91.81823997023139,99.52978515625,5735839,10291700000.0,970300000.0,20648400000.0,5271400000.0,6582300000.0,2771400000.0,123.417175,1.63,32.384,435722226.0,SEQUENT.NS,0.8008446895462072,0.025338525018887663,0.0794858939884235,0
2017-12-31,99.86875365083434,105.33463009270818,81.69153357872875,82.90503692626953,11633576,10291700000.0,970300000.0,20648400000.0,5271400000.0,6582300000.0,2771400000.0,123.417175,1.63,32.384,435722226.0,SEQUENT.NS,0.8008446895462072,0.025338525018887663,0.0794858939884235,0
2018-03-31,82.94750479958651,92.8009668591525,52.792497826416586,65.53404998779297,21580228,10291700000.0,970300000.0,20648400000.0,5271400000.0,6582300000.0,2771400000.0,123.417175,1.63,32.384,435722226.0,SEQUENT.NS,0.8008446895462072,0.025338525018887663,0.0794858939884235,0
2018-06-30,66.42595312395684,81.39222166861582,44.22841678676464,53.83030700683594,20196890,10291700000.0,970300000.0,20648400000.0,5271400000.0,6582300000.0,2771400000.0,123.417175,1.63,32.384,435722226.0,SEQUENT.NS,0.8008446895462072,0.025338525018887663,0.0794858939884235,0
2018-09-30,54.12881356244605,77.0141644779006,47.01445589872932,50.248252868652344,86489742,10291700000.0,970300000.0,20648400000.0,5271400000.0,6582300000.0,2771400000.0,123.417175,1.63,32.384,435722226.0,SEQUENT.NS,0.8008446895462072,0.025338525018887663,0.0794858939884235,1
2018-12-31,50.696012251095624,73.53161211223194,42.43738672899587,67.41226959228516,29559604,10291700000.0,970300000.0,20648400000.0,5271400000.0,6582300000.0,2771400000.0,123.417175,1.63,32.384,435722226.0,SEQUENT.NS,0.8008446895462072,0.025338525018887663,0.0794858939884235,1
2019-03-31,67.95952330157562,88.80508460998536,61.19342113676525,72.83509063720703,58803617,10291700000.0,970300000.0,20648400000.0,5271400000.0,6582300000.0,2771400000.0,123.417175,1.63,32.384,435722226.0,SEQUENT.NS,0.8008446895462072,0.025338525018887663,0.0794858939884235,0
2019-06-30,73.08384917103363,74.12862017687398,62.48694006832665,65.82023620605469,21454219,10291700000.0,970300000.0,20648400000.0,5271400000.0,6582300000.0,2771400000.0,123.417175,1.63,32.384,435722226.0,SEQUENT.NS,0.8008446895462072,0.025338525018887663,0.0794858939884235,1
2019-09-30,66.16849570709633,89.20403467811985,63.5814546465231,75.48417663574219,25353370,10291700000.0,970300000.0,20648400000.0,5271400000.0,6582300000.0,2771400000.0,123.417175,1.63,32.384,435722226.0,SEQUENT.NS,0.8008446895462072,0.025338525018887663,0.0794858939884235,0
2019-12-31,74.83560046589189,79.52529359620769,62.86190319745419,70.5450210571289,13331383,10291700000.0,970300000.0,20648400000.0,5271400000.0,6582300000.0,2771400000.0,123.417175,1.63,32.384,435722226.0,SEQUENT.NS,0.8008446895462072,0.025338525018887663,0.0794858939884235,1
2020-03-31,70.4951387520956,99.03244300221708,51.58667166224768,77.62946319580078,37938847,10291700000.0,970300000.0,20648400000.0,5271400000.0,6582300000.0,2771400000.0,123.417175,1.63,32.384,435722226.0,SEQUENT.NS,0.8008446895462072,0.025338525018887663,0.0794858939884235,1
2020-06-30,78.82683423100686,99.63112549081866,68.84875269856987,91.44910430908203,57489987,10291700000.0,970300000.0,20648400000.0,5271400000.0,6582300000.0,2771400000.0,123.417175,1.63,32.384,435722226.0,SEQUENT.NS,0.8008446895462072,0.025338525018887663,0.0794858939884235,1
2020-09-30,91.79833233199999,162.39324683158858,91.44910106848845,153.3630828857422,136914469,10291700000.0,970300000.0,20648400000.0,5271400000.0,6582300000.0,2771400000.0,123.417175,1.63,32.384,435722226.0,SEQUENT.NS,0.8008446895462072,0.025338525018887663,0.0794858939884235,1
2020-12-31,154.4606715980686,178.60762325211633,136.55003252803203,169.1783447265625,62560098,10291700000.0,970300000.0,20648400000.0,5271400000.0,6582300000.0,2771400000.0,123.417175,1.63,32.384,435722226.0,SEQUENT.NS,0.8008446895462072,0.025338525018887663,0.0794858939884235,1
2021-03-31,170.92451578061332,264.41911453128455,168.72932830593726,240.37193298339844,59803047,10291700000.0,970300000.0,20648400000.0,5271400000.0,6582300000.0,2771400000.0,123.417175,1.63,32.384,435722226.0,SEQUENT.NS,0.8008446895462072,0.025338525018887663,0.0794858939884235,1
2021-06-30,242.41744192412952,335.7623718551735,234.9837844107474,312.16424560546875,73232560,10291700000.0,970300000.0,20648400000.0,5271400000.0,6582300000.0,2771400000.0,123.417175,1.63,32.384,435722226.0,SEQUENT.NS,0.8008446895462072,0.025338525018887663,0.0794858939884235,0
2021-09-30,294.35335238386443,318.45039986585624,198.0,219.75,103969019,10291700000.0,970300000.0,20648400000.0,5271400000.0,6582300000.0,2771400000.0,123.417175,1.63,32.384,435722226.0,SEQUENT.NS,0.8008446895462072,0.025338525018887663,0.0794858939884235,0
2021-12-31,216.0,226.64999389648438,144.75,160.9499969482422,154611823,10291700000.0,970300000.0,20648400000.0,5271400000.0,6582300000.0,2771400000.0,123.417175,1.63,32.384,435722226.0,SEQUENT.NS,0.8008446895462072,0.025338525018887663,0.0794858939884235,0
2022-03-31,161.8000030517578,203.0,120.94999694824219,133.8000030517578,159295674,10291700000.0,970300000.0,20648400000.0,5271400000.0,6582300000.0,2771400000.0,123.417175,1.63,32.384,435722226.0,SEQUENT.NS,0.8008446895462072,0.025338525018887663,0.0794858939884235,0
2022-06-30,133.89999389648438,156.0,82.0,92.8499984741211,105202396,10291700000.0,970300000.0,20648400000.0,5271400000.0,6582300000.0,2771400000.0,123.417175,1.63,32.384,435722226.0,SEQUENT.NS,0.8008446895462072,0.025338525018887663,0.0794858939884235,1
2022-09-30,93.55000305175781,132.5,91.19999694824219,103.44999694824219,87915870,10291700000.0,970300000.0,20648400000.0,5271400000.0,6582300000.0,2771400000.0,123.417175,1.63,32.384,435722226.0,SEQUENT.NS,0.8008446895462072,0.025338525018887663,0.0794858939884235,0
2022-12-31,103.94999694824219,113.3499984741211,82.55000305175781,87.5999984741211,49855940,10291700000.0,970300000.0,20648400000.0,5271400000.0,6582300000.0,2771400000.0,123.417175,1.63,32.384,435722226.0,SEQUENT.NS,0.8008446895462072,0.025338525018887663,0.0794858939884235,0
2023-03-31,88.25,89.4000015258789,61.79999923706055,72.5999984741211,155172512,10291700000.0,970300000.0,20648400000.0,5271400000.0,6582300000.0,2771400000.0,123.417175,1.63,32.384,435722226.0,SEQUENT.NS,0.8008446895462072,0.025338525018887663,0.0794858939884235,1
2023-06-30,72.5999984741211,95.6500015258789,69.80000305175781,94.3499984741211,154570963,10291700000.0,970300000.0,20648400000.0,5271400000.0,6582300000.0,2771400000.0,123.417175,1.63,32.384,435722226.0,SEQUENT.NS,0.8008446895462072,0.025338525018887663,0.0794858939884235,0
2023-09-30,94.69999694824219,103.9000015258789,86.4000015258789,92.6500015258789,119866819,10291700000.0,970300000.0,20648400000.0,5271400000.0,6582300000.0,2771400000.0,123.417175,1.63,32.384,435722226.0,SEQUENT.NS,0.8008446895462072,0.025338525018887663,0.0794858939884235,1
2023-12-31,92.1500015258789,128.6999969482422,90.6500015258789,113.75,242362171,10291700000.0,970300000.0,20648400000.0,5271400000.0,6582300000.0,2771400000.0,123.417175,1.63,32.384,435722226.0,SEQUENT.NS,0.8008446895462072,0.025338525018887663,0.0794858939884235,1
2024-03-31,114.30000305175781,155.5,112.0999984741211,115.5,163979440,10291700000.0,970300000.0,20648400000.0,5271400000.0,6582300000.0,2771400000.0,123.417175,1.63,32.384,435722226.0,SEQUENT.NS,0.8008446895462072,0.025338525018887663,0.0794858939884235,1
2024-06-30,116.80000305175781,134.85000610351562,92.05000305175781,116.93000030517578,58403497,10291700000.0,970300000.0,20648400000.0,5271400000.0,6582300000.0,2771400000.0,123.417175,1.63,32.384,435722226.0,SEQUENT.NS,0.8008446895462072,0.025338525018887663,0.0794858939884235,1
2024-09-30,117.0,237.85000610351562,116.80000305175781,232.22000122070312,292378419,10291700000.0,970300000.0,15620500000.0,4892000000.0,6795800000.0,680500000.0,123.417175,1.63,32.384,435722226.0,SEQUENT.NS,0.7198563818829277,0.025338525018887663,0.0794858939884235,0
2024-12-31,231.50999450683594,240.6999969482422,164.52000427246094,175.86000061035156,50867147,7740300000.0,446100000.0,15620500000.0,4892000000.0,6795800000.0,680500000.0,123.417175,1.63,32.384,435722226.0,SEQUENT.NS,0.7198563818829277,0.025338525018887663,0.0794858939884235,0
2025-03-31,177.0,210.0,129.99000549316406,130.82000732421875,33529571,3973060000.0,93180000.0,16019460000.0,4812430000.0,7044740000.0,626600000.0,123.417175,1.63,32.384,435722226.0,SEQUENT.NS,0.6831238626265838,0.0058166754684614835,0.013226889849731856,1
2025-06-30,130.82000732421875,203.4499969482422,117.3499984741211,192.75,56220109,4414200000.0,143100000.0,16019460000.0,4812430000.0,7044740000.0,626600000.0,123.417175,1.63,32.384,435722226.0,SEQUENT.NS,0.6831238626265838,0.0058166754684614835,0.013226889849731856,0
2025-09-30,192.75,209.0,166.0,186.2899932861328,40411059,4239900000.0,147400000.0,17261300000.0,4903100000.0,8090600000.0,707700000.0,123.417175,1.63,32.384,435722226.0,SEQUENT.NS,0.6060242750846662,0.008539333653896287,0.018218673522359282,1
2025-12-31,186.2899932861328,257.8500061035156,186.05999755859375,208.5399932861328,99856563,8584100000.0,384400000.0,17261300000.0,4903100000.0,8090600000.0,707700000.0,123.417175,1.63,32.384,435722226.0,SEQUENT.NS,0.6060242750846662,0.008539333653896287,0.018218673522359282,0
2026-03-31,208.44000244140625,240.0,188.0,188.42999267578125,39340242,8584100000.0,384400000.0,17261300000.0,4903100000.0,8090600000.0,707700000.0,123.417175,1.63,32.384,435722226.0,SEQUENT.NS,0.6060242750846662,0.008539333653896287,0.018218673522359282,0
2016-03-31,1056.1476134298202,1129.0832774341156,1056.1476134298202,1089.899658203125,34206,8584100000.0,384400000.0,17261300000.0,4903100000.0,8090600000.0,707700000.0,14.927785,99.01,556.084,49437963.0,SKFINDIA.NS,0.6060242750846662,0.008539333653896287,0.018218673522359282,1
2016-06-30,1102.6591315854005,1224.2187163095266,1017.3947767066115,1194.1739501953125,512760,8584100000.0,384400000.0,17261300000.0,4903100000.0,8090600000.0,707700000.0,14.927785,99.01,556.084,49437963.0,SKFINDIA.NS,0.6060242750846662,0.008539333653896287,0.018218673522359282,1
2016-09-30,1211.243985553514,1283.4579012375136,1141.4182833988318,1222.26611328125,580210,8584100000.0,384400000.0,17261300000.0,4903100000.0,8090600000.0,707700000.0,14.927785,99.01,556.084,49437963.0,SKFINDIA.NS,0.6060242750846662,0.008539333653896287,0.018218673522359282,0
2016-12-31,1212.547172954518,1351.1002360873467,1037.7320691780392,1100.4058837890625,1209382,8584100000.0,384400000.0,17261300000.0,4903100000.0,8090600000.0,707700000.0,14.927785,99.01,556.084,49437963.0,SKFINDIA.NS,0.6060242750846662,0.008539333653896287,0.018218673522359282,1
2017-03-31,1104.851222559821,1412.1174856904267,1099.2289429852801,1394.5096435546875,1979274,8584100000.0,384400000.0,17261300000.0,4903100000.0,8090600000.0,707700000.0,14.927785,99.01,556.084,49437963.0,SKFINDIA.NS,0.6060242750846662,0.008539333653896287,0.018218673522359282,0
2017-06-30,1390.3255798656087,1524.1282048420665,1318.0201825963725,1364.872802734375,618192,8584100000.0,384400000.0,17261300000.0,4903100000.0,8090600000.0,707700000.0,14.927785,99.01,556.084,49437963.0,SKFINDIA.NS,0.6060242750846662,0.008539333653896287,0.018218673522359282,0
2017-09-30,1377.2506993338159,1480.1083972858232,1295.712981100879,1331.9439697265625,1369537,8584100000.0,384400000.0,17261300000.0,4903100000.0,8090600000.0,707700000.0,14.927785,99.01,556.084,49437963.0,SKFINDIA.NS,0.6060242750846662,0.008539333653896287,0.018218673522359282,1
2017-12-31,1331.9441493905215,1728.1584899953596,1331.9441493905215,1693.8138427734375,1158846,8584100000.0,384400000.0,17261300000.0,4903100000.0,8090600000.0,707700000.0,14.927785,99.01,556.084,49437963.0,SKFINDIA.NS,0.6060242750846662,0.008539333653896287,0.018218673522359282,0
2018-03-31,1701.884393931911,1728.2021938380747,1458.4008479088566,1538.012451171875,948787,8584100000.0,384400000.0,17261300000.0,4903100000.0,8090600000.0,707700000.0,14.927785,99.01,556.084,49437963.0,SKFINDIA.NS,0.6060242750846662,0.008539333653896287,0.018218673522359282,0
2018-06-30,1538.01236417275,1688.7256368980761,1496.6933940569431,1502.17626953125,770079,8584100000.0,384400000.0,17261300000.0,4903100000.0,8090600000.0,707700000.0,14.927785,99.01,556.084,49437963.0,SKFINDIA.NS,0.6060242750846662,0.008539333653896287,0.018218673522359282,0
2018-09-30,1504.5008871016803,1607.4921154721917,1413.6215105701215,1487.6368408203125,1059566,8584100000.0,384400000.0,17261300000.0,4903100000.0,8090600000.0,707700000.0,14.927785,99.01,556.084,49437963.0,SKFINDIA.NS,0.6060242750846662,0.008539333653896287,0.018218673522359282,1
2018-12-31,1466.1742635767264,1716.042032908254,1436.1441919010301,1684.5546875,1332861,8584100000.0,384400000.0,17261300000.0,4903100000.0,8090600000.0,707700000.0,14.927785,99.01,556.084,49437963.0,SKFINDIA.NS,0.6060242750846662,0.008539333653896287,0.018218673522359282,1
2019-03-31,1679.0344511180567,1775.3072771278862,1668.78890221744,1739.712890625,1878182,8584100000.0,384400000.0,17261300000.0,4903100000.0,8090600000.0,707700000.0,14.927785,99.01,556.084,49437963.0,SKFINDIA.NS,0.6060242750846662,0.008539333653896287,0.018218673522359282,1
2019-06-30,1810.636767147999,1912.2092394817523,1581.8782983275823,1770.449462890625,912839,8584100000.0,384400000.0,17261300000.0,4903100000.0,8090600000.0,707700000.0,14.927785,99.01,556.084,49437963.0,SKFINDIA.NS,0.6060242750846662,0.008539333653896287,0.018218673522359282,1
2019-09-30,1768.6829345735246,1984.060207803245,1582.990855624712,1912.1566162109375,1116858,8584100000.0,384400000.0,17261300000.0,4903100000.0,8090600000.0,707700000.0,14.927785,99.01,556.084,49437963.0,SKFINDIA.NS,0.6060242750846662,0.008539333653896287,0.018218673522359282,1
2019-12-31,1912.1563933304399,2034.4552283627572,1787.414002484011,1933.5322265625,974179,8584100000.0,384400000.0,17261300000.0,4903100000.0,8090600000.0,707700000.0,14.927785,99.01,556.084,49437963.0,SKFINDIA.NS,0.6060242750846662,0.008539333653896287,0.018218673522359282,0
2020-03-31,1937.0428216571654,2060.1854411511795,1093.2195952451398,1306.1751708984375,1206328,8584100000.0,384400000.0,17261300000.0,4903100000.0,8090600000.0,707700000.0,14.927785,99.01,556.084,49437963.0,SKFINDIA.NS,0.6060242750846662,0.008539333653896287,0.018218673522359282,1
2020-06-30,1308.308158426589,1494.9554680522795,1185.2100463756403,1483.534423828125,2971714,8584100000.0,384400000.0,17261300000.0,4903100000.0,8090600000.0,707700000.0,14.927785,99.01,556.084,49437963.0,SKFINDIA.NS,0.6060242750846662,0.008539333653896287,0.018218673522359282,0
2020-09-30,1490.9115240853014,1757.5948268542897,1369.3456514143445,1402.8941650390625,3578606,8584100000.0,384400000.0,17261300000.0,4903100000.0,8090600000.0,707700000.0,14.927785,99.01,556.084,49437963.0,SKFINDIA.NS,0.6060242750846662,0.008539333653896287,0.018218673522359282,1
2020-12-31,1392.8630715604943,1670.226067716168,1382.880183960915,1636.9654541015625,1732033,8584100000.0,384400000.0,17261300000.0,4903100000.0,8090600000.0,707700000.0,14.927785,99.01,556.084,49437963.0,SKFINDIA.NS,0.6060242750846662,0.008539333653896287,0.018218673522359282,1
2021-03-31,1633.7497577309846,2411.6530274726647,1633.7497577309846,2159.19921875,4553965,8584100000.0,384400000.0,17261300000.0,4903100000.0,8090600000.0,707700000.0,14.927785,99.01,556.084,49437963.0,SKFINDIA.NS,0.6060242750846662,0.008539333653896287,0.018218673522359282,1
2021-06-30,2133.8579097432194,2617.6472807782848,2007.2951672030008,2572.8203125,2953733,8584100000.0,384400000.0,17261300000.0,4903100000.0,8090600000.0,707700000.0,14.927785,99.01,556.084,49437963.0,SKFINDIA.NS,0.6060242750846662,0.008539333653896287,0.018218673522359282,1
2021-09-30,2548.5346299675566,3149.1363214386492,2414.9813809546017,2983.379638671875,4885493,8584100000.0,384400000.0,17261300000.0,4903100000.0,8090600000.0,707700000.0,14.927785,99.01,556.084,49437963.0,SKFINDIA.NS,0.6060242750846662,0.008539333653896287,0.018218673522359282,1
2021-12-31,2989.8941416659936,4091.9957128792093,2950.61443023412,3610.74609375,3436216,8584100000.0,384400000.0,17261300000.0,4903100000.0,8090600000.0,707700000.0,14.927785,99.01,556.084,49437963.0,SKFINDIA.NS,0.6060242750846662,0.008539333653896287,0.018218673522359282,0
2022-03-31,3585.363755578599,3912.5344127459534,3002.971113858711,3411.065673828125,2522237,8584100000.0,384400000.0,17261300000.0,4903100000.0,8090600000.0,707700000.0,14.927785,99.01,556.084,49437963.0,SKFINDIA.NS,0.6060242750846662,0.008539333653896287,0.018218673522359282,1
2022-06-30,3388.6753555882087,3565.6685816227173,2877.2663765486195,3525.73779296875,2519128,8584100000.0,384400000.0,17261300000.0,4903100000.0,8090600000.0,707700000.0,14.927785,99.01,556.084,49437963.0,SKFINDIA.NS,0.6060242750846662,0.008539333653896287,0.018218673522359282,1
2022-09-30,3508.485761487362,4896.3733163416,3467.8280801664746,4567.96142578125,3680533,8584100000.0,384400000.0,17261300000.0,4903100000.0,8090600000.0,707700000.0,14.927785,99.01,556.084,49437963.0,SKFINDIA.NS,0.6060242750846662,0.008539333653896287,0.018218673522359282,0
2022-12-31,4564.908460846743,5015.583825342715,4168.507289226078,4360.50537109375,2528908,8584100000.0,384400000.0,17261300000.0,4903100000.0,8090600000.0,707700000.0,14.927785,99.01,556.084,49437963.0,SKFINDIA.NS,0.6060242750846662,0.008539333653896287,0.018218673522359282,0
2023-03-31,4334.240127628201,4656.400752480592,3838.109264187426,4124.6513671875,1357247,8584100000.0,384400000.0,17261300000.0,4903100000.0,8090600000.0,707700000.0,14.927785,99.01,556.084,49437963.0,SKFINDIA.NS,0.6060242750846662,0.008539333653896287,0.018218673522359282,1
2023-06-30,4133.616620656047,4934.684334139359,3945.301858476963,4862.43505859375,1489845,8584100000.0,384400000.0,17261300000.0,4903100000.0,8090600000.0,707700000.0,14.927785,99.01,556.084,49437963.0,SKFINDIA.NS,0.6060242750846662,0.008539333653896287,0.018218673522359282,1
2023-09-30,4887.983550715869,5407.705006405323,4782.466535982308,4994.0869140625,1974251,8584100000.0,384400000.0,17261300000.0,4903100000.0,8090600000.0,707700000.0,14.927785,99.01,556.084,49437963.0,SKFINDIA.NS,0.6060242750846662,0.008539333653896287,0.018218673522359282,0
2023-12-31,5129.305202618588,5254.362397877502,4338.9034037791735,4494.34619140625,1694614,8584100000.0,384400000.0,17261300000.0,4903100000.0,8090600000.0,707700000.0,14.927785,99.01,556.084,49437963.0,SKFINDIA.NS,0.6060242750846662,0.008539333653896287,0.018218673522359282,0
2024-03-31,4512.664970420241,4709.190751361422,3931.97881241171,4063.044677734375,2521280,8584100000.0,384400000.0,17261300000.0,4903100000.0,8090600000.0,707700000.0,14.927785,99.01,556.084,49437963.0,SKFINDIA.NS,0.6060242750846662,0.008539333653896287,0.018218673522359282,1
2024-06-30,4084.3439122811633,7181.027172917005,4083.9040667147674,6318.8154296875,4699947,8584100000.0,384400000.0,17261300000.0,4903100000.0,8090600000.0,707700000.0,14.927785,99.01,556.084,49437963.0,SKFINDIA.NS,0.6060242750846662,0.008539333653896287,0.018218673522359282,0
2024-09-30,6359.801411971967,6594.820976060646,4915.752157228912,5420.4892578125,4216872,8584100000.0,384400000.0,35094900000.0,102100000.0,22931600000.0,7766300000.0,14.927785,99.01,556.084,49437963.0,SKFINDIA.NS,0.004452371400163966,0.008539333653896287,0.018218673522359282,0
2024-12-31,5395.36194813887,5476.7262116252305,4321.474426522237,4465.357421875,2743417,12561000000.0,1095000000.0,35094900000.0,102100000.0,22931600000.0,7766300000.0,14.927785,99.01,556.084,49437963.0,SKFINDIA.NS,0.004452371400163966,0.008539333653896287,0.018218673522359282,0
2025-03-31,4464.41010553358,4558.288300087081,3530.7663227851085,3839.421875,2784924,11239500000.0,2032800000.0,35638000000.0,69200000.0,25979600000.0,7107700000.0,14.927785,99.01,556.084,49437963.0,SKFINDIA.NS,0.0026636283853485043,0.05704023794825748,0.07824600840659594,1
2025-06-30,3823.4679938606737,4949.85350602684,3530.7663158911523,4801.8818359375,4136706,12831500000.0,1182100000.0,35638000000.0,69200000.0,25979600000.0,7107700000.0,14.927785,99.01,556.084,49437963.0,SKFINDIA.NS,0.0026636283853485043,0.05704023794825748,0.07824600840659594,0
2025-09-30,4845.954116883842,5035.20572025805,4408.2001953125,4715.60009765625,2252226,13090600000.0,1054900000.0,38726600000.0,33500000.0,27540500000.0,7949700000.0,14.927785,99.01,556.084,49437963.0,SKFINDIA.NS,0.0012163904068553586,0.027239675055388286,0.038303589259454256,0
2025-12-31,4760.0,5074.0,1720.0,1851.0999755859375,3428144,5766400000.0,620000000.0,38726600000.0,33500000.0,27540500000.0,7949700000.0,14.927785,99.01,556.084,49437963.0,SKFINDIA.NS,0.0012163904068553586,0.027239675055388286,0.038303589259454256,0
2026-03-31,1867.9000244140625,1914.0,1463.300048828125,1478.0,4105479,5766400000.0,620000000.0,38726600000.0,33500000.0,27540500000.0,7949700000.0,14.927785,99.01,556.084,49437963.0,SKFINDIA.NS,0.0012163904068553586,0.027239675055388286,0.038303589259454256,0
2016-03-31,886.1936782051944,962.6495632075828,862.3880030064064,941.8413696289062,3491718,5766400000.0,620000000.0,38726600000.0,33500000.0,27540500000.0,7949700000.0,16.370764,55.48,299.064,92172714.0,STAR.NS,0.0012163904068553586,0.027239675055388286,0.038303589259454256,1
2016-06-30,942.6233983299179,1056.7858002692615,867.1231157079282,980.764404296875,19731289,5766400000.0,620000000.0,38726600000.0,33500000.0,27540500000.0,7949700000.0,16.370764,55.48,299.064,92172714.0,STAR.NS,0.0012163904068553586,0.027239675055388286,0.038303589259454256,0
2016-09-30,1012.1286671422073,1046.9247605545092,800.4919705223853,877.1840209960938,27958013,5766400000.0,620000000.0,38726600000.0,33500000.0,27540500000.0,7949700000.0,16.370764,55.48,299.064,92172714.0,STAR.NS,0.0012163904068553586,0.027239675055388286,0.038303589259454256,1
2016-12-31,884.8138716733197,1000.1788012607057,815.3157651602977,926.2335815429688,25877009,5766400000.0,620000000.0,38726600000.0,33500000.0,27540500000.0,7949700000.0,16.370764,55.48,299.064,92172714.0,STAR.NS,0.0012163904068553586,0.027239675055388286,0.038303589259454256,1
2017-03-31,927.2799379647931,1111.5327658249375,909.1425766186245,957.8871459960938,23132883,5766400000.0,620000000.0,38726600000.0,33500000.0,27540500000.0,7949700000.0,16.370764,55.48,299.064,92172714.0,STAR.NS,0.0012163904068553586,0.027239675055388286,0.038303589259454256,0
2017-06-30,954.8350190016716,1000.178833322234,739.4521399790162,872.4750366210938,17856373,5766400000.0,620000000.0,38726600000.0,33500000.0,27540500000.0,7949700000.0,16.370764,55.48,299.064,92172714.0,STAR.NS,0.0012163904068553586,0.027239675055388286,0.038303589259454256,0
2017-09-30,884.2034669753342,961.1135343571043,754.3197318663384,776.2349243164062,19852312,5766400000.0,620000000.0,38726600000.0,33500000.0,27540500000.0,7949700000.0,16.370764,55.48,299.064,92172714.0,STAR.NS,0.0012163904068553586,0.027239675055388286,0.038303589259454256,0
2017-12-31,788.0690692025123,793.3287289323479,659.4709943008351,721.4031982421875,41626005,5766400000.0,620000000.0,38726600000.0,33500000.0,27540500000.0,7949700000.0,16.370764,55.48,299.064,92172714.0,STAR.NS,0.0012163904068553586,0.027239675055388286,0.038303589259454256,0
2018-03-31,720.5704265338749,735.1657851576398,562.737421495025,586.5811157226562,23266983,5766400000.0,620000000.0,38726600000.0,33500000.0,27540500000.0,7949700000.0,16.370764,55.48,299.064,92172714.0,STAR.NS,0.0012163904068553586,0.027239675055388286,0.038303589259454256,0
2018-06-30,591.7092938659765,634.8302392103717,313.3489767182891,370.9326171875,245458272,5766400000.0,620000000.0,38726600000.0,33500000.0,27540500000.0,7949700000.0,16.370764,55.48,299.064,92172714.0,STAR.NS,0.0012163904068553586,0.027239675055388286,0.038303589259454256,1
2018-09-30,371.2616733053805,488.04228663028874,319.74197613736436,410.540771484375,157016038,5766400000.0,620000000.0,38726600000.0,33500000.0,27540500000.0,7949700000.0,16.370764,55.48,299.064,92172714.0,STAR.NS,0.0012163904068553586,0.027239675055388286,0.038303589259454256,1
2018-12-31,407.8032177689978,463.4041534829884,368.2972800335542,435.1789245605469,78770814,5766400000.0,620000000.0,38726600000.0,33500000.0,27540500000.0,7949700000.0,16.370764,55.48,299.064,92172714.0,STAR.NS,0.0012163904068553586,0.027239675055388286,0.038303589259454256,1
2019-03-31,437.35003123666064,520.5155729190544,370.2324797682122,439.6628723144531,111609007,5766400000.0,620000000.0,38726600000.0,33500000.0,27540500000.0,7949700000.0,16.370764,55.48,299.064,92172714.0,STAR.NS,0.0012163904068553586,0.027239675055388286,0.038303589259454256,0
2019-06-30,450.18833841408,479.59354371674607,366.5509073982028,376.5572204589844,68306464,5766400000.0,620000000.0,38726600000.0,33500000.0,27540500000.0,7949700000.0,16.370764,55.48,299.064,92172714.0,STAR.NS,0.0012163904068553586,0.027239675055388286,0.038303589259454256,0
2019-09-30,377.9731705242728,408.82662836309106,293.0091615447002,302.2931213378906,93269486,5766400000.0,620000000.0,38726600000.0,33500000.0,27540500000.0,7949700000.0,16.370764,55.48,299.064,92172714.0,STAR.NS,0.0012163904068553586,0.027239675055388286,0.038303589259454256,1
2019-12-31,303.5702753543762,406.72521393155057,282.9392643937815,355.58984375,46588682,5766400000.0,620000000.0,38726600000.0,33500000.0,27540500000.0,7949700000.0,16.370764,55.48,299.064,92172714.0,STAR.NS,0.0012163904068553586,0.027239675055388286,0.038303589259454256,0
2020-03-31,356.62139552257514,538.0268062501483,263.2907336227015,316.4891662597656,38857969,5766400000.0,620000000.0,38726600000.0,33500000.0,27540500000.0,7949700000.0,16.370764,55.48,299.064,92172714.0,STAR.NS,0.0012163904068553586,0.027239675055388286,0.038303589259454256,1
2020-06-30,319.19090244875986,497.403333491275,297.8721997075922,402.40252685546875,68599531,5766400000.0,620000000.0,38726600000.0,33500000.0,27540500000.0,7949700000.0,16.370764,55.48,299.064,92172714.0,STAR.NS,0.0012163904068553586,0.027239675055388286,0.038303589259454256,1
2020-09-30,402.99200240635884,745.3038930448799,397.0974340434067,710.3092041015625,114174085,5766400000.0,620000000.0,38726600000.0,33500000.0,27540500000.0,7949700000.0,16.370764,55.48,299.064,92172714.0,STAR.NS,0.0012163904068553586,0.027239675055388286,0.038303589259454256,1
2020-12-31,715.4917390000406,916.082192313661,586.371547912853,866.9218139648438,54050957,5766400000.0,620000000.0,38726600000.0,33500000.0,27540500000.0,7949700000.0,16.370764,55.48,299.064,92172714.0,STAR.NS,0.0012163904068553586,0.027239675055388286,0.038303589259454256,0
2021-03-31,871.4627340275662,986.1703365576312,730.4966108086074,833.8519897460938,38005913,5766400000.0,620000000.0,38726600000.0,33500000.0,27540500000.0,7949700000.0,16.370764,55.48,299.064,92172714.0,STAR.NS,0.0012163904068553586,0.027239675055388286,0.038303589259454256,0
2021-06-30,843.0325587592591,934.8381441340102,660.1122192229064,749.5487060546875,45364004,5766400000.0,620000000.0,38726600000.0,33500000.0,27540500000.0,7949700000.0,16.370764,55.48,299.064,92172714.0,STAR.NS,0.0012163904068553586,0.027239675055388286,0.038303589259454256,0
2021-09-30,752.2633770511136,807.4948687502617,557.0998833233306,583.7887573242188,45825612,5766400000.0,620000000.0,38726600000.0,33500000.0,27540500000.0,7949700000.0,16.370764,55.48,299.064,92172714.0,STAR.NS,0.0012163904068553586,0.027239675055388286,0.038303589259454256,0
2021-12-31,581.2139815639905,603.0503864492267,399.3927489972792,442.7188720703125,70659121,5766400000.0,620000000.0,38726600000.0,33500000.0,27540500000.0,7949700000.0,16.370764,55.48,299.064,92172714.0,STAR.NS,0.0012163904068553586,0.027239675055388286,0.038303589259454256,0
2022-03-31,443.65967037671237,462.376575835253,301.2528662031927,343.2420654296875,63031756,5766400000.0,620000000.0,38726600000.0,33500000.0,27540500000.0,7949700000.0,16.370764,55.48,299.064,92172714.0,STAR.NS,0.0012163904068553586,0.027239675055388286,0.038303589259454256,0
2022-06-30,343.2420711137798,385.18176786138764,260.79860504187474,327.4961242675781,63468541,5766400000.0,620000000.0,38726600000.0,33500000.0,27540500000.0,7949700000.0,16.370764,55.48,299.064,92172714.0,STAR.NS,0.0012163904068553586,0.027239675055388286,0.038303589259454256,1
2022-09-30,321.9008347434733,361.4638004061304,300.5596176459499,328.93206787109375,23631927,5766400000.0,620000000.0,38726600000.0,33500000.0,27540500000.0,7949700000.0,16.370764,55.48,299.064,92172714.0,STAR.NS,0.0012163904068553586,0.027239675055388286,0.038303589259454256,1
2022-12-31,324.77276957468905,388.20220894005934,284.21947007624146,346.4606018066406,36259534,5766400000.0,620000000.0,38726600000.0,33500000.0,27540500000.0,7949700000.0,16.370764,55.48,299.064,92172714.0,STAR.NS,0.0012163904068553586,0.027239675055388286,0.038303589259454256,0
2023-03-31,347.00524748180817,369.2872247720941,265.55211065515323,283.5758056640625,17845611,5766400000.0,620000000.0,38726600000.0,33500000.0,27540500000.0,7949700000.0,16.370764,55.48,299.064,92172714.0,STAR.NS,0.0012163904068553586,0.027239675055388286,0.038303589259454256,1
2023-06-30,285.45737405506287,437.2226430407046,284.6156029874467,426.477783203125,44564877,5766400000.0,620000000.0,38726600000.0,33500000.0,27540500000.0,7949700000.0,16.370764,55.48,299.064,92172714.0,STAR.NS,0.0012163904068553586,0.027239675055388286,0.038303589259454256,1
2023-09-30,445.6403106021423,545.5249792524882,409.49153339226,504.8838806152344,50932353,5766400000.0,620000000.0,38726600000.0,33500000.0,27540500000.0,7949700000.0,16.370764,55.48,299.064,92172714.0,STAR.NS,0.0012163904068553586,0.027239675055388286,0.038303589259454256,1
2023-12-31,505.3807175409001,660.7907358228856,464.04401223590264,645.1404418945312,42680202,5766400000.0,620000000.0,38726600000.0,33500000.0,27540500000.0,7949700000.0,16.370764,55.48,299.064,92172714.0,STAR.NS,0.0012163904068553586,0.027239675055388286,0.038303589259454256,1
2024-03-31,646.8793363181243,833.2919091874078,639.7249119453513,779.7330322265625,42892484,5766400000.0,620000000.0,38726600000.0,33500000.0,27540500000.0,7949700000.0,16.370764,55.48,299.064,92172714.0,STAR.NS,0.0012163904068553586,0.027239675055388286,0.038303589259454256,1
2024-06-30,793.644461786797,987.5591670819639,682.8502471140165,942.8440551757812,22953345,5766400000.0,620000000.0,38726600000.0,33500000.0,27540500000.0,7949700000.0,16.370764,55.48,299.064,92172714.0,STAR.NS,0.0012163904068553586,0.027239675055388286,0.038303589259454256,1
2024-09-30,942.7446687361796,1438.4982931459208,894.8497375448027,1392.705322265625,25503075,11669340000.0,718430000.0,59896290000.0,23084920000.0,22714150000.0,1306380000.0,16.370764,55.48,299.064,92172714.0,STAR.NS,1.0163233050763512,0.011994565940561594,0.03162918269008526,0
2024-12-31,1392.7052879360724,1667.4634472482887,634.6316185052959,656.43310546875,22248792,11536670000.0,879460000.0,59896290000.0,23084920000.0,22714150000.0,1306380000.0,16.370764,55.48,299.064,92172714.0,STAR.NS,1.0163233050763512,0.011994565940561594,0.03162918269008526,1
2025-03-31,648.9170251949267,757.5261485112721,527.6153251956652,666.18896484375,46481794,10167400000.0,821940000.0,60487250000.0,18796330000.0,25518310000.0,1125640000.0,16.370764,55.48,299.064,92172714.0,STAR.NS,0.7365820855691463,0.013588648847484387,0.03220981326741465,1
2025-06-30,671.7140044994376,909.8875206870944,510.74156639006026,895.6021118164062,39364154,11197360000.0,996080000.0,60487250000.0,18796330000.0,25518310000.0,1125640000.0,16.370764,55.48,299.064,92172714.0,STAR.NS,0.7365820855691463,0.013588648847484387,0.03220981326741465,0
2025-09-30,895.6021039383122,972.0,783.1500244140625,820.5999755859375,23156167,11197360000.0,996080000.0,60487250000.0,18796330000.0,25518310000.0,1125640000.0,16.370764,55.48,299.064,92172714.0,STAR.NS,0.7365820855691463,0.013588648847484387,0.03220981326741465,1
2025-12-31,820.0,1025.0,792.0,900.3499755859375,33080261,11946460000.0,2021070000.0,60487250000.0,18796330000.0,25518310000.0,1125640000.0,16.370764,55.48,299.064,92172714.0,STAR.NS,0.7365820855691463,0.013588648847484387,0.03220981326741465,1
2026-03-31,906.3499755859375,1010.2999877929688,768.6500244140625,908.25,21369165,11946460000.0,2021070000.0,60487250000.0,18796330000.0,25518310000.0,1125640000.0,16.370764,55.48,299.064,92172714.0,STAR.NS,0.7365820855691463,0.013588648847484387,0.03220981326741465,0
2016-03-31,776.1239121847093,782.8312579913894,707.4881852192494,753.4290161132812,22648051,11946460000.0,2021070000.0,60487250000.0,18796330000.0,25518310000.0,1125640000.0,38.953613,45.49,324.462,2399334970.0,SUNPHARMA.NS,0.7365820855691463,0.013588648847484387,0.03220981326741465,0
2016-06-30,754.3479165752499,773.6430294783054,652.4972427796074,701.1483764648438,201562795,11946460000.0,2021070000.0,60487250000.0,18796330000.0,25518310000.0,1125640000.0,38.953613,45.49,324.462,2399334970.0,SUNPHARMA.NS,0.7365820855691463,0.013588648847484387,0.03220981326741465,0
2016-09-30,706.5695066798456,785.5417608279421,673.4374062201864,683.2814331054688,182872742,11946460000.0,2021070000.0,60487250000.0,18796330000.0,25518310000.0,1125640000.0,38.953613,45.49,324.462,2399334970.0,SUNPHARMA.NS,0.7365820855691463,0.013588648847484387,0.03220981326741465,0
2016-12-31,689.9974942570678,711.1573628978914,526.1459748531511,579.5979614257812,276222397,11946460000.0,2021070000.0,60487250000.0,18796330000.0,25518310000.0,1125640000.0,38.953613,45.49,324.462,2399334970.0,SUNPHARMA.NS,0.7365820855691463,0.013588648847484387,0.03220981326741465,1
2017-03-31,582.3578063730504,670.7235332918395,568.92590340683,633.095703125,203978429,11946460000.0,2021070000.0,60487250000.0,18796330000.0,25518310000.0,1125640000.0,38.953613,45.49,324.462,2399334970.0,SUNPHARMA.NS,0.7365820855691463,0.013588648847484387,0.03220981326741465,0
2017-06-30,633.6476054632633,643.8596516973122,453.23634196748856,511.2420959472656,307446597,11946460000.0,2021070000.0,60487250000.0,18796330000.0,25518310000.0,1125640000.0,38.953613,45.49,324.462,2399334970.0,SUNPHARMA.NS,0.7365820855691463,0.013588648847484387,0.03220981326741465,0
2017-09-30,511.5180905107139,544.1779258469762,398.08253791778475,466.09979248046875,304297032,11946460000.0,2021070000.0,60487250000.0,18796330000.0,25518310000.0,1125640000.0,38.953613,45.49,324.462,2399334970.0,SUNPHARMA.NS,0.7365820855691463,0.013588648847484387,0.03220981326741465,1
2017-12-31,471.42531219576904,542.3705454725722,461.4225803921664,528.9873046875,287570126,11946460000.0,2021070000.0,60487250000.0,18796330000.0,25518310000.0,1125640000.0,38.953613,45.49,324.462,2399334970.0,SUNPHARMA.NS,0.7365820855691463,0.013588648847484387,0.03220981326741465,0
2018-03-31,529.3114110918016,563.9969716640791,455.6802300277062,458.5513916015625,396003655,11946460000.0,2021070000.0,60487250000.0,18796330000.0,25518310000.0,1125640000.0,38.953613,45.49,324.462,2399334970.0,SUNPHARMA.NS,0.7365820855691463,0.013588648847484387,0.03220981326741465,1
2018-06-30,463.9231808436728,548.2981269635885,402.88803605843856,522.3651733398438,393551740,11946460000.0,2021070000.0,60487250000.0,18796330000.0,25518310000.0,1125640000.0,38.953613,45.49,324.462,2399334970.0,SUNPHARMA.NS,0.7365820855691463,0.013588648847484387,0.03220981326741465,1
2018-09-30,524.4954344084147,629.1537501769327,491.523273552908,578.9819946289062,415924954,11946460000.0,2021070000.0,60487250000.0,18796330000.0,25518310000.0,1125640000.0,38.953613,45.49,324.462,2399334970.0,SUNPHARMA.NS,0.7365820855691463,0.013588648847484387,0.03220981326741465,0
2018-12-31,579.6786987116457,595.2388242545276,362.85655941945294,399.9225158691406,664877544,11946460000.0,2021070000.0,60487250000.0,18796330000.0,25518310000.0,1125640000.0,38.953613,45.49,324.462,2399334970.0,SUNPHARMA.NS,0.7365820855691463,0.013588648847484387,0.03220981326741465,1
2019-03-31,401.7804499694015,445.7208464436681,343.90554203891975,441.6798400878906,600462598,11946460000.0,2021070000.0,60487250000.0,18796330000.0,25518310000.0,1125640000.0,38.953613,45.49,324.462,2399334970.0,SUNPHARMA.NS,0.7365820855691463,0.013588648847484387,0.03220981326741465,0
2019-06-30,446.7892263509072,449.8548235139514,320.0773723292776,372.4714050292969,381775029,11946460000.0,2021070000.0,60487250000.0,18796330000.0,25518310000.0,1125640000.0,38.953613,45.49,324.462,2399334970.0,SUNPHARMA.NS,0.7365820855691463,0.013588648847484387,0.03220981326741465,0
2019-09-30,373.44680602136236,426.36368575653967,339.44642339884666,364.1389465332031,478800099,11946460000.0,2021070000.0,60487250000.0,18796330000.0,25518310000.0,1125640000.0,38.953613,45.49,324.462,2399334970.0,SUNPHARMA.NS,0.7365820855691463,0.013588648847484387,0.03220981326741465,1
2019-12-31,363.250706708341,437.02267901946726,348.3840166324348,404.4377746582031,356426059,11946460000.0,2021070000.0,60487250000.0,18796330000.0,25518310000.0,1125640000.0,38.953613,45.49,324.462,2399334970.0,SUNPHARMA.NS,0.7365820855691463,0.013588648847484387,0.03220981326741465,0
2020-03-31,404.8117670233072,432.44129442778933,293.8285611132137,331.7814636230469,449390468,11946460000.0,2021070000.0,60487250000.0,18796330000.0,25518310000.0,1125640000.0,38.953613,45.49,324.462,2399334970.0,SUNPHARMA.NS,0.7365820855691463,0.013588648847484387,0.03220981326741465,1
2020-06-30,332.44067339963254,482.83944068846483,318.6909967404499,445.40460205078125,841692225,11946460000.0,2021070000.0,60487250000.0,18796330000.0,25518310000.0,1125640000.0,38.953613,45.49,324.462,2399334970.0,SUNPHARMA.NS,0.7365820855691463,0.013588648847484387,0.03220981326741465,1
2020-09-30,445.9225372072938,532.870996390277,439.00060823122453,472.20062255859375,687713069,11946460000.0,2021070000.0,60487250000.0,18796330000.0,25518310000.0,1125640000.0,38.953613,45.49,324.462,2399334970.0,SUNPHARMA.NS,0.7365820855691463,0.013588648847484387,0.03220981326741465,1
2020-12-31,476.5881169556726,565.612209039355,426.72136657425466,558.9130249023438,620316621,11946460000.0,2021070000.0,60487250000.0,18796330000.0,25518310000.0,1125640000.0,38.953613,45.49,324.462,2399334970.0,SUNPHARMA.NS,0.7365820855691463,0.013588648847484387,0.03220981326741465,1
2021-03-31,559.0546360615664,622.8583822456776,519.3309668610924,568.986328125,469485265,11946460000.0,2021070000.0,60487250000.0,18796330000.0,25518310000.0,1125640000.0,38.953613,45.49,324.462,2399334970.0,SUNPHARMA.NS,0.7365820855691463,0.013588648847484387,0.03220981326741465,1
2021-06-30,571.0802787940032,687.0571665207405,564.1797297660382,642.8936767578125,435181637,11946460000.0,2021070000.0,60487250000.0,18796330000.0,25518310000.0,1125640000.0,38.953613,45.49,324.462,2399334970.0,SUNPHARMA.NS,0.7365820855691463,0.013588648847484387,0.03220981326741465,1
2021-09-30,642.4653790656425,794.8909507089941,632.1859070790284,780.8626098632812,290276513,11946460000.0,2021070000.0,60487250000.0,18796330000.0,25518310000.0,1125640000.0,38.953613,45.49,324.462,2399334970.0,SUNPHARMA.NS,0.7365820855691463,0.013588648847484387,0.03220981326741465,1
2021-12-31,774.898179681421,812.1162059981368,700.1758262696529,807.058349609375,240166878,11946460000.0,2021070000.0,60487250000.0,18796330000.0,25518310000.0,1125640000.0,38.953613,45.49,324.462,2399334970.0,SUNPHARMA.NS,0.7365820855691463,0.013588648847484387,0.03220981326741465,1
2022-03-31,806.3903225326379,895.471611872507,748.9409983943964,879.8417358398438,221862085,11946460000.0,2021070000.0,60487250000.0,18796330000.0,25518310000.0,1125640000.0,38.953613,45.49,324.462,2399334970.0,SUNPHARMA.NS,0.7365820855691463,0.013588648847484387,0.03220981326741465,0
2022-06-30,879.1202534957185,930.1458651177134,759.7562459525225,798.9029541015625,188257631,11946460000.0,2021070000.0,60487250000.0,18796330000.0,25518310000.0,1125640000.0,38.953613,45.49,324.462,2399334970.0,SUNPHARMA.NS,0.7365820855691463,0.013588648847484387,0.03220981326741465,1
2022-09-30,798.229771712089,922.0539668293244,790.5350518989804,915.44384765625,183852261,11946460000.0,2021070000.0,60487250000.0,18796330000.0,25518310000.0,1125640000.0,38.953613,45.49,324.462,2399334970.0,SUNPHARMA.NS,0.7365820855691463,0.013588648847484387,0.03220981326741465,1
2022-12-31,919.5933181585191,1033.4627993996746,902.5128049798185,966.3472290039062,155347414,11946460000.0,2021070000.0,60487250000.0,18796330000.0,25518310000.0,1125640000.0,38.953613,45.49,324.462,2399334970.0,SUNPHARMA.NS,0.7365820855691463,0.013588648847484387,0.03220981326741465,0
2023-03-31,966.3473869754131,1034.6207801534472,919.8379379404096,955.8109130859375,133002671,11946460000.0,2021070000.0,60487250000.0,18796330000.0,25518310000.0,1125640000.0,38.953613,45.49,324.462,2399334970.0,SUNPHARMA.NS,0.7365820855691463,0.013588648847484387,0.03220981326741465,1
2023-06-30,953.7691131745357,1025.7150695897144,896.8443911682698,1022.409423828125,155132945,11946460000.0,2021070000.0,60487250000.0,18796330000.0,25518310000.0,1125640000.0,38.953613,45.49,324.462,2399334970.0,SUNPHARMA.NS,0.7365820855691463,0.013588648847484387,0.03220981326741465,1
2023-09-30,1023.770613595137,1141.2531976323187,1000.1937118611287,1130.4720458984375,146889259,11946460000.0,2021070000.0,60487250000.0,18796330000.0,25518310000.0,1125640000.0,38.953613,45.49,324.462,2399334970.0,SUNPHARMA.NS,0.7365820855691463,0.013588648847484387,0.03220981326741465,1
2023-12-31,1131.3503415526498,1241.0166841731589,1042.3680831680417,1228.8206787109375,109961279,11946460000.0,2021070000.0,60487250000.0,18796330000.0,25518310000.0,1125640000.0,38.953613,45.49,324.462,2399334970.0,SUNPHARMA.NS,0.7365820855691463,0.013588648847484387,0.03220981326741465,1
2024-03-31,1230.3330787154705,1603.3498824078497,1222.03979467972,1590.1522216796875,151514932,11946460000.0,2021070000.0,60487250000.0,18796330000.0,25518310000.0,1125640000.0,38.953613,45.49,324.462,2399334970.0,SUNPHARMA.NS,0.7365820855691463,0.013588648847484387,0.03220981326741465,0
2024-06-30,1600.9947379706316,1608.1089061131531,1351.3668651546072,1492.322265625,166524718,11946460000.0,2021070000.0,60487250000.0,18796330000.0,25518310000.0,1125640000.0,38.953613,45.49,324.462,2399334970.0,SUNPHARMA.NS,0.7365820855691463,0.013588648847484387,0.03220981326741465,1
2024-09-30,1492.3222353902681,1929.6780973997247,1470.1953230003573,1896.5545654296875,131490407,132642200000.0,30401600000.0,881156600000.0,25719500000.0,691149000000.0,80125400000.0,38.953613,45.49,324.462,2399334970.0,SUNPHARMA.NS,0.037212670495074145,0.03450192621833622,0.0439870418679619,0
2024-12-31,1894.7335142236582,1921.7048464638563,1696.4353857445187,1856.8359375,117212855,134369400000.0,29033800000.0,881156600000.0,25719500000.0,691149000000.0,80125400000.0,38.953613,45.49,324.462,2399334970.0,SUNPHARMA.NS,0.037212670495074145,0.03450192621833622,0.0439870418679619,0
2025-03-31,1860.3304930722247,1873.1762396018298,1537.964051191031,1717.8494873046875,126659791,128155800000.0,21498800000.0,921005800000.0,23621900000.0,722180200000.0,102687700000.0,38.953613,45.49,324.462,2399334970.0,SUNPHARMA.NS,0.03270914932311908,0.02334274116406216,0.029769301346118323,0
2025-06-30,1714.1855319993706,1833.2179339428374,1604.3627135400736,1659.422607421875,174755465,137860700000.0,22786300000.0,921005800000.0,23621900000.0,722180200000.0,102687700000.0,38.953613,45.49,324.462,2399334970.0,SUNPHARMA.NS,0.03270914932311908,0.02334274116406216,0.029769301346118323,0
2025-09-30,1659.4225597686893,1736.7186855343634,1538.0094080385923,1584.0106201171875,153218563,137860700000.0,22786300000.0,921005800000.0,23621900000.0,722180200000.0,102687700000.0,38.953613,45.49,324.462,2399334970.0,SUNPHARMA.NS,0.03270914932311908,0.02334274116406216,0.029769301346118323,1
2025-12-31,1601.4970384204441,1837.0668475095704,1589.6737732165213,1708.6011962890625,120715659,154690700000.0,33688100000.0,921005800000.0,23621900000.0,722180200000.0,102687700000.0,38.953613,45.49,324.462,2399334970.0,SUNPHARMA.NS,0.03270914932311908,0.02334274116406216,0.029769301346118323,1
2026-03-31,1708.8993110343238,1843.0,1573.4790131992938,1772.0,144067633,154690700000.0,33688100000.0,921005800000.0,23621900000.0,722180200000.0,102687700000.0,38.953613,45.49,324.462,2399334970.0,SUNPHARMA.NS,0.03270914932311908,0.02334274116406216,0.029769301346118323,0
2016-03-31,40.62714616307606,41.26378263140025,38.95179858496928,39.56330108642578,465170,154690700000.0,33688100000.0,921005800000.0,23621900000.0,722180200000.0,102687700000.0,71.57993,8.07,628.669,505952960.0,TATAINVEST.NS,0.03270914932311908,0.02334274116406216,0.029769301346118323,1
2016-06-30,39.91931231078259,47.3285343721154,39.54236195560635,43.08152770996094,7660860,154690700000.0,33688100000.0,921005800000.0,23621900000.0,722180200000.0,102687700000.0,71.57993,8.07,628.669,505952960.0,TATAINVEST.NS,0.03270914932311908,0.02334274116406216,0.029769301346118323,1
2016-09-30,43.47523335849313,57.79944982646139,41.12974863336112,50.82582092285156,58473140,154690700000.0,33688100000.0,921005800000.0,23621900000.0,722180200000.0,102687700000.0,71.57993,8.07,628.669,505952960.0,TATAINVEST.NS,0.03270914932311908,0.02334274116406216,0.029769301346118323,0
2016-12-31,50.53681762601671,54.33985851571626,42.05119182148786,46.91807556152344,22547360,154690700000.0,33688100000.0,921005800000.0,23621900000.0,722180200000.0,102687700000.0,71.57993,8.07,628.669,505952960.0,TATAINVEST.NS,0.03270914932311908,0.02334274116406216,0.029769301346118323,1
2017-03-31,46.91807320466743,55.952375968267994,46.65839656508114,53.28019714355469,28230220,154690700000.0,33688100000.0,921005800000.0,23621900000.0,722180200000.0,102687700000.0,71.57993,8.07,628.669,505952960.0,TATAINVEST.NS,0.03270914932311908,0.02334274116406216,0.029769301346118323,1
2017-06-30,53.44354465903808,66.09241631645986,53.0288973574909,62.0003776550293,39784640,154690700000.0,33688100000.0,921005800000.0,23621900000.0,722180200000.0,102687700000.0,71.57993,8.07,628.669,505952960.0,TATAINVEST.NS,0.03270914932311908,0.02334274116406216,0.029769301346118323,1
2017-09-30,62.07157766704054,81.52561765751611,60.73130318202118,72.32746887207031,59096800,154690700000.0,33688100000.0,921005800000.0,23621900000.0,722180200000.0,102687700000.0,71.57993,8.07,628.669,505952960.0,TATAINVEST.NS,0.03270914932311908,0.02334274116406216,0.029769301346118323,1
2017-12-31,72.90502677299696,79.57476925217293,70.59051042800405,76.11796569824219,23480130,154690700000.0,33688100000.0,921005800000.0,23621900000.0,722180200000.0,102687700000.0,71.57993,8.07,628.669,505952960.0,TATAINVEST.NS,0.03270914932311908,0.02334274116406216,0.029769301346118323,0
2018-03-31,76.2377546211415,81.95773458659595,60.84474271849,62.945343017578125,26164830,154690700000.0,33688100000.0,921005800000.0,23621900000.0,722180200000.0,102687700000.0,71.57993,8.07,628.669,505952960.0,TATAINVEST.NS,0.03270914932311908,0.02334274116406216,0.029769301346118323,1
2018-06-30,64.07906611460848,81.27747702796607,63.06513184405654,69.75626373291016,31099130,154690700000.0,33688100000.0,921005800000.0,23621900000.0,722180200000.0,102687700000.0,71.57993,8.07,628.669,505952960.0,TATAINVEST.NS,0.03270914932311908,0.02334274116406216,0.029769301346118323,0
2018-09-30,70.2482418346379,75.16820143008671,63.25664795624709,63.55891418457031,17503410,154690700000.0,33688100000.0,921005800000.0,23621900000.0,722180200000.0,102687700000.0,71.57993,8.07,628.669,505952960.0,TATAINVEST.NS,0.03270914932311908,0.02334274116406216,0.029769301346118323,1
2018-12-31,64.05392728441956,78.31295757132938,57.474181699930156,78.11582946777344,33504780,154690700000.0,33688100000.0,921005800000.0,23621900000.0,722180200000.0,102687700000.0,71.57993,8.07,628.669,505952960.0,TATAINVEST.NS,0.03270914932311908,0.02334274116406216,0.029769301346118323,0
2019-03-31,78.23849201370993,79.46068720480926,70.75194756438513,72.27203369140625,11415380,154690700000.0,33688100000.0,921005800000.0,23621900000.0,722180200000.0,102687700000.0,71.57993,8.07,628.669,505952960.0,TATAINVEST.NS,0.03270914932311908,0.02334274116406216,0.029769301346118323,1
2019-06-30,73.57308983322429,81.74300288587185,73.11311978109059,77.84423065185547,7547640,154690700000.0,33688100000.0,921005800000.0,23621900000.0,722180200000.0,102687700000.0,71.57993,8.07,628.669,505952960.0,TATAINVEST.NS,0.03270914932311908,0.02334274116406216,0.029769301346118323,0
2019-09-30,78.38743358772993,81.11218662661396,66.01134363477131,73.53718566894531,6537440,154690700000.0,33688100000.0,921005800000.0,23621900000.0,722180200000.0,102687700000.0,71.57993,8.07,628.669,505952960.0,TATAINVEST.NS,0.03270914932311908,0.02334274116406216,0.029769301346118323,0
2019-12-31,73.33100066471553,78.33777142819145,69.30137512405685,72.43003845214844,7770920,154690700000.0,33688100000.0,921005800000.0,23621900000.0,722180200000.0,102687700000.0,71.57993,8.07,628.669,505952960.0,TATAINVEST.NS,0.03270914932311908,0.02334274116406216,0.029769301346118323,0
2020-03-31,72.4300486638189,91.8788910624353,52.981197239176105,59.45368576049805,28764680,154690700000.0,33688100000.0,921005800000.0,23621900000.0,722180200000.0,102687700000.0,71.57993,8.07,628.669,505952960.0,TATAINVEST.NS,0.03270914932311908,0.02334274116406216,0.029769301346118323,1
2020-06-30,59.538854721401975,73.94059613428333,55.46889206696846,69.14450073242188,12594980,154690700000.0,33688100000.0,921005800000.0,23621900000.0,722180200000.0,102687700000.0,71.57993,8.07,628.669,505952960.0,TATAINVEST.NS,0.03270914932311908,0.02334274116406216,0.029769301346118323,1
2020-09-30,69.94305749762553,85.14328153342701,66.54687355638262,77.35501098632812,22669150,154690700000.0,33688100000.0,921005800000.0,23621900000.0,722180200000.0,102687700000.0,71.57993,8.07,628.669,505952960.0,TATAINVEST.NS,0.03270914932311908,0.02334274116406216,0.029769301346118323,1
2020-12-31,77.7359282897766,100.96768192447072,76.18469671834833,91.8117446899414,23145890,154690700000.0,33688100000.0,921005800000.0,23621900000.0,722180200000.0,102687700000.0,71.57993,8.07,628.669,505952960.0,TATAINVEST.NS,0.03270914932311908,0.02334274116406216,0.029769301346118323,1
2021-03-31,92.24314673159529,106.82839272965595,91.00858638964124,95.04730224609375,27404420,154690700000.0,33688100000.0,921005800000.0,23621900000.0,722180200000.0,102687700000.0,71.57993,8.07,628.669,505952960.0,TATAINVEST.NS,0.03270914932311908,0.02334274116406216,0.029769301346118323,1
2021-06-30,95.27217949162242,110.26322526872355,89.95302024322832,105.89766693115234,26820020,154690700000.0,33688100000.0,921005800000.0,23621900000.0,722180200000.0,102687700000.0,71.57993,8.07,628.669,505952960.0,TATAINVEST.NS,0.03270914932311908,0.02334274116406216,0.029769301346118323,1
2021-09-30,105.9538737636105,130.8919324587066,104.73602030831566,128.062744140625,71636030,154690700000.0,33688100000.0,921005800000.0,23621900000.0,722180200000.0,102687700000.0,71.57993,8.07,628.669,505952960.0,TATAINVEST.NS,0.03270914932311908,0.02334274116406216,0.029769301346118323,0
2021-12-31,128.3203748321007,162.4345009808376,123.37864263311168,126.99475860595703,66124050,154690700000.0,33688100000.0,921005800000.0,23621900000.0,722180200000.0,102687700000.0,71.57993,8.07,628.669,505952960.0,TATAINVEST.NS,0.03270914932311908,0.02334274116406216,0.029769301346118323,1
2022-03-31,126.6574980880915,146.51800686430659,118.2776789702771,127.07907104492188,17531790,154690700000.0,33688100000.0,921005800000.0,23621900000.0,722180200000.0,102687700000.0,71.57993,8.07,628.669,505952960.0,TATAINVEST.NS,0.03270914932311908,0.02334274116406216,0.029769301346118323,1
2022-06-30,127.12591627454205,148.85536177691668,118.14121196316201,130.40274047851562,20783800,154690700000.0,33688100000.0,921005800000.0,23621900000.0,722180200000.0,102687700000.0,71.57993,8.07,628.669,505952960.0,TATAINVEST.NS,0.03270914932311908,0.02334274116406216,0.029769301346118323,1
2022-09-30,130.5339052728583,280.1499763644661,129.14451941118452,223.72940063476562,157483340,154690700000.0,33688100000.0,921005800000.0,23621900000.0,722180200000.0,102687700000.0,71.57993,8.07,628.669,505952960.0,TATAINVEST.NS,0.03270914932311908,0.02334274116406216,0.029769301346118323,0
2022-12-31,224.66212764165059,246.1052698525048,186.6484488924671,205.04559326171875,23504980,154690700000.0,33688100000.0,921005800000.0,23621900000.0,722180200000.0,102687700000.0,71.57993,8.07,628.669,505952960.0,TATAINVEST.NS,0.03270914932311908,0.02334274116406216,0.029769301346118323,0
2023-03-31,208.1207080737418,228.810839221999,168.0860960571681,169.51434326171875,26533740,154690700000.0,33688100000.0,921005800000.0,23621900000.0,722180200000.0,102687700000.0,71.57993,8.07,628.669,505952960.0,TATAINVEST.NS,0.03270914932311908,0.02334274116406216,0.029769301346118323,1
2023-06-30,172.7449062861253,247.39158550211266,170.5345313515264,232.38839721679688,46925570,154690700000.0,33688100000.0,921005800000.0,23621900000.0,722180200000.0,102687700000.0,71.57993,8.07,628.669,505952960.0,TATAINVEST.NS,0.03270914932311908,0.02334274116406216,0.029769301346118323,1
2023-09-30,232.41320462886648,349.26456956323136,226.16392936983365,324.7039489746094,120808740,154690700000.0,33688100000.0,921005800000.0,23621900000.0,722180200000.0,102687700000.0,71.57993,8.07,628.669,505952960.0,TATAINVEST.NS,0.03270914932311908,0.02334274116406216,0.029769301346118323,1
2023-12-31,325.1602470289421,469.84566871336256,286.17671507691415,424.75665283203125,201086030,154690700000.0,33688100000.0,921005800000.0,23621900000.0,722180200000.0,102687700000.0,71.57993,8.07,628.669,505952960.0,TATAINVEST.NS,0.03270914932311908,0.02334274116406216,0.029769301346118323,1
2024-03-31,428.5211001032755,967.827880859375,413.4831849404325,619.3667602539062,119902370,154690700000.0,33688100000.0,921005800000.0,23621900000.0,722180200000.0,102687700000.0,71.57993,8.07,628.669,505952960.0,TATAINVEST.NS,0.03270914932311908,0.02334274116406216,0.029769301346118323,1
2024-06-30,639.7066692676799,752.8332227847192,585.2487637002339,644.9387817382812,20472480,154690700000.0,33688100000.0,921005800000.0,23621900000.0,722180200000.0,102687700000.0,71.57993,8.07,628.669,505952960.0,TATAINVEST.NS,0.03270914932311908,0.02334274116406216,0.029769301346118323,1
2024-09-30,673.4220014002894,804.2685082967562,582.7230286113166,678.1534423828125,56108280,1657900000.0,1236900000.0,414209000000.0,23621900000.0,367642700000.0,165000000.0,71.57993,8.07,628.669,505952960.0,TATAINVEST.NS,0.03270914932311908,0.0029861736466373257,0.003364407888419925,1
2024-12-31,679.3338181094305,751.5503930467397,632.6669997046313,682.2423706054688,74027730,299900000.0,196100000.0,414209000000.0,23621900000.0,367642700000.0,165000000.0,71.57993,8.07,628.669,505952960.0,TATAINVEST.NS,0.03270914932311908,0.0029861736466373257,0.003364407888419925,0
2025-03-31,683.8361546576899,692.1834042496363,512.503621603498,629.3002319335938,64548520,458160000.0,377203000.0,348416529000.0,22165000.0,310907701000.0,80788000.0,71.57993,8.07,628.669,505952960.0,TATAINVEST.NS,7.129125437777432e-05,0.001082620853501471,0.001213231447103975,1
2025-06-30,629.3300663575519,742.5,571.2579809830172,686.1500244140625,36190130,1799700000.0,1463000000.0,348416529000.0,22165000.0,310907701000.0,80788000.0,71.57993,8.07,628.669,505952960.0,TATAINVEST.NS,7.129125437777432e-05,0.001082620853501471,0.001213231447103975,1
2025-09-30,686.75,1061.1500244140625,647.5999755859375,1033.050048828125,194398660,1799700000.0,1463000000.0,348416529000.0,22165000.0,310907701000.0,80788000.0,71.57993,8.07,628.669,505952960.0,TATAINVEST.NS,7.129125437777432e-05,0.001082620853501471,0.001213231447103975,0
2025-12-31,1066.0,1184.699951171875,690.0,697.5499877929688,284834200,920100000.0,753900000.0,348416529000.0,22165000.0,310907701000.0,80788000.0,71.57993,8.07,628.669,505952960.0,TATAINVEST.NS,7.129125437777432e-05,0.001082620853501471,0.001213231447103975,0
2026-03-31,698.2000122070312,741.7000122070312,568.9000244140625,577.8499755859375,67548407,920100000.0,753900000.0,348416529000.0,22165000.0,310907701000.0,80788000.0,71.57993,8.07,628.669,505952960.0,TATAINVEST.NS,7.129125437777432e-05,0.001082620853501471,0.001213231447103975,0
2016-03-31,833.0141541759511,838.0092561765525,782.7239804764217,802.4617919921875,1784453,920100000.0,753900000.0,348416529000.0,22165000.0,310907701000.0,80788000.0,100.206055,15.53,164.32,264405149.0,UBL.NS,7.129125437777432e-05,0.001082620853501471,0.001213231447103975,0
2016-06-30,804.062116099305,816.6710515749273,669.2435001123405,728.166015625,31450089,920100000.0,753900000.0,348416529000.0,22165000.0,310907701000.0,80788000.0,100.206055,15.53,164.32,264405149.0,UBL.NS,7.129125437777432e-05,0.001082620853501471,0.001213231447103975,1
2016-09-30,728.8449542719194,905.724353963706,725.983684091325,878.042724609375,19859928,920100000.0,753900000.0,348416529000.0,22165000.0,310907701000.0,80788000.0,100.206055,15.53,164.32,264405149.0,UBL.NS,7.129125437777432e-05,0.001082620853501471,0.001213231447103975,0
2016-12-31,877.9941240899466,949.3836487249955,721.665551815917,757.1660766601562,18891929,920100000.0,753900000.0,348416529000.0,22165000.0,310907701000.0,80788000.0,100.206055,15.53,164.32,264405149.0,UBL.NS,7.129125437777432e-05,0.001082620853501471,0.001213231447103975,0
2017-03-31,785.7704633939076,822.5822640323673,741.7712348347743,748.6673583984375,11691208,920100000.0,753900000.0,348416529000.0,22165000.0,310907701000.0,80788000.0,100.206055,15.53,164.32,264405149.0,UBL.NS,7.129125437777432e-05,0.001082620853501471,0.001213231447103975,1
2017-06-30,741.0914162478664,853.1778294180284,696.6063858702814,759.2058715820312,15525004,920100000.0,753900000.0,348416529000.0,22165000.0,310907701000.0,80788000.0,100.206055,15.53,164.32,264405149.0,UBL.NS,7.129125437777432e-05,0.001082620853501471,0.001213231447103975,1
2017-09-30,762.993816096771,843.346561020857,752.9896503182783,799.0392456054688,14785410,920100000.0,753900000.0,348416529000.0,22165000.0,310907701000.0,80788000.0,100.206055,15.53,164.32,264405149.0,UBL.NS,7.129125437777432e-05,0.001082620853501471,0.001213231447103975,1
2017-12-31,803.465185065738,1157.9237975997764,800.3524877772268,1049.5628662109375,28787414,920100000.0,753900000.0,348416529000.0,22165000.0,310907701000.0,80788000.0,100.206055,15.53,164.32,264405149.0,UBL.NS,7.129125437777432e-05,0.001082620853501471,0.001213231447103975,0
2018-03-31,1049.5629520360287,1209.0887025689792,883.5685462089082,921.9908447265625,26224591,920100000.0,753900000.0,348416529000.0,22165000.0,310907701000.0,80788000.0,100.206055,15.53,164.32,264405149.0,UBL.NS,7.129125437777432e-05,0.001082620853501471,0.001213231447103975,1
2018-06-30,924.0822374191666,1278.1517790559762,916.7868513342785,1119.9876708984375,32790771,920100000.0,753900000.0,348416529000.0,22165000.0,310907701000.0,80788000.0,100.206055,15.53,164.32,264405149.0,UBL.NS,7.129125437777432e-05,0.001082620853501471,0.001213231447103975,1
2018-09-30,1126.6994529035358,1429.0610595591127,1003.6504481935704,1322.2918701171875,48013486,920100000.0,753900000.0,348416529000.0,22165000.0,310907701000.0,80788000.0,100.206055,15.53,164.32,264405149.0,UBL.NS,7.129125437777432e-05,0.001082620853501471,0.001213231447103975,1
2018-12-31,1324.8734439711973,1375.4328177394607,1055.0278935857182,1341.4344482421875,41898830,920100000.0,753900000.0,348416529000.0,22165000.0,310907701000.0,80788000.0,100.206055,15.53,164.32,264405149.0,UBL.NS,7.129125437777432e-05,0.001082620853501471,0.001213231447103975,0
2019-03-31,1337.0505918623253,1452.879704266962,1258.6297808268987,1339.388427734375,35354763,920100000.0,753900000.0,348416529000.0,22165000.0,310907701000.0,80788000.0,100.206055,15.53,164.32,264405149.0,UBL.NS,7.129125437777432e-05,0.001082620853501471,0.001213231447103975,0
2019-06-30,1370.659346595099,1445.3783938838671,1260.577922689829,1304.4156494140625,25926161,920100000.0,753900000.0,348416529000.0,22165000.0,310907701000.0,80788000.0,100.206055,15.53,164.32,264405149.0,UBL.NS,7.129125437777432e-05,0.001082620853501471,0.001213231447103975,1
2019-09-30,1306.3641976732058,1401.3459281737496,1188.9398835731154,1314.7386474609375,23064185,920100000.0,753900000.0,348416529000.0,22165000.0,310907701000.0,80788000.0,100.206055,15.53,164.32,264405149.0,UBL.NS,7.129125437777432e-05,0.001082620853501471,0.001213231447103975,0
2019-12-31,1321.4726593857451,1332.159081866999,1156.4898169701535,1239.49365234375,34461128,920100000.0,753900000.0,348416529000.0,22165000.0,310907701000.0,80788000.0,100.206055,15.53,164.32,264405149.0,UBL.NS,7.129125437777432e-05,0.001082620853501471,0.001213231447103975,0
2020-03-31,1241.1038879318492,1323.3757067898362,731.4676522351505,896.7432250976562,28773774,920100000.0,753900000.0,348416529000.0,22165000.0,310907701000.0,80788000.0,100.206055,15.53,164.32,264405149.0,UBL.NS,7.129125437777432e-05,0.001082620853501471,0.001213231447103975,1
2020-06-30,905.1851065851355,1061.2379611591186,838.5282943364186,1012.7826538085938,50180740,920100000.0,753900000.0,348416529000.0,22165000.0,310907701000.0,80788000.0,100.206055,15.53,164.32,264405149.0,UBL.NS,7.129125437777432e-05,0.001082620853501471,0.001213231447103975,0
2020-09-30,1010.0987101761398,1141.7607346611785,895.3854398981975,935.69775390625,47290042,920100000.0,753900000.0,348416529000.0,22165000.0,310907701000.0,80788000.0,100.206055,15.53,164.32,264405149.0,UBL.NS,7.129125437777432e-05,0.001082620853501471,0.001213231447103975,1
2020-12-31,949.1026725296955,1169.2554199538843,877.6753466620745,1160.791748046875,46191679,920100000.0,753900000.0,348416529000.0,22165000.0,310907701000.0,80788000.0,100.206055,15.53,164.32,264405149.0,UBL.NS,7.129125437777432e-05,0.001082620853501471,0.001213231447103975,1
2021-03-31,1159.4707648752394,1301.0045467570535,1128.4538198682278,1214.70458984375,32442951,920100000.0,753900000.0,348416529000.0,22165000.0,310907701000.0,80788000.0,100.206055,15.53,164.32,264405149.0,UBL.NS,7.129125437777432e-05,0.001082620853501471,0.001213231447103975,1
2021-06-30,1215.2427340329548,1466.6571343294852,1028.7492488995476,1415.141357421875,51574692,920100000.0,753900000.0,348416529000.0,22165000.0,310907701000.0,80788000.0,100.206055,15.53,164.32,264405149.0,UBL.NS,7.129125437777432e-05,0.001082620853501471,0.001213231447103975,1
2021-09-30,1404.5705064459614,1650.2479201708031,1336.2018023508303,1538.176025390625,39042043,920100000.0,753900000.0,348416529000.0,22165000.0,310907701000.0,80788000.0,100.206055,15.53,164.32,264405149.0,UBL.NS,7.129125437777432e-05,0.001082620853501471,0.001213231447103975,1
2021-12-31,1536.7077826452683,1747.9316710663988,1412.4008943543517,1552.41748046875,24704110,920100000.0,753900000.0,348416529000.0,22165000.0,310907701000.0,80788000.0,100.206055,15.53,164.32,264405149.0,UBL.NS,7.129125437777432e-05,0.001082620853501471,0.001213231447103975,0
2022-03-31,1551.4874681670822,1646.8711521494743,1247.4739407143359,1457.9638671875,20874460,920100000.0,753900000.0,348416529000.0,22165000.0,310907701000.0,80788000.0,100.206055,15.53,164.32,264405149.0,UBL.NS,7.129125437777432e-05,0.001082620853501471,0.001213231447103975,0
2022-06-30,1457.9639369215586,1580.7535334309393,1376.8217054589165,1421.9930419921875,20005917,920100000.0,753900000.0,348416529000.0,22165000.0,310907701000.0,80788000.0,100.206055,15.53,164.32,264405149.0,UBL.NS,7.129125437777432e-05,0.001082620853501471,0.001213231447103975,1
2022-09-30,1422.9719030067936,1707.9255446850161,1409.4644872116348,1681.62109375,16093007,920100000.0,753900000.0,348416529000.0,22165000.0,310907701000.0,80788000.0,100.206055,15.53,164.32,264405149.0,UBL.NS,7.129125437777432e-05,0.001082620853501471,0.001213231447103975,0
2022-12-31,1663.7890450217872,1779.696612599503,1568.0778738782117,1674.626220703125,14256321,920100000.0,753900000.0,348416529000.0,22165000.0,310907701000.0,80788000.0,100.206055,15.53,164.32,264405149.0,UBL.NS,7.129125437777432e-05,0.001082620853501471,0.001213231447103975,0
2023-03-31,1672.8527890031196,1683.886870012878,1377.2958371132293,1403.35400390625,12421210,920100000.0,753900000.0,348416529000.0,22165000.0,310907701000.0,80788000.0,100.206055,15.53,164.32,264405149.0,UBL.NS,7.129125437777432e-05,0.001082620853501471,0.001213231447103975,1
2023-06-30,1403.9451396954075,1503.350695521802,1333.4548619733364,1489.55810546875,17762430,920100000.0,753900000.0,348416529000.0,22165000.0,310907701000.0,80788000.0,100.206055,15.53,164.32,264405149.0,UBL.NS,7.129125437777432e-05,0.001082620853501471,0.001213231447103975,1
2023-09-30,1498.3755743005406,1670.0458765804183,1448.278742023007,1541.352294921875,16698451,920100000.0,753900000.0,348416529000.0,22165000.0,310907701000.0,80788000.0,100.206055,15.53,164.32,264405149.0,UBL.NS,7.129125437777432e-05,0.001082620853501471,0.001213231447103975,1
2023-12-31,1547.2920209992756,1771.020634098218,1524.3252383976671,1767.2093505859375,16715384,920100000.0,753900000.0,348416529000.0,22165000.0,310907701000.0,80788000.0,100.206055,15.53,164.32,264405149.0,UBL.NS,7.129125437777432e-05,0.001082620853501471,0.001213231447103975,0
2024-03-31,1775.1784467229231,1888.8247979136122,1630.6952497694465,1718.50390625,12854795,920100000.0,753900000.0,348416529000.0,22165000.0,310907701000.0,80788000.0,100.206055,15.53,164.32,264405149.0,UBL.NS,7.129125437777432e-05,0.001082620853501471,0.001213231447103975,1
2024-06-30,1742.3120777134206,2160.516439655852,1718.5532766536924,1966.09033203125,22468875,920100000.0,753900000.0,348416529000.0,22165000.0,310907701000.0,80788000.0,100.206055,15.53,164.32,264405149.0,UBL.NS,7.129125437777432e-05,0.001082620853501471,0.001213231447103975,1
2024-09-30,1977.8707437492585,2193.6008889108557,1878.3249425885542,2164.3017578125,21702180,21167200000.0,1321700000.0,70694000000.0,1265300000.0,42255200000.0,493800000.0,100.206055,15.53,164.32,264405149.0,UBL.NS,0.029944243548722996,0.018696070387868843,0.03127899051477688,0
2024-12-31,2169.8233706673745,2175.1956009767696,1800.7246747585205,2026.5614013671875,11973453,20002600000.0,384000000.0,70694000000.0,1265300000.0,42255200000.0,493800000.0,100.206055,15.53,164.32,264405149.0,UBL.NS,0.029944243548722996,0.018696070387868843,0.03127899051477688,0
2025-03-31,2036.510237711584,2287.915053435736,1838.5299206565214,1989.0048828125,19219800,20009700000.0,975700000.0,82227900000.0,6199800000.0,43639200000.0,3419200000.0,100.206055,15.53,164.32,264405149.0,UBL.NS,0.1420695154814937,0.011865802239872355,0.022358338374672312,0
2025-06-30,1989.0048654562086,2283.1397847268786,1863.4516156279556,1941.1015625,9081377,28643200000.0,1838700000.0,82227900000.0,6199800000.0,43639200000.0,3419200000.0,100.206055,15.53,164.32,264405149.0,UBL.NS,0.1420695154814937,0.011865802239872355,0.022358338374672312,0
2025-09-30,1958.4123489111562,2099.1873394040654,1761.300048828125,1800.800048828125,11329801,28643200000.0,1838700000.0,82227900000.0,6199800000.0,43639200000.0,3419200000.0,100.206055,15.53,164.32,264405149.0,UBL.NS,0.1420695154814937,0.011865802239872355,0.022358338374672312,0
2025-12-31,1800.800048828125,1844.0,1574.0999755859375,1621.699951171875,8698093,20727200000.0,810000000.0,82227900000.0,6199800000.0,43639200000.0,3419200000.0,100.206055,15.53,164.32,264405149.0,UBL.NS,0.1420695154814937,0.011865802239872355,0.022358338374672312,0
2026-03-31,1629.699951171875,1779.0999755859375,1401.0999755859375,1556.199951171875,6762052,20727200000.0,810000000.0,82227900000.0,6199800000.0,43639200000.0,3419200000.0,100.206055,15.53,164.32,264405149.0,UBL.NS,0.1420695154814937,0.011865802239872355,0.022358338374672312,0
2016-03-31,58.51810790429682,60.81677917932922,57.86527583093683,60.50410461425781,458290,20727200000.0,810000000.0,82227900000.0,6199800000.0,43639200000.0,3419200000.0,49.01991,6.53,49.981,436344639.0,VGUARD.NS,0.1420695154814937,0.011865802239872355,0.022358338374672312,1
2016-06-30,59.11940621112461,101.01770223849363,58.480309372387005,96.72615814208984,60650968,20727200000.0,810000000.0,82227900000.0,6199800000.0,43639200000.0,3419200000.0,49.01991,6.53,49.981,436344639.0,VGUARD.NS,0.1420695154814937,0.011865802239872355,0.022358338374672312,1
2016-09-30,97.58173409041044,136.1038390605894,94.149189605985,126.4657211303711,38836769,20727200000.0,810000000.0,82227900000.0,6199800000.0,43639200000.0,3419200000.0,49.01991,6.53,49.981,436344639.0,VGUARD.NS,0.1420695154814937,0.011865802239872355,0.022358338374672312,0
2016-12-31,127.36067962646484,155.86194197048715,104.71114565818547,111.7331771850586,44412672,20727200000.0,810000000.0,82227900000.0,6199800000.0,43639200000.0,3419200000.0,49.01991,6.53,49.981,436344639.0,VGUARD.NS,0.1420695154814937,0.011865802239872355,0.022358338374672312,1
2017-03-31,112.31835788714305,179.50973370700564,111.01033234114966,167.12474060058594,58245434,20727200000.0,810000000.0,82227900000.0,6199800000.0,43639200000.0,3419200000.0,49.01991,6.53,49.981,436344639.0,VGUARD.NS,0.1420695154814937,0.011865802239872355,0.022358338374672312,0
2017-06-30,168.0885789539633,212.85760117901515,164.81160219758394,166.30551147460938,66584059,20727200000.0,810000000.0,82227900000.0,6199800000.0,43639200000.0,3419200000.0,49.01991,6.53,49.981,436344639.0,VGUARD.NS,0.1420695154814937,0.011865802239872355,0.022358338374672312,1
2017-09-30,166.30553017862738,198.24897459434789,159.64410809206876,176.382568359375,60843372,20727200000.0,810000000.0,82227900000.0,6199800000.0,43639200000.0,3419200000.0,49.01991,6.53,49.981,436344639.0,VGUARD.NS,0.1420695154814937,0.011865802239872355,0.022358338374672312,1
2017-12-31,177.54360188857686,237.04733429771755,177.2049569605052,235.8862762451172,92945782,20727200000.0,810000000.0,82227900000.0,6199800000.0,43639200000.0,3419200000.0,49.01991,6.53,49.981,436344639.0,VGUARD.NS,0.1420695154814937,0.011865802239872355,0.022358338374672312,0
2018-03-31,237.43433867249252,241.88501882204315,195.44310188770248,214.98741149902344,72324682,20727200000.0,810000000.0,82227900000.0,6199800000.0,43639200000.0,3419200000.0,49.01991,6.53,49.981,436344639.0,VGUARD.NS,0.1420695154814937,0.011865802239872355,0.022358338374672312,0
2018-06-30,220.3088779789751,246.62596962216773,186.54173918753122,189.73460388183594,61974842,20727200000.0,810000000.0,82227900000.0,6199800000.0,43639200000.0,3419200000.0,49.01991,6.53,49.981,436344639.0,VGUARD.NS,0.1420695154814937,0.011865802239872355,0.022358338374672312,0
2018-09-30,188.6703242642525,222.75849843409955,167.02030730551863,171.1472625732422,65073831,20727200000.0,810000000.0,82227900000.0,6199800000.0,43639200000.0,3419200000.0,49.01991,6.53,49.981,436344639.0,VGUARD.NS,0.1420695154814937,0.011865802239872355,0.022358338374672312,1
2018-12-31,170.176238869008,230.13845629569812,154.78512634243535,221.54469299316406,48821035,20727200000.0,810000000.0,82227900000.0,6199800000.0,43639200000.0,3419200000.0,49.01991,6.53,49.981,436344639.0,VGUARD.NS,0.1420695154814937,0.011865802239872355,0.022358338374672312,0
2019-03-31,220.08812035069218,224.65205981738924,178.09026946242383,215.0872344970703,53200516,20727200000.0,810000000.0,82227900000.0,6199800000.0,43639200000.0,3419200000.0,49.01991,6.53,49.981,436344639.0,VGUARD.NS,0.1420695154814937,0.011865802239872355,0.022358338374672312,1
2019-06-30,216.9322115077924,244.70419040871647,192.36467832234902,236.4017333984375,55863087,20727200000.0,810000000.0,82227900000.0,6199800000.0,43639200000.0,3419200000.0,49.01991,6.53,49.981,436344639.0,VGUARD.NS,0.1420695154814937,0.011865802239872355,0.022358338374672312,0
2019-09-30,236.15894889296774,242.76209921732436,209.66924073631554,219.07122802734375,23470647,20727200000.0,810000000.0,82227900000.0,6199800000.0,43639200000.0,3419200000.0,49.01991,6.53,49.981,436344639.0,VGUARD.NS,0.1420695154814937,0.011865802239872355,0.022358338374672312,0
2019-12-31,218.827657872349,252.53842860642993,200.99796782350452,207.13607788085938,20886622,20727200000.0,810000000.0,82227900000.0,6199800000.0,43639200000.0,3419200000.0,49.01991,6.53,49.981,436344639.0,VGUARD.NS,0.1420695154814937,0.011865802239872355,0.022358338374672312,0
2020-03-31,206.64890066208017,227.93733361304686,145.81250126058575,151.83090209960938,20283622,20727200000.0,810000000.0,82227900000.0,6199800000.0,43639200000.0,3419200000.0,49.01991,6.53,49.981,436344639.0,VGUARD.NS,0.1420695154814937,0.011865802239872355,0.022358338374672312,1
2020-06-30,153.543467730389,190.82842673405574,148.79723164543884,166.31431579589844,29122162,20727200000.0,810000000.0,82227900000.0,6199800000.0,43639200000.0,3419200000.0,49.01991,6.53,49.981,436344639.0,VGUARD.NS,0.1420695154814937,0.011865802239872355,0.022358338374672312,1
2020-09-30,166.65681460234654,178.6936940546078,155.94106733146327,166.80361938476562,49181860,20727200000.0,810000000.0,82227900000.0,6199800000.0,43639200000.0,3419200000.0,49.01991,6.53,49.981,436344639.0,VGUARD.NS,0.1420695154814937,0.011865802239872355,0.022358338374672312,1
2020-12-31,169.29905119802737,195.5746520569335,159.80657779723575,182.21665954589844,39914465,20727200000.0,810000000.0,82227900000.0,6199800000.0,43639200000.0,3419200000.0,49.01991,6.53,49.981,436344639.0,VGUARD.NS,0.1420695154814937,0.011865802239872355,0.022358338374672312,1
2021-03-31,183.88030569097936,249.5448544649205,182.26560961897766,246.9515380859375,68893149,20727200000.0,810000000.0,82227900000.0,6199800000.0,43639200000.0,3419200000.0,49.01991,6.53,49.981,436344639.0,VGUARD.NS,0.1420695154814937,0.011865802239872355,0.022358338374672312,1
2021-06-30,247.5876487824374,278.90307554158716,214.31499587814977,259.4776916503906,75387311,20727200000.0,810000000.0,82227900000.0,6199800000.0,43639200000.0,3419200000.0,49.01991,6.53,49.981,436344639.0,VGUARD.NS,0.1420695154814937,0.011865802239872355,0.022358338374672312,0
2021-09-30,259.4776839441728,262.1199372358744,226.45289724118766,253.64102172851562,56031991,20727200000.0,810000000.0,82227900000.0,6199800000.0,43639200000.0,3419200000.0,49.01991,6.53,49.981,436344639.0,VGUARD.NS,0.1420695154814937,0.011865802239872355,0.022358338374672312,0
2021-12-31,250.88775954953917,270.2095092022419,215.98079029955656,217.9473876953125,29910363,20727200000.0,810000000.0,82227900000.0,6199800000.0,43639200000.0,3419200000.0,49.01991,6.53,49.981,436344639.0,VGUARD.NS,0.1420695154814937,0.011865802239872355,0.022358338374672312,0
2022-03-31,219.5206622784808,224.92878423843882,177.97645147621603,212.19509887695312,27714858,20727200000.0,810000000.0,82227900000.0,6199800000.0,43639200000.0,3419200000.0,49.01991,6.53,49.981,436344639.0,VGUARD.NS,0.1420695154814937,0.011865802239872355,0.022358338374672312,1
2022-06-30,212.391784180801,235.40086806011726,191.89005669483876,221.43807983398438,26007725,20727200000.0,810000000.0,82227900000.0,6199800000.0,43639200000.0,3419200000.0,49.01991,6.53,49.981,436344639.0,VGUARD.NS,0.1420695154814937,0.011865802239872355,0.022358338374672312,1
2022-09-30,220.4547899179973,252.1489525287944,213.47340271282602,240.18191528320312,22209680,20727200000.0,810000000.0,82227900000.0,6199800000.0,43639200000.0,3419200000.0,49.01991,6.53,49.981,436344639.0,VGUARD.NS,0.1420695154814937,0.011865802239872355,0.022358338374672312,1
2022-12-31,239.34124762158152,271.87975957729094,235.68190098609256,258.5281066894531,23623248,20727200000.0,810000000.0,82227900000.0,6199800000.0,43639200000.0,3419200000.0,49.01991,6.53,49.981,436344639.0,VGUARD.NS,0.1420695154814937,0.011865802239872355,0.022358338374672312,0
2023-03-31,260.01159769819145,265.0555717036369,226.53351428379523,247.30279541015625,8803042,20727200000.0,810000000.0,82227900000.0,6199800000.0,43639200000.0,3419200000.0,49.01991,6.53,49.981,436344639.0,VGUARD.NS,0.1420695154814937,0.011865802239872355,0.022358338374672312,1
2023-06-30,248.637955581722,287.6545389051237,236.37418045169542,279.3962707519531,13306825,20727200000.0,810000000.0,82227900000.0,6199800000.0,43639200000.0,3419200000.0,49.01991,6.53,49.981,436344639.0,VGUARD.NS,0.1420695154814937,0.011865802239872355,0.022358338374672312,1
2023-09-30,280.87979241247183,331.319482891818,273.21493815474395,305.19891357421875,28711042,20727200000.0,810000000.0,82227900000.0,6199800000.0,43639200000.0,3419200000.0,49.01991,6.53,49.981,436344639.0,VGUARD.NS,0.1420695154814937,0.011865802239872355,0.022358338374672312,0
2023-12-31,304.9010023018341,311.3565689900301,279.07876794681835,290.3511657714844,17504543,20727200000.0,810000000.0,82227900000.0,6199800000.0,43639200000.0,3419200000.0,49.01991,6.53,49.981,436344639.0,VGUARD.NS,0.1420695154814937,0.011865802239872355,0.022358338374672312,1
2024-03-31,291.2946264803304,349.5933407472752,283.8459267142816,329.0845031738281,38132142,20727200000.0,810000000.0,82227900000.0,6199800000.0,43639200000.0,3419200000.0,49.01991,6.53,49.981,436344639.0,VGUARD.NS,0.1420695154814937,0.011865802239872355,0.022358338374672312,1
2024-06-30,329.134146366238,436.9916455518621,328.73689009987226,428.15252685546875,44268652,20727200000.0,810000000.0,82227900000.0,6199800000.0,43639200000.0,3419200000.0,49.01991,6.53,49.981,436344639.0,VGUARD.NS,0.1420695154814937,0.011865802239872355,0.022358338374672312,1
2024-09-30,430.08916747884626,575.2245209216054,428.0531957248389,445.5262756347656,47025613,12933300000.0,633900000.0,32400300000.0,2555800000.0,19309400000.0,594800000.0,49.01991,6.53,49.981,436344639.0,VGUARD.NS,0.13236040477694802,0.019564633660799437,0.032828570540772886,0
2024-12-31,445.52628198546785,452.79814248169447,392.58113909504334,420.8716735839844,21148311,12686500000.0,602200000.0,32400300000.0,2555800000.0,19309400000.0,594800000.0,49.01991,6.53,49.981,436344639.0,VGUARD.NS,0.13236040477694802,0.019564633660799437,0.032828570540772886,0
2025-03-31,424.8562645608592,448.2656953162641,298.84379967142706,354.1796875,22935206,14972500000.0,911400000.0,33382100000.0,1335200000.0,20978300000.0,499800000.0,49.01991,6.53,49.981,436344639.0,VGUARD.NS,0.06364672065896665,0.027302057090476634,0.04344489305615803,1
2025-06-30,352.98433361643924,399.4545229360715,328.7281761390875,385.80731201171875,22980562,14660800000.0,738500000.0,33382100000.0,1335200000.0,20978300000.0,499800000.0,49.01991,6.53,49.981,436344639.0,VGUARD.NS,0.06364672065896665,0.027302057090476634,0.04344489305615803,0
2025-09-30,386.25560643615916,408.1707953417069,348.54998779296875,375.5,22690843,14660800000.0,738500000.0,33382100000.0,1335200000.0,20978300000.0,499800000.0,49.01991,6.53,49.981,436344639.0,VGUARD.NS,0.06364672065896665,0.027302057090476634,0.04344489305615803,0
2025-12-31,375.3999938964844,384.0,321.3500061035156,328.0,21405186,14035100000.0,570600000.0,33382100000.0,1335200000.0,20978300000.0,499800000.0,49.01991,6.53,49.981,436344639.0,VGUARD.NS,0.06364672065896665,0.027302057090476634,0.04344489305615803,0
2026-03-31,328.79998779296875,356.45001220703125,290.0,320.1000061035156,16512228,14035100000.0,570600000.0,33382100000.0,1335200000.0,20978300000.0,499800000.0,49.01991,6.53,49.981,436344639.0,VGUARD.NS,0.06364672065896665,0.027302057090476634,0.04344489305615803,0
2016-03-31,657.9107527259355,703.0906407451371,644.3616423130183,684.9114990234375,251740,14035100000.0,570600000.0,33382100000.0,1335200000.0,20978300000.0,499800000.0,30.0,26.26,643.454,126871830.0,WHIRLPOOL.NS,0.06364672065896665,0.027302057090476634,0.04344489305615803,1
2016-06-30,687.2021101598618,813.822736556025,670.6312319528661,809.4363403320312,2607195,14035100000.0,570600000.0,33382100000.0,1335200000.0,20978300000.0,499800000.0,30.0,26.26,643.454,126871830.0,WHIRLPOOL.NS,0.06364672065896665,0.027302057090476634,0.04344489305615803,1
2016-09-30,809.0465483295694,1062.1415217977462,794.425033802959,991.6179809570312,2931682,14035100000.0,570600000.0,33382100000.0,1335200000.0,20978300000.0,499800000.0,30.0,26.26,643.454,126871830.0,WHIRLPOOL.NS,0.06364672065896665,0.027302057090476634,0.04344489305615803,0
2016-12-31,1006.5805395063092,1167.6587106656575,817.770523884495,866.605712890625,4878470,14035100000.0,570600000.0,33382100000.0,1335200000.0,20978300000.0,499800000.0,30.0,26.26,643.454,126871830.0,WHIRLPOOL.NS,0.06364672065896665,0.027302057090476634,0.04344489305615803,1
2017-03-31,876.3045402087572,1255.9716008303922,859.2463316952386,1190.857666015625,3993598,14035100000.0,570600000.0,33382100000.0,1335200000.0,20978300000.0,499800000.0,30.0,26.26,643.454,126871830.0,WHIRLPOOL.NS,0.06364672065896665,0.027302057090476634,0.04344489305615803,0
2017-06-30,1194.074540436213,1226.2415025766484,1064.5784996397906,1109.612060546875,4006042,14035100000.0,570600000.0,33382100000.0,1335200000.0,20978300000.0,499800000.0,30.0,26.26,643.454,126871830.0,WHIRLPOOL.NS,0.06364672065896665,0.027302057090476634,0.04344489305615803,1
2017-09-30,1114.6322126528457,1317.2561057481546,1088.4109635993489,1253.4942626953125,2909204,14035100000.0,570600000.0,33382100000.0,1335200000.0,20978300000.0,499800000.0,30.0,26.26,643.454,126871830.0,WHIRLPOOL.NS,0.06364672065896665,0.027302057090476634,0.04344489305615803,1
2017-12-31,1261.5561072113262,1585.0070467690186,1242.9405336700443,1556.375244140625,3288561,14035100000.0,570600000.0,33382100000.0,1335200000.0,20978300000.0,499800000.0,30.0,26.26,643.454,126871830.0,WHIRLPOOL.NS,0.06364672065896665,0.027302057090476634,0.04344489305615803,0
2018-03-31,1602.5965374753318,1620.1860116671342,1223.1525523570897,1475.8057861328125,3270071,14035100000.0,570600000.0,33382100000.0,1335200000.0,20978300000.0,499800000.0,30.0,26.26,643.454,126871830.0,WHIRLPOOL.NS,0.06364672065896665,0.027302057090476634,0.04344489305615803,1
2018-06-30,1499.9912513240656,1573.2805706919196,1446.2454572923773,1497.5970458984375,2525015,14035100000.0,570600000.0,33382100000.0,1335200000.0,20978300000.0,499800000.0,30.0,26.26,643.454,126871830.0,WHIRLPOOL.NS,0.06364672065896665,0.027302057090476634,0.04344489305615803,0
2018-09-30,1529.307051948442,1914.709366585837,1251.16792573424,1321.8907470703125,4121975,14035100000.0,570600000.0,33382100000.0,1335200000.0,20978300000.0,499800000.0,30.0,26.26,643.454,126871830.0,WHIRLPOOL.NS,0.06364672065896665,0.027302057090476634,0.04344489305615803,1
2018-12-31,1312.5853624775539,1512.4115960558047,1237.9442920717706,1362.1009521484375,2753740,14035100000.0,570600000.0,33382100000.0,1335200000.0,20978300000.0,499800000.0,30.0,26.26,643.454,126871830.0,WHIRLPOOL.NS,0.06364672065896665,0.027302057090476634,0.04344489305615803,1
2019-03-31,1390.7037216541319,1601.452086236744,1262.6286685044593,1470.0955810546875,3691471,14035100000.0,570600000.0,33382100000.0,1335200000.0,20978300000.0,499800000.0,30.0,26.26,643.454,126871830.0,WHIRLPOOL.NS,0.06364672065896665,0.027302057090476634,0.04344489305615803,1
2019-06-30,1498.64913981181,1561.3886711567677,1297.8921228678375,1557.51953125,3277730,14035100000.0,570600000.0,33382100000.0,1335200000.0,20978300000.0,499800000.0,30.0,26.26,643.454,126871830.0,WHIRLPOOL.NS,0.06364672065896665,0.027302057090476634,0.04344489305615803,1
2019-09-30,1565.2577638406244,1941.8908832776347,1417.5921531340318,1854.8692626953125,3768086,14035100000.0,570600000.0,33382100000.0,1335200000.0,20978300000.0,499800000.0,30.0,26.26,643.454,126871830.0,WHIRLPOOL.NS,0.06364672065896665,0.027302057090476634,0.04344489305615803,1
2019-12-31,1854.8693453095545,2454.8804087818557,1843.6171560503124,2332.529296875,6884932,14035100000.0,570600000.0,33382100000.0,1335200000.0,20978300000.0,499800000.0,30.0,26.26,643.454,126871830.0,WHIRLPOOL.NS,0.06364672065896665,0.027302057090476634,0.04344489305615803,0
2020-03-31,2344.813566025796,2510.8963651524177,1320.6038486054724,1787.50244140625,5800039,14035100000.0,570600000.0,33382100000.0,1335200000.0,20978300000.0,499800000.0,30.0,26.26,643.454,126871830.0,WHIRLPOOL.NS,0.06364672065896665,0.027302057090476634,0.04344489305615803,1
2020-06-30,1794.480122338051,2098.195205869383,1686.0841334732625,2038.985595703125,4023540,14035100000.0,570600000.0,33382100000.0,1335200000.0,20978300000.0,499800000.0,30.0,26.26,643.454,126871830.0,WHIRLPOOL.NS,0.06364672065896665,0.027302057090476634,0.04344489305615803,1
2020-09-30,2016.5790423668718,2270.0762912541727,1950.5780392526187,2163.997802734375,4175198,14035100000.0,570600000.0,33382100000.0,1335200000.0,20978300000.0,499800000.0,30.0,26.26,643.454,126871830.0,WHIRLPOOL.NS,0.06364672065896665,0.027302057090476634,0.04344489305615803,1
2020-12-31,2178.035749945706,2634.822312358034,1999.7342489070347,2589.8037109375,5640114,14035100000.0,570600000.0,33382100000.0,1335200000.0,20978300000.0,499800000.0,30.0,26.26,643.454,126871830.0,WHIRLPOOL.NS,0.06364672065896665,0.027302057090476634,0.04344489305615803,0
2021-03-31,2565.176336190286,2745.4479345267755,2114.0045996247563,2193.403076171875,7569596,14035100000.0,570600000.0,33382100000.0,1335200000.0,20978300000.0,499800000.0,30.0,26.26,643.454,126871830.0,WHIRLPOOL.NS,0.06364672065896665,0.027302057090476634,0.04344489305615803,1
2021-06-30,2206.012004607043,2382.638952563583,2036.4781736960133,2202.170166015625,9066469,14035100000.0,570600000.0,33382100000.0,1335200000.0,20978300000.0,499800000.0,30.0,26.26,643.454,126871830.0,WHIRLPOOL.NS,0.06364672065896665,0.027302057090476634,0.04344489305615803,1
2021-09-30,2202.1706384956165,2339.659620397333,1946.243796885339,2256.07861328125,8225516,14035100000.0,570600000.0,33382100000.0,1335200000.0,20978300000.0,499800000.0,30.0,26.26,643.454,126871830.0,WHIRLPOOL.NS,0.06364672065896665,0.027302057090476634,0.04344489305615803,0
2021-12-31,2251.1913436236846,2517.779651155632,1690.3682432246999,1739.48974609375,17491909,14035100000.0,570600000.0,33382100000.0,1335200000.0,20978300000.0,499800000.0,30.0,26.26,643.454,126871830.0,WHIRLPOOL.NS,0.06364672065896665,0.027302057090476634,0.04344489305615803,0
2022-03-31,1757.5090738760387,1892.7780357503384,1512.7412851399433,1552.9764404296875,14152065,14035100000.0,570600000.0,33382100000.0,1335200000.0,20978300000.0,499800000.0,30.0,26.26,643.454,126871830.0,WHIRLPOOL.NS,0.06364672065896665,0.027302057090476634,0.04344489305615803,0
2022-06-30,1560.0361312590958,1700.241756156385,1347.8515421218713,1546.14013671875,11624743,14035100000.0,570600000.0,33382100000.0,1335200000.0,20978300000.0,499800000.0,30.0,26.26,643.454,126871830.0,WHIRLPOOL.NS,0.06364672065896665,0.027302057090476634,0.04344489305615803,1
2022-09-30,1537.373667719334,1887.046971692084,1524.000894192136,1619.0960693359375,9408386,14035100000.0,570600000.0,33382100000.0,1335200000.0,20978300000.0,499800000.0,30.0,26.26,643.454,126871830.0,WHIRLPOOL.NS,0.06364672065896665,0.027302057090476634,0.04344489305615803,0
2022-12-31,1619.5914297403874,1669.120129202875,1447.2312367810596,1482.990966796875,6964913,14035100000.0,570600000.0,33382100000.0,1335200000.0,20978300000.0,499800000.0,30.0,26.26,643.454,126871830.0,WHIRLPOOL.NS,0.06364672065896665,0.027302057090476634,0.04344489305615803,0
2023-03-31,1483.0406590564746,1515.5810466862126,1205.7782281051393,1302.65673828125,6630643,14035100000.0,570600000.0,33382100000.0,1335200000.0,20978300000.0,499800000.0,30.0,26.26,643.454,126871830.0,WHIRLPOOL.NS,0.06364672065896665,0.027302057090476634,0.04344489305615803,1
2023-06-30,1302.6568923100747,1478.8801337830157,1279.4277470773682,1460.25732421875,6455592,14035100000.0,570600000.0,33382100000.0,1335200000.0,20978300000.0,499800000.0,30.0,26.26,643.454,126871830.0,WHIRLPOOL.NS,0.06364672065896665,0.027302057090476634,0.04344489305615803,1
2023-09-30,1471.0050992630179,1692.2938631792624,1379.6244089185477,1614.833984375,4365649,14035100000.0,570600000.0,33382100000.0,1335200000.0,20978300000.0,499800000.0,30.0,26.26,643.454,126871830.0,WHIRLPOOL.NS,0.06364672065896665,0.027302057090476634,0.04344489305615803,0
2023-12-31,1614.834007826322,1722.1053377298897,1284.8714017813234,1358.257080078125,9089625,14035100000.0,570600000.0,33382100000.0,1335200000.0,20978300000.0,499800000.0,30.0,26.26,643.454,126871830.0,WHIRLPOOL.NS,0.06364672065896665,0.027302057090476634,0.04344489305615803,0
2024-03-31,1360.3937171413731,1390.8012459142162,1178.6435058676514,1213.7711181640625,14926901,14035100000.0,570600000.0,33382100000.0,1335200000.0,20978300000.0,499800000.0,30.0,26.26,643.454,126871830.0,WHIRLPOOL.NS,0.06364672065896665,0.027302057090476634,0.04344489305615803,1
2024-06-30,1213.771202830025,2185.17572342663,1213.771202830025,1985.787109375,18071046,14035100000.0,570600000.0,33382100000.0,1335200000.0,20978300000.0,499800000.0,30.0,26.26,643.454,126871830.0,WHIRLPOOL.NS,0.06364672065896665,0.027302057090476634,0.04344489305615803,1
2024-09-30,1985.7871688015084,2331.808205641229,1908.9234520535645,2280.804931640625,14914153,17129900000.0,520200000.0,61196800000.0,2305700000.0,37827800000.0,24431300000.0,30.0,26.26,643.454,126871830.0,WHIRLPOOL.NS,0.06095252697751389,0.008500444467684585,0.013751791010843877,0
2024-12-31,2275.4752380326904,2440.289555852968,1702.4350218492923,1833.081298828125,11741367,17048500000.0,439600000.0,61196800000.0,2305700000.0,37827800000.0,24431300000.0,30.0,26.26,643.454,126871830.0,WHIRLPOOL.NS,0.06095252697751389,0.008500444467684585,0.013751791010843877,0
2025-03-31,1818.48753142057,1882.5903212420988,895.5466107079515,986.097412109375,25359836,20034500000.0,1192000000.0,67756100000.0,2843700000.0,39497800000.0,25576100000.0,30.0,26.26,643.454,126871830.0,WHIRLPOOL.NS,0.07199641499020198,0.017592511965712314,0.03017889603977943,1
2025-06-30,977.2315968131556,1449.8093025140686,932.4044139392744,1396.0167236328125,29660363,24323200000.0,1457300000.0,67756100000.0,2843700000.0,39497800000.0,25576100000.0,30.0,26.26,643.454,126871830.0,WHIRLPOOL.NS,0.07199641499020198,0.017592511965712314,0.03017889603977943,0
2025-09-30,1394.6220391157733,1468.1385846430637,1170.0999755859375,1191.199951171875,11664093,24323200000.0,1457300000.0,67756100000.0,2843700000.0,39497800000.0,25576100000.0,30.0,26.26,643.454,126871830.0,WHIRLPOOL.NS,0.07199641499020198,0.017592511965712314,0.03017889603977943,0
2025-12-31,1191.199951171875,1437.0,884.0,899.0999755859375,56239041,17738400000.0,264900000.0,67756100000.0,2843700000.0,39497800000.0,25576100000.0,30.0,26.26,643.454,126871830.0,WHIRLPOOL.NS,0.07199641499020198,0.017592511965712314,0.03017889603977943,0
2026-03-31,904.9500122070312,945.5999755859375,756.8499755859375,787.7999877929688,22351902,17738400000.0,264900000.0,67756100000.0,2843700000.0,39497800000.0,25576100000.0,30.0,26.26,643.454,126871830.0,WHIRLPOOL.NS,0.07199641499020198,0.017592511965712314,0.03017889603977943,0
2016-03-31,150.23408038278362,167.73137211934076,148.85386100850434,163.06658935546875,1169645,17738400000.0,264900000.0,67756100000.0,2843700000.0,39497800000.0,25576100000.0,16.893988,32.26,188.351,226713197.0,ZENSARTECH.NS,0.07199641499020198,0.017592511965712314,0.03017889603977943,1
2016-06-30,164.21098648004167,183.44665649214852,159.37147090346747,169.6444549560547,10098810,17738400000.0,264900000.0,67756100000.0,2843700000.0,39497800000.0,25576100000.0,16.893988,32.26,188.351,226713197.0,ZENSARTECH.NS,0.07199641499020198,0.017592511965712314,0.03017889603977943,1
2016-09-30,171.21689698961913,198.47180722995353,166.02796393892936,173.45318603515625,13347690,17738400000.0,264900000.0,67756100000.0,2843700000.0,39497800000.0,25576100000.0,16.893988,32.26,188.351,226713197.0,ZENSARTECH.NS,0.07199641499020198,0.017592511965712314,0.03017889603977943,0
2016-12-31,173.6628675165418,187.5523839231412,151.82390132695286,165.97552490234375,8041720,17738400000.0,264900000.0,67756100000.0,2843700000.0,39497800000.0,25576100000.0,16.893988,32.26,188.351,226713197.0,ZENSARTECH.NS,0.07199641499020198,0.017592511965712314,0.03017889603977943,0
2017-03-31,165.9755818930121,168.31670475528475,151.5094532630228,162.53871154785156,6145225,17738400000.0,264900000.0,67756100000.0,2843700000.0,39497800000.0,25576100000.0,16.893988,32.26,188.351,226713197.0,ZENSARTECH.NS,0.07199641499020198,0.017592511965712314,0.03017889603977943,0
2017-06-30,163.0570604347765,164.28701130697664,141.8490953800878,142.9384765625,6623770,17738400000.0,264900000.0,67756100000.0,2843700000.0,39497800000.0,25576100000.0,16.893988,32.26,188.351,226713197.0,ZENSARTECH.NS,0.07199641499020198,0.017592511965712314,0.03017889603977943,0
2017-09-30,142.3234859561959,157.5715503646934,131.1530909754979,132.89007568359375,6880915,17738400000.0,264900000.0,67756100000.0,2843700000.0,39497800000.0,25576100000.0,16.893988,32.26,188.351,226713197.0,ZENSARTECH.NS,0.07199641499020198,0.017592511965712314,0.03017889603977943,1
2017-12-31,132.72169085182927,159.52127152029007,129.74398868705745,157.84629821777344,3717995,17738400000.0,264900000.0,67756100000.0,2843700000.0,39497800000.0,25576100000.0,16.893988,32.26,188.351,226713197.0,ZENSARTECH.NS,0.07199641499020198,0.017592511965712314,0.03017889603977943,1
2018-03-31,157.48294690451448,176.71412160848757,150.66781253985755,160.59732055664062,4840345,17738400000.0,264900000.0,67756100000.0,2843700000.0,39497800000.0,25576100000.0,16.893988,32.26,188.351,226713197.0,ZENSARTECH.NS,0.07199641499020198,0.017592511965712314,0.03017889603977943,1
2018-06-30,161.978313722756,235.39429295225284,158.67285665263216,227.9101104736328,14904030,17738400000.0,264900000.0,67756100000.0,2843700000.0,39497800000.0,25576100000.0,16.893988,32.26,188.351,226713197.0,ZENSARTECH.NS,0.07199641499020198,0.017592511965712314,0.03017889603977943,1
2018-09-30,228.0883319539742,313.36181049559093,204.48717156070754,253.18959045410156,16244415,17738400000.0,264900000.0,67756100000.0,2843700000.0,39497800000.0,25576100000.0,16.893988,32.26,188.351,226713197.0,ZENSARTECH.NS,0.07199641499020198,0.017592511965712314,0.03017889603977943,0
2018-12-31,248.61952295685643,299.2484738634457,194.18215238246725,208.0267333984375,6003784,17738400000.0,264900000.0,67756100000.0,2843700000.0,39497800000.0,25576100000.0,16.893988,32.26,188.351,226713197.0,ZENSARTECH.NS,0.07199641499020198,0.017592511965712314,0.03017889603977943,1
2019-03-31,208.11631016885082,216.8531855534199,179.94005978206533,210.09512329101562,8441767,17738400000.0,264900000.0,67756100000.0,2843700000.0,39497800000.0,25576100000.0,16.893988,32.26,188.351,226713197.0,ZENSARTECH.NS,0.07199641499020198,0.017592511965712314,0.03017889603977943,1
2019-06-30,209.7350781156018,244.2558901732752,206.62954827121615,232.68890380859375,3938589,17738400000.0,264900000.0,67756100000.0,2843700000.0,39497800000.0,25576100000.0,16.893988,32.26,188.351,226713197.0,ZENSARTECH.NS,0.07199641499020198,0.017592511965712314,0.03017889603977943,0
2019-09-30,233.0940048409942,234.93932305441342,185.6719948400303,199.0607147216797,1689811,17738400000.0,264900000.0,67756100000.0,2843700000.0,39497800000.0,25576100000.0,16.893988,32.26,188.351,226713197.0,ZENSARTECH.NS,0.07199641499020198,0.017592511965712314,0.03017889603977943,0
2019-12-31,199.06070070712133,202.37382789480688,152.58596753516287,158.48609924316406,4062303,17738400000.0,264900000.0,67756100000.0,2843700000.0,39497800000.0,25576100000.0,16.893988,32.26,188.351,226713197.0,ZENSARTECH.NS,0.07199641499020198,0.017592511965712314,0.03017889603977943,0
2020-03-31,159.71144685926953,183.72042077253352,59.32783032555838,81.83148956298828,6033069,17738400000.0,264900000.0,67756100000.0,2843700000.0,39497800000.0,25576100000.0,16.893988,32.26,188.351,226713197.0,ZENSARTECH.NS,0.07199641499020198,0.017592511965712314,0.03017889603977943,1
2020-06-30,81.83149171270718,149.7144378345318,72.3464702291688,115.16852569580078,18226049,17738400000.0,264900000.0,67756100000.0,2843700000.0,39497800000.0,25576100000.0,16.893988,32.26,188.351,226713197.0,ZENSARTECH.NS,0.07199641499020198,0.017592511965712314,0.03017889603977943,1
2020-09-30,117.02832562163934,196.86052346136506,112.98324779839439,178.9134063720703,24742825,17738400000.0,264900000.0,67756100000.0,2843700000.0,39497800000.0,25576100000.0,16.893988,32.26,188.351,226713197.0,ZENSARTECH.NS,0.07199641499020198,0.017592511965712314,0.03017889603977943,1
2020-12-31,180.40124767469072,248.28419296073966,160.22234408153977,220.75904846191406,16100501,17738400000.0,264900000.0,67756100000.0,2843700000.0,39497800000.0,25576100000.0,16.893988,32.26,188.351,226713197.0,ZENSARTECH.NS,0.07199641499020198,0.017592511965712314,0.03017889603977943,1
2021-03-31,224.9436272765469,325.2480356350357,208.79424230721406,256.039306640625,34540420,17738400000.0,264900000.0,67756100000.0,2843700000.0,39497800000.0,25576100000.0,16.893988,32.26,188.351,226713197.0,ZENSARTECH.NS,0.07199641499020198,0.017592511965712314,0.03017889603977943,1
2021-06-30,257.02067297951976,298.3309192593257,238.04791263427487,290.99420166015625,61815471,17738400000.0,264900000.0,67756100000.0,2843700000.0,39497800000.0,25576100000.0,16.893988,32.26,188.351,226713197.0,ZENSARTECH.NS,0.07199641499020198,0.017592511965712314,0.03017889603977943,1
2021-09-30,296.27474600885836,551.3385957784312,291.8820175455249,448.7726745605469,118492452,17738400000.0,264900000.0,67756100000.0,2843700000.0,39497800000.0,25576100000.0,16.893988,32.26,188.351,226713197.0,ZENSARTECH.NS,0.07199641499020198,0.017592511965712314,0.03017889603977943,1
2021-12-31,444.2643188012473,505.3154330218897,357.4777900502354,489.86480712890625,117889089,17738400000.0,264900000.0,67756100000.0,2843700000.0,39497800000.0,25576100000.0,16.893988,32.26,188.351,226713197.0,ZENSARTECH.NS,0.07199641499020198,0.017592511965712314,0.03017889603977943,0
2022-03-31,493.0113212847424,506.2546957758475,295.3276930588752,345.8448486328125,66708353,17738400000.0,264900000.0,67756100000.0,2843700000.0,39497800000.0,25576100000.0,16.893988,32.26,188.351,226713197.0,ZENSARTECH.NS,0.07199641499020198,0.017592511965712314,0.03017889603977943,0
2022-06-30,345.4207165050064,371.998802560633,232.46391202083018,256.45013427734375,44384812,17738400000.0,264900000.0,67756100000.0,2843700000.0,39497800000.0,25576100000.0,16.893988,32.26,188.351,226713197.0,ZENSARTECH.NS,0.07199641499020198,0.017592511965712314,0.03017889603977943,0
2022-09-30,257.4398001048679,259.9373372622586,198.75851402965128,202.246337890625,64160004,17738400000.0,264900000.0,67756100000.0,2843700000.0,39497800000.0,25576100000.0,16.893988,32.26,188.351,226713197.0,ZENSARTECH.NS,0.07199641499020198,0.017592511965712314,0.03017889603977943,1
2022-12-31,202.96301265199503,236.40796284849588,192.54730946705237,203.53636169433594,50515582,17738400000.0,264900000.0,67756100000.0,2843700000.0,39497800000.0,25576100000.0,16.893988,32.26,188.351,226713197.0,ZENSARTECH.NS,0.07199641499020198,0.017592511965712314,0.03017889603977943,1
2023-03-31,204.2052829915686,296.6333375366547,196.27402683833154,263.8396301269531,119672474,17738400000.0,264900000.0,67756100000.0,2843700000.0,39497800000.0,25576100000.0,16.893988,32.26,188.351,226713197.0,ZENSARTECH.NS,0.07199641499020198,0.017592511965712314,0.03017889603977943,1
2023-06-30,264.4647993645812,402.6596030169699,249.36621680222066,372.1259765625,122908570,17738400000.0,264900000.0,67756100000.0,2843700000.0,39497800000.0,25576100000.0,16.893988,32.26,188.351,226713197.0,ZENSARTECH.NS,0.07199641499020198,0.017592511965712314,0.03017889603977943,1
2023-09-30,373.61660210837505,557.1943225599315,366.50011333752417,501.3779602050781,136967919,17738400000.0,264900000.0,67756100000.0,2843700000.0,39497800000.0,25576100000.0,16.893988,32.26,188.351,226713197.0,ZENSARTECH.NS,0.07199641499020198,0.017592511965712314,0.03017889603977943,1
2023-12-31,502.9284025084344,624.0576685650408,442.17000528399024,591.7403564453125,105316780,17738400000.0,264900000.0,67756100000.0,2843700000.0,39497800000.0,25576100000.0,16.893988,32.26,188.351,226713197.0,ZENSARTECH.NS,0.07199641499020198,0.017592511965712314,0.03017889603977943,0
2024-03-31,594.4051753186441,607.2448692532755,500.82012067110315,590.0438842773438,77985641,17738400000.0,264900000.0,67756100000.0,2843700000.0,39497800000.0,25576100000.0,16.893988,32.26,188.351,226713197.0,ZENSARTECH.NS,0.07199641499020198,0.017592511965712314,0.03017889603977943,1
2024-06-30,588.3420210810897,760.9548721280789,515.6502021762992,726.7726440429688,82991327,17738400000.0,264900000.0,67756100000.0,2843700000.0,39497800000.0,25576100000.0,16.893988,32.26,188.351,226713197.0,ZENSARTECH.NS,0.07199641499020198,0.017592511965712314,0.03017889603977943,0
2024-09-30,725.5084179373523,816.3854038023451,652.5182435950518,662.6241455078125,72904465,13080000000.0,1557000000.0,48223000000.0,1469000000.0,37058000000.0,3463000000.0,16.893988,32.26,188.351,226713197.0,ZENSARTECH.NS,0.03964056344109234,0.03228749766708832,0.04201521938582762,1
2024-12-31,666.6469657449597,822.2093403638263,624.4081353360559,737.4864501953125,37216149,13256000000.0,1598000000.0,48223000000.0,1469000000.0,37058000000.0,3463000000.0,16.893988,32.26,188.351,226713197.0,ZENSARTECH.NS,0.03964056344109234,0.03228749766708832,0.04201521938582762,0
2025-03-31,738.3204371533467,968.7606224393088,613.8910348951605,689.3302612304688,154841054,13589000000.0,1764000000.0,51729000000.0,1252000000.0,40697000000.0,2708000000.0,16.893988,32.26,188.351,226713197.0,ZENSARTECH.NS,0.030763938373835908,0.03410079452531462,0.04334471828390299,1
2025-06-30,677.9209990834582,879.3055699586648,527.0423723453456,828.7012329101562,71030040,13850000000.0,1820000000.0,51729000000.0,1252000000.0,40697000000.0,2708000000.0,16.893988,32.26,188.351,226713197.0,ZENSARTECH.NS,0.030763938373835908,0.03410079452531462,0.04334471828390299,0
2025-09-30,831.0617684052222,866.5192369960993,743.4482409255482,760.4387817382812,33832630,13850000000.0,1820000000.0,51729000000.0,1252000000.0,40697000000.0,2708000000.0,16.893988,32.26,188.351,226713197.0,ZENSARTECH.NS,0.030763938373835908,0.03410079452531462,0.04334471828390299,0
2025-12-31,760.3889575859201,819.1334135148343,684.2055809303137,701.1961669921875,25016346,14307000000.0,1998000000.0,51729000000.0,1252000000.0,40697000000.0,2708000000.0,16.893988,32.26,188.351,226713197.0,ZENSARTECH.NS,0.030763938373835908,0.03410079452531462,0.04334471828390299,0
2026-03-31,702.790572708481,736.9211123095374,528.25,545.0,29561673,14307000000.0,1998000000.0,51729000000.0,1252000000.0,40697000000.0,2708000000.0,16.893988,32.26,188.351,226713197.0,ZENSARTECH.NS,0.030763938373835908,0.03410079452531462,0.04334471828390299,0
