Date,open,high,low,close,volume,Revenue,NetIncome,TotalAssets,TotalDebt,Equity,Cash,PE,EPS,BookValue,SharesOutstanding,Ticker,Debt_Equity,ROA,ROE,Label
2023-09-30,795.0,976.9500122070312,791.0499877929688,810.25,109736282,,,,,,,50.9634,18.58,194.438,1201282642,ADANIENSOL.NS,,,,1
2023-12-31,815.9000244140625,1246.0,686.0,1045.75,167433531,,,,,,,50.9634,18.58,194.438,1201282642,ADANIENSOL.NS,,,,0
2024-03-31,1040.0,1250.0,915.2999877929688,1026.699951171875,163740309,,,,,,,50.9634,18.58,194.438,1201282642,ADANIENSOL.NS,,,,0
2024-06-30,1047.0999755859375,1249.4000244140625,831.5,997.3499755859375,134798388,,,,,,,50.9634,18.58,194.438,1201282642,ADANIENSOL.NS,,,,1
2024-09-30,1003.6500244140625,1348.0,967.0499877929688,1009.6500244140625,190802084,61837000000.0,6749600000.0,691069000000.0,390087200000.0,209852200000.0,23635100000.0,50.9634,18.58,194.438,1201282642,ADANIENSOL.NS,1.8588663831020118,0.009766897372042444,0.032163589421507134,0
2024-12-31,1013.9500122070312,1090.949951171875,588.0,806.2000122070312,258425986,58302600000.0,5617800000.0,691069000000.0,390087200000.0,209852200000.0,23635100000.0,50.9634,18.58,194.438,1201282642,ADANIENSOL.NS,1.8588663831020118,0.009766897372042444,0.032163589421507134,1
2025-03-31,808.7999877929688,894.9000244140625,639.4500122070312,872.0,143231721,61536400000.0,6471500000.0,739601000000.0,402752800000.0,220682000000.0,21903800000.0,50.9634,18.58,194.438,1201282642,ADANIENSOL.NS,1.825036930968543,0.008749988169296688,0.029325001585992515,1
2025-06-30,857.4000244140625,981.0,780.5,881.75,172390640,68192800000.0,5124800000.0,739601000000.0,402752800000.0,220682000000.0,21903800000.0,50.9634,18.58,194.438,1201282642,ADANIENSOL.NS,1.825036930968543,0.008749988169296688,0.029325001585992515,0
2025-09-30,884.0,957.9000244140625,744.9000244140625,872.25,135636547,68192800000.0,5124800000.0,739601000000.0,402752800000.0,220682000000.0,21903800000.0,50.9634,18.58,194.438,1201282642,ADANIENSOL.NS,1.825036930968543,0.008749988169296688,0.029325001585992515,1
2025-12-31,876.4000244140625,1050.0,870.0999755859375,1027.3499755859375,81164747,67296500000.0,5523100000.0,739601000000.0,402752800000.0,220682000000.0,21903800000.0,50.9634,18.58,194.438,1201282642,ADANIENSOL.NS,1.825036930968543,0.008749988169296688,0.029325001585992515,0
2026-03-31,1029.0,1067.699951171875,803.0999755859375,946.9000244140625,96157605,67296500000.0,5523100000.0,739601000000.0,402752800000.0,220682000000.0,21903800000.0,50.9634,18.58,194.438,1201282642,ADANIENSOL.NS,1.825036930968543,0.008749988169296688,0.029325001585992515,0
2018-06-30,30.0,33.04999923706055,24.75,26.799999237060547,17698561,67296500000.0,5523100000.0,739601000000.0,402752800000.0,220682000000.0,21903800000.0,95.60304,8.54,114.432,1647176155,ADANIGREEN.NS,1.825036930968543,0.008749988169296688,0.029325001585992515,1
2018-09-30,27.200000762939453,73.30000305175781,22.799999237060547,40.849998474121094,65790710,67296500000.0,5523100000.0,739601000000.0,402752800000.0,220682000000.0,21903800000.0,95.60304,8.54,114.432,1647176155,ADANIGREEN.NS,1.825036930968543,0.008749988169296688,0.029325001585992515,1
2018-12-31,38.849998474121094,50.25,29.100000381469727,41.849998474121094,47185314,67296500000.0,5523100000.0,739601000000.0,402752800000.0,220682000000.0,21903800000.0,95.60304,8.54,114.432,1647176155,ADANIGREEN.NS,1.825036930968543,0.008749988169296688,0.029325001585992515,0
2019-03-31,41.849998474121094,42.5,30.149999618530273,35.849998474121094,30625193,67296500000.0,5523100000.0,739601000000.0,402752800000.0,220682000000.0,21903800000.0,95.60304,8.54,114.432,1647176155,ADANIGREEN.NS,1.825036930968543,0.008749988169296688,0.029325001585992515,1
2019-06-30,37.54999923706055,48.04999923706055,35.599998474121094,44.400001525878906,71210582,67296500000.0,5523100000.0,739601000000.0,402752800000.0,220682000000.0,21903800000.0,95.60304,8.54,114.432,1647176155,ADANIGREEN.NS,1.825036930968543,0.008749988169296688,0.029325001585992515,1
2019-09-30,44.95000076293945,61.45000076293945,42.5,58.25,86307904,67296500000.0,5523100000.0,739601000000.0,402752800000.0,220682000000.0,21903800000.0,95.60304,8.54,114.432,1647176155,ADANIGREEN.NS,1.825036930968543,0.008749988169296688,0.029325001585992515,1
2019-12-31,58.75,166.4499969482422,55.0,166.4499969482422,161041801,67296500000.0,5523100000.0,739601000000.0,402752800000.0,220682000000.0,21903800000.0,95.60304,8.54,114.432,1647176155,ADANIGREEN.NS,1.825036930968543,0.008749988169296688,0.029325001585992515,0
2020-03-31,169.35000610351562,243.75,111.9000015258789,153.25,97169154,67296500000.0,5523100000.0,739601000000.0,402752800000.0,220682000000.0,21903800000.0,95.60304,8.54,114.432,1647176155,ADANIGREEN.NS,1.825036930968543,0.008749988169296688,0.029325001585992515,1
2020-06-30,155.5,486.75,150.4499969482422,358.8500061035156,58210190,67296500000.0,5523100000.0,739601000000.0,402752800000.0,220682000000.0,21903800000.0,95.60304,8.54,114.432,1647176155,ADANIGREEN.NS,1.825036930968543,0.008749988169296688,0.029325001585992515,1
2020-09-30,340.95001220703125,749.7999877929688,305.6000061035156,737.5999755859375,116318419,67296500000.0,5523100000.0,739601000000.0,402752800000.0,220682000000.0,21903800000.0,95.60304,8.54,114.432,1647176155,ADANIGREEN.NS,1.825036930968543,0.008749988169296688,0.029325001585992515,1
2020-12-31,754.0,1220.0,660.0,1052.5999755859375,132642317,67296500000.0,5523100000.0,739601000000.0,402752800000.0,220682000000.0,21903800000.0,95.60304,8.54,114.432,1647176155,ADANIGREEN.NS,1.825036930968543,0.008749988169296688,0.029325001585992515,1
2021-03-31,1079.9000244140625,1340.0,900.0999755859375,1104.8499755859375,89741154,67296500000.0,5523100000.0,739601000000.0,402752800000.0,220682000000.0,21903800000.0,95.60304,8.54,114.432,1647176155,ADANIGREEN.NS,1.825036930968543,0.008749988169296688,0.029325001585992515,1
2021-06-30,1104.9000244140625,1390.0,990.0,1124.9000244140625,60093398,67296500000.0,5523100000.0,739601000000.0,402752800000.0,220682000000.0,21903800000.0,95.60304,8.54,114.432,1647176155,ADANIGREEN.NS,1.825036930968543,0.008749988169296688,0.029325001585992515,1
2021-09-30,1124.9000244140625,1219.9000244140625,874.7999877929688,1146.5999755859375,82351773,67296500000.0,5523100000.0,739601000000.0,402752800000.0,220682000000.0,21903800000.0,95.60304,8.54,114.432,1647176155,ADANIGREEN.NS,1.825036930968543,0.008749988169296688,0.029325001585992515,1
2021-12-31,1147.949951171875,1474.8499755859375,1106.0,1330.25,57247045,67296500000.0,5523100000.0,739601000000.0,402752800000.0,220682000000.0,21903800000.0,95.60304,8.54,114.432,1647176155,ADANIGREEN.NS,1.825036930968543,0.008749988169296688,0.029325001585992515,1
2022-03-31,1340.0,2125.0,1336.9000244140625,1914.699951171875,44047565,67296500000.0,5523100000.0,739601000000.0,402752800000.0,220682000000.0,21903800000.0,95.60304,8.54,114.432,1647176155,ADANIGREEN.NS,1.825036930968543,0.008749988169296688,0.029325001585992515,1
2022-06-30,1935.550048828125,3050.0,1650.199951171875,1929.5999755859375,125712737,67296500000.0,5523100000.0,739601000000.0,402752800000.0,220682000000.0,21903800000.0,95.60304,8.54,114.432,1647176155,ADANIGREEN.NS,1.825036930968543,0.008749988169296688,0.029325001585992515,1
2022-09-30,1928.0,2572.0,1860.0999755859375,2260.800048828125,155298564,67296500000.0,5523100000.0,739601000000.0,402752800000.0,220682000000.0,21903800000.0,95.60304,8.54,114.432,1647176155,ADANIGREEN.NS,1.825036930968543,0.008749988169296688,0.029325001585992515,0
2022-12-31,2263.85009765625,2288.800048828125,1755.0,1931.800048828125,65438964,67296500000.0,5523100000.0,739601000000.0,402752800000.0,220682000000.0,21903800000.0,95.60304,8.54,114.432,1647176155,ADANIGREEN.NS,1.825036930968543,0.008749988169296688,0.029325001585992515,0
2023-03-31,1933.699951171875,2185.0,439.1000061035156,881.1500244140625,204436432,67296500000.0,5523100000.0,739601000000.0,402752800000.0,220682000000.0,21903800000.0,95.60304,8.54,114.432,1647176155,ADANIGREEN.NS,1.825036930968543,0.008749988169296688,0.029325001585992515,1
2023-06-30,884.7999877929688,1038.199951171875,795.5999755859375,945.9000244140625,192679836,67296500000.0,5523100000.0,739601000000.0,402752800000.0,220682000000.0,21903800000.0,95.60304,8.54,114.432,1647176155,ADANIGREEN.NS,1.825036930968543,0.008749988169296688,0.029325001585992515,1
2023-09-30,955.8499755859375,1184.8499755859375,885.0999755859375,987.1500244140625,173988113,67296500000.0,5523100000.0,739601000000.0,402752800000.0,220682000000.0,21903800000.0,95.60304,8.54,114.432,1647176155,ADANIGREEN.NS,1.825036930968543,0.008749988169296688,0.029325001585992515,1
2023-12-31,995.0999755859375,1700.0,815.5499877929688,1597.0,130037869,67296500000.0,5523100000.0,739601000000.0,402752800000.0,220682000000.0,21903800000.0,95.60304,8.54,114.432,1647176155,ADANIGREEN.NS,1.825036930968543,0.008749988169296688,0.029325001585992515,1
2024-03-31,1598.0,2018.949951171875,1562.75,1835.1500244140625,100411175,67296500000.0,5523100000.0,739601000000.0,402752800000.0,220682000000.0,21903800000.0,95.60304,8.54,114.432,1647176155,ADANIGREEN.NS,1.825036930968543,0.008749988169296688,0.029325001585992515,0
2024-06-30,1865.0,2174.10009765625,1545.1500244140625,1788.800048828125,93692991,67296500000.0,5523100000.0,739601000000.0,402752800000.0,220682000000.0,21903800000.0,95.60304,8.54,114.432,1647176155,ADANIGREEN.NS,1.825036930968543,0.008749988169296688,0.029325001585992515,1
2024-09-30,1790.0,2091.0,1667.5,1902.699951171875,120790162,30050000000.0,2760000000.0,982580000000.0,674300000000.0,105760000000.0,43420000000.0,95.60304,8.54,114.432,1647176155,ADANIGREEN.NS,6.375756429652042,0.002808931588267622,0.026096822995461424,0
2024-12-31,1915.550048828125,1929.550048828125,870.25,1040.699951171875,248308467,23400000000.0,4920000000.0,982580000000.0,674300000000.0,105760000000.0,43420000000.0,95.60304,8.54,114.432,1647176155,ADANIGREEN.NS,6.375756429652042,0.002808931588267622,0.026096822995461424,0
2025-03-31,1040.699951171875,1127.0,758.0,948.6500244140625,303901899,29580000000.0,2300000000.0,1113980000000.0,800400000000.0,121370000000.0,22120000000.0,95.60304,8.54,114.432,1647176155,ADANIGREEN.NS,6.5947103897173935,0.0020646690245785383,0.018950317211831588,1
2025-06-30,948.0,1077.0,850.0,1025.5999755859375,200416270,38000000000.0,7130000000.0,1113980000000.0,800400000000.0,121370000000.0,22120000000.0,95.60304,8.54,114.432,1647176155,ADANIGREEN.NS,6.5947103897173935,0.0020646690245785383,0.018950317211831588,1
2025-09-30,1030.0,1177.550048828125,903.5,1026.8499755859375,182906809,38000000000.0,7130000000.0,1113980000000.0,800400000000.0,121370000000.0,22120000000.0,95.60304,8.54,114.432,1647176155,ADANIGREEN.NS,6.5947103897173935,0.0020646690245785383,0.018950317211831588,0
2025-12-31,1031.800048828125,1166.4000244140625,975.0,1015.0999755859375,172160380,26180000000.0,-410000000.0,1113980000000.0,800400000000.0,121370000000.0,22120000000.0,95.60304,8.54,114.432,1647176155,ADANIGREEN.NS,6.5947103897173935,0.0020646690245785383,0.018950317211831588,0
2026-03-31,1019.7000122070312,1045.0,765.0,816.4500122070312,179295237,26180000000.0,-410000000.0,1113980000000.0,800400000000.0,121370000000.0,22120000000.0,95.60304,8.54,114.432,1647176155,ADANIGREEN.NS,6.5947103897173935,0.0020646690245785383,0.018950317211831588,0
2016-03-31,6.300000190734863,7.119999885559082,5.75,6.889999866485596,259364360,26180000000.0,-410000000.0,1113980000000.0,800400000000.0,121370000000.0,22120000000.0,25.230375,5.86,30.287,19284694705,ADANIPOWER.NS,6.5947103897173935,0.0020646690245785383,0.018950317211831588,0
2016-06-30,6.789999961853027,7.21999979019165,5.400000095367432,6.099999904632568,2572038070,26180000000.0,-410000000.0,1113980000000.0,800400000000.0,121370000000.0,22120000000.0,25.230375,5.86,30.287,19284694705,ADANIPOWER.NS,6.5947103897173935,0.0020646690245785383,0.018950317211831588,0
2016-09-30,6.099999904632568,6.199999809265137,4.920000076293945,4.980000019073486,1631004440,26180000000.0,-410000000.0,1113980000000.0,800400000000.0,121370000000.0,22120000000.0,25.230375,5.86,30.287,19284694705,ADANIPOWER.NS,6.5947103897173935,0.0020646690245785383,0.018950317211831588,1
2016-12-31,5.03000020980835,6.809999942779541,4.630000114440918,6.010000228881836,3383738665,26180000000.0,-410000000.0,1113980000000.0,800400000000.0,121370000000.0,22120000000.0,25.230375,5.86,30.287,19284694705,ADANIPOWER.NS,6.5947103897173935,0.0020646690245785383,0.018950317211831588,1
2017-03-31,6.010000228881836,8.260000228881836,5.820000171661377,7.980000019073486,3080826615,26180000000.0,-410000000.0,1113980000000.0,800400000000.0,121370000000.0,22120000000.0,25.230375,5.86,30.287,19284694705,ADANIPOWER.NS,6.5947103897173935,0.0020646690245785383,0.018950317211831588,0
2017-06-30,8.029999732971191,9.270000457763672,5.170000076293945,5.960000038146973,4517291085,26180000000.0,-410000000.0,1113980000000.0,800400000000.0,121370000000.0,22120000000.0,25.230375,5.86,30.287,19284694705,ADANIPOWER.NS,6.5947103897173935,0.0020646690245785383,0.018950317211831588,0
2017-09-30,5.960000038146973,7.079999923706055,5.199999809265137,5.909999847412109,3348767430,26180000000.0,-410000000.0,1113980000000.0,800400000000.0,121370000000.0,22120000000.0,25.230375,5.86,30.287,19284694705,ADANIPOWER.NS,6.5947103897173935,0.0020646690245785383,0.018950317211831588,1
2017-12-31,5.900000095367432,8.420000076293945,5.730000019073486,8.34000015258789,3809639565,26180000000.0,-410000000.0,1113980000000.0,800400000000.0,121370000000.0,22120000000.0,25.230375,5.86,30.287,19284694705,ADANIPOWER.NS,6.5947103897173935,0.0020646690245785383,0.018950317211831588,0
2018-03-31,8.319999694824219,9.5600004196167,4.619999885559082,4.739999771118164,4578524145,26180000000.0,-410000000.0,1113980000000.0,800400000000.0,121370000000.0,22120000000.0,25.230375,5.86,30.287,19284694705,ADANIPOWER.NS,6.5947103897173935,0.0020646690245785383,0.018950317211831588,0
2018-06-30,4.900000095367432,5.380000114440918,3.049999952316284,3.2300000190734863,4775056105,26180000000.0,-410000000.0,1113980000000.0,800400000000.0,121370000000.0,22120000000.0,25.230375,5.86,30.287,19284694705,ADANIPOWER.NS,6.5947103897173935,0.0020646690245785383,0.018950317211831588,1
2018-09-30,3.240000009536743,7.21999979019165,3.0299999713897705,4.760000228881836,12117136390,26180000000.0,-410000000.0,1113980000000.0,800400000000.0,121370000000.0,22120000000.0,25.230375,5.86,30.287,19284694705,ADANIPOWER.NS,6.5947103897173935,0.0020646690245785383,0.018950317211831588,1
2018-12-31,4.699999809265137,11.670000076293945,4.199999809265137,10.1899995803833,7706628035,26180000000.0,-410000000.0,1113980000000.0,800400000000.0,121370000000.0,22120000000.0,25.230375,5.86,30.287,19284694705,ADANIPOWER.NS,6.5947103897173935,0.0020646690245785383,0.018950317211831588,0
2019-03-31,10.199999809265137,10.649999618530273,6.670000076293945,9.380000114440918,4300516290,26180000000.0,-410000000.0,1113980000000.0,800400000000.0,121370000000.0,22120000000.0,25.230375,5.86,30.287,19284694705,ADANIPOWER.NS,6.5947103897173935,0.0020646690245785383,0.018950317211831588,1
2019-06-30,9.6899995803833,11.15999984741211,7.46999979019165,10.270000457763672,4642213865,26180000000.0,-410000000.0,1113980000000.0,800400000000.0,121370000000.0,22120000000.0,25.230375,5.86,30.287,19284694705,ADANIPOWER.NS,6.5947103897173935,0.0020646690245785383,0.018950317211831588,1
2019-09-30,10.449999809265137,13.979999542236328,10.15999984741211,12.859999656677246,5277883240,26180000000.0,-410000000.0,1113980000000.0,800400000000.0,121370000000.0,22120000000.0,25.230375,5.86,30.287,19284694705,ADANIPOWER.NS,6.5947103897173935,0.0020646690245785383,0.018950317211831588,0
2019-12-31,12.960000038146973,14.760000228881836,11.680000305175781,12.359999656677246,2531280150,26180000000.0,-410000000.0,1113980000000.0,800400000000.0,121370000000.0,22120000000.0,25.230375,5.86,30.287,19284694705,ADANIPOWER.NS,6.5947103897173935,0.0020646690245785383,0.018950317211831588,0
2020-03-31,12.359999656677246,13.1899995803833,4.599999904632568,5.550000190734863,2663506460,26180000000.0,-410000000.0,1113980000000.0,800400000000.0,121370000000.0,22120000000.0,25.230375,5.86,30.287,19284694705,ADANIPOWER.NS,6.5947103897173935,0.0020646690245785383,0.018950317211831588,1
2020-06-30,5.550000190734863,8.380000114440918,5.159999847412109,7.199999809265137,5063328360,26180000000.0,-410000000.0,1113980000000.0,800400000000.0,121370000000.0,22120000000.0,25.230375,5.86,30.287,19284694705,ADANIPOWER.NS,6.5947103897173935,0.0020646690245785383,0.018950317211831588,1
2020-09-30,7.159999847412109,8.319999694824219,6.869999885559082,7.380000114440918,1411768225,26180000000.0,-410000000.0,1113980000000.0,800400000000.0,121370000000.0,22120000000.0,25.230375,5.86,30.287,19284694705,ADANIPOWER.NS,6.5947103897173935,0.0020646690245785383,0.018950317211831588,1
2020-12-31,7.400000095367432,12.789999961853027,6.900000095367432,9.960000038146973,3766922870,26180000000.0,-410000000.0,1113980000000.0,800400000000.0,121370000000.0,22120000000.0,25.230375,5.86,30.287,19284694705,ADANIPOWER.NS,6.5947103897173935,0.0020646690245785383,0.018950317211831588,1
2021-03-31,9.960000038146973,21.739999771118164,9.699999809265137,17.010000228881836,5122583900,26180000000.0,-410000000.0,1113980000000.0,800400000000.0,121370000000.0,22120000000.0,25.230375,5.86,30.287,19284694705,ADANIPOWER.NS,6.5947103897173935,0.0020646690245785383,0.018950317211831588,1
2021-06-30,16.639999389648438,33.380001068115234,16.270000457763672,22.690000534057617,7845716330,26180000000.0,-410000000.0,1113980000000.0,800400000000.0,121370000000.0,22120000000.0,25.230375,5.86,30.287,19284694705,ADANIPOWER.NS,6.5947103897173935,0.0020646690245785383,0.018950317211831588,0
2021-09-30,22.690000534057617,23.0,14.069999694824219,19.420000076293945,1329189835,26180000000.0,-410000000.0,1113980000000.0,800400000000.0,121370000000.0,22120000000.0,25.230375,5.86,30.287,19284694705,ADANIPOWER.NS,6.5947103897173935,0.0020646690245785383,0.018950317211831588,1
2021-12-31,19.200000762939453,27.100000381469727,18.719999313354492,19.940000534057617,1934487045,26180000000.0,-410000000.0,1113980000000.0,800400000000.0,121370000000.0,22120000000.0,25.230375,5.86,30.287,19284694705,ADANIPOWER.NS,6.5947103897173935,0.0020646690245785383,0.018950317211831588,1
2022-03-31,20.030000686645508,37.5,19.600000381469727,37.02000045776367,12905629600,26180000000.0,-410000000.0,1113980000000.0,800400000000.0,121370000000.0,22120000000.0,25.230375,5.86,30.287,19284694705,ADANIPOWER.NS,6.5947103897173935,0.0020646690245785383,0.018950317211831588,1
2022-06-30,37.540000915527344,68.9000015258789,37.540000915527344,52.56999969482422,9067952045,26180000000.0,-410000000.0,1113980000000.0,800400000000.0,121370000000.0,22120000000.0,25.230375,5.86,30.287,19284694705,ADANIPOWER.NS,6.5947103897173935,0.0020646690245785383,0.018950317211831588,1
2022-09-30,52.56999969482422,86.5,51.02000045776367,74.69999694824219,2622413170,26180000000.0,-410000000.0,1113980000000.0,800400000000.0,121370000000.0,22120000000.0,25.230375,5.86,30.287,19284694705,ADANIPOWER.NS,6.5947103897173935,0.0020646690245785383,0.018950317211831588,0
2022-12-31,75.0,75.5999984741211,49.81999969482422,59.90999984741211,669898945,26180000000.0,-410000000.0,1113980000000.0,800400000000.0,121370000000.0,22120000000.0,25.230375,5.86,30.287,19284694705,ADANIPOWER.NS,6.5947103897173935,0.0020646690245785383,0.018950317211831588,0
2023-03-31,60.599998474121094,60.97999954223633,26.479999542236328,38.31999969482422,3453731545,26180000000.0,-410000000.0,1113980000000.0,800400000000.0,121370000000.0,22120000000.0,25.230375,5.86,30.287,19284694705,ADANIPOWER.NS,6.5947103897173935,0.0020646690245785383,0.018950317211831588,1
2023-06-30,39.0,57.20000076293945,37.040000915527344,49.970001220703125,1907034155,26180000000.0,-410000000.0,1113980000000.0,800400000000.0,121370000000.0,22120000000.0,25.230375,5.86,30.287,19284694705,ADANIPOWER.NS,6.5947103897173935,0.0020646690245785383,0.018950317211831588,1
2023-09-30,50.45000076293945,81.94000244140625,47.16999816894531,75.48999786376953,4697298260,26180000000.0,-410000000.0,1113980000000.0,800400000000.0,121370000000.0,22120000000.0,25.230375,5.86,30.287,19284694705,ADANIPOWER.NS,6.5947103897173935,0.0020646690245785383,0.018950317211831588,1
2023-12-31,75.37999725341797,117.88999938964844,57.869998931884766,105.02999877929688,3472668820,26180000000.0,-410000000.0,1113980000000.0,800400000000.0,121370000000.0,22120000000.0,25.230375,5.86,30.287,19284694705,ADANIPOWER.NS,6.5947103897173935,0.0020646690245785383,0.018950317211831588,1
2024-03-31,105.02999877929688,116.98999786376953,100.30999755859375,106.76000213623047,763140440,26180000000.0,-410000000.0,1113980000000.0,800400000000.0,121370000000.0,22120000000.0,25.230375,5.86,30.287,19284694705,ADANIPOWER.NS,6.5947103897173935,0.0020646690245785383,0.018950317211831588,1
2024-06-30,109.54000091552734,179.1699981689453,108.91999816894531,143.72000122070312,2527890300,26180000000.0,-410000000.0,1113980000000.0,800400000000.0,121370000000.0,22120000000.0,25.230375,5.86,30.287,19284694705,ADANIPOWER.NS,6.5947103897173935,0.0020646690245785383,0.018950317211831588,0
2024-09-30,143.39999389648438,150.5800018310547,124.0,131.22999572753906,2083759085,133388800000.0,33318000000.0,1107843800000.0,377049700000.0,559542800000.0,5237100000.0,25.230375,5.86,30.287,19284694705,ADANIPOWER.NS,0.6738531887104973,0.03007463687570396,0.059545042845694736,0
2024-12-31,131.0,132.16000366210938,86.4000015258789,105.88999938964844,2569525140,136711800000.0,30572100000.0,1107843800000.0,377049700000.0,559542800000.0,5237100000.0,25.230375,5.86,30.287,19284694705,ADANIPOWER.NS,0.6738531887104973,0.03007463687570396,0.059545042845694736,0
2025-03-31,106.19999694824219,119.68000030517578,89.0,101.86000061035156,1985402340,141661300000.0,26369700000.0,1129175700000.0,393562900000.0,563470900000.0,3198600000.0,25.230375,5.86,30.287,19284694705,ADANIPOWER.NS,0.6984618016653567,0.0233530530279743,0.046798690047702554,1
2025-06-30,101.56999969482422,122.12000274658203,92.4000015258789,117.1500015258789,1694862390,141091500000.0,33848600000.0,1129175700000.0,393562900000.0,563470900000.0,3198600000.0,25.230375,5.86,30.287,19284694705,ADANIPOWER.NS,0.6984618016653567,0.0233530530279743,0.046798690047702554,1
2025-09-30,117.68000030517578,182.6999969482422,110.44999694824219,144.64999389648438,2598834865,141091500000.0,33848600000.0,1129175700000.0,393562900000.0,563470900000.0,3198600000.0,25.230375,5.86,30.287,19284694705,ADANIPOWER.NS,0.6984618016653567,0.0233530530279743,0.046798690047702554,0
2025-12-31,144.9499969482422,174.38999938964844,135.0,142.99000549316406,1990522263,124514400000.0,24795800000.0,1129175700000.0,393562900000.0,563470900000.0,3198600000.0,25.230375,5.86,30.287,19284694705,ADANIPOWER.NS,0.6984618016653567,0.0233530530279743,0.046798690047702554,1
2026-03-31,143.25,157.44000244140625,128.10000610351562,147.85000610351562,1239713649,124514400000.0,24795800000.0,1129175700000.0,393562900000.0,563470900000.0,3198600000.0,25.230375,5.86,30.287,19284694705,ADANIPOWER.NS,0.6984618016653567,0.0233530530279743,0.046798690047702554,0
2016-03-31,78.86132637223724,83.09778893964888,77.83827198348438,81.51136779785156,58537410,124514400000.0,24795800000.0,1129175700000.0,393562900000.0,563470900000.0,3198600000.0,4.710887,57.59,219.838,4338505488,BPCL.NS,0.6984618016653567,0.0233530530279743,0.046798690047702554,1
2016-06-30,81.12378672634456,98.62945277182286,79.19033540884944,98.0942153930664,430681674,124514400000.0,24795800000.0,1129175700000.0,393562900000.0,563470900000.0,3198600000.0,4.710887,57.59,219.838,4338505488,BPCL.NS,0.6984618016653567,0.0233530530279743,0.046798690047702554,1
2016-09-30,98.35495736610292,115.02500433435006,97.62300793382228,112.09721374511719,618788595,124514400000.0,24795800000.0,1129175700000.0,393562900000.0,563470900000.0,3198600000.0,4.710887,57.59,219.838,4338505488,BPCL.NS,0.6984618016653567,0.0233530530279743,0.046798690047702554,1
2016-12-31,112.71935780248921,125.88521751828145,109.45304919206845,116.28756713867188,493786512,124514400000.0,24795800000.0,1129175700000.0,393562900000.0,563470900000.0,3198600000.0,4.710887,57.59,219.838,4338505488,BPCL.NS,0.6984618016653567,0.0233530530279743,0.046798690047702554,1
2017-03-31,117.11103411749619,134.12869688050694,115.77210696448435,124.56475067138672,420719280,124514400000.0,24795800000.0,1129175700000.0,393562900000.0,563470900000.0,3198600000.0,4.710887,57.59,219.838,4338505488,BPCL.NS,0.6984618016653567,0.0233530530279743,0.046798690047702554,0
2017-06-30,124.4017997657792,147.45159364981393,114.97799960756555,122.73278045654297,434188848,124514400000.0,24795800000.0,1129175700000.0,393562900000.0,563470900000.0,3198600000.0,4.710887,57.59,219.838,4338505488,BPCL.NS,0.6984618016653567,0.0233530530279743,0.046798690047702554,1
2017-09-30,122.8671209351003,157.23572070461975,122.8671209351003,135.69898986816406,556139202,124514400000.0,24795800000.0,1129175700000.0,393562900000.0,563470900000.0,3198600000.0,4.710887,57.59,219.838,4338505488,BPCL.NS,0.6984618016653567,0.0233530530279743,0.046798690047702554,1
2017-12-31,137.34017045614235,158.80496645428778,134.46092159961944,149.05868530273438,392194380,124514400000.0,24795800000.0,1129175700000.0,393562900000.0,563470900000.0,3198600000.0,4.710887,57.59,219.838,4338505488,BPCL.NS,0.6984618016653567,0.0233530530279743,0.046798690047702554,0
2018-03-31,149.1450597195875,150.58468384815495,119.63200804142389,127.04769897460938,488812762,124514400000.0,24795800000.0,1129175700000.0,393562900000.0,563470900000.0,3198600000.0,4.710887,57.59,219.838,4338505488,BPCL.NS,0.6984618016653567,0.0233530530279743,0.046798690047702554,0
2018-06-30,127.46382934768948,135.0875699430228,106.86629077565368,110.953125,788379076,124514400000.0,24795800000.0,1129175700000.0,393562900000.0,563470900000.0,3198600000.0,4.710887,57.59,219.838,4338505488,BPCL.NS,0.6984618016653567,0.0233530530279743,0.046798690047702554,1
2018-09-30,111.45839859923329,121.11811037238309,98.26750567632442,113.3902359008789,545151414,124514400000.0,24795800000.0,1129175700000.0,393562900000.0,563470900000.0,3198600000.0,4.710887,57.59,219.838,4338505488,BPCL.NS,0.6984618016653567,0.0233530530279743,0.046798690047702554,0
2018-12-31,112.73866257699919,116.31478378381198,72.29517930546974,109.93534851074219,952778676,124514400000.0,24795800000.0,1129175700000.0,393562900000.0,563470900000.0,3198600000.0,4.710887,57.59,219.838,4338505488,BPCL.NS,0.6984618016653567,0.0233530530279743,0.046798690047702554,1
2019-03-31,109.42012663081765,128.36422637104093,94.57016495764283,120.83274841308594,522132242,124514400000.0,24795800000.0,1129175700000.0,393562900000.0,563470900000.0,3198600000.0,4.710887,57.59,219.838,4338505488,BPCL.NS,0.6984618016653567,0.0233530530279743,0.046798690047702554,1
2019-06-30,124.63764864665558,132.05954356832876,104.42316002597725,122.89961242675781,747644480,124514400000.0,24795800000.0,1129175700000.0,393562900000.0,563470900000.0,3198600000.0,4.710887,57.59,219.838,4338505488,BPCL.NS,0.6984618016653567,0.0233530530279743,0.046798690047702554,1
2019-09-30,122.44550742651163,154.57179117418062,98.87401485456449,150.73997497558594,971279152,124514400000.0,24795800000.0,1129175700000.0,393562900000.0,563470900000.0,3198600000.0,4.710887,57.59,219.838,4338505488,BPCL.NS,0.6984618016653567,0.0233530530279743,0.046798690047702554,1
2019-12-31,159.68625476277202,176.03967294248827,151.23697276751264,157.61801147460938,1139954488,124514400000.0,24795800000.0,1129175700000.0,393562900000.0,563470900000.0,3198600000.0,4.710887,57.59,219.838,4338505488,BPCL.NS,0.6984618016653567,0.0233530530279743,0.046798690047702554,0
2020-03-31,157.76230142702343,163.53410854949618,85.22945932512557,107.1794204711914,1035934950,124514400000.0,24795800000.0,1129175700000.0,393562900000.0,563470900000.0,3198600000.0,4.710887,57.59,219.838,4338505488,BPCL.NS,0.6984618016653567,0.0233530530279743,0.046798690047702554,1
2020-06-30,105.52220384149757,135.97816243013648,97.11761295350257,126.49134063720703,989778768,124514400000.0,24795800000.0,1129175700000.0,393562900000.0,563470900000.0,3198600000.0,4.710887,57.59,219.838,4338505488,BPCL.NS,0.6984618016653567,0.0233530530279743,0.046798690047702554,0
2020-09-30,127.50598386176819,162.68000551709412,117.96839063726057,119.40579223632812,1601927472,124514400000.0,24795800000.0,1129175700000.0,393562900000.0,563470900000.0,3198600000.0,4.710887,57.59,219.838,4338505488,BPCL.NS,0.6984618016653567,0.0233530530279743,0.046798690047702554,1
2020-12-31,121.07993459235408,140.35806924911446,109.9189645707401,128.89263916015625,1122930288,124514400000.0,24795800000.0,1129175700000.0,393562900000.0,563470900000.0,3198600000.0,4.710887,57.59,219.838,4338505488,BPCL.NS,0.6984618016653567,0.0233530530279743,0.046798690047702554,1
2021-03-31,128.89264762381777,169.64800461972936,127.25231109316779,152.27012634277344,1675460198,124514400000.0,24795800000.0,1129175700000.0,393562900000.0,563470900000.0,3198600000.0,4.710887,57.59,219.838,4338505488,BPCL.NS,0.6984618016653567,0.0233530530279743,0.046798690047702554,1
2021-06-30,153.21299979260777,175.73595127345845,142.3251445431957,166.5559844970703,923562566,124514400000.0,24795800000.0,1129175700000.0,393562900000.0,563470900000.0,3198600000.0,4.710887,57.59,219.838,4338505488,BPCL.NS,0.6984618016653567,0.0233530530279743,0.046798690047702554,1
2021-09-30,166.5559903668307,178.97385406062335,156.7533628288222,174.431396484375,714142284,124514400000.0,24795800000.0,1129175700000.0,393562900000.0,563470900000.0,3198600000.0,4.710887,57.59,219.838,4338505488,BPCL.NS,0.6984618016653567,0.0233530530279743,0.046798690047702554,0
2021-12-31,174.31034951102848,189.68709320893157,145.9348783610354,157.3883819580078,626412842,124514400000.0,24795800000.0,1129175700000.0,393562900000.0,563470900000.0,3198600000.0,4.710887,57.59,219.838,4338505488,BPCL.NS,0.6984618016653567,0.0233530530279743,0.046798690047702554,0
2022-03-31,156.79631101687715,166.14692428193152,137.01998403569033,148.7107696533203,693908038,124514400000.0,24795800000.0,1129175700000.0,393562900000.0,563470900000.0,3198600000.0,4.710887,57.59,219.838,4338505488,BPCL.NS,0.6984618016653567,0.0233530530279743,0.046798690047702554,0
2022-06-30,149.62119723374292,165.03645887198218,121.39781902208406,127.62599182128906,555065660,124514400000.0,24795800000.0,1129175700000.0,393562900000.0,563470900000.0,3198600000.0,4.710887,57.59,219.838,4338505488,BPCL.NS,0.6984618016653567,0.0233530530279743,0.046798690047702554,1
2022-09-30,127.6673530605243,147.01405540165462,125.86721223074822,128.35528564453125,457476840,124514400000.0,24795800000.0,1129175700000.0,393562900000.0,563470900000.0,3198600000.0,4.710887,57.59,219.838,4338505488,BPCL.NS,0.6984618016653567,0.0233530530279743,0.046798690047702554,1
2022-12-31,129.0080143934608,148.00019927875312,121.30162024659141,139.17788696289062,430034030,124514400000.0,24795800000.0,1129175700000.0,393562900000.0,563470900000.0,3198600000.0,4.710887,57.59,219.838,4338505488,BPCL.NS,0.6984618016653567,0.0233530530279743,0.046798690047702554,1
2023-03-31,138.98838541900133,152.2744843246645,132.25054750312256,144.98924255371094,417367400,124514400000.0,24795800000.0,1129175700000.0,393562900000.0,563470900000.0,3198600000.0,4.710887,57.59,219.838,4338505488,BPCL.NS,0.6984618016653567,0.0233530530279743,0.046798690047702554,1
2023-06-30,142.33622915033035,160.2124864435907,137.7039850628055,153.57994079589844,369710234,124514400000.0,24795800000.0,1129175700000.0,393562900000.0,563470900000.0,3198600000.0,4.710887,57.59,219.838,4338505488,BPCL.NS,0.6984618016653567,0.0233530530279743,0.046798690047702554,0
2023-09-30,153.79051476703603,167.56092764744616,144.392089880378,147.58566284179688,489728970,124514400000.0,24795800000.0,1129175700000.0,393562900000.0,563470900000.0,3198600000.0,4.710887,57.59,219.838,4338505488,BPCL.NS,0.6984618016653567,0.0233530530279743,0.046798690047702554,1
2023-12-31,148.39471134001354,209.96459985528276,141.13465128961894,200.95689392089844,880798726,124514400000.0,24795800000.0,1129175700000.0,393562900000.0,563470900000.0,3198600000.0,4.710887,57.59,219.838,4338505488,BPCL.NS,0.6984618016653567,0.0233530530279743,0.046798690047702554,1
2024-03-31,204.85874100852175,306.7753302813017,198.481994797633,268.6263122558594,1343070428,124514400000.0,24795800000.0,1129175700000.0,393562900000.0,563470900000.0,3198600000.0,4.710887,57.59,219.838,4338505488,BPCL.NS,0.6984618016653567,0.0233530530279743,0.046798690047702554,1
2024-06-30,268.8938512593492,306.35170074733816,238.2140451264826,271.0788879394531,1075374531,124514400000.0,24795800000.0,1129175700000.0,393562900000.0,563470900000.0,3198600000.0,4.710887,57.59,219.838,4338505488,BPCL.NS,0.6984618016653567,0.0233530530279743,0.046798690047702554,1
2024-09-30,272.63957522751843,346.0783325449935,261.66983190147675,340.5097961425781,939912348,1027852700000.0,22972300000.0,2112258900000.0,588803600000.0,771080200000.0,5564700000.0,4.710887,57.59,219.838,4338505488,BPCL.NS,0.763608765988285,0.010875702784350915,0.02979236141713923,0
2024-12-31,340.55583593882596,343.6392525036447,257.11963730931586,269.17718505859375,569601787,1131658700000.0,38059400000.0,2112258900000.0,588803600000.0,771080200000.0,5564700000.0,4.710887,57.59,219.838,4338505488,BPCL.NS,0.763608765988285,0.010875702784350915,0.02979236141713923,0
2025-03-31,269.0390905575177,275.34396317066097,219.64357989465313,261.37408447265625,676362542,1096961200000.0,43918300000.0,2183822200000.0,611005700000.0,813840800000.0,5579300000.0,4.710887,57.59,219.838,4338505488,BPCL.NS,0.7507680863382618,0.02011074894283976,0.05396423968913822,1
2025-06-30,258.11710728965846,316.96782546688655,245.91522045464836,311.5708312988281,544211092,1125514500000.0,68390200000.0,2183822200000.0,611005700000.0,813840800000.0,5579300000.0,4.710887,57.59,219.838,4338505488,BPCL.NS,0.7507680863382618,0.02011074894283976,0.05396423968913822,1
2025-09-30,311.19536900529056,336.631632292731,292.3010006905241,323.5985412597656,391472735,1125514500000.0,68390200000.0,2183822200000.0,611005700000.0,813840800000.0,5579300000.0,4.710887,57.59,219.838,4338505488,BPCL.NS,0.7507680863382618,0.02011074894283976,0.05396423968913822,1
2025-12-31,324.884761694287,375.4101572036743,311.73693458288744,373.46502685546875,463604649,1190294300000.0,71884000000.0,2183822200000.0,611005700000.0,813840800000.0,5579300000.0,4.710887,57.59,219.838,4338505488,BPCL.NS,0.7507680863382618,0.02011074894283976,0.05396423968913822,0
2026-03-31,375.7991630898796,391.6499938964844,270.0,271.29998779296875,494544330,1190294300000.0,71884000000.0,2183822200000.0,611005700000.0,813840800000.0,5579300000.0,4.710887,57.59,219.838,4338505488,BPCL.NS,0.7507680863382618,0.02011074894283976,0.05396423968913822,0
2016-03-31,30.482471395769593,30.674978699737096,28.686792824755468,29.83553123474121,21070583,1190294300000.0,71884000000.0,2183822200000.0,611005700000.0,813840800000.0,5579300000.0,13.360287,11.13,96.005,1325570430,CESC.NS,0.7507680863382618,0.02011074894283976,0.05396423968913822,1
2016-06-30,29.756629330417862,37.870357380113035,29.43472975967155,37.671539306640625,279084026,1190294300000.0,71884000000.0,2183822200000.0,611005700000.0,813840800000.0,5579300000.0,13.360287,11.13,96.005,1325570430,CESC.NS,0.7507680863382618,0.02011074894283976,0.05396423968913822,1
2016-09-30,37.76305651274628,43.10908706962342,36.797363128501736,38.54886245727539,225158096,1190294300000.0,71884000000.0,2183822200000.0,611005700000.0,813840800000.0,5579300000.0,13.360287,11.13,96.005,1325570430,CESC.NS,0.7507680863382618,0.02011074894283976,0.05396423968913822,1
2016-12-31,38.564643140005735,40.80214943640137,33.64149527647414,40.30036926269531,297463756,1190294300000.0,71884000000.0,2183822200000.0,611005700000.0,813840800000.0,5579300000.0,13.360287,11.13,96.005,1325570430,CESC.NS,0.7507680863382618,0.02011074894283976,0.05396423968913822,1
2017-03-31,40.30036640108202,55.92188925747135,40.161511507428784,53.7806396484375,408859610,1190294300000.0,71884000000.0,2183822200000.0,611005700000.0,813840800000.0,5579300000.0,13.360287,11.13,96.005,1325570430,CESC.NS,0.7507680863382618,0.02011074894283976,0.05396423968913822,1
2017-06-30,53.83178932176774,64.0227616044319,51.59732918838357,55.52922439575195,629934992,1190294300000.0,71884000000.0,2183822200000.0,611005700000.0,813840800000.0,5579300000.0,13.360287,11.13,96.005,1325570430,CESC.NS,0.7507680863382618,0.02011074894283976,0.05396423968913822,1
2017-09-30,55.90323301001982,69.04791263476658,54.98259276494031,63.089317321777344,463690079,1190294300000.0,71884000000.0,2183822200000.0,611005700000.0,813840800000.0,5579300000.0,13.360287,11.13,96.005,1325570430,CESC.NS,0.7507680863382618,0.02011074894283976,0.05396423968913822,1
2017-12-31,63.35784729558293,68.39577123160812,62.14311598552001,67.00203704833984,290480123,1190294300000.0,71884000000.0,2183822200000.0,611005700000.0,813840800000.0,5579300000.0,13.360287,11.13,96.005,1325570430,CESC.NS,0.7507680863382618,0.02011074894283976,0.05396423968913822,0
2018-03-31,67.43998267656244,76.08056595948202,55.83901824008216,62.63615798950195,398062299,1190294300000.0,71884000000.0,2183822200000.0,611005700000.0,813840800000.0,5579300000.0,13.360287,11.13,96.005,1325570430,CESC.NS,0.7507680863382618,0.02011074894283976,0.05396423968913822,0
2018-06-30,63.10614096779559,70.77196770918914,56.92486858928553,59.12575912475586,279421162,1190294300000.0,71884000000.0,2183822200000.0,611005700000.0,813840800000.0,5579300000.0,13.360287,11.13,96.005,1325570430,CESC.NS,0.7507680863382618,0.02011074894283976,0.05396423968913822,0
2018-09-30,59.44016395743947,67.34586284681528,52.07254665335951,53.213504791259766,387838516,1190294300000.0,71884000000.0,2183822200000.0,611005700000.0,813840800000.0,5579300000.0,13.360287,11.13,96.005,1325570430,CESC.NS,0.7507680863382618,0.02011074894283976,0.05396423968913822,0
2018-12-31,52.639779789575954,61.47898781608485,46.35972403181105,48.26249313354492,501075197,1190294300000.0,71884000000.0,2183822200000.0,611005700000.0,813840800000.0,5579300000.0,13.360287,11.13,96.005,1325570430,CESC.NS,0.7507680863382618,0.02011074894283976,0.05396423968913822,1
2019-03-31,48.26972141895872,55.58214577922626,46.72439563956609,53.32950973510742,249092610,1190294300000.0,71884000000.0,2183822200000.0,611005700000.0,813840800000.0,5579300000.0,13.360287,11.13,96.005,1325570430,CESC.NS,0.7507680863382618,0.02011074894283976,0.05396423968913822,1
2019-06-30,54.211297363216865,59.07593839692827,47.61643125696032,58.11635208129883,239382510,1190294300000.0,71884000000.0,2183822200000.0,611005700000.0,813840800000.0,5579300000.0,13.360287,11.13,96.005,1325570430,CESC.NS,0.7507680863382618,0.02011074894283976,0.05396423968913822,0
2019-09-30,58.53871719632561,63.11066102098026,52.95901158302257,55.28203582763672,268281850,1190294300000.0,71884000000.0,2183822200000.0,611005700000.0,813840800000.0,5579300000.0,13.360287,11.13,96.005,1325570430,CESC.NS,0.7507680863382618,0.02011074894283976,0.05396423968913822,0
2019-12-31,55.285748021155946,62.688298571466504,52.610742584687586,54.596622467041016,198127430,1190294300000.0,71884000000.0,2183822200000.0,611005700000.0,813840800000.0,5579300000.0,13.360287,11.13,96.005,1325570430,CESC.NS,0.7507680863382618,0.02011074894283976,0.05396423968913822,0
2020-03-31,54.915244424326424,58.06078213303425,27.85888083896463,31.161518096923828,245615660,1190294300000.0,71884000000.0,2183822200000.0,611005700000.0,813840800000.0,5579300000.0,13.360287,11.13,96.005,1325570430,CESC.NS,0.7507680863382618,0.02011074894283976,0.05396423968913822,1
2020-06-30,31.466614856675395,50.97355118532909,29.46061764345207,47.44208526611328,435449090,1190294300000.0,71884000000.0,2183822200000.0,611005700000.0,813840800000.0,5579300000.0,13.360287,11.13,96.005,1325570430,CESC.NS,0.7507680863382618,0.02011074894283976,0.05396423968913822,0
2020-09-30,47.44590180040232,53.39141125640315,41.08469557451388,46.83190155029297,251444270,1190294300000.0,71884000000.0,2183822200000.0,611005700000.0,813840800000.0,5579300000.0,13.360287,11.13,96.005,1325570430,CESC.NS,0.7507680863382618,0.02011074894283976,0.05396423968913822,1
2020-12-31,47.59081693371691,48.81500437463886,42.33939024471451,46.85478210449219,167841610,1190294300000.0,71884000000.0,2183822200000.0,611005700000.0,813840800000.0,5579300000.0,13.360287,11.13,96.005,1325570430,CESC.NS,0.7507680863382618,0.02011074894283976,0.05396423968913822,1
2021-03-31,47.06072247520992,55.755899048161126,46.92724451043125,48.34163284301758,384479880,1190294300000.0,71884000000.0,2183822200000.0,611005700000.0,813840800000.0,5579300000.0,13.360287,11.13,96.005,1325570430,CESC.NS,0.7507680863382618,0.02011074894283976,0.05396423968913822,1
2021-06-30,48.85881084319886,66.78483015554325,47.005939676694474,62.704444885253906,419493140,1190294300000.0,71884000000.0,2183822200000.0,611005700000.0,813840800000.0,5579300000.0,13.360287,11.13,96.005,1325570430,CESC.NS,0.7507680863382618,0.02011074894283976,0.05396423968913822,1
2021-09-30,62.7125883378842,78.92013159948387,58.884681301298855,74.56282806396484,413258366,1190294300000.0,71884000000.0,2183822200000.0,611005700000.0,813840800000.0,5579300000.0,13.360287,11.13,96.005,1325570430,CESC.NS,0.7507680863382618,0.02011074894283976,0.05396423968913822,0
2021-12-31,74.52209460933202,83.44033016244344,65.60389084133539,71.2643051147461,260212628,1190294300000.0,71884000000.0,2183822200000.0,611005700000.0,813840800000.0,5579300000.0,13.360287,11.13,96.005,1325570430,CESC.NS,0.7507680863382618,0.02011074894283976,0.05396423968913822,0
2022-03-31,71.59008224465254,76.96544908138897,61.86767455422632,64.99533081054688,169007769,1190294300000.0,71884000000.0,2183822200000.0,611005700000.0,813840800000.0,5579300000.0,13.360287,11.13,96.005,1325570430,CESC.NS,0.7507680863382618,0.02011074894283976,0.05396423968913822,0
2022-06-30,64.90964478992281,75.40659372551035,58.26871842348158,61.010772705078125,122270322,1190294300000.0,71884000000.0,2183822200000.0,611005700000.0,813840800000.0,5579300000.0,13.360287,11.13,96.005,1325570430,CESC.NS,0.7507680863382618,0.02011074894283976,0.05396423968913822,1
2022-09-30,60.79655779333388,74.24977199710318,60.410958545308716,66.23783111572266,145969119,1190294300000.0,71884000000.0,2183822200000.0,611005700000.0,813840800000.0,5579300000.0,13.360287,11.13,96.005,1325570430,CESC.NS,0.7507680863382618,0.02011074894283976,0.05396423968913822,0
2022-12-31,66.36635277234018,71.37919251987493,61.31069923459205,65.46662902832031,112050117,1190294300000.0,71884000000.0,2183822200000.0,611005700000.0,813840800000.0,5579300000.0,13.360287,11.13,96.005,1325570430,CESC.NS,0.7507680863382618,0.02011074894283976,0.05396423968913822,0
2023-03-31,65.80938487382387,67.35179183176275,56.49331099044438,60.63251876831055,128013918,1190294300000.0,71884000000.0,2183822200000.0,611005700000.0,813840800000.0,5579300000.0,13.360287,11.13,96.005,1325570430,CESC.NS,0.7507680863382618,0.02011074894283976,0.05396423968913822,1
2023-06-30,61.178345385645976,67.00052437499431,60.859946463203904,65.4540023803711,136792297,1190294300000.0,71884000000.0,2183822200000.0,611005700000.0,813840800000.0,5579300000.0,13.360287,11.13,96.005,1325570430,CESC.NS,0.7507680863382618,0.02011074894283976,0.05396423968913822,1
2023-09-30,65.63594680163881,85.8771077600227,65.49948814655173,81.82887268066406,353024954,1190294300000.0,71884000000.0,2183822200000.0,611005700000.0,813840800000.0,5579300000.0,13.360287,11.13,96.005,1325570430,CESC.NS,0.7507680863382618,0.02011074894283976,0.05396423968913822,1
2023-12-31,81.8743653349824,121.44696946054135,74.86956431538363,120.5372543334961,635797778,1190294300000.0,71884000000.0,2183822200000.0,611005700000.0,813840800000.0,5579300000.0,13.360287,11.13,96.005,1325570430,CESC.NS,0.7507680863382618,0.02011074894283976,0.05396423968913822,0
2024-03-31,120.99212067833983,136.36630076942149,103.08283679749388,114.25992584228516,437599980,1190294300000.0,71884000000.0,2183822200000.0,611005700000.0,813840800000.0,5579300000.0,13.360287,11.13,96.005,1325570430,CESC.NS,0.7507680863382618,0.02011074894283976,0.05396423968913822,1
2024-06-30,115.9036113100824,160.7998279075067,114.40081353959668,152.72227478027344,446915588,1190294300000.0,71884000000.0,2183822200000.0,611005700000.0,813840800000.0,5579300000.0,13.360287,11.13,96.005,1325570430,CESC.NS,0.7507680863382618,0.02011074894283976,0.05396423968913822,1
2024-09-30,151.74544177887026,199.58151029453586,144.28779838850807,189.18399047851562,648965031,47000000000.0,3530000000.0,383130000000.0,155730000000.0,120810000000.0,13300000000.0,13.360287,11.13,96.005,1325570430,CESC.NS,1.289048919791408,0.00921358285699371,0.029219435477195597,0
2024-12-31,189.2591546280134,191.719988677683,158.73346841045478,174.63499450683594,265216157,35610000000.0,2650000000.0,383130000000.0,155730000000.0,120810000000.0,13300000000.0,13.360287,11.13,96.005,1325570430,CESC.NS,1.289048919791408,0.00921358285699371,0.029219435477195597,0
2025-03-31,174.6350012493924,180.58985207017264,115.13322854629617,148.86048889160156,338321186,38772900000.0,3730000000.0,409810800000.0,179778300000.0,120097200000.0,21812200000.0,13.360287,11.13,96.005,1325570430,CESC.NS,1.4969399786173199,0.009101761105368623,0.031058176210602743,1
2025-06-30,148.49283202928015,171.25825123907867,135.4508555426839,166.16917419433594,245111801,52020000000.0,3870000000.0,409810800000.0,179778300000.0,120097200000.0,21812200000.0,13.360287,11.13,96.005,1325570430,CESC.NS,1.4969399786173199,0.009101761105368623,0.031058176210602743,0
2025-09-30,166.411046792727,177.05362039826068,147.07059220742906,156.68760681152344,200196285,52020000000.0,3870000000.0,409810800000.0,179778300000.0,120097200000.0,21812200000.0,13.360287,11.13,96.005,1325570430,CESC.NS,1.4969399786173199,0.009101761105368623,0.031058176210602743,1
2025-12-31,157.1713658840275,185.25999450683594,155.08154912646611,167.55999755859375,126086041,40050000000.0,2850000000.0,409810800000.0,179778300000.0,120097200000.0,21812200000.0,13.360287,11.13,96.005,1325570430,CESC.NS,1.4969399786173199,0.009101761105368623,0.031058176210602743,0
2026-03-31,168.75,177.7100067138672,138.1199951171875,148.6999969482422,122800247,40050000000.0,2850000000.0,409810800000.0,179778300000.0,120097200000.0,21812200000.0,13.360287,11.13,96.005,1325570430,CESC.NS,1.4969399786173199,0.009101761105368623,0.031058176210602743,0
2016-03-31,137.1409329547603,138.32257745729996,134.84707965761777,135.2873077392578,21009147,40050000000.0,2850000000.0,409810800000.0,179778300000.0,120097200000.0,21812200000.0,9.396285,48.45,171.077,6162728327,COALINDIA.NS,1.4969399786173199,0.009101761105368623,0.031058176210602743,1
2016-06-30,135.3105062557845,147.77572860852433,125.88047958269863,145.04171752929688,252751242,40050000000.0,2850000000.0,409810800000.0,179778300000.0,120097200000.0,21812200000.0,9.396285,48.45,171.077,6162728327,COALINDIA.NS,1.4969399786173199,0.009101761105368623,0.031058176210602743,1
2016-09-30,145.04172548016962,162.16409008978155,143.44301709858667,149.35130310058594,198630606,40050000000.0,2850000000.0,409810800000.0,179778300000.0,120097200000.0,21812200000.0,9.396285,48.45,171.077,6162728327,COALINDIA.NS,1.4969399786173199,0.009101761105368623,0.031058176210602743,0
2016-12-31,149.72196720642313,156.3021948191083,130.9082709973497,139.0176239013672,192795696,40050000000.0,2850000000.0,409810800000.0,179778300000.0,120097200000.0,21812200000.0,9.396285,48.45,171.077,6162728327,COALINDIA.NS,1.4969399786173199,0.009101761105368623,0.031058176210602743,1
2017-03-31,139.04083251953125,153.98518506827168,137.62749187909972,144.1572265625,281481470,40050000000.0,2850000000.0,409810800000.0,179778300000.0,120097200000.0,21812200000.0,9.396285,48.45,171.077,6162728327,COALINDIA.NS,1.4969399786173199,0.009101761105368623,0.031058176210602743,0
2017-06-30,144.15723883801817,146.20149582427365,119.74926462194964,120.31573486328125,193652617,40050000000.0,2850000000.0,409810800000.0,179778300000.0,120097200000.0,21812200000.0,9.396285,48.45,171.077,6162728327,COALINDIA.NS,1.4969399786173199,0.009101761105368623,0.031058176210602743,1
2017-09-30,120.85762864061338,134.18224433782643,115.11891140403226,133.41873168945312,289518398,40050000000.0,2850000000.0,409810800000.0,179778300000.0,120097200000.0,21812200000.0,9.396285,48.45,171.077,6162728327,COALINDIA.NS,1.4969399786173199,0.009101761105368623,0.031058176210602743,0
2017-12-31,134.47779161789836,145.3148194750311,128.56664626362897,129.52725219726562,265355751,40050000000.0,2850000000.0,409810800000.0,179778300000.0,120097200000.0,21812200000.0,9.396285,48.45,171.077,6162728327,COALINDIA.NS,1.4969399786173199,0.009101761105368623,0.031058176210602743,1
2018-03-31,129.5518478385394,156.1272379739457,129.35481381415275,147.80453491210938,308360463,40050000000.0,2850000000.0,409810800000.0,179778300000.0,120097200000.0,21812200000.0,9.396285,48.45,171.077,6162728327,COALINDIA.NS,1.4969399786173199,0.009101761105368623,0.031058176210602743,0
2018-06-30,147.83060955213432,158.31730532353814,134.23968281873644,137.91786193847656,194965062,40050000000.0,2850000000.0,409810800000.0,179778300000.0,120097200000.0,21812200000.0,9.396285,48.45,171.077,6162728327,COALINDIA.NS,1.4969399786173199,0.009101761105368623,0.031058176210602743,1
2018-09-30,137.29178952520707,156.38689929199637,134.91793409718883,138.9091339111328,227963493,40050000000.0,2850000000.0,409810800000.0,179778300000.0,120097200000.0,21812200000.0,9.396285,48.45,171.077,6162728327,COALINDIA.NS,1.4969399786173199,0.009101761105368623,0.031058176210602743,0
2018-12-31,138.90911252630295,150.88271707724434,119.13576469950102,129.35340881347656,402418872,40050000000.0,2850000000.0,409810800000.0,179778300000.0,120097200000.0,21812200000.0,9.396285,48.45,171.077,6162728327,COALINDIA.NS,1.4969399786173199,0.009101761105368623,0.031058176210602743,1
2019-03-31,129.48771620092924,133.7289034412587,113.58383809131537,130.0654754638672,457420523,40050000000.0,2850000000.0,409810800000.0,179778300000.0,120097200000.0,21812200000.0,9.396285,48.45,171.077,6162728327,COALINDIA.NS,1.4969399786173199,0.009101761105368623,0.031058176210602743,1
2019-06-30,131.16723491837678,149.53947545298917,126.4571373096424,139.81626892089844,463282830,40050000000.0,2850000000.0,409810800000.0,179778300000.0,120097200000.0,21812200000.0,9.396285,48.45,171.077,6162728327,COALINDIA.NS,1.4969399786173199,0.009101761105368623,0.031058176210602743,0
2019-09-30,140.0641651670098,141.24857854056046,97.89340251867942,110.09564208984375,589078835,40050000000.0,2850000000.0,409810800000.0,179778300000.0,120097200000.0,21812200000.0,9.396285,48.45,171.077,6162728327,COALINDIA.NS,1.4969399786173199,0.009101761105368623,0.031058176210602743,1
2019-12-31,110.17828019538167,119.84645047705472,100.34487769175303,116.430908203125,377994265,40050000000.0,2850000000.0,409810800000.0,179778300000.0,120097200000.0,21812200000.0,9.396285,48.45,171.077,6162728327,COALINDIA.NS,1.4969399786173199,0.009101761105368623,0.031058176210602743,0
2020-03-31,116.43091425702062,118.22129438307405,68.1177256834459,84.11084747314453,920016640,40050000000.0,2850000000.0,409810800000.0,179778300000.0,120097200000.0,21812200000.0,9.396285,48.45,171.077,6162728327,COALINDIA.NS,1.4969399786173199,0.009101761105368623,0.031058176210602743,0
2020-06-30,83.33007848510695,91.55800289971629,72.69989174572872,79.78669738769531,622622156,40050000000.0,2850000000.0,409810800000.0,179778300000.0,120097200000.0,21812200000.0,9.396285,48.45,171.077,6162728327,COALINDIA.NS,1.4969399786173199,0.009101761105368623,0.031058176210602743,0
2020-09-30,79.78669082022938,86.45309235298835,68.4057605294944,69.66694641113281,727438369,40050000000.0,2850000000.0,409810800000.0,179778300000.0,120097200000.0,21812200000.0,9.396285,48.45,171.077,6162728327,COALINDIA.NS,1.4969399786173199,0.009101761105368623,0.031058176210602743,1
2020-12-31,70.32759895350492,93.13051696987085,65.79322490231176,86.40087890625,1031245347,40050000000.0,2850000000.0,409810800000.0,179778300000.0,120097200000.0,21812200000.0,9.396285,48.45,171.077,6162728327,COALINDIA.NS,1.4969399786173199,0.009101761105368623,0.031058176210602743,0
2021-03-31,86.3689681299509,103.97447345898007,79.8944970644405,86.00499725341797,1137835606,40050000000.0,2850000000.0,409810800000.0,179778300000.0,120097200000.0,21812200000.0,9.396285,48.45,171.077,6162728327,COALINDIA.NS,1.4969399786173199,0.009101761105368623,0.031058176210602743,1
2021-06-30,86.730776232645,108.86707872747417,81.4193848860118,96.7597427368164,986691964,40050000000.0,2850000000.0,409810800000.0,179778300000.0,120097200000.0,21812200000.0,9.396285,48.45,171.077,6162728327,COALINDIA.NS,1.4969399786173199,0.009101761105368623,0.031058176210602743,1
2021-09-30,96.72677131762201,133.2140439201695,87.58850579144817,125.16710662841797,810049135,40050000000.0,2850000000.0,409810800000.0,179778300000.0,120097200000.0,21812200000.0,9.396285,48.45,171.077,6162728327,COALINDIA.NS,1.4969399786173199,0.009101761105368623,0.031058176210602743,0
2021-12-31,125.36996458613801,137.8122954172325,99.71271725968951,104.65715789794922,936517964,40050000000.0,2850000000.0,409810800000.0,179778300000.0,120097200000.0,21812200000.0,9.396285,48.45,171.077,6162728327,COALINDIA.NS,1.4969399786173199,0.009101761105368623,0.031058176210602743,1
2022-03-31,105.51704671007053,146.0700513493187,105.33790062057976,135.21176147460938,978630303,40050000000.0,2850000000.0,409810800000.0,179778300000.0,120097200000.0,21812200000.0,9.396285,48.45,171.077,6162728327,COALINDIA.NS,1.4969399786173199,0.009101761105368623,0.031058176210602743,1
2022-06-30,135.7657573335489,154.37998695964149,121.62041979597117,137.0953369140625,1025867424,40050000000.0,2850000000.0,409810800000.0,179778300000.0,120097200000.0,21812200000.0,9.396285,48.45,171.077,6162728327,COALINDIA.NS,1.4969399786173199,0.009101761105368623,0.031058176210602743,1
2022-09-30,136.6521679720807,180.10547324284667,130.4474253942059,158.94961547851562,599238165,40050000000.0,2850000000.0,409810800000.0,179778300000.0,120097200000.0,21812200000.0,9.396285,48.45,171.077,6162728327,COALINDIA.NS,1.4969399786173199,0.009101761105368623,0.031058176210602743,1
2022-12-31,159.51130616301043,197.25479970183147,158.98709288824878,179.4225616455078,559316352,40050000000.0,2850000000.0,409810800000.0,179778300000.0,120097200000.0,21812200000.0,9.396285,48.45,171.077,6162728327,COALINDIA.NS,1.4969399786173199,0.009101761105368623,0.031058176210602743,0
2023-03-31,180.77789296456785,185.36693017114115,168.30084231650483,174.5038299560547,433274627,40050000000.0,2850000000.0,409810800000.0,179778300000.0,120097200000.0,21812200000.0,9.396285,48.45,171.077,6162728327,COALINDIA.NS,1.4969399786173199,0.009101761105368623,0.031058176210602743,1
2023-06-30,174.87137657813176,202.47832710424467,174.6263418039937,188.67483520507812,429339880,40050000000.0,2850000000.0,409810800000.0,179778300000.0,120097200000.0,21812200000.0,9.396285,48.45,171.077,6162728327,COALINDIA.NS,1.4969399786173199,0.009101761105368623,0.031058176210602743,1
2023-09-30,189.08323835974699,247.2477121896837,185.28523210934043,245.3362274169922,737671432,40050000000.0,2850000000.0,409810800000.0,179778300000.0,120097200000.0,21812200000.0,9.396285,48.45,171.077,6162728327,COALINDIA.NS,1.4969399786173199,0.009101761105368623,0.031058176210602743,1
2023-12-31,246.8737868622104,332.46987255436807,235.23856508266283,326.8200378417969,740446708,40050000000.0,2850000000.0,409810800000.0,179778300000.0,120097200000.0,21812200000.0,9.396285,48.45,171.077,6162728327,COALINDIA.NS,1.4969399786173199,0.009101761105368623,0.031058176210602743,1
2024-03-31,328.38461055999613,423.8230138043349,319.86644633459633,381.6672668457031,878740122,40050000000.0,2850000000.0,409810800000.0,179778300000.0,120097200000.0,21812200000.0,9.396285,48.45,171.077,6162728327,COALINDIA.NS,1.4969399786173199,0.009101761105368623,0.031058176210602743,1
2024-06-30,383.9532036079844,463.69801865188674,361.18155156714164,416.0005798339844,772103837,40050000000.0,2850000000.0,409810800000.0,179778300000.0,120097200000.0,21812200000.0,9.396285,48.45,171.077,6162728327,COALINDIA.NS,1.4969399786173199,0.009101761105368623,0.031058176210602743,1
2024-09-30,416.17644822496436,482.6791562302826,408.4393746490099,453.01953125,669961044,272713000000.0,62891000000.0,2493585300000.0,78161600000.0,961970800000.0,106819900000.0,9.396285,48.45,171.077,6162728327,COALINDIA.NS,0.08125153071174301,0.02522111435289581,0.0653772442988914,0
2024-12-31,454.6623647984267,458.2144145234144,345.9163471804406,353.6965026855469,478558028,323589800000.0,85055700000.0,2493585300000.0,78161600000.0,961970800000.0,106819900000.0,9.396285,48.45,171.077,6162728327,COALINDIA.NS,0.08125153071174301,0.02522111435289581,0.0653772442988914,1
2025-03-31,353.1440253304402,384.7501512099048,326.3088933314474,372.04351806640625,434534136,314684600000.0,96040200000.0,2601983700000.0,91457300000.0,991049200000.0,111606800000.0,9.396285,48.45,171.077,6162728327,COALINDIA.NS,0.09228330944619097,0.036910377263316446,0.096907600551012,0
2025-06-30,371.6697738436107,389.8422039516412,332.6155124689569,366.2040710449219,408305714,318804300000.0,87433800000.0,2601983700000.0,91457300000.0,991049200000.0,111606800000.0,9.396285,48.45,171.077,6162728327,COALINDIA.NS,0.09228330944619097,0.036910377263316446,0.096907600551012,1
2025-09-30,366.7179207988394,386.72104392948097,345.8827187630446,374.7095947265625,335251071,318804300000.0,87433800000.0,2601983700000.0,91457300000.0,991049200000.0,111606800000.0,9.396285,48.45,171.077,6162728327,COALINDIA.NS,0.09228330944619097,0.036910377263316446,0.096907600551012,1
2025-12-31,374.5654034096666,407.0193587083864,364.4757899723975,393.7942199707031,355625478,308181700000.0,71574500000.0,2601983700000.0,91457300000.0,991049200000.0,111606800000.0,9.396285,48.45,171.077,6162728327,COALINDIA.NS,0.09228330944619097,0.036910377263316446,0.096907600551012,1
2026-03-31,393.794217488778,476.0,393.0540027942502,455.25,595779799,308181700000.0,71574500000.0,2601983700000.0,91457300000.0,991049200000.0,111606800000.0,9.396285,48.45,171.077,6162728327,COALINDIA.NS,0.09228330944619097,0.036910377263316446,0.096907600551012,0
2016-03-31,46.26523908527519,46.565867112533766,44.17361072595071,45.59360885620117,43104504,308181700000.0,71574500000.0,2601983700000.0,91457300000.0,991049200000.0,111606800000.0,10.383435,13.04,134.062,6575079643,GAIL.NS,0.09228330944619097,0.036910377263316446,0.096907600551012,1
2016-06-30,45.36973360284536,50.48046979720854,42.843154747096364,49.271541595458984,486453881,308181700000.0,71574500000.0,2601983700000.0,91457300000.0,991049200000.0,111606800000.0,10.383435,13.04,134.062,6575079643,GAIL.NS,0.09228330944619097,0.036910377263316446,0.096907600551012,0
2016-09-30,49.63613976723253,52.464279395911525,46.115721255890435,48.294219970703125,620682848,308181700000.0,71574500000.0,2601983700000.0,91457300000.0,991049200000.0,111606800000.0,10.383435,13.04,134.062,6575079643,GAIL.NS,0.09228330944619097,0.036910377263316446,0.096907600551012,1
2016-12-31,48.07506817990797,58.78063000502816,47.89459832091462,56.61501693725586,697666791,308181700000.0,71574500000.0,2601983700000.0,91457300000.0,991049200000.0,111606800000.0,10.383435,13.04,134.062,6575079643,GAIL.NS,0.09228330944619097,0.036910377263316446,0.096907600551012,1
2017-03-31,56.71815328597456,70.08305646917053,55.94471851697099,65.94352722167969,1246011762,308181700000.0,71574500000.0,2601983700000.0,91457300000.0,991049200000.0,111606800000.0,10.383435,13.04,134.062,6575079643,GAIL.NS,0.09228330944619097,0.036910377263316446,0.096907600551012,0
2017-06-30,65.95227713620253,75.87135893627277,60.64285489836585,63.231956481933594,746194043,308181700000.0,71574500000.0,2601983700000.0,91457300000.0,991049200000.0,111606800000.0,10.383435,13.04,134.062,6575079643,GAIL.NS,0.09228330944619097,0.036910377263316446,0.096907600551012,1
2017-09-30,63.32816655835293,75.58477299203489,62.19106661709342,73.83170318603516,812033005,308181700000.0,71574500000.0,2601983700000.0,91457300000.0,991049200000.0,111606800000.0,10.383435,13.04,134.062,6575079643,GAIL.NS,0.09228330944619097,0.036910377263316446,0.096907600551012,1
2017-12-31,74.96811904930418,91.5298194639675,74.35146015337996,88.03248596191406,1016692892,308181700000.0,71574500000.0,2601983700000.0,91457300000.0,991049200000.0,111606800000.0,10.383435,13.04,134.062,6575079643,GAIL.NS,0.09228330944619097,0.036910377263316446,0.096907600551012,0
2018-03-31,88.58747289864377,89.34019741335746,73.78770351643425,78.4307632446289,807287005,308181700000.0,71574500000.0,2601983700000.0,91457300000.0,991049200000.0,111606800000.0,10.383435,13.04,134.062,6575079643,GAIL.NS,0.09228330944619097,0.036910377263316446,0.096907600551012,1
2018-06-30,79.0156238997644,84.27935714157626,71.31697262346847,81.2237548828125,735163614,308181700000.0,71574500000.0,2601983700000.0,91457300000.0,991049200000.0,111606800000.0,10.383435,13.04,134.062,6575079643,GAIL.NS,0.09228330944619097,0.036910377263316446,0.096907600551012,1
2018-09-30,81.24763546331431,95.34391688079197,79.40950835313957,90.83003997802734,891186594,308181700000.0,71574500000.0,2601983700000.0,91457300000.0,991049200000.0,111606800000.0,10.383435,13.04,134.062,6575079643,GAIL.NS,0.09228330944619097,0.036910377263316446,0.096907600551012,0
2018-12-31,91.50105651104676,92.68736546170828,70.75874290973812,86.34845733642578,1000067895,308181700000.0,71574500000.0,2601983700000.0,91457300000.0,991049200000.0,111606800000.0,10.383435,13.04,134.062,6575079643,GAIL.NS,0.09228330944619097,0.036910377263316446,0.096907600551012,1
2019-03-31,86.03689467334242,89.53837956400328,74.95327330812776,87.53506469726562,776379390,308181700000.0,71574500000.0,2601983700000.0,91457300000.0,991049200000.0,111606800000.0,10.383435,13.04,134.062,6575079643,GAIL.NS,0.09228330944619097,0.036910377263316446,0.096907600551012,0
2019-06-30,85.99594746544538,89.26963890527315,73.92718241765719,76.2114486694336,867371307,308181700000.0,71574500000.0,2601983700000.0,91457300000.0,991049200000.0,111606800000.0,10.383435,13.04,134.062,6575079643,GAIL.NS,0.09228330944619097,0.036910377263316446,0.096907600551012,0
2019-09-30,75.72284244075261,76.89550612205642,58.81699509159043,66.19987487792969,858169621,308181700000.0,71574500000.0,2601983700000.0,91457300000.0,991049200000.0,111606800000.0,10.383435,13.04,134.062,6575079643,GAIL.NS,0.09228330944619097,0.036910377263316446,0.096907600551012,0
2019-12-31,66.00300960524214,68.78388744127172,54.362657630166474,59.57990264892578,956511876,308181700000.0,71574500000.0,2601983700000.0,91457300000.0,991049200000.0,111606800000.0,10.383435,13.04,134.062,6575079643,GAIL.NS,0.09228330944619097,0.036910377263316446,0.096907600551012,0
2020-03-31,59.752173117171395,65.6338660731048,33.75533262079257,39.753395080566406,1512227321,308181700000.0,71574500000.0,2601983700000.0,91457300000.0,991049200000.0,111606800000.0,10.383435,13.04,134.062,6575079643,GAIL.NS,0.09228330944619097,0.036910377263316446,0.096907600551012,1
2020-06-30,39.77936682697053,55.56647785731489,38.68880856263055,53.04780578613281,1581436043,308181700000.0,71574500000.0,2601983700000.0,91457300000.0,991049200000.0,111606800000.0,10.383435,13.04,134.062,6575079643,GAIL.NS,0.09228330944619097,0.036910377263316446,0.096907600551012,0
2020-09-30,53.04781451826176,55.82612923660979,42.557687212310725,45.07635498046875,1300485459,308181700000.0,71574500000.0,2601983700000.0,91457300000.0,991049200000.0,111606800000.0,10.383435,13.04,134.062,6575079643,GAIL.NS,0.09228330944619097,0.036910377263316446,0.096907600551012,1
2020-12-31,45.076350589009216,66.887503239444,42.16819962406133,64.00531005859375,1932872390,308181700000.0,71574500000.0,2601983700000.0,91457300000.0,991049200000.0,111606800000.0,10.383435,13.04,134.062,6575079643,GAIL.NS,0.09228330944619097,0.036910377263316446,0.096907600551012,1
2021-03-31,64.34286181677133,83.59743301434553,63.641788270957015,73.03374481201172,2496581677,308181700000.0,71574500000.0,2601983700000.0,91457300000.0,991049200000.0,111606800000.0,10.383435,13.04,134.062,6575079643,GAIL.NS,0.09228330944619097,0.036910377263316446,0.096907600551012,1
2021-06-30,73.43798513653681,91.79071881990991,69.26077119191594,80.6604995727539,1521645179,308181700000.0,71574500000.0,2601983700000.0,91457300000.0,991049200000.0,111606800000.0,10.383435,13.04,134.062,6575079643,GAIL.NS,0.09228330944619097,0.036910377263316446,0.096907600551012,1
2021-09-30,81.22643904575584,87.04758296222863,73.62661673716055,85.61924743652344,1214536821,308181700000.0,71574500000.0,2601983700000.0,91457300000.0,991049200000.0,111606800000.0,10.383435,13.04,134.062,6575079643,GAIL.NS,0.09228330944619097,0.036910377263316446,0.096907600551012,0
2021-12-31,86.3468851849801,92.32972866392403,67.48209911074906,71.81001281738281,1137504054,308181700000.0,71574500000.0,2601983700000.0,91457300000.0,991049200000.0,111606800000.0,10.383435,13.04,134.062,6575079643,GAIL.NS,0.09228330944619097,0.036910377263316446,0.096907600551012,1
2022-03-31,71.97676128336627,91.15203365839525,71.47653616427087,89.46769714355469,1196128046,308181700000.0,71574500000.0,2601983700000.0,91457300000.0,991049200000.0,111606800000.0,10.383435,13.04,134.062,6575079643,GAIL.NS,0.09228330944619097,0.036910377263316446,0.096907600551012,0
2022-06-30,90.24366419161178,99.72787692251863,74.14926411392888,77.71302032470703,1009295445,308181700000.0,71574500000.0,2601983700000.0,91457300000.0,991049200000.0,111606800000.0,10.383435,13.04,134.062,6575079643,GAIL.NS,0.09228330944619097,0.036910377263316446,0.096907600551012,0
2022-09-30,77.08074190705247,86.11773323845709,72.05416159876145,75.57006072998047,976718364,308181700000.0,71574500000.0,2601983700000.0,91457300000.0,991049200000.0,111606800000.0,10.383435,13.04,134.062,6575079643,GAIL.NS,0.09228330944619097,0.036910377263316446,0.096907600551012,1
2022-12-31,76.35135464818758,86.98585654590737,73.05249756317038,83.38316345214844,746281533,308181700000.0,71574500000.0,2601983700000.0,91457300000.0,991049200000.0,111606800000.0,10.383435,13.04,134.062,6575079643,GAIL.NS,0.09228330944619097,0.036910377263316446,0.096907600551012,1
2023-03-31,83.77381530151708,97.92421333442934,79.04254577551922,94.7342300415039,978750812,308181700000.0,71574500000.0,2601983700000.0,91457300000.0,991049200000.0,111606800000.0,10.383435,13.04,134.062,6575079643,GAIL.NS,0.09228330944619097,0.036910377263316446,0.096907600551012,0
2023-06-30,95.00450897216797,102.66252977791954,92.7521491145662,94.64413452148438,563637086,308181700000.0,71574500000.0,2601983700000.0,91457300000.0,991049200000.0,111606800000.0,10.383435,13.04,134.062,6575079643,GAIL.NS,0.09228330944619097,0.036910377263316446,0.096907600551012,1
2023-09-30,95.04956275576748,116.71724904626645,94.32880502806265,112.077392578125,952015387,308181700000.0,71574500000.0,2601983700000.0,91457300000.0,991049200000.0,111606800000.0,10.383435,13.04,134.062,6575079643,GAIL.NS,0.09228330944619097,0.036910377263316446,0.096907600551012,1
2023-12-31,112.07738932599727,148.02505746365583,104.64460566900105,146.04298400878906,1245491686,308181700000.0,71574500000.0,2601983700000.0,91457300000.0,991049200000.0,111606800000.0,10.383435,13.04,134.062,6575079643,GAIL.NS,0.09228330944619097,0.036910377263316446,0.096907600551012,1
2024-03-31,147.4844875725452,182.42528899987892,140.32197610737606,168.2103271484375,1460637047,308181700000.0,71574500000.0,2601983700000.0,91457300000.0,991049200000.0,111606800000.0,10.383435,13.04,134.062,6575079643,GAIL.NS,0.09228330944619097,0.036910377263316446,0.096907600551012,1
2024-06-30,168.535497208294,216.6619508753982,161.19573963069882,203.97998046875,1719024789,308181700000.0,71574500000.0,2601983700000.0,91457300000.0,991049200000.0,111606800000.0,10.383435,13.04,134.062,6575079643,GAIL.NS,0.09228330944619097,0.036910377263316446,0.096907600551012,1
2024-09-30,204.63035057778737,228.8329298290856,193.82511383230064,223.2491455078125,1109402387,338889000000.0,26935500000.0,1289887700000.0,196317700000.0,838090500000.0,15730100000.0,10.383435,13.04,134.062,6575079643,GAIL.NS,0.23424403450462689,0.020882050429661434,0.03213913055928924,0
2024-12-31,223.1655275364733,227.16058357996172,167.62500993008086,177.4361114501953,808983696,368347300000.0,40815600000.0,1289887700000.0,196317700000.0,838090500000.0,15730100000.0,10.383435,13.04,134.062,6575079643,GAIL.NS,0.23424403450462689,0.020882050429661434,0.03213913055928924,0
2025-03-31,177.48255690140903,180.0189471288588,145.13307854592566,176.48919677734375,877854004,364420900000.0,24917600000.0,1331487300000.0,215953800000.0,849975500000.0,13171800000.0,10.383435,13.04,134.062,6575079643,GAIL.NS,0.2540706173295583,0.01871411015336008,0.0293156685104453,1
2025-06-30,175.09111058081,195.53239059429342,153.8977390026878,184.0100555419922,790841686,353106800000.0,23692000000.0,1331487300000.0,215953800000.0,849975500000.0,13171800000.0,10.383435,13.04,134.062,6575079643,GAIL.NS,0.2540706173295583,0.01871411015336008,0.0293156685104453,0
2025-09-30,184.2607681598658,188.4550601347255,162.19438905742567,170.96112060546875,619940375,353106800000.0,23692000000.0,1331487300000.0,215953800000.0,849975500000.0,13171800000.0,10.383435,13.04,134.062,6575079643,GAIL.NS,0.2540706173295583,0.01871411015336008,0.0293156685104453,0
2025-12-31,170.38895635889386,181.22130267898712,159.2559712220821,166.95596313476562,551494745,351733700000.0,17561700000.0,1331487300000.0,215953800000.0,849975500000.0,13171800000.0,10.383435,13.04,134.062,6575079643,GAIL.NS,0.2540706173295583,0.01871411015336008,0.0293156685104453,0
2026-03-31,166.80080223012655,171.4600067138672,134.36000061035156,135.39999389648438,746626700,351733700000.0,17561700000.0,1331487300000.0,215953800000.0,849975500000.0,13171800000.0,10.383435,13.04,134.062,6575079643,GAIL.NS,0.2540706173295583,0.01871411015336008,0.0293156685104453,0
2016-03-31,102.79507268504507,105.75239028698218,96.00070879116245,103.4220962524414,1684550,351733700000.0,17561700000.0,1331487300000.0,215953800000.0,849975500000.0,13171800000.0,19.863745,16.88,126.834,688390125,GUJGASLTD.NS,0.2540706173295583,0.01871411015336008,0.0293156685104453,1
2016-06-30,102.37392528494543,107.53987255413352,91.72382138299486,104.37666320800781,16879720,351733700000.0,17561700000.0,1331487300000.0,215953800000.0,849975500000.0,13171800000.0,19.863745,16.88,126.834,688390125,GUJGASLTD.NS,0.2540706173295583,0.01871411015336008,0.0293156685104453,1
2016-09-30,105.72433019527669,129.1489348523274,99.76287156530474,107.93653106689453,16286900,351733700000.0,17561700000.0,1331487300000.0,215953800000.0,849975500000.0,13171800000.0,19.863745,16.88,126.834,688390125,GUJGASLTD.NS,0.2540706173295583,0.01871411015336008,0.0293156685104453,0
2016-12-31,111.81723592680189,116.7033768413586,88.32621983332213,98.29580688476562,25123530,351733700000.0,17561700000.0,1331487300000.0,215953800000.0,849975500000.0,13171800000.0,19.863745,16.88,126.834,688390125,GUJGASLTD.NS,0.2540706173295583,0.01871411015336008,0.0293156685104453,1
2017-03-31,98.65286526205529,154.10105098572413,98.47433842167757,144.4697723388672,33045980,351733700000.0,17561700000.0,1331487300000.0,215953800000.0,849975500000.0,13171800000.0,19.863745,16.88,126.834,688390125,GUJGASLTD.NS,0.2540706173295583,0.01871411015336008,0.0293156685104453,0
2017-06-30,145.3436023849039,165.56468484525388,136.0599536512189,139.63999938964844,31911220,351733700000.0,17561700000.0,1331487300000.0,215953800000.0,849975500000.0,13171800000.0,19.863745,16.88,126.834,688390125,GUJGASLTD.NS,0.2540706173295583,0.01871411015336008,0.0293156685104453,1
2017-09-30,140.7957429498652,167.7446513492879,120.83779224219009,157.96017456054688,17259865,351733700000.0,17561700000.0,1331487300000.0,215953800000.0,849975500000.0,13171800000.0,19.863745,16.88,126.834,688390125,GUJGASLTD.NS,0.2540706173295583,0.01871411015336008,0.0293156685104453,1
2017-12-31,159.55384006599223,184.4487858635293,153.10377763730776,158.52597045898438,19701445,351733700000.0,17561700000.0,1331487300000.0,215953800000.0,849975500000.0,13171800000.0,19.863745,16.88,126.834,688390125,GUJGASLTD.NS,0.2540706173295583,0.01871411015336008,0.0293156685104453,0
2018-03-31,159.73298206713193,180.1110181559183,149.74675623978618,157.13978576660156,12408800,351733700000.0,17561700000.0,1331487300000.0,215953800000.0,849975500000.0,13171800000.0,19.863745,16.88,126.834,688390125,GUJGASLTD.NS,0.2540706173295583,0.01871411015336008,0.0293156685104453,0
2018-06-30,158.7900148226205,172.51994280186165,134.22514525445382,137.5067596435547,13801650,351733700000.0,17561700000.0,1331487300000.0,215953800000.0,849975500000.0,13171800000.0,19.863745,16.88,126.834,688390125,GUJGASLTD.NS,0.2540706173295583,0.01871411015336008,0.0293156685104453,0
2018-09-30,136.9032040811031,155.847908952808,118.53014647394798,119.34563446044922,12662275,351733700000.0,17561700000.0,1331487300000.0,215953800000.0,849975500000.0,13171800000.0,19.863745,16.88,126.834,688390125,GUJGASLTD.NS,0.2540706173295583,0.01871411015336008,0.0293156685104453,1
2018-12-31,121.28952948533302,137.48550854987985,112.57520272196417,127.07379150390625,13831305,351733700000.0,17561700000.0,1331487300000.0,215953800000.0,849975500000.0,13171800000.0,19.863745,16.88,126.834,688390125,GUJGASLTD.NS,0.2540706173295583,0.01871411015336008,0.0293156685104453,1
2019-03-31,128.01256463974843,149.8221076529374,109.04773259567001,137.0682830810547,36334132,351733700000.0,17561700000.0,1331487300000.0,215953800000.0,849975500000.0,13171800000.0,19.863745,16.88,126.834,688390125,GUJGASLTD.NS,0.2540706173295583,0.01871411015336008,0.0293156685104453,1
2019-06-30,142.0465315533128,184.385503417056,136.9734258878825,163.42935180664062,33209549,351733700000.0,17561700000.0,1331487300000.0,215953800000.0,849975500000.0,13171800000.0,19.863745,16.88,126.834,688390125,GUJGASLTD.NS,0.2540706173295583,0.01871411015336008,0.0293156685104453,1
2019-09-30,164.14055927785648,181.6830243586793,146.50327871712128,169.07867431640625,24766383,351733700000.0,17561700000.0,1331487300000.0,215953800000.0,849975500000.0,13171800000.0,19.863745,16.88,126.834,688390125,GUJGASLTD.NS,0.2540706173295583,0.01871411015336008,0.0293156685104453,1
2019-12-31,168.36345643792308,227.91765797407092,159.82847848692973,226.53489685058594,52934433,351733700000.0,17561700000.0,1331487300000.0,215953800000.0,849975500000.0,13171800000.0,19.863745,16.88,126.834,688390125,GUJGASLTD.NS,0.2540706173295583,0.01871411015336008,0.0293156685104453,0
2020-03-31,227.91766909683005,299.24921537901116,181.66658559938512,220.1455841064453,81385980,351733700000.0,17561700000.0,1331487300000.0,215953800000.0,849975500000.0,13171800000.0,19.863745,16.88,126.834,688390125,GUJGASLTD.NS,0.2540706173295583,0.01871411015336008,0.0293156685104453,1
2020-06-30,223.14950820188528,309.35771082601826,208.94041534045283,303.4928894042969,54856887,351733700000.0,17561700000.0,1331487300000.0,215953800000.0,849975500000.0,13171800000.0,19.863745,16.88,126.834,688390125,GUJGASLTD.NS,0.2540706173295583,0.01871411015336008,0.0293156685104453,0
2020-09-30,306.35376011408675,318.8940000310956,268.44699418284586,295.37677001953125,56853573,351733700000.0,17561700000.0,1331487300000.0,215953800000.0,849975500000.0,13171800000.0,19.863745,16.88,126.834,688390125,GUJGASLTD.NS,0.2540706173295583,0.01871411015336008,0.0293156685104453,1
2020-12-31,301.65019730537506,394.98503017476503,269.1338191448077,360.5052490234375,56425862,351733700000.0,17561700000.0,1331487300000.0,215953800000.0,849975500000.0,13171800000.0,19.863745,16.88,126.834,688390125,GUJGASLTD.NS,0.2540706173295583,0.01871411015336008,0.0293156685104453,1
2021-03-31,362.70807991754856,542.769197641266,327.60576892008544,526.2476196289062,85890121,351733700000.0,17561700000.0,1331487300000.0,215953800000.0,849975500000.0,13171800000.0,19.863745,16.88,126.834,688390125,GUJGASLTD.NS,0.2540706173295583,0.01871411015336008,0.0293156685104453,1
2021-06-30,531.2759451211103,674.7500450977457,476.01250693662035,632.8475952148438,122743392,351733700000.0,17561700000.0,1331487300000.0,215953800000.0,849975500000.0,13171800000.0,19.863745,16.88,126.834,688390125,GUJGASLTD.NS,0.2540706173295583,0.01871411015336008,0.0293156685104453,0
2021-09-30,636.9180130570023,752.8084744134919,583.3312630277878,612.2913208007812,110479856,351733700000.0,17561700000.0,1331487300000.0,215953800000.0,849975500000.0,13171800000.0,19.863745,16.88,126.834,688390125,GUJGASLTD.NS,0.2540706173295583,0.01871411015336008,0.0293156685104453,0
2021-12-31,615.2209532782203,668.5305145548376,554.4192823769906,609.7940063476562,85205063,351733700000.0,17561700000.0,1331487300000.0,215953800000.0,849975500000.0,13171800000.0,19.863745,16.88,126.834,688390125,GUJGASLTD.NS,0.2540706173295583,0.01871411015336008,0.0293156685104453,0
2022-03-31,611.8591035316217,693.3122659279077,459.18245790525305,483.3879089355469,94577559,351733700000.0,17561700000.0,1331487300000.0,215953800000.0,849975500000.0,13171800000.0,19.863745,16.88,126.834,688390125,GUJGASLTD.NS,0.2540706173295583,0.01871411015336008,0.0293156685104453,0
2022-06-30,486.989930617045,560.7107106004883,387.6228034757219,402.3189697265625,126312317,351733700000.0,17561700000.0,1331487300000.0,215953800000.0,849975500000.0,13171800000.0,19.863745,16.88,126.834,688390125,GUJGASLTD.NS,0.2540706173295583,0.01871411015336008,0.0293156685104453,1
2022-09-30,402.4630579068056,514.345273377517,400.2538452091767,485.36334228515625,95809612,351733700000.0,17561700000.0,1331487300000.0,215953800000.0,849975500000.0,13171800000.0,19.863745,16.88,126.834,688390125,GUJGASLTD.NS,0.2540706173295583,0.01871411015336008,0.0293156685104453,0
2022-12-31,482.71108498830534,519.9390885470679,446.0616819566633,468.87109375,71558160,351733700000.0,17561700000.0,1331487300000.0,215953800000.0,849975500000.0,13171800000.0,19.863745,16.88,126.834,688390125,GUJGASLTD.NS,0.2540706173295583,0.01871411015336008,0.0293156685104453,0
2023-03-31,471.2340451867984,507.3047156070215,426.2902710392039,443.2647399902344,62225656,351733700000.0,17561700000.0,1331487300000.0,215953800000.0,849975500000.0,13171800000.0,19.863745,16.88,126.834,688390125,GUJGASLTD.NS,0.2540706173295583,0.01871411015336008,0.0293156685104453,1
2023-06-30,446.49572341170426,490.330280857566,435.93489936412004,448.52105712890625,75909739,351733700000.0,17561700000.0,1331487300000.0,215953800000.0,849975500000.0,13171800000.0,19.863745,16.88,126.834,688390125,GUJGASLTD.NS,0.2540706173295583,0.01871411015336008,0.0293156685104453,0
2023-09-30,467.76198257000055,475.95986330827463,405.0861286267156,413.79449462890625,94679259,351733700000.0,17561700000.0,1331487300000.0,215953800000.0,849975500000.0,13171800000.0,19.863745,16.88,126.834,688390125,GUJGASLTD.NS,0.2540706173295583,0.01871411015336008,0.0293156685104453,1
2023-12-31,413.892360986741,453.03108831965653,388.50105678688595,451.5633850097656,69771040,351733700000.0,17561700000.0,1331487300000.0,215953800000.0,849975500000.0,13171800000.0,19.863745,16.88,126.834,688390125,GUJGASLTD.NS,0.2540706173295583,0.01871411015336008,0.0293156685104453,1
2024-03-31,454.79233409587897,606.6507220586709,451.75910438547555,532.53173828125,98938942,351733700000.0,17561700000.0,1331487300000.0,215953800000.0,849975500000.0,13171800000.0,19.863745,16.88,126.834,688390125,GUJGASLTD.NS,0.2540706173295583,0.01871411015336008,0.0293156685104453,1
2024-06-30,533.2166202873948,634.9774332235261,479.4497531183381,614.9187622070312,88801702,351733700000.0,17561700000.0,1331487300000.0,215953800000.0,849975500000.0,13171800000.0,19.863745,16.88,126.834,688390125,GUJGASLTD.NS,0.2540706173295583,0.01871411015336008,0.0293156685104453,0
2024-09-30,614.9187726998831,675.0946027977228,571.4258460220026,610.2637329101562,131979174,351733700000.0,17561700000.0,124353700000.0,1459200000.0,79756000000.0,13216200000.0,19.863745,16.88,126.834,688390125,GUJGASLTD.NS,0.018295802196699934,0.01871411015336008,0.0293156685104453,0
2024-12-31,613.8163277229859,618.7505366628261,436.6780179692895,492.13861083984375,55940957,41528900000.0,2209900000.0,124353700000.0,1459200000.0,79756000000.0,13216200000.0,19.863745,16.88,126.834,688390125,GUJGASLTD.NS,0.018295802196699934,0.01871411015336008,0.0293156685104453,0
2025-03-31,495.64190438826955,511.08600665731757,355.5101857339182,406.9247131347656,46293397,39965600000.0,2878800000.0,126511100000.0,1499800000.0,84896400000.0,3268600000.0,19.863745,16.88,126.834,688390125,GUJGASLTD.NS,0.017666237908792362,0.02275531554148213,0.03390956506989696,1
2025-06-30,406.57930020465693,488.48727456279096,367.0562604009251,468.55303955078125,28170212,38708900000.0,3276400000.0,126511100000.0,1499800000.0,84896400000.0,3268600000.0,19.863745,16.88,126.834,688390125,GUJGASLTD.NS,0.017666237908792362,0.02275531554148213,0.03390956506989696,0
2025-09-30,468.5530427681535,502.0070559214134,410.77339531165035,429.54998779296875,19375516,37804000000.0,2798100000.0,133700100000.0,1512500000.0,86984200000.0,3450400000.0,19.863745,16.88,126.834,688390125,GUJGASLTD.NS,0.017388215331060122,0.020928181803902914,0.03216791095394336,0
2025-12-31,426.3999938964844,439.5,379.20001220703125,412.20001220703125,22977100,36584100000.0,2668400000.0,133700100000.0,1512500000.0,86984200000.0,3450400000.0,19.863745,16.88,126.834,688390125,GUJGASLTD.NS,0.017388215331060122,0.020928181803902914,0.03216791095394336,0
2026-03-31,415.0,443.75,329.54998779296875,335.29998779296875,68337267,36584100000.0,2668400000.0,133700100000.0,1512500000.0,86984200000.0,3450400000.0,19.863745,16.88,126.834,688390125,GUJGASLTD.NS,0.017388215331060122,0.020928181803902914,0.03216791095394336,0
2016-03-31,73.09815270117652,76.49674427157969,70.26915780376878,74.78321075439453,44396989,36584100000.0,2668400000.0,133700100000.0,1512500000.0,86984200000.0,3450400000.0,4.4099765,72.37,267.396,2127822517,HINDPETRO.NS,0.017388215331060122,0.020928181803902914,0.03216791095394336,1
2016-06-30,74.42719536519982,95.40259441619189,73.62501315296802,94.57666015625,398872184,36584100000.0,2668400000.0,133700100000.0,1512500000.0,86984200000.0,3450400000.0,4.4099765,72.37,267.396,2127822517,HINDPETRO.NS,0.017388215331060122,0.020928181803902914,0.03216791095394336,1
2016-09-30,94.27761939634425,127.71318493299275,94.27761939634425,122.31327819824219,699708694,36584100000.0,2668400000.0,133700100000.0,1512500000.0,86984200000.0,3450400000.0,4.4099765,72.37,267.396,2127822517,HINDPETRO.NS,0.017388215331060122,0.020928181803902914,0.03216791095394336,1
2016-12-31,122.84701729690424,140.33063397693462,116.54308856418433,127.31889343261719,580871169,36584100000.0,2668400000.0,133700100000.0,1512500000.0,86984200000.0,3450400000.0,4.4099765,72.37,267.396,2127822517,HINDPETRO.NS,0.017388215331060122,0.020928181803902914,0.03216791095394336,1
2017-03-31,128.08342594202492,168.20059043457744,127.44870333788799,160.24267578125,453500807,36584100000.0,2668400000.0,133700100000.0,1512500000.0,86984200000.0,3450400000.0,4.4099765,72.37,267.396,2127822517,HINDPETRO.NS,0.017388215331060122,0.020928181803902914,0.03216791095394336,0
2017-06-30,159.7091707996472,175.22586312481215,149.55779700870718,155.57850646972656,357677830,36584100000.0,2668400000.0,133700100000.0,1512500000.0,86984200000.0,3450400000.0,4.4099765,72.37,267.396,2127822517,HINDPETRO.NS,0.017388215331060122,0.020928181803902914,0.03216791095394336,1
2017-09-30,156.1119985067801,225.82723685040924,152.24044677677668,195.5825653076172,495263658,36584100000.0,2668400000.0,133700100000.0,1512500000.0,86984200000.0,3450400000.0,4.4099765,72.37,267.396,2127822517,HINDPETRO.NS,0.017388215331060122,0.020928181803902914,0.03216791095394336,0
2017-12-31,199.5006419913436,221.9550688193946,183.30136391219597,191.82492065429688,348349377,36584100000.0,2668400000.0,133700100000.0,1512500000.0,86984200000.0,3450400000.0,4.4099765,72.37,267.396,2127822517,HINDPETRO.NS,0.017388215331060122,0.020928181803902914,0.03216791095394336,0
2018-03-31,192.0082018192596,199.3402347257028,153.94671699023428,164.10671997070312,379194459,36584100000.0,2668400000.0,133700100000.0,1512500000.0,86984200000.0,3450400000.0,4.4099765,72.37,267.396,2127822517,HINDPETRO.NS,0.017388215331060122,0.020928181803902914,0.03216791095394336,0
2018-06-30,165.12985944662043,176.0750787121492,123.20017058000872,124.47274780273438,634220686,36584100000.0,2668400000.0,133700100000.0,1512500000.0,86984200000.0,3450400000.0,4.4099765,72.37,267.396,2127822517,HINDPETRO.NS,0.017388215331060122,0.020928181803902914,0.03216791095394336,0
2018-09-30,125.04903453508345,142.38492901559042,112.10713544924432,120.75105285644531,496214696,36584100000.0,2668400000.0,133700100000.0,1512500000.0,86984200000.0,3450400000.0,4.4099765,72.37,267.396,2127822517,HINDPETRO.NS,0.017388215331060122,0.020928181803902914,0.03216791095394336,1
2018-12-31,120.07873988547085,125.72134503528983,78.2756882597908,121.61544799804688,1028506952,36584100000.0,2668400000.0,133700100000.0,1512500000.0,86984200000.0,3450400000.0,4.4099765,72.37,267.396,2127822517,HINDPETRO.NS,0.017388215331060122,0.020928181803902914,0.03216791095394336,1
2019-03-31,121.78353108074963,144.22945817579006,104.31938091655168,134.572998046875,510697681,36584100000.0,2668400000.0,133700100000.0,1512500000.0,86984200000.0,3450400000.0,4.4099765,72.37,267.396,2127822517,HINDPETRO.NS,0.017388215331060122,0.020928181803902914,0.03216791095394336,1
2019-06-30,140.2779697578865,164.72779320166435,121.50835928405293,147.63232421875,593758102,36584100000.0,2668400000.0,133700100000.0,1512500000.0,86984200000.0,3450400000.0,4.4099765,72.37,267.396,2127822517,HINDPETRO.NS,0.017388215331060122,0.020928181803902914,0.03216791095394336,1
2019-09-30,147.35235327463437,159.16090667333035,113.8863102344244,153.56204223632812,538559624,36584100000.0,2668400000.0,133700100000.0,1512500000.0,86984200000.0,3450400000.0,4.4099765,72.37,267.396,2127822517,HINDPETRO.NS,0.017388215331060122,0.020928181803902914,0.03216791095394336,0
2019-12-31,157.78664420098346,167.3301983524275,131.242830940061,134.62762451171875,431752721,36584100000.0,2668400000.0,133700100000.0,1512500000.0,86984200000.0,3450400000.0,4.4099765,72.37,267.396,2127822517,HINDPETRO.NS,0.017388215331060122,0.020928181803902914,0.03216791095394336,0
2020-03-31,134.83122312510386,137.75794195558282,76.34838154137549,96.75883483886719,539032482,36584100000.0,2668400000.0,133700100000.0,1512500000.0,86984200000.0,3450400000.0,4.4099765,72.37,267.396,2127822517,HINDPETRO.NS,0.017388215331060122,0.020928181803902914,0.03216791095394336,1
2020-06-30,96.75884017204679,123.22627278686103,86.70630664235951,110.32340240478516,661813178,36584100000.0,2668400000.0,133700100000.0,1512500000.0,86984200000.0,3450400000.0,4.4099765,72.37,267.396,2127822517,HINDPETRO.NS,0.017388215331060122,0.020928181803902914,0.03216791095394336,0
2020-09-30,111.06142313189704,128.1322576034887,90.94889026478788,96.16572570800781,769718326,36584100000.0,2668400000.0,133700100000.0,1512500000.0,86984200000.0,3450400000.0,4.4099765,72.37,267.396,2127822517,HINDPETRO.NS,0.017388215331060122,0.020928181803902914,0.03216791095394336,1
2020-12-31,96.56498308251732,124.77856872679597,86.71685606452388,115.99508666992188,771456750,36584100000.0,2668400000.0,133700100000.0,1512500000.0,86984200000.0,3450400000.0,4.4099765,72.37,267.396,2127822517,HINDPETRO.NS,0.017388215331060122,0.020928181803902914,0.03216791095394336,1
2021-03-31,116.71375987695104,138.00699521667207,113.01404196528853,124.83180236816406,722079693,36584100000.0,2668400000.0,133700100000.0,1512500000.0,86984200000.0,3450400000.0,4.4099765,72.37,267.396,2127822517,HINDPETRO.NS,0.017388215331060122,0.020928181803902914,0.03216791095394336,1
2021-06-30,125.63029511687182,166.0875350804005,118.60351572633763,156.07968139648438,574103478,36584100000.0,2668400000.0,133700100000.0,1512500000.0,86984200000.0,3450400000.0,4.4099765,72.37,267.396,2127822517,HINDPETRO.NS,0.017388215331060122,0.020928181803902914,0.03216791095394336,1
2021-09-30,156.9048060550916,174.12052077749044,140.59599201014626,172.5104217529297,387006625,36584100000.0,2668400000.0,133700100000.0,1512500000.0,86984200000.0,3450400000.0,4.4099765,72.37,267.396,2127822517,HINDPETRO.NS,0.017388215331060122,0.020928181803902914,0.03216791095394336,0
2021-12-31,172.28040491362364,204.02233997106615,157.99080148886782,168.11138916015625,364699099,36584100000.0,2668400000.0,133700100000.0,1512500000.0,86984200000.0,3450400000.0,4.4099765,72.37,267.396,2127822517,HINDPETRO.NS,0.017388215331060122,0.020928181803902914,0.03216791095394336,0
2022-03-31,168.42765534002908,191.02651833740944,150.831621756153,154.88558959960938,449044879,36584100000.0,2668400000.0,133700100000.0,1512500000.0,86984200000.0,3450400000.0,4.4099765,72.37,267.396,2127822517,HINDPETRO.NS,0.017388215331060122,0.020928181803902914,0.03216791095394336,0
2022-06-30,155.23061964704976,176.36313742149352,118.7446743294496,124.89754486083984,421180173,36584100000.0,2668400000.0,133700100000.0,1512500000.0,86984200000.0,3450400000.0,4.4099765,72.37,267.396,2127822517,HINDPETRO.NS,0.017388215331060122,0.020928181803902914,0.03216791095394336,1
2022-09-30,125.35756413736851,154.8552195740579,124.32250427726413,131.35365295410156,426815691,36584100000.0,2668400000.0,133700100000.0,1512500000.0,86984200000.0,3450400000.0,4.4099765,72.37,267.396,2127822517,HINDPETRO.NS,0.017388215331060122,0.020928181803902914,0.03216791095394336,1
2022-12-31,132.0216594082496,153.64067814361027,121.48544405552818,142.80079650878906,320005104,36584100000.0,2668400000.0,133700100000.0,1512500000.0,86984200000.0,3450400000.0,4.4099765,72.37,267.396,2127822517,HINDPETRO.NS,0.017388215331060122,0.020928181803902914,0.03216791095394336,1
2023-03-31,143.28663758651007,158.49887299453943,128.5298232766992,143.8028106689453,374497622,36584100000.0,2668400000.0,133700100000.0,1512500000.0,86984200000.0,3450400000.0,4.4099765,72.37,267.396,2127822517,HINDPETRO.NS,0.017388215331060122,0.020928181803902914,0.03216791095394336,1
2023-06-30,139.6733212602616,169.73345745140696,133.66130383320302,166.30233764648438,285452745,36584100000.0,2668400000.0,133700100000.0,1512500000.0,86984200000.0,3450400000.0,4.4099765,72.37,267.396,2127822517,HINDPETRO.NS,0.017388215331060122,0.020928181803902914,0.03216791095394336,0
2023-09-30,167.60800187045305,188.19464662950384,149.51117985782903,154.82485961914062,441268631,36584100000.0,2668400000.0,133700100000.0,1512500000.0,86984200000.0,3450400000.0,4.4099765,72.37,267.396,2127822517,HINDPETRO.NS,0.017388215331060122,0.020928181803902914,0.03216791095394336,1
2023-12-31,155.76611732029045,265.01493704621413,145.2602575949364,242.24212646484375,805081405,36584100000.0,2668400000.0,133700100000.0,1512500000.0,86984200000.0,3450400000.0,4.4099765,72.37,267.396,2127822517,HINDPETRO.NS,0.017388215331060122,0.020928181803902914,0.03216791095394336,1
2024-03-31,246.55376404790155,371.61083122249505,238.71996072330435,297.1699523925781,857168304,36584100000.0,2668400000.0,133700100000.0,1512500000.0,86984200000.0,3450400000.0,4.4099765,72.37,267.396,2127822517,HINDPETRO.NS,0.017388215331060122,0.020928181803902914,0.03216791095394336,1
2024-06-30,297.41988326954663,371.6108341204817,280.67612843903385,311.2272033691406,675175664,36584100000.0,2668400000.0,133700100000.0,1512500000.0,86984200000.0,3450400000.0,4.4099765,72.37,267.396,2127822517,HINDPETRO.NS,0.017388215331060122,0.020928181803902914,0.03216791095394336,1
2024-09-30,310.4774475097656,440.87988825888067,302.69912517488535,424.8706970214844,660009395,994644200000.0,1426700000.0,1878599800000.0,725482200000.0,458964700000.0,3370400000.0,4.4099765,72.37,267.396,2127822517,HINDPETRO.NS,1.5806928070938788,0.0007594486063503253,0.0031085179317712234,0
2024-12-31,424.3402554298688,430.1749221694505,342.2690234589752,394.2024841308594,409307211,1100824400000.0,25436500000.0,1878599800000.0,725482200000.0,458964700000.0,3370400000.0,4.4099765,72.37,267.396,2127822517,HINDPETRO.NS,1.5806928070938788,0.0007594486063503253,0.0031085179317712234,0
2025-03-31,395.4079782354571,402.255303325739,277.3160027780957,347.5250244140625,364569407,1090604800000.0,34154400000.0,1947446400000.0,705582200000.0,511442900000.0,1662200000.0,4.4099765,72.37,267.396,2127822517,HINDPETRO.NS,1.3795913483206044,0.017538043665797427,0.06678047539617815,1
2025-06-30,342.1725454586354,427.4263892436463,329.3459256263759,422.45965576171875,370173058,1102676900000.0,41109300000.0,1947446400000.0,705582200000.0,511442900000.0,1662200000.0,4.4099765,72.37,267.396,2127822517,HINDPETRO.NS,1.3795913483206044,0.017538043665797427,0.06678047539617815,1
2025-09-30,423.7616136370888,440.8563312124269,371.18231907704063,438.82745361328125,270349478,1102676900000.0,41109300000.0,1947446400000.0,705582200000.0,511442900000.0,1662200000.0,4.4099765,72.37,267.396,2127822517,HINDPETRO.NS,1.3795913483206044,0.017538043665797427,0.06678047539617815,1
2025-12-31,438.92642014401855,500.8999938964844,427.34707084721146,499.04998779296875,255898348,1146234500000.0,40114000000.0,1947446400000.0,705582200000.0,511442900000.0,1662200000.0,4.4099765,72.37,267.396,2127822517,HINDPETRO.NS,1.3795913483206044,0.017538043665797427,0.06678047539617815,0
2026-03-31,499.75,508.45001220703125,316.20001220703125,319.1499938964844,390435192,1146234500000.0,40114000000.0,1947446400000.0,705582200000.0,511442900000.0,1662200000.0,4.4099765,72.37,267.396,2127822517,HINDPETRO.NS,1.3795913483206044,0.017538043665797427,0.06678047539617815,0
2016-03-31,47.24555480761369,49.837139523295065,46.67445387333874,49.28767013549805,29040010,1146234500000.0,40114000000.0,1947446400000.0,705582200000.0,511442900000.0,1662200000.0,12.4667225,11.87,80.15,1400001600,IGL.NS,1.3795913483206044,0.017538043665797427,0.06678047539617815,1
2016-06-30,49.08865110368891,55.03328393238099,46.46679184649505,54.30210494995117,359226930,1146234500000.0,40114000000.0,1947446400000.0,705582200000.0,511442900000.0,1662200000.0,12.4667225,11.87,80.15,1400001600,IGL.NS,1.3795913483206044,0.017538043665797427,0.06678047539617815,1
2016-09-30,54.94675128005976,69.98140093981115,51.290846227121925,67.86576843261719,493519270,1146234500000.0,40114000000.0,1947446400000.0,705582200000.0,511442900000.0,1662200000.0,12.4667225,11.87,80.15,1400001600,IGL.NS,1.3795913483206044,0.017538043665797427,0.06678047539617815,1
2016-12-31,68.57661301681959,81.10395521881648,67.97915912183518,80.42517852783203,461754380,1146234500000.0,40114000000.0,1947446400000.0,705582200000.0,511442900000.0,1662200000.0,12.4667225,11.87,80.15,1400001600,IGL.NS,1.3795913483206044,0.017538043665797427,0.06678047539617815,1
2017-03-31,80.7798888606657,93.8432265050435,79.81207215654705,88.89466857910156,389727870,1146234500000.0,40114000000.0,1947446400000.0,705582200000.0,511442900000.0,1662200000.0,12.4667225,11.87,80.15,1400001600,IGL.NS,1.3795913483206044,0.017538043665797427,0.06678047539617815,1
2017-06-30,88.0319360032501,98.70422496640512,84.67743509599514,92.5469741821289,208829990,1146234500000.0,40114000000.0,1947446400000.0,705582200000.0,511442900000.0,1662200000.0,12.4667225,11.87,80.15,1400001600,IGL.NS,1.3795913483206044,0.017538043665797427,0.06678047539617815,1
2017-09-30,92.57326350444403,133.93632840114128,91.706171084025,129.3660430908203,309654600,1146234500000.0,40114000000.0,1947446400000.0,705582200000.0,511442900000.0,1662200000.0,12.4667225,11.87,80.15,1400001600,IGL.NS,1.3795913483206044,0.017538043665797427,0.06678047539617815,1
2017-12-31,131.7434766289705,148.31520503850868,125.4681021162588,147.56813049316406,279169628,1146234500000.0,40114000000.0,1947446400000.0,705582200000.0,511442900000.0,1662200000.0,12.4667225,11.87,80.15,1400001600,IGL.NS,1.3795913483206044,0.017538043665797427,0.06678047539617815,0
2018-03-31,147.12869037493152,151.5671632691061,119.13557880916008,122.80500793457031,285246512,1146234500000.0,40114000000.0,1947446400000.0,705582200000.0,511442900000.0,1662200000.0,12.4667225,11.87,80.15,1400001600,IGL.NS,1.3795913483206044,0.017538043665797427,0.06678047539617815,0
2018-06-30,125.02423261975622,134.9998367626453,105.88609123005858,111.7527847290039,325097222,1146234500000.0,40114000000.0,1947446400000.0,705582200000.0,511442900000.0,1662200000.0,12.4667225,11.87,80.15,1400001600,IGL.NS,1.3795913483206044,0.017538043665797427,0.06678047539617815,0
2018-09-30,111.73080273216111,140.9543730095972,102.1612782810758,107.56265258789062,301557540,1146234500000.0,40114000000.0,1947446400000.0,705582200000.0,511442900000.0,1662200000.0,12.4667225,11.87,80.15,1400001600,IGL.NS,1.3795913483206044,0.017538043665797427,0.06678047539617815,1
2018-12-31,108.69162068179669,130.142177538947,95.27672596005262,118.32111358642578,236937470,1146234500000.0,40114000000.0,1947446400000.0,705582200000.0,511442900000.0,1662200000.0,12.4667225,11.87,80.15,1400001600,IGL.NS,1.3795913483206044,0.017538043665797427,0.06678047539617815,1
2019-03-31,118.65317471007738,138.95259238831167,114.04873650033367,136.51756286621094,274054984,1146234500000.0,40114000000.0,1947446400000.0,705582200000.0,511442900000.0,1662200000.0,12.4667225,11.87,80.15,1400001600,IGL.NS,1.3795913483206044,0.017538043665797427,0.06678047539617815,1
2019-06-30,136.65039072123463,155.31166491227728,129.45590911088843,139.30677795410156,208558900,1146234500000.0,40114000000.0,1947446400000.0,705582200000.0,511442900000.0,1662200000.0,12.4667225,11.87,80.15,1400001600,IGL.NS,1.3795913483206044,0.017538043665797427,0.06678047539617815,1
2019-09-30,138.1999461315168,166.03667411821368,130.62915742779353,155.9366912841797,237872366,1146234500000.0,40114000000.0,1947446400000.0,705582200000.0,511442900000.0,1662200000.0,12.4667225,11.87,80.15,1400001600,IGL.NS,1.3795913483206044,0.017538043665797427,0.06678047539617815,1
2019-12-31,158.0324856572201,195.62318485988843,152.74838308429852,190.91876220703125,246373178,1146234500000.0,40114000000.0,1947446400000.0,705582200000.0,511442900000.0,1662200000.0,12.4667225,11.87,80.15,1400001600,IGL.NS,1.3795913483206044,0.017538043665797427,0.06678047539617815,0
2020-03-31,191.2531995823687,238.20812400269222,126.66231163077585,172.9929656982422,405446686,1146234500000.0,40114000000.0,1947446400000.0,705582200000.0,511442900000.0,1662200000.0,12.4667225,11.87,80.15,1400001600,IGL.NS,1.3795913483206044,0.017538043665797427,0.06678047539617815,1
2020-06-30,176.13665831297916,231.8761100598997,168.13246801722303,197.2284698486328,477835350,1146234500000.0,40114000000.0,1947446400000.0,705582200000.0,511442900000.0,1662200000.0,12.4667225,11.87,80.15,1400001600,IGL.NS,1.3795913483206044,0.017538043665797427,0.06678047539617815,0
2020-09-30,197.76357369594922,202.31194717163936,169.0466222821189,173.65692138671875,522649490,1146234500000.0,40114000000.0,1947446400000.0,705582200000.0,511442900000.0,1662200000.0,12.4667225,11.87,80.15,1400001600,IGL.NS,1.3795913483206044,0.017538043665797427,0.06678047539617815,1
2020-12-31,179.53827137701495,233.23367247656657,163.46558982759151,225.5340118408203,433607862,1146234500000.0,40114000000.0,1947446400000.0,705582200000.0,511442900000.0,1662200000.0,12.4667225,11.87,80.15,1400001600,IGL.NS,1.3795913483206044,0.017538043665797427,0.06678047539617815,1
2021-03-31,225.82585309163258,267.0626108393493,215.56715245626376,230.02357482910156,410561436,1146234500000.0,40114000000.0,1947446400000.0,705582200000.0,511442900000.0,1662200000.0,12.4667225,11.87,80.15,1400001600,IGL.NS,1.3795913483206044,0.017538043665797427,0.06678047539617815,1
2021-06-30,233.2785340315114,252.11231513747862,218.73230738377592,250.40628051757812,307828094,1146234500000.0,40114000000.0,1947446400000.0,705582200000.0,511442900000.0,1662200000.0,12.4667225,11.87,80.15,1400001600,IGL.NS,1.3795913483206044,0.017538043665797427,0.06678047539617815,0
2021-09-30,251.07972296445178,270.2951107894497,229.5297459793455,240.8199005126953,315354022,1146234500000.0,40114000000.0,1947446400000.0,705582200000.0,511442900000.0,1662200000.0,12.4667225,11.87,80.15,1400001600,IGL.NS,1.3795913483206044,0.017538043665797427,0.06678047539617815,0
2021-12-31,241.6782136253537,242.58168358283166,205.08770052718327,212.4961395263672,280913914,1146234500000.0,40114000000.0,1947446400000.0,705582200000.0,511442900000.0,1662200000.0,12.4667225,11.87,80.15,1400001600,IGL.NS,1.3795913483206044,0.017538043665797427,0.06678047539617815,0
2022-03-31,213.12857486033374,215.86157598100937,145.00693530390816,168.5648956298828,431231828,1146234500000.0,40114000000.0,1947446400000.0,705582200000.0,511442900000.0,1662200000.0,12.4667225,11.87,80.15,1400001600,IGL.NS,1.3795913483206044,0.017538043665797427,0.06678047539617815,0
2022-06-30,169.82978379980264,181.59747765968152,151.48933477819222,160.77249145507812,336052770,1146234500000.0,40114000000.0,1947446400000.0,705582200000.0,511442900000.0,1662200000.0,12.4667225,11.87,80.15,1400001600,IGL.NS,1.3795913483206044,0.017538043665797427,0.06678047539617815,1
2022-09-30,161.33714577963863,204.29226387538208,155.28390604418973,181.57278442382812,334879264,1146234500000.0,40114000000.0,1947446400000.0,705582200000.0,511442900000.0,1662200000.0,12.4667225,11.87,80.15,1400001600,IGL.NS,1.3795913483206044,0.017538043665797427,0.06678047539617815,1
2022-12-31,182.57948937320953,206.8319014457375,166.67814349348603,189.42050170898438,266830524,1146234500000.0,40114000000.0,1947446400000.0,705582200000.0,511442900000.0,1662200000.0,12.4667225,11.87,80.15,1400001600,IGL.NS,1.3795913483206044,0.017538043665797427,0.06678047539617815,1
2023-03-31,190.58734065561018,209.69098717162805,187.31558461651142,202.1886749267578,177618704,1146234500000.0,40114000000.0,1947446400000.0,705582200000.0,511442900000.0,1662200000.0,12.4667225,11.87,80.15,1400001600,IGL.NS,1.3795913483206044,0.017538043665797427,0.06678047539617815,1
2023-06-30,202.80177716732138,243.22064172983696,191.9542402490693,223.2470245361328,242833460,1146234500000.0,40114000000.0,1947446400000.0,705582200000.0,511442900000.0,1662200000.0,12.4667225,11.87,80.15,1400001600,IGL.NS,1.3795913483206044,0.017538043665797427,0.06678047539617815,0
2023-09-30,224.09596765528187,236.28765843355418,201.3868879721923,214.52183532714844,172523872,1146234500000.0,40114000000.0,1947446400000.0,705582200000.0,511442900000.0,1662200000.0,12.4667225,11.87,80.15,1400001600,IGL.NS,1.3795913483206044,0.017538043665797427,0.06678047539617815,0
2023-12-31,214.6869073036293,232.04295362317424,177.19217187518078,199.33926391601562,323734904,1146234500000.0,40114000000.0,1947446400000.0,705582200000.0,511442900000.0,1662200000.0,12.4667225,11.87,80.15,1400001600,IGL.NS,1.3795913483206044,0.017538043665797427,0.06678047539617815,1
2024-03-31,200.3160506201162,219.1850405496798,189.23768479281995,205.2715606689453,284492402,1146234500000.0,40114000000.0,1947446400000.0,705582200000.0,511442900000.0,1662200000.0,12.4667225,11.87,80.15,1400001600,IGL.NS,1.3795913483206044,0.017538043665797427,0.06678047539617815,1
2024-06-30,205.31919274167433,242.86656475579406,201.55493854115144,240.00762939453125,529829482,1146234500000.0,40114000000.0,1947446400000.0,705582200000.0,511442900000.0,1662200000.0,12.4667225,11.87,80.15,1400001600,IGL.NS,1.3795913483206044,0.017538043665797427,0.06678047539617815,1
2024-09-30,241.43708266639297,271.76563656032084,239.60259634413723,268.7030944824219,286712834,1146234500000.0,40114000000.0,154885600000.0,741800000.0,105678600000.0,1764800000.0,12.4667225,11.87,80.15,1400001600,IGL.NS,0.007019396547645408,0.017538043665797427,0.06678047539617815,0
2024-12-31,270.12226423914933,273.99489278720677,149.11626764716524,202.48341369628906,666080128,37549000000.0,3265500000.0,154885600000.0,741800000.0,105678600000.0,1764800000.0,12.4667225,11.87,80.15,1400001600,IGL.NS,0.007019396547645408,0.017538043665797427,0.06678047539617815,0
2025-03-31,202.6052032750849,220.87328088053331,171.38870414252756,197.8993377685547,374350242,38838100000.0,4551400000.0,155813600000.0,934900000.0,106157700000.0,1446200000.0,12.4667225,11.87,80.15,1400001600,IGL.NS,0.008806709263670935,0.029210543880636864,0.04287395073555663,1
2025-06-30,195.8338260248071,213.7803975484785,167.57920005670292,212.27023315429688,323088502,39140000000.0,4290500000.0,155813600000.0,934900000.0,106157700000.0,1446200000.0,12.4667225,11.87,80.15,1400001600,IGL.NS,0.008806709263670935,0.029210543880636864,0.04287395073555663,0
2025-09-30,213.1763334551548,223.11416887517555,194.08010691079508,204.6089324951172,163456133,40234000000.0,3862900000.0,167620000000.0,1015900000.0,112210600000.0,5974100000.0,12.4667225,11.87,80.15,1400001600,IGL.NS,0.009053511878556927,0.02304557928648133,0.034425446437324106,0
2025-12-31,204.07911822860225,219.28693712723197,179.56018516244842,190.90228271484375,200590153,40675000000.0,3937500000.0,167620000000.0,1015900000.0,112210600000.0,5974100000.0,12.4667225,11.87,80.15,1400001600,IGL.NS,0.009053511878556927,0.02304557928648133,0.034425446437324106,0
2026-03-31,191.06908650387635,192.06004225180482,147.39999389648438,147.97999572753906,128377269,40675000000.0,3937500000.0,167620000000.0,1015900000.0,112210600000.0,5974100000.0,12.4667225,11.87,80.15,1400001600,IGL.NS,0.009053511878556927,0.02304557928648133,0.034425446437324106,0
2016-03-31,67.5250015258789,68.25,62.599998474121094,64.80000305175781,4029936,40675000000.0,3937500000.0,167620000000.0,1015900000.0,112210600000.0,5974100000.0,27.791971,2.74,50.91,1728237822,INOXWIND.NS,0.009053511878556927,0.02304557928648133,0.034425446437324106,0
2016-06-30,65.0,73.75,52.75,59.4375,122536368,40675000000.0,3937500000.0,167620000000.0,1015900000.0,112210600000.0,5974100000.0,27.791971,2.74,50.91,1728237822,INOXWIND.NS,0.009053511878556927,0.02304557928648133,0.034425446437324106,0
2016-09-30,59.45000076293945,62.32500076293945,40.75,50.0625,118346128,40675000000.0,3937500000.0,167620000000.0,1015900000.0,112210600000.0,5974100000.0,27.791971,2.74,50.91,1728237822,INOXWIND.NS,0.009053511878556927,0.02304557928648133,0.034425446437324106,0
2016-12-31,51.724998474121094,57.73749923706055,42.625,45.474998474121094,65576356,40675000000.0,3937500000.0,167620000000.0,1015900000.0,112210600000.0,5974100000.0,27.791971,2.74,50.91,1728237822,INOXWIND.NS,0.009053511878556927,0.02304557928648133,0.034425446437324106,0
2017-03-31,45.54999923706055,49.625,41.375,42.61249923706055,96417756,40675000000.0,3937500000.0,167620000000.0,1015900000.0,112210600000.0,5974100000.0,27.791971,2.74,50.91,1728237822,INOXWIND.NS,0.009053511878556927,0.02304557928648133,0.034425446437324106,0
2017-06-30,43.0,52.125,32.900001525878906,35.5625,161674200,40675000000.0,3937500000.0,167620000000.0,1015900000.0,112210600000.0,5974100000.0,27.791971,2.74,50.91,1728237822,INOXWIND.NS,0.009053511878556927,0.02304557928648133,0.034425446437324106,0
2017-09-30,35.625,41.92499923706055,26.149999618530273,26.825000762939453,121152648,40675000000.0,3937500000.0,167620000000.0,1015900000.0,112210600000.0,5974100000.0,27.791971,2.74,50.91,1728237822,INOXWIND.NS,0.009053511878556927,0.02304557928648133,0.034425446437324106,1
2017-12-31,27.100000381469727,39.67499923706055,26.8125,36.07500076293945,139889984,40675000000.0,3937500000.0,167620000000.0,1015900000.0,112210600000.0,5974100000.0,27.791971,2.74,50.91,1728237822,INOXWIND.NS,0.009053511878556927,0.02304557928648133,0.034425446437324106,0
2018-03-31,36.07500076293945,38.20000076293945,24.887500762939453,27.125,63216512,40675000000.0,3937500000.0,167620000000.0,1015900000.0,112210600000.0,5974100000.0,27.791971,2.74,50.91,1728237822,INOXWIND.NS,0.009053511878556927,0.02304557928648133,0.034425446437324106,0
2018-06-30,27.487499237060547,29.75,20.637500762939453,20.962499618530273,51986356,40675000000.0,3937500000.0,167620000000.0,1015900000.0,112210600000.0,5974100000.0,27.791971,2.74,50.91,1728237822,INOXWIND.NS,0.009053511878556927,0.02304557928648133,0.034425446437324106,1
2018-09-30,21.137500762939453,27.25,18.850000381469727,21.6875,40953792,40675000000.0,3937500000.0,167620000000.0,1015900000.0,112210600000.0,5974100000.0,27.791971,2.74,50.91,1728237822,INOXWIND.NS,0.009053511878556927,0.02304557928648133,0.034425446437324106,0
2018-12-31,21.887500762939453,24.950000762939453,17.837499618530273,19.200000762939453,31253000,40675000000.0,3937500000.0,167620000000.0,1015900000.0,112210600000.0,5974100000.0,27.791971,2.74,50.91,1728237822,INOXWIND.NS,0.009053511878556927,0.02304557928648133,0.034425446437324106,0
2019-03-31,19.450000762939453,20.162500381469727,14.137499809265137,16.575000762939453,62857832,40675000000.0,3937500000.0,167620000000.0,1015900000.0,112210600000.0,5974100000.0,27.791971,2.74,50.91,1728237822,INOXWIND.NS,0.009053511878556927,0.02304557928648133,0.034425446437324106,1
2019-06-30,16.774999618530273,18.75,13.637499809265137,17.612499237060547,20084200,40675000000.0,3937500000.0,167620000000.0,1015900000.0,112210600000.0,5974100000.0,27.791971,2.74,50.91,1728237822,INOXWIND.NS,0.009053511878556927,0.02304557928648133,0.034425446437324106,0
2019-09-30,17.649999618530273,17.9375,7.699999809265137,8.274999618530273,29520176,40675000000.0,3937500000.0,167620000000.0,1015900000.0,112210600000.0,5974100000.0,27.791971,2.74,50.91,1728237822,INOXWIND.NS,0.009053511878556927,0.02304557928648133,0.034425446437324106,1
2019-12-31,8.587499618530273,12.074999809265137,7.162499904632568,8.887499809265137,70572484,40675000000.0,3937500000.0,167620000000.0,1015900000.0,112210600000.0,5974100000.0,27.791971,2.74,50.91,1728237822,INOXWIND.NS,0.009053511878556927,0.02304557928648133,0.034425446437324106,0
2020-03-31,8.962499618530273,12.449999809265137,4.0,4.599999904632568,111401200,40675000000.0,3937500000.0,167620000000.0,1015900000.0,112210600000.0,5974100000.0,27.791971,2.74,50.91,1728237822,INOXWIND.NS,0.009053511878556927,0.02304557928648133,0.034425446437324106,1
2020-06-30,4.925000190734863,10.9375,4.612500190734863,9.962499618530273,35192876,40675000000.0,3937500000.0,167620000000.0,1015900000.0,112210600000.0,5974100000.0,27.791971,2.74,50.91,1728237822,INOXWIND.NS,0.009053511878556927,0.02304557928648133,0.034425446437324106,0
2020-09-30,9.875,13.0,8.512499809265137,9.75,37866012,40675000000.0,3937500000.0,167620000000.0,1015900000.0,112210600000.0,5974100000.0,27.791971,2.74,50.91,1728237822,INOXWIND.NS,0.009053511878556927,0.02304557928648133,0.034425446437324106,1
2020-12-31,10.212499618530273,17.075000762939453,8.662500381469727,15.362500190734863,68121180,40675000000.0,3937500000.0,167620000000.0,1015900000.0,112210600000.0,5974100000.0,27.791971,2.74,50.91,1728237822,INOXWIND.NS,0.009053511878556927,0.02304557928648133,0.034425446437324106,1
2021-03-31,15.725000381469727,20.725000381469727,15.399999618530273,17.450000762939453,54944092,40675000000.0,3937500000.0,167620000000.0,1015900000.0,112210600000.0,5974100000.0,27.791971,2.74,50.91,1728237822,INOXWIND.NS,0.009053511878556927,0.02304557928648133,0.034425446437324106,1
2021-06-30,17.674999237060547,24.174999237060547,15.75,20.612499237060547,112642732,40675000000.0,3937500000.0,167620000000.0,1015900000.0,112210600000.0,5974100000.0,27.791971,2.74,50.91,1728237822,INOXWIND.NS,0.009053511878556927,0.02304557928648133,0.034425446437324106,1
2021-09-30,20.637500762939453,35.67499923706055,20.4375,24.5,240412684,40675000000.0,3937500000.0,167620000000.0,1015900000.0,112210600000.0,5974100000.0,27.791971,2.74,50.91,1728237822,INOXWIND.NS,0.009053511878556927,0.02304557928648133,0.034425446437324106,1
2021-12-31,24.5,38.61249923706055,24.387500762939453,28.924999237060547,299655720,40675000000.0,3937500000.0,167620000000.0,1015900000.0,112210600000.0,5974100000.0,27.791971,2.74,50.91,1728237822,INOXWIND.NS,0.009053511878556927,0.02304557928648133,0.034425446437324106,0
2022-03-31,29.037500381469727,34.849998474121094,24.600000381469727,27.700000762939453,166590412,40675000000.0,3937500000.0,167620000000.0,1015900000.0,112210600000.0,5974100000.0,27.791971,2.74,50.91,1728237822,INOXWIND.NS,0.009053511878556927,0.02304557928648133,0.034425446437324106,0
2022-06-30,27.75,31.600000381469727,19.600000381469727,19.787500381469727,136897528,40675000000.0,3937500000.0,167620000000.0,1015900000.0,112210600000.0,5974100000.0,27.791971,2.74,50.91,1728237822,INOXWIND.NS,0.009053511878556927,0.02304557928648133,0.034425446437324106,1
2022-09-30,19.287500381469727,39.849998474121094,18.850000381469727,36.900001525878906,193296148,40675000000.0,3937500000.0,167620000000.0,1015900000.0,112210600000.0,5974100000.0,27.791971,2.74,50.91,1728237822,INOXWIND.NS,0.009053511878556927,0.02304557928648133,0.034425446437324106,0
2022-12-31,36.63750076293945,39.974998474121094,25.637500762939453,27.137500762939453,158636464,40675000000.0,3937500000.0,167620000000.0,1015900000.0,112210600000.0,5974100000.0,27.791971,2.74,50.91,1728237822,INOXWIND.NS,0.009053511878556927,0.02304557928648133,0.034425446437324106,0
2023-03-31,27.25,29.700000762939453,22.200000762939453,23.337499618530273,93626688,40675000000.0,3937500000.0,167620000000.0,1015900000.0,112210600000.0,5974100000.0,27.791971,2.74,50.91,1728237822,INOXWIND.NS,0.009053511878556927,0.02304557928648133,0.034425446437324106,1
2023-06-30,23.424999237060547,41.82500076293945,23.149999618530273,38.45000076293945,315862152,40675000000.0,3937500000.0,167620000000.0,1015900000.0,112210600000.0,5974100000.0,27.791971,2.74,50.91,1728237822,INOXWIND.NS,0.009053511878556927,0.02304557928648133,0.034425446437324106,1
2023-09-30,38.724998474121094,57.099998474121094,38.36249923706055,48.26250076293945,324715832,40675000000.0,3937500000.0,167620000000.0,1015900000.0,112210600000.0,5974100000.0,27.791971,2.74,50.91,1728237822,INOXWIND.NS,0.009053511878556927,0.02304557928648133,0.034425446437324106,1
2023-12-31,47.974998474121094,125.5,47.25,124.9375,855475300,40675000000.0,3937500000.0,167620000000.0,1015900000.0,112210600000.0,5974100000.0,27.791971,2.74,50.91,1728237822,INOXWIND.NS,0.009053511878556927,0.02304557928648133,0.034425446437324106,1
2024-03-31,126.0,162.0,102.51249694824219,130.39999389648438,375649368,40675000000.0,3937500000.0,167620000000.0,1015900000.0,112210600000.0,5974100000.0,27.791971,2.74,50.91,1728237822,INOXWIND.NS,0.009053511878556927,0.02304557928648133,0.034425446437324106,1
2024-06-30,131.25,177.0,124.25,141.86000061035156,481888254,40675000000.0,3937500000.0,167620000000.0,1015900000.0,112210600000.0,5974100000.0,27.791971,2.74,50.91,1728237822,INOXWIND.NS,0.009053511878556927,0.02304557928648133,0.034425446437324106,1
2024-09-30,144.0,261.8999938964844,140.10000610351562,237.47999572753906,1035099646,40675000000.0,3937500000.0,83582300000.0,35426200000.0,26683200000.0,3605900000.0,27.791971,2.74,50.91,1728237822,INOXWIND.NS,1.3276593512022545,0.02304557928648133,0.034425446437324106,0
2024-12-31,238.4499969482422,241.77999877929688,174.36000061035156,181.02000427246094,460828940,9112700000.0,1166500000.0,83582300000.0,35426200000.0,26683200000.0,3605900000.0,27.791971,2.74,50.91,1728237822,INOXWIND.NS,1.3276593512022545,0.02304557928648133,0.034425446437324106,0
2025-03-31,180.60000610351562,191.39999389648438,130.32000732421875,163.0399932861328,694148081,12247775000.0,1868667000.0,87950932000.0,14999433000.0,50467440000.0,210099000.0,27.791971,2.74,50.91,1728237822,INOXWIND.NS,0.29721010219658456,0.021246699239071166,0.03702718029684089,1
2025-06-30,163.35000610351562,201.0,137.41000366210938,175.33999633789062,533464134,8262500000.0,1058600000.0,87950932000.0,14999433000.0,50467440000.0,210099000.0,27.791971,2.74,50.91,1728237822,INOXWIND.NS,0.29721010219658456,0.021246699239071166,0.03702718029684089,0
2025-09-30,175.89999389648438,181.0,135.5,140.24000549316406,426394805,11191800000.0,917500000.0,100047700000.0,11398800000.0,66728400000.0,498400000.0,27.791971,2.74,50.91,1728237822,INOXWIND.NS,0.17082381714532344,0.009170625611583275,0.01374976771509582,0
2025-12-31,140.1999969482422,159.3000030517578,118.27999877929688,123.52999877929688,459747587,12074500000.0,1173900000.0,100047700000.0,11398800000.0,66728400000.0,498400000.0,27.791971,2.74,50.91,1728237822,INOXWIND.NS,0.17082381714532344,0.009170625611583275,0.01374976771509582,0
2026-03-31,123.63999938964844,129.0,75.62999725341797,76.1500015258789,621382424,12074500000.0,1173900000.0,100047700000.0,11398800000.0,66728400000.0,498400000.0,27.791971,2.74,50.91,1728237822,INOXWIND.NS,0.17082381714532344,0.009170625611583275,0.01374976771509582,0
2016-03-31,34.58921396464588,35.68978686589026,34.135023225009824,34.37958908081055,39352368,12074500000.0,1173900000.0,100047700000.0,11398800000.0,66728400000.0,498400000.0,5.320108,25.96,143.199,14121238383,IOC.NS,0.17082381714532344,0.009170625611583275,0.01374976771509582,1
2016-06-30,34.558652096352304,38.86919441933112,34.20489707060431,38.51980972290039,467703492,12074500000.0,1173900000.0,100047700000.0,11398800000.0,66728400000.0,498400000.0,5.320108,25.96,143.199,14121238383,IOC.NS,0.17082381714532344,0.009170625611583275,0.01374976771509582,1
2016-09-30,38.6158963888815,53.144604647446215,38.60715987110247,51.64187240600586,1062630162,12074500000.0,1173900000.0,100047700000.0,11398800000.0,66728400000.0,498400000.0,5.320108,25.96,143.199,14121238383,IOC.NS,0.17082381714532344,0.009170625611583275,0.01374976771509582,1
2016-12-31,52.11619208123633,59.09781085440083,49.94855640460614,57.63499450683594,747534231,12074500000.0,1173900000.0,100047700000.0,11398800000.0,66728400000.0,498400000.0,5.320108,25.96,143.199,14121238383,IOC.NS,0.17082381714532344,0.009170625611583275,0.01374976771509582,1
2017-03-31,58.122606630849376,72.73765102476146,57.79458390143326,71.91087341308594,903540780,12074500000.0,1173900000.0,100047700000.0,11398800000.0,66728400000.0,498400000.0,5.320108,25.96,143.199,14121238383,IOC.NS,0.17082381714532344,0.009170625611583275,0.01374976771509582,0
2017-06-30,71.91085175900643,83.77369175479662,69.89500990140559,71.56714630126953,977755644,12074500000.0,1173900000.0,100047700000.0,11398800000.0,66728400000.0,498400000.0,5.320108,25.96,143.199,14121238383,IOC.NS,0.17082381714532344,0.009170625611583275,0.01374976771509582,1
2017-09-30,71.56715703978197,86.21471878556059,67.64693673411614,74.58473205566406,943913178,12074500000.0,1173900000.0,100047700000.0,11398800000.0,66728400000.0,498400000.0,5.320108,25.96,143.199,14121238383,IOC.NS,0.17082381714532344,0.009170625611583275,0.01374976771509582,0
2017-12-31,75.44139228041438,82.31323496605718,71.13948562256665,72.35929107666016,730225542,12074500000.0,1173900000.0,100047700000.0,11398800000.0,66728400000.0,498400000.0,5.320108,25.96,143.199,14121238383,IOC.NS,0.17082381714532344,0.009170625611583275,0.01374976771509582,0
2018-03-31,72.6293195538979,80.68135151728228,64.22854031141544,69.015869140625,1078043695,12074500000.0,1173900000.0,100047700000.0,11398800000.0,66728400000.0,498400000.0,5.320108,25.96,143.199,14121238383,IOC.NS,0.17082381714532344,0.009170625611583275,0.01374976771509582,0
2018-06-30,69.52391984271361,70.85266859258559,58.620503912233346,60.9653205871582,1037631380,12074500000.0,1173900000.0,100047700000.0,11398800000.0,66728400000.0,498400000.0,5.320108,25.96,143.199,14121238383,IOC.NS,0.17082381714532344,0.009170625611583275,0.01374976771509582,0
2018-09-30,61.04348179422262,67.1400098950193,57.60350390295989,60.690467834472656,671759552,12074500000.0,1173900000.0,100047700000.0,11398800000.0,66728400000.0,498400000.0,5.320108,25.96,143.199,14121238383,IOC.NS,0.17082381714532344,0.009170625611583275,0.01374976771509582,0
2018-12-31,60.55195015653764,62.96611466321168,41.654198504445304,56.83424377441406,1551603489,12074500000.0,1173900000.0,100047700000.0,11398800000.0,66728400000.0,498400000.0,5.320108,25.96,143.199,14121238383,IOC.NS,0.17082381714532344,0.009170625611583275,0.01374976771509582,1
2019-03-31,56.89645536293952,70.39483103583902,50.157605985976446,67.5165786743164,1261548723,12074500000.0,1173900000.0,100047700000.0,11398800000.0,66728400000.0,498400000.0,5.320108,25.96,143.199,14121238383,IOC.NS,0.17082381714532344,0.009170625611583275,0.01374976771509582,0
2019-06-30,68.27001360071532,71.47214035794744,59.228733164433145,65.2562484741211,978264590,12074500000.0,1173900000.0,100047700000.0,11398800000.0,66728400000.0,498400000.0,5.320108,25.96,143.199,14121238383,IOC.NS,0.17082381714532344,0.009170625611583275,0.01374976771509582,0
2019-09-30,65.25623963339748,65.92598078761067,49.054604277933414,62.19913101196289,1504830903,12074500000.0,1173900000.0,100047700000.0,11398800000.0,66728400000.0,498400000.0,5.320108,25.96,143.199,14121238383,IOC.NS,0.17082381714532344,0.009170625611583275,0.01374976771509582,0
2019-12-31,63.21189219867152,65.82813739720443,51.41767171886758,52.978981018066406,865683663,12074500000.0,1173900000.0,100047700000.0,11398800000.0,66728400000.0,498400000.0,5.320108,25.96,143.199,14121238383,IOC.NS,0.17082381714532344,0.009170625611583275,0.01374976771509582,0
2020-03-31,53.14778137207031,54.0972217042189,32.07011008628254,36.150054931640625,1936154812,12074500000.0,1173900000.0,100047700000.0,11398800000.0,66728400000.0,498400000.0,5.320108,25.96,143.199,14121238383,IOC.NS,0.17082381714532344,0.009170625611583275,0.01374976771509582,1
2020-06-30,36.15005427460919,42.68052828718288,31.501233957050058,37.788211822509766,1619305374,12074500000.0,1173900000.0,100047700000.0,11398800000.0,66728400000.0,498400000.0,5.320108,25.96,143.199,14121238383,IOC.NS,0.17082381714532344,0.009170625611583275,0.01374976771509582,0
2020-09-30,37.92102813720703,42.348480773896206,31.722614318118758,32.718788146972656,2222409036,12074500000.0,1173900000.0,100047700000.0,11398800000.0,66728400000.0,498400000.0,5.320108,25.96,143.199,14121238383,IOC.NS,0.17082381714532344,0.009170625611583275,0.01374976771509582,1
2020-12-31,32.74092938675357,43.16754424504682,32.51955815621471,40.267578125,1969985581,12074500000.0,1173900000.0,100047700000.0,11398800000.0,66728400000.0,498400000.0,5.320108,25.96,143.199,14121238383,IOC.NS,0.17082381714532344,0.009170625611583275,0.01374976771509582,1
2021-03-31,40.42253170085314,50.097452076760256,39.957650278543504,45.19068908691406,2739008276,12074500000.0,1173900000.0,100047700000.0,11398800000.0,66728400000.0,498400000.0,5.320108,25.96,143.199,14121238383,IOC.NS,0.17082381714532344,0.009170625611583275,0.01374976771509582,1
2021-06-30,45.26448585086585,57.98282740814413,42.68146396934101,53.087379455566406,1933428812,12074500000.0,1173900000.0,100047700000.0,11398800000.0,66728400000.0,498400000.0,5.320108,25.96,143.199,14121238383,IOC.NS,0.17082381714532344,0.009170625611583275,0.01374976771509582,1
2021-09-30,53.08737362342157,64.13630602862098,50.62735148640398,62.53913879394531,1041147576,12074500000.0,1173900000.0,100047700000.0,11398800000.0,66728400000.0,498400000.0,5.320108,25.96,143.199,14121238383,IOC.NS,0.17082381714532344,0.009170625611583275,0.01374976771509582,0
2021-12-31,62.713828586141624,70.62481320342943,55.986725604935586,57.72093963623047,1028847960,12074500000.0,1173900000.0,100047700000.0,11398800000.0,66728400000.0,498400000.0,5.320108,25.96,143.199,14121238383,IOC.NS,0.17082381714532344,0.009170625611583275,0.01374976771509582,1
2022-03-31,57.72093013263398,66.83496817005584,57.6432739203061,63.676570892333984,1244647103,12074500000.0,1173900000.0,100047700000.0,11398800000.0,66728400000.0,498400000.0,5.320108,25.96,143.199,14121238383,IOC.NS,0.17082381714532344,0.009170625611583275,0.01374976771509582,0
2022-06-30,63.75686477934754,72.83057054967844,54.36196049062035,59.62150192260742,1163237787,12074500000.0,1173900000.0,100047700000.0,11398800000.0,66728400000.0,498400000.0,5.320108,25.96,143.199,14121238383,IOC.NS,0.17082381714532344,0.009170625611583275,0.01374976771509582,0
2022-09-30,60.22374004468952,61.289046463599426,54.14695439656108,55.600284576416016,1011589655,12074500000.0,1173900000.0,100047700000.0,11398800000.0,66728400000.0,498400000.0,5.320108,25.96,143.199,14121238383,IOC.NS,0.17082381714532344,0.009170625611583275,0.01374976771509582,1
2022-12-31,55.84943722346303,65.81512436452786,54.43762212415084,63.53131866455078,792054852,12074500000.0,1173900000.0,100047700000.0,11398800000.0,66728400000.0,498400000.0,5.320108,25.96,143.199,14121238383,IOC.NS,0.17082381714532344,0.009170625611583275,0.01374976771509582,1
2023-03-31,63.94655618912134,69.80140681778995,62.908459135664025,64.69398498535156,648693486,12074500000.0,1173900000.0,100047700000.0,11398800000.0,66728400000.0,498400000.0,5.320108,25.96,143.199,14121238383,IOC.NS,0.17082381714532344,0.009170625611583275,0.01374976771509582,1
2023-06-30,64.15418243408203,77.81549150090832,63.78046369945637,75.82234191894531,648305085,12074500000.0,1173900000.0,100047700000.0,11398800000.0,66728400000.0,498400000.0,5.320108,25.96,143.199,14121238383,IOC.NS,0.17082381714532344,0.009170625611583275,0.01374976771509582,1
2023-09-30,76.07149531482719,84.25166367755,75.82235666038468,77.90192413330078,930655690,12074500000.0,1173900000.0,100047700000.0,11398800000.0,66728400000.0,498400000.0,5.320108,25.96,143.199,14121238383,IOC.NS,0.17082381714532344,0.009170625611583275,0.01374976771509582,1
2023-12-31,78.28737006442971,120.58968168140282,73.2338092205219,116.89862823486328,1621555499,12074500000.0,1173900000.0,100047700000.0,11398800000.0,66728400000.0,498400000.0,5.320108,25.96,143.199,14121238383,IOC.NS,0.17082381714532344,0.009170625611583275,0.01374976771509582,1
2024-03-31,118.92420254343907,177.17094017792814,115.68326749048153,151.01841735839844,2309056128,12074500000.0,1173900000.0,100047700000.0,11398800000.0,66728400000.0,498400000.0,5.320108,25.96,143.199,14121238383,IOC.NS,0.17082381714532344,0.009170625611583275,0.01374976771509582,0
2024-06-30,152.9989833568073,161.86652820962217,133.05825063787412,149.10987854003906,1519388242,12074500000.0,1173900000.0,100047700000.0,11398800000.0,66728400000.0,498400000.0,5.320108,25.96,143.199,14121238383,IOC.NS,0.17082381714532344,0.009170625611583275,0.01374976771509582,1
2024-09-30,149.44296028874294,174.4203530962275,149.10085755011838,168.96180725097656,1509870586,1749761200000.0,-1695800000.0,5103101900000.0,1634008700000.0,1813652400000.0,11981000000.0,5.320108,25.96,143.199,14121238383,IOC.NS,0.900949211657096,-0.00033230768917234436,-0.0009350193013832199,0
2024-12-31,168.8211226092206,170.07789864285914,121.45741057510725,127.93827819824219,1024419702,1940144900000.0,21152900000.0,5103101900000.0,1634008700000.0,1813652400000.0,11981000000.0,5.320108,25.96,143.199,14121238383,IOC.NS,0.900949211657096,-0.00033230768917234436,-0.0009350193013832199,0
2025-03-31,127.36614834650523,131.14586645624604,103.84375276120971,119.76920318603516,872997462,1917324200000.0,81236400000.0,5068670500000.0,1522707000000.0,1864873200000.0,6731700000.0,5.320108,25.96,143.199,14121238383,IOC.NS,0.8165203939871086,0.016027161363122735,0.043561353125778204,1
2025-06-30,120.05057769814829,140.49668859779223,114.75146340791251,137.83306884765625,915724051,1923406500000.0,68137100000.0,5068670500000.0,1522707000000.0,1864873200000.0,6731700000.0,5.320108,25.96,143.199,14121238383,IOC.NS,0.8165203939871086,0.016027161363122735,0.043561353125778204,1
2025-09-30,137.4109983710744,145.37373349007058,130.74257113465592,143.526611328125,590753215,1923406500000.0,68137100000.0,5068670500000.0,1522707000000.0,1864873200000.0,6731700000.0,5.320108,25.96,143.199,14121238383,IOC.NS,0.8165203939871086,0.016027161363122735,0.043561353125778204,1
2025-12-31,144.11111091874386,167.20338809759568,142.424722261521,164.38742065429688,836715766,2051573700000.0,130069200000.0,5068670500000.0,1522707000000.0,1864873200000.0,6731700000.0,5.320108,25.96,143.199,14121238383,IOC.NS,0.8165203939871086,0.016027161363122735,0.043561353125778204,0
2026-03-31,164.92068631065524,186.60727196585654,137.75,138.11000061035156,967351852,2051573700000.0,130069200000.0,5068670500000.0,1522707000000.0,1864873200000.0,6731700000.0,5.320108,25.96,143.199,14121238383,IOC.NS,0.8165203939871086,0.016027161363122735,0.043561353125778204,0
2016-03-31,4.75,4.800000190734863,4.449999809265137,4.650000095367432,6379837,2051573700000.0,130069200000.0,5068670500000.0,1522707000000.0,1864873200000.0,6731700000.0,22.227272,0.66,9.814,6853458827,JPPOWER.NS,0.8165203939871086,0.016027161363122735,0.043561353125778204,1
2016-06-30,4.650000095367432,5.349999904632568,3.6500000953674316,4.949999809265137,113778709,2051573700000.0,130069200000.0,5068670500000.0,1522707000000.0,1864873200000.0,6731700000.0,22.227272,0.66,9.814,6853458827,JPPOWER.NS,0.8165203939871086,0.016027161363122735,0.043561353125778204,0
2016-09-30,5.0,6.949999809265137,4.0,4.150000095367432,186906081,2051573700000.0,130069200000.0,5068670500000.0,1522707000000.0,1864873200000.0,6731700000.0,22.227272,0.66,9.814,6853458827,JPPOWER.NS,0.8165203939871086,0.016027161363122735,0.043561353125778204,0
2016-12-31,4.199999809265137,4.900000095367432,3.450000047683716,3.950000047683716,100224513,2051573700000.0,130069200000.0,5068670500000.0,1522707000000.0,1864873200000.0,6731700000.0,22.227272,0.66,9.814,6853458827,JPPOWER.NS,0.8165203939871086,0.016027161363122735,0.043561353125778204,1
2017-03-31,3.950000047683716,6.75,3.9000000953674316,5.0,556116576,2051573700000.0,130069200000.0,5068670500000.0,1522707000000.0,1864873200000.0,6731700000.0,22.227272,0.66,9.814,6853458827,JPPOWER.NS,0.8165203939871086,0.016027161363122735,0.043561353125778204,1
2017-06-30,5.050000190734863,5.900000095367432,3.950000047683716,5.599999904632568,265239521,2051573700000.0,130069200000.0,5068670500000.0,1522707000000.0,1864873200000.0,6731700000.0,22.227272,0.66,9.814,6853458827,JPPOWER.NS,0.8165203939871086,0.016027161363122735,0.043561353125778204,1
2017-09-30,5.699999809265137,8.800000190734863,4.349999904632568,7.150000095367432,903050131,2051573700000.0,130069200000.0,5068670500000.0,1522707000000.0,1864873200000.0,6731700000.0,22.227272,0.66,9.814,6853458827,JPPOWER.NS,0.8165203939871086,0.016027161363122735,0.043561353125778204,1
2017-12-31,7.300000190734863,9.449999809265137,6.449999809265137,9.449999809265137,449257575,2051573700000.0,130069200000.0,5068670500000.0,1522707000000.0,1864873200000.0,6731700000.0,22.227272,0.66,9.814,6853458827,JPPOWER.NS,0.8165203939871086,0.016027161363122735,0.043561353125778204,0
2018-03-31,9.899999618530273,10.199999809265137,4.699999809265137,4.75,429400483,2051573700000.0,130069200000.0,5068670500000.0,1522707000000.0,1864873200000.0,6731700000.0,22.227272,0.66,9.814,6853458827,JPPOWER.NS,0.8165203939871086,0.016027161363122735,0.043561353125778204,0
2018-06-30,4.849999904632568,5.050000190734863,2.75,2.9000000953674316,328556916,2051573700000.0,130069200000.0,5068670500000.0,1522707000000.0,1864873200000.0,6731700000.0,22.227272,0.66,9.814,6853458827,JPPOWER.NS,0.8165203939871086,0.016027161363122735,0.043561353125778204,0
2018-09-30,2.8499999046325684,4.699999809265137,2.3499999046325684,2.4000000953674316,493305372,2051573700000.0,130069200000.0,5068670500000.0,1522707000000.0,1864873200000.0,6731700000.0,22.227272,0.66,9.814,6853458827,JPPOWER.NS,0.8165203939871086,0.016027161363122735,0.043561353125778204,0
2018-12-31,2.4000000953674316,2.5,1.75,2.049999952316284,245397668,2051573700000.0,130069200000.0,5068670500000.0,1522707000000.0,1864873200000.0,6731700000.0,22.227272,0.66,9.814,6853458827,JPPOWER.NS,0.8165203939871086,0.016027161363122735,0.043561353125778204,0
2019-03-31,2.049999952316284,2.450000047683716,1.5,1.899999976158142,177722398,2051573700000.0,130069200000.0,5068670500000.0,1522707000000.0,1864873200000.0,6731700000.0,22.227272,0.66,9.814,6853458827,JPPOWER.NS,0.8165203939871086,0.016027161363122735,0.043561353125778204,1
2019-06-30,1.899999976158142,3.450000047683716,1.850000023841858,2.0,189081524,2051573700000.0,130069200000.0,5068670500000.0,1522707000000.0,1864873200000.0,6731700000.0,22.227272,0.66,9.814,6853458827,JPPOWER.NS,0.8165203939871086,0.016027161363122735,0.043561353125778204,0
2019-09-30,2.0,2.200000047683716,1.399999976158142,1.5,68213315,2051573700000.0,130069200000.0,5068670500000.0,1522707000000.0,1864873200000.0,6731700000.0,22.227272,0.66,9.814,6853458827,JPPOWER.NS,0.8165203939871086,0.016027161363122735,0.043561353125778204,1
2019-12-31,1.5499999523162842,1.649999976158142,1.0,1.5499999523162842,214167194,2051573700000.0,130069200000.0,5068670500000.0,1522707000000.0,1864873200000.0,6731700000.0,22.227272,0.66,9.814,6853458827,JPPOWER.NS,0.8165203939871086,0.016027161363122735,0.043561353125778204,0
2020-03-31,1.600000023841858,2.299999952316284,0.3499999940395355,0.6000000238418579,337189247,2051573700000.0,130069200000.0,5068670500000.0,1522707000000.0,1864873200000.0,6731700000.0,22.227272,0.66,9.814,6853458827,JPPOWER.NS,0.8165203939871086,0.016027161363122735,0.043561353125778204,1
2020-06-30,0.6499999761581421,1.9500000476837158,0.6000000238418579,1.9500000476837158,367042128,2051573700000.0,130069200000.0,5068670500000.0,1522707000000.0,1864873200000.0,6731700000.0,22.227272,0.66,9.814,6853458827,JPPOWER.NS,0.8165203939871086,0.016027161363122735,0.043561353125778204,1
2020-09-30,2.0,3.299999952316284,1.7000000476837158,2.4000000953674316,686220124,2051573700000.0,130069200000.0,5068670500000.0,1522707000000.0,1864873200000.0,6731700000.0,22.227272,0.66,9.814,6853458827,JPPOWER.NS,0.8165203939871086,0.016027161363122735,0.043561353125778204,1
2020-12-31,2.450000047683716,4.25,2.200000047683716,3.200000047683716,1254563581,2051573700000.0,130069200000.0,5068670500000.0,1522707000000.0,1864873200000.0,6731700000.0,22.227272,0.66,9.814,6853458827,JPPOWER.NS,0.8165203939871086,0.016027161363122735,0.043561353125778204,1
2021-03-31,3.25,3.5,2.4000000953674316,3.25,1211407430,2051573700000.0,130069200000.0,5068670500000.0,1522707000000.0,1864873200000.0,6731700000.0,22.227272,0.66,9.814,6853458827,JPPOWER.NS,0.8165203939871086,0.016027161363122735,0.043561353125778204,1
2021-06-30,3.3499999046325684,6.550000190734863,2.799999952316284,5.650000095367432,4026131763,2051573700000.0,130069200000.0,5068670500000.0,1522707000000.0,1864873200000.0,6731700000.0,22.227272,0.66,9.814,6853458827,JPPOWER.NS,0.8165203939871086,0.016027161363122735,0.043561353125778204,0
2021-09-30,5.75,6.849999904632568,3.3499999046325684,4.349999904632568,3097437137,2051573700000.0,130069200000.0,5068670500000.0,1522707000000.0,1864873200000.0,6731700000.0,22.227272,0.66,9.814,6853458827,JPPOWER.NS,0.8165203939871086,0.016027161363122735,0.043561353125778204,1
2021-12-31,4.300000190734863,6.75,4.099999904632568,6.199999809265137,6188755026,2051573700000.0,130069200000.0,5068670500000.0,1522707000000.0,1864873200000.0,6731700000.0,22.227272,0.66,9.814,6853458827,JPPOWER.NS,0.8165203939871086,0.016027161363122735,0.043561353125778204,1
2022-03-31,6.349999904632568,11.149999618530273,6.349999904632568,6.800000190734863,7826533778,2051573700000.0,130069200000.0,5068670500000.0,1522707000000.0,1864873200000.0,6731700000.0,22.227272,0.66,9.814,6853458827,JPPOWER.NS,0.8165203939871086,0.016027161363122735,0.043561353125778204,0
2022-06-30,6.800000190734863,8.449999809265137,5.449999809265137,6.449999809265137,2596537237,2051573700000.0,130069200000.0,5068670500000.0,1522707000000.0,1864873200000.0,6731700000.0,22.227272,0.66,9.814,6853458827,JPPOWER.NS,0.8165203939871086,0.016027161363122735,0.043561353125778204,1
2022-09-30,6.5,9.449999809265137,6.050000190734863,7.349999904632568,4100404242,2051573700000.0,130069200000.0,5068670500000.0,1522707000000.0,1864873200000.0,6731700000.0,22.227272,0.66,9.814,6853458827,JPPOWER.NS,0.8165203939871086,0.016027161363122735,0.043561353125778204,1
2022-12-31,7.349999904632568,8.75,6.75,7.550000190734863,3968832996,2051573700000.0,130069200000.0,5068670500000.0,1522707000000.0,1864873200000.0,6731700000.0,22.227272,0.66,9.814,6853458827,JPPOWER.NS,0.8165203939871086,0.016027161363122735,0.043561353125778204,0
2023-03-31,7.599999904632568,7.849999904632568,5.150000095367432,5.550000190734863,1662440421,2051573700000.0,130069200000.0,5068670500000.0,1522707000000.0,1864873200000.0,6731700000.0,22.227272,0.66,9.814,6853458827,JPPOWER.NS,0.8165203939871086,0.016027161363122735,0.043561353125778204,1
2023-06-30,5.650000095367432,6.800000190734863,5.550000190734863,6.150000095367432,2103777825,2051573700000.0,130069200000.0,5068670500000.0,1522707000000.0,1864873200000.0,6731700000.0,22.227272,0.66,9.814,6853458827,JPPOWER.NS,0.8165203939871086,0.016027161363122735,0.043561353125778204,1
2023-09-30,6.199999809265137,10.850000381469727,5.900000095367432,10.25,8477194837,2051573700000.0,130069200000.0,5068670500000.0,1522707000000.0,1864873200000.0,6731700000.0,22.227272,0.66,9.814,6853458827,JPPOWER.NS,0.8165203939871086,0.016027161363122735,0.043561353125778204,1
2023-12-31,10.25,15.300000190734863,8.350000381469727,13.949999809265137,9761559814,2051573700000.0,130069200000.0,5068670500000.0,1522707000000.0,1864873200000.0,6731700000.0,22.227272,0.66,9.814,6853458827,JPPOWER.NS,0.8165203939871086,0.016027161363122735,0.043561353125778204,1
2024-03-31,14.0,24.0,13.949999809265137,15.25,5246258751,2051573700000.0,130069200000.0,5068670500000.0,1522707000000.0,1864873200000.0,6731700000.0,22.227272,0.66,9.814,6853458827,JPPOWER.NS,0.8165203939871086,0.016027161363122735,0.043561353125778204,1
2024-06-30,15.5,21.100000381469727,15.5,19.600000381469727,2047569846,2051573700000.0,130069200000.0,5068670500000.0,1522707000000.0,1864873200000.0,6731700000.0,22.227272,0.66,9.814,6853458827,JPPOWER.NS,0.8165203939871086,0.016027161363122735,0.043561353125778204,0
2024-09-30,19.75,20.639999389648438,16.75,18.239999771118164,1933158359,12264100000.0,1826600000.0,176483200000.0,40139700000.0,119988900000.0,1823400000.0,22.227272,0.66,9.814,6853458827,JPPOWER.NS,0.334528443881059,0.010349993653786875,0.015223074801085767,0
2024-12-31,18.719999313354492,23.770000457763672,16.079999923706055,17.700000762939453,4386385750,11401700000.0,1266800000.0,176483200000.0,40139700000.0,119988900000.0,1823400000.0,22.227272,0.66,9.814,6853458827,JPPOWER.NS,0.334528443881059,0.010349993653786875,0.015223074801085767,0
2025-03-31,17.700000762939453,18.299999237060547,12.359999656677246,14.25,1972651283,13408800000.0,1556700000.0,177856000000.0,37782500000.0,122812000000.0,8925400000.0,22.227272,0.66,9.814,6853458827,JPPOWER.NS,0.30764501840211056,0.008752586362000719,0.012675471452301077,1
2025-06-30,14.100000381469727,19.299999237060547,12.520000457763672,18.299999237060547,2974194277,15831600000.0,2781300000.0,177856000000.0,37782500000.0,122812000000.0,8925400000.0,22.227272,0.66,9.814,6853458827,JPPOWER.NS,0.30764501840211056,0.008752586362000719,0.012675471452301077,0
2025-09-30,18.389999389648438,27.700000762939453,17.309999465942383,17.43000030517578,7334634662,15831600000.0,2781300000.0,177856000000.0,37782500000.0,122812000000.0,8925400000.0,22.227272,0.66,9.814,6853458827,JPPOWER.NS,0.30764501840211056,0.008752586362000719,0.012675471452301077,0
2025-12-31,17.450000762939453,22.790000915527344,16.8700008392334,17.18000030517578,3889867122,11555700000.0,37700000.0,177856000000.0,37782500000.0,122812000000.0,8925400000.0,22.227272,0.66,9.814,6853458827,JPPOWER.NS,0.30764501840211056,0.008752586362000719,0.012675471452301077,0
2026-03-31,17.219999313354492,18.260000228881836,13.149999618530273,14.670000076293945,3294830964,11555700000.0,37700000.0,177856000000.0,37782500000.0,122812000000.0,8925400000.0,22.227272,0.66,9.814,6853458827,JPPOWER.NS,0.30764501840211056,0.008752586362000719,0.012675471452301077,0
2016-03-31,66.03035769103927,66.03035769103927,58.8797224180541,62.952884674072266,10044316,11555700000.0,37700000.0,177856000000.0,37782500000.0,122812000000.0,8925400000.0,37.04528,13.03,166.968,1756126626,JSWENERGY.NS,0.30764501840211056,0.008752586362000719,0.012675471452301077,1
2016-06-30,63.26967275127397,78.29508842504474,57.47673285060633,75.94171142578125,201944037,11555700000.0,37700000.0,177856000000.0,37782500000.0,122812000000.0,8925400000.0,37.04528,13.03,166.968,1756126626,JSWENERGY.NS,0.30764501840211056,0.008752586362000719,0.012675471452301077,0
2016-09-30,76.6205706330308,79.61014920280083,66.21042712577068,67.7405014038086,192394661,11555700000.0,37700000.0,177856000000.0,37782500000.0,122812000000.0,8925400000.0,37.04528,13.03,166.968,1756126626,JSWENERGY.NS,0.30764501840211056,0.008752586362000719,0.012675471452301077,0
2016-12-31,68.15778132071748,70.84700934053164,49.19416148879792,56.42723083496094,166440160,11555700000.0,37700000.0,177856000000.0,37782500000.0,122812000000.0,8925400000.0,37.04528,13.03,166.968,1756126626,JSWENERGY.NS,0.30764501840211056,0.008752586362000719,0.012675471452301077,1
2017-03-31,56.51996781958742,62.08386060750229,54.43350199562535,58.14276885986328,275654041,11555700000.0,37700000.0,177856000000.0,37782500000.0,122812000000.0,8925400000.0,37.04528,13.03,166.968,1756126626,JSWENERGY.NS,0.30764501840211056,0.008752586362000719,0.012675471452301077,1
2017-06-30,58.42095982541283,66.21042786268409,55.22171789491637,59.85649871826172,536567627,11555700000.0,37700000.0,177856000000.0,37782500000.0,122812000000.0,8925400000.0,37.04528,13.03,166.968,1756126626,JSWENERGY.NS,0.30764501840211056,0.008752586362000719,0.012675471452301077,1
2017-09-30,60.04340883401724,76.35091973539139,56.538929280941744,68.92142486572266,816862849,11555700000.0,37700000.0,177856000000.0,37782500000.0,122812000000.0,8925400000.0,37.04528,13.03,166.968,1756126626,JSWENERGY.NS,0.30764501840211056,0.008752586362000719,0.012675471452301077,1
2017-12-31,70.08959415474726,86.72416954497209,68.7812536378822,86.35035705566406,645560943,11555700000.0,37700000.0,177856000000.0,37782500000.0,122812000000.0,8925400000.0,37.04528,13.03,166.968,1756126626,JSWENERGY.NS,0.30764501840211056,0.008752586362000719,0.012675471452301077,0
2018-03-31,86.53726645148362,91.11646136208303,65.08986312234929,68.03363037109375,281024310,11555700000.0,37700000.0,177856000000.0,37782500000.0,122812000000.0,8925400000.0,37.04528,13.03,166.968,1756126626,JSWENERGY.NS,0.30764501840211056,0.008752586362000719,0.012675471452301077,0
2018-06-30,68.68779773094012,80.8366491270999,58.87524481100341,61.30502700805664,110427814,11555700000.0,37700000.0,177856000000.0,37782500000.0,122812000000.0,8925400000.0,37.04528,13.03,166.968,1756126626,JSWENERGY.NS,0.30764501840211056,0.008752586362000719,0.012675471452301077,0
2018-09-30,61.30501751469276,69.62230847765515,55.83803081901706,57.23982238769531,76223118,11555700000.0,37700000.0,177856000000.0,37782500000.0,122812000000.0,8925400000.0,37.04528,13.03,166.968,1756126626,JSWENERGY.NS,0.30764501840211056,0.008752586362000719,0.012675471452301077,1
2018-12-31,57.23982921685178,69.62231864447337,52.42700612914048,64.15533447265625,53090119,11555700000.0,37700000.0,177856000000.0,37782500000.0,122812000000.0,8925400000.0,37.04528,13.03,166.968,1756126626,JSWENERGY.NS,0.30764501840211056,0.008752586362000719,0.012675471452301077,1
2019-03-31,64.57587454883603,67.84671332215288,59.34251083980148,64.4356918334961,66127917,11555700000.0,37700000.0,177856000000.0,37782500000.0,122812000000.0,8925400000.0,37.04528,13.03,166.968,1756126626,JSWENERGY.NS,0.30764501840211056,0.008752586362000719,0.012675471452301077,0
2019-06-30,68.36070961482524,72.19226613883961,60.931210090988316,62.56663131713867,46270860,11555700000.0,37700000.0,177856000000.0,37782500000.0,122812000000.0,8925400000.0,37.04528,13.03,166.968,1756126626,JSWENERGY.NS,0.30764501840211056,0.008752586362000719,0.012675471452301077,0
2019-09-30,62.98716614721213,68.68778931204204,59.573540795291954,61.70794677734375,43865214,11555700000.0,37700000.0,177856000000.0,37782500000.0,122812000000.0,8925400000.0,37.04528,13.03,166.968,1756126626,JSWENERGY.NS,0.30764501840211056,0.008752586362000719,0.012675471452301077,1
2019-12-31,61.66050610789265,75.88986643028667,54.83041448146969,65.78701782226562,44437298,11555700000.0,37700000.0,177856000000.0,37782500000.0,122812000000.0,8925400000.0,37.04528,13.03,166.968,1756126626,JSWENERGY.NS,0.30764501840211056,0.008752586362000719,0.012675471452301077,0
2020-03-31,65.97675305368867,68.77519012944897,32.964656307583766,40.50621032714844,62556718,11555700000.0,37700000.0,177856000000.0,37782500000.0,122812000000.0,8925400000.0,37.04528,13.03,166.968,1756126626,JSWENERGY.NS,0.30764501840211056,0.008752586362000719,0.012675471452301077,1
2020-06-30,40.41134081845856,49.802711924068916,36.047679659742215,44.72758102416992,152422473,11555700000.0,37700000.0,177856000000.0,37782500000.0,122812000000.0,8925400000.0,37.04528,13.03,166.968,1756126626,JSWENERGY.NS,0.30764501840211056,0.008752586362000719,0.012675471452301077,1
2020-09-30,44.96474347632847,60.133353860778406,40.7907976199788,54.70195388793945,169646684,11555700000.0,37700000.0,177856000000.0,37782500000.0,122812000000.0,8925400000.0,37.04528,13.03,166.968,1756126626,JSWENERGY.NS,0.30764501840211056,0.008752586362000719,0.012675471452301077,1
2020-12-31,55.28388963027573,71.19013487429275,52.95614655544703,65.75872802734375,150466242,11555700000.0,37700000.0,177856000000.0,37782500000.0,122812000000.0,8925400000.0,37.04528,13.03,166.968,1756126626,JSWENERGY.NS,0.30764501840211056,0.008752586362000719,0.012675471452301077,1
2021-03-31,65.75873403629633,89.61809330810955,64.01291363377334,85.20508575439453,356439972,11555700000.0,37700000.0,177856000000.0,37782500000.0,122812000000.0,8925400000.0,37.04528,13.03,166.968,1756126626,JSWENERGY.NS,0.30764501840211056,0.008752586362000719,0.012675471452301077,1
2021-06-30,85.93249551919388,166.48208446885374,82.44088475586203,162.6995086669922,528472574,11555700000.0,37700000.0,177856000000.0,37782500000.0,122812000000.0,8925400000.0,37.04528,13.03,166.968,1756126626,JSWENERGY.NS,0.30764501840211056,0.008752586362000719,0.012675471452301077,1
2021-09-30,163.3299555845125,386.80192056459794,157.70455601469973,381.3250732421875,198394758,11555700000.0,37700000.0,177856000000.0,37782500000.0,122812000000.0,8925400000.0,37.04528,13.03,166.968,1756126626,JSWENERGY.NS,0.30764501840211056,0.008752586362000719,0.012675471452301077,0
2021-12-31,383.3788617767663,399.027002944559,266.50699584969533,293.89117431640625,79731868,11555700000.0,37700000.0,177856000000.0,37782500000.0,122812000000.0,8925400000.0,37.04528,13.03,166.968,1756126626,JSWENERGY.NS,0.30764501840211056,0.008752586362000719,0.012675471452301077,1
2022-03-31,298.29220723946355,345.2365688685424,281.7149712437637,295.5538330078125,38598994,11555700000.0,37700000.0,177856000000.0,37782500000.0,122812000000.0,8925400000.0,37.04528,13.03,166.968,1756126626,JSWENERGY.NS,0.30764501840211056,0.008752586362000719,0.012675471452301077,0
2022-06-30,295.35820726409133,351.935942199926,179.31166993841157,204.82208251953125,55765976,11555700000.0,37700000.0,177856000000.0,37782500000.0,122812000000.0,8925400000.0,37.04528,13.03,166.968,1756126626,JSWENERGY.NS,0.30764501840211056,0.008752586362000719,0.012675471452301077,1
2022-09-30,201.2270005587705,363.4496214285365,195.02176681168197,295.8322448730469,116572519,11555700000.0,37700000.0,177856000000.0,37782500000.0,122812000000.0,8925400000.0,37.04528,13.03,166.968,1756126626,JSWENERGY.NS,0.30764501840211056,0.008752586362000719,0.012675471452301077,0
2022-12-31,295.4875070818242,346.21287301167735,242.20124441041082,283.2740173339844,80129730,11555700000.0,37700000.0,177856000000.0,37782500000.0,122812000000.0,8925400000.0,37.04528,13.03,166.968,1756126626,JSWENERGY.NS,0.30764501840211056,0.008752586362000719,0.012675471452301077,0
2023-03-31,284.6037069272562,293.4190654949671,201.57171302624852,237.22723388671875,81558015,11555700000.0,37700000.0,177856000000.0,37782500000.0,122812000000.0,8925400000.0,37.04528,13.03,166.968,1756126626,JSWENERGY.NS,0.30764501840211056,0.008752586362000719,0.012675471452301077,1
2023-06-30,239.09864134902568,282.94590459382067,236.38999900943142,270.7841796875,105811170,11555700000.0,37700000.0,177856000000.0,37782500000.0,122812000000.0,8925400000.0,37.04528,13.03,166.968,1756126626,JSWENERGY.NS,0.30764501840211056,0.008752586362000719,0.012675471452301077,1
2023-09-30,273.01795721879057,441.6934496998902,273.01795721879057,434.2474670410156,340628214,11555700000.0,37700000.0,177856000000.0,37782500000.0,122812000000.0,8925400000.0,37.04528,13.03,166.968,1756126626,JSWENERGY.NS,0.30764501840211056,0.008752586362000719,0.012675471452301077,0
2023-12-31,434.24747010715004,473.5620877374315,344.9954348638068,406.101806640625,276331562,11555700000.0,37700000.0,177856000000.0,37782500000.0,122812000000.0,8925400000.0,37.04528,13.03,166.968,1756126626,JSWENERGY.NS,0.30764501840211056,0.008752586362000719,0.012675471452301077,1
2024-03-31,409.9240695380365,534.0727700619238,401.23714061155505,525.0880737304688,236539961,11555700000.0,37700000.0,177856000000.0,37782500000.0,122812000000.0,8925400000.0,37.04528,13.03,166.968,1756126626,JSWENERGY.NS,0.30764501840211056,0.008752586362000719,0.012675471452301077,1
2024-06-30,529.1585003328709,747.0478500608555,511.4868026847081,731.6088256835938,332468157,11555700000.0,37700000.0,177856000000.0,37782500000.0,122812000000.0,8925400000.0,37.04528,13.03,166.968,1756126626,JSWENERGY.NS,0.30764501840211056,0.008752586362000719,0.012675471452301077,0
2024-09-30,736.9377735691069,801.7317463994435,639.522736615142,730.16455078125,173194498,32376600000.0,8532500000.0,649317100000.0,308530600000.0,279707500000.0,19373900000.0,37.04528,13.03,166.968,1756126626,JSWENERGY.NS,1.1030472904730835,0.01314072892890084,0.030505081200897365,0
2024-12-31,730.1645439556913,773.8419430816776,620.6971375149668,640.1204223632812,173383005,24388800000.0,1678300000.0,649317100000.0,308530600000.0,279707500000.0,19373900000.0,37.04528,13.03,166.968,1756126626,JSWENERGY.NS,1.1030472904730835,0.01314072892890084,0.030505081200897365,0
2025-03-31,641.4152569897259,653.9158447571766,417.1017006954755,535.78271484375,329819605,29277900000.0,4080500000.0,899389800000.0,501856500000.0,273614300000.0,32335300000.0,37.04528,13.03,166.968,1756126626,JSWENERGY.NS,1.8341749681942794,0.004536964951125752,0.014913328725874342,0
2025-06-30,529.9556947916675,543.0999755859375,439.2641094106759,522.0999755859375,215543257,51433700000.0,7431200000.0,899389800000.0,501856500000.0,273614300000.0,32335300000.0,37.04528,13.03,166.968,1756126626,JSWENERGY.NS,1.8341749681942794,0.004536964951125752,0.014913328725874342,1
2025-09-30,522.2999877929688,555.5,485.5,530.8499755859375,186204118,51433700000.0,7431200000.0,899389800000.0,501856500000.0,273614300000.0,32335300000.0,37.04528,13.03,166.968,1756126626,JSWENERGY.NS,1.8341749681942794,0.004536964951125752,0.014913328725874342,0
2025-12-31,532.9000244140625,557.4000244140625,442.70001220703125,482.45001220703125,166365840,40817600000.0,4199400000.0,899389800000.0,501856500000.0,273614300000.0,32335300000.0,37.04528,13.03,166.968,1756126626,JSWENERGY.NS,1.8341749681942794,0.004536964951125752,0.014913328725874342,1
2026-03-31,484.0,530.5,427.75,482.70001220703125,171715211,40817600000.0,4199400000.0,899389800000.0,501856500000.0,273614300000.0,32335300000.0,37.04528,13.03,166.968,1756126626,JSWENERGY.NS,1.8341749681942794,0.004536964951125752,0.014913328725874342,0
2021-09-30,13.88634204864502,17.90866708566558,12.746501843478452,13.96306037902832,48283695,40817600000.0,4199400000.0,899389800000.0,501856500000.0,273614300000.0,32335300000.0,16.75796,21.36,134.304,197341073,KPIGREEN.NS,1.8341749681942794,0.004536964951125752,0.014913328725874342,1
2021-12-31,13.963061731399645,38.30026069054851,13.261621459742715,35.20063018798828,49730490,40817600000.0,4199400000.0,899389800000.0,501856500000.0,273614300000.0,32335300000.0,16.75796,21.36,134.304,197341073,KPIGREEN.NS,1.8341749681942794,0.004536964951125752,0.014913328725874342,1
2022-03-31,36.28331197520342,64.14898236957065,34.79394980110627,61.1676139831543,52672662,40817600000.0,4199400000.0,899389800000.0,501856500000.0,273614300000.0,32335300000.0,16.75796,21.36,134.304,197341073,KPIGREEN.NS,1.8341749681942794,0.004536964951125752,0.014913328725874342,1
2022-06-30,62.267752532656935,86.25577913577412,42.1407455025058,72.78661346435547,121357413,40817600000.0,4199400000.0,899389800000.0,501856500000.0,273614300000.0,32335300000.0,16.75796,21.36,134.304,197341073,KPIGREEN.NS,1.8341749681942794,0.004536964951125752,0.014913328725874342,1
2022-09-30,72.924852854187,106.41866968429183,70.331645084566,95.3785629272461,131244624,40817600000.0,4199400000.0,899389800000.0,501856500000.0,273614300000.0,32335300000.0,16.75796,21.36,134.304,197341073,KPIGREEN.NS,1.8341749681942794,0.004536964951125752,0.014913328725874342,1
2022-12-31,95.13521565622843,107.89278280832498,76.3548963984874,96.76599884033203,67054887,40817600000.0,4199400000.0,899389800000.0,501856500000.0,273614300000.0,32335300000.0,16.75796,21.36,134.304,197341073,KPIGREEN.NS,1.8341749681942794,0.004536964951125752,0.014913328725874342,0
2023-03-31,97.3801648419553,112.87245856893881,86.35253281199896,92.46363830566406,49079267,40817600000.0,4199400000.0,899389800000.0,501856500000.0,273614300000.0,32335300000.0,16.75796,21.36,134.304,197341073,KPIGREEN.NS,1.8341749681942794,0.004536964951125752,0.014913328725874342,1
2023-06-30,93.21643977788655,187.9385364376042,92.65182816169897,180.52105712890625,109003641,40817600000.0,4199400000.0,899389800000.0,501856500000.0,273614300000.0,32335300000.0,16.75796,21.36,134.304,197341073,KPIGREEN.NS,1.8341749681942794,0.004536964951125752,0.014913328725874342,1
2023-09-30,181.118886511216,212.621270852135,165.17687688142388,182.2563018798828,52229857,40817600000.0,4199400000.0,899389800000.0,501856500000.0,273614300000.0,32335300000.0,16.75796,21.36,134.304,197341073,KPIGREEN.NS,1.8341749681942794,0.004536964951125752,0.014913328725874342,1
2023-12-31,185.82211142581718,325.19598388671875,172.14109735280093,325.19598388671875,87085966,40817600000.0,4199400000.0,899389800000.0,501856500000.0,273614300000.0,32335300000.0,16.75796,21.36,134.304,197341073,KPIGREEN.NS,1.8341749681942794,0.004536964951125752,0.014913328725874342,1
2024-03-31,329.0841170588338,628.0823196502097,302.5429381020278,506.12139892578125,86371363,40817600000.0,4199400000.0,899389800000.0,501856500000.0,273614300000.0,32335300000.0,16.75796,21.36,134.304,197341073,KPIGREEN.NS,1.8341749681942794,0.004536964951125752,0.014913328725874342,1
2024-06-30,515.44284887584,700.9100341796875,515.44284887584,599.7854614257812,76780935,40817600000.0,4199400000.0,899389800000.0,501856500000.0,273614300000.0,32335300000.0,16.75796,21.36,134.304,197341073,KPIGREEN.NS,1.8341749681942794,0.004536964951125752,0.014913328725874342,0
2024-09-30,608.1432727381036,743.0646151592936,508.28570642631655,574.2642822265625,49945425,40817600000.0,4199400000.0,28173058000.0,4686645000.0,19644031000.0,876038000.0,16.75796,21.36,134.304,197341073,KPIGREEN.NS,0.23857857890776082,0.004536964951125752,0.014913328725874342,0
2024-12-31,577.2558605866151,583.0061449882992,479.37899397247577,542.1655883789062,40325811,4583551000.0,851515000.0,28173058000.0,4686645000.0,19644031000.0,876038000.0,16.75796,21.36,134.304,197341073,KPIGREEN.NS,0.23857857890776082,0.004536964951125752,0.014913328725874342,0
2025-03-31,545.3912734566914,587.4262003087058,312.66884288333824,407.7530822753906,66607736,5694095000.0,984803000.0,47920674000.0,14748722000.0,24233711000.0,1193761000.0,16.75796,21.36,134.304,197341073,KPIGREEN.NS,0.6086035275406231,0.020550691753626,0.040637729813646786,1
2025-06-30,404.15967956473776,543.9535926488483,335.38564870505513,513.7090454101562,72342316,6029429000.0,1039487000.0,47920674000.0,14748722000.0,24233711000.0,1193761000.0,16.75796,21.36,134.304,197341073,KPIGREEN.NS,0.6086035275406231,0.020550691753626,0.040637729813646786,0
2025-09-30,516.0546275349183,561.9705674432155,434.5569844129689,438.0035095214844,46985898,6342979000.0,1166428000.0,61639233000.0,25334774000.0,26498393000.0,1922223000.0,16.75796,21.36,134.304,197341073,KPIGREEN.NS,0.9560871861172864,0.018923467136588153,0.04401882031110339,1
2025-12-31,439.95149333417976,541.6977805031639,386.61080713112744,502.45416259765625,135368939,6628502000.0,1258006000.0,61639233000.0,25334774000.0,26498393000.0,1922223000.0,16.75796,21.36,134.304,197341073,KPIGREEN.NS,0.9560871861172864,0.018923467136588153,0.04401882031110339,0
2026-03-31,501.55458956671276,506.7520569923321,335.6499938964844,357.95001220703125,100097007,6628502000.0,1258006000.0,61639233000.0,25334774000.0,26498393000.0,1922223000.0,16.75796,21.36,134.304,197341073,KPIGREEN.NS,0.9560871861172864,0.018923467136588153,0.04401882031110339,0
2016-09-30,417.9625636173918,541.2881037034965,381.3133911566454,525.52587890625,58953528,6628502000.0,1258006000.0,61639233000.0,25334774000.0,26498393000.0,1922223000.0,9.421283,96.42,628.586,98777778,MGL.NS,0.9560871861172864,0.018923467136588153,0.04401882031110339,1
2016-12-31,531.8545982503152,659.1463127785697,505.5844758926086,627.1842041015625,16307065,6628502000.0,1258006000.0,61639233000.0,25334774000.0,26498393000.0,1922223000.0,9.421283,96.42,628.586,98777778,MGL.NS,0.9560871861172864,0.018923467136588153,0.04401882031110339,1
2017-03-31,627.8209862011993,760.6453113952117,627.8209862011993,719.18798828125,10666869,6628502000.0,1258006000.0,61639233000.0,25334774000.0,26498393000.0,1922223000.0,9.421283,96.42,628.586,98777778,MGL.NS,0.9560871861172864,0.018923467136588153,0.04401882031110339,1
2017-06-30,722.8023721155622,847.3388868594325,706.8185379242146,794.0463256835938,8575360,6628502000.0,1258006000.0,61639233000.0,25334774000.0,26498393000.0,1922223000.0,9.421283,96.42,628.586,98777778,MGL.NS,0.9560871861172864,0.018923467136588153,0.04401882031110339,1
2017-09-30,798.3836156650009,950.9923480875185,741.2759230969341,887.8383178710938,14197301,6628502000.0,1258006000.0,61639233000.0,25334774000.0,26498393000.0,1922223000.0,9.421283,96.42,628.586,98777778,MGL.NS,0.9560871861172864,0.018923467136588153,0.04401882031110339,0
2017-12-31,897.002062607334,1117.0965226553144,860.0224691518446,887.5949096679688,14450919,6628502000.0,1258006000.0,61639233000.0,25334774000.0,26498393000.0,1922223000.0,9.421283,96.42,628.586,98777778,MGL.NS,0.9560871861172864,0.018923467136588153,0.04401882031110339,0
2018-03-31,896.110041783987,915.7352175810904,743.1226135784575,783.2529907226562,12385306,6628502000.0,1258006000.0,61639233000.0,25334774000.0,26498393000.0,1922223000.0,9.421283,96.42,628.586,98777778,MGL.NS,0.9560871861172864,0.018923467136588153,0.04401882031110339,0
2018-06-30,789.0166161261977,841.0945736322758,631.2705610165048,678.1979370117188,39361301,6628502000.0,1258006000.0,61639233000.0,25334774000.0,26498393000.0,1922223000.0,9.421283,96.42,628.586,98777778,MGL.NS,0.9560871861172864,0.018923467136588153,0.04401882031110339,0
2018-09-30,680.200899590234,806.7575605805868,629.9019136141563,676.779052734375,59891952,6628502000.0,1258006000.0,61639233000.0,25334774000.0,26498393000.0,1922223000.0,9.421283,96.42,628.586,98777778,MGL.NS,0.9560871861172864,0.018923467136588153,0.04401882031110339,1
2018-12-31,674.9984129202005,756.0810594307533,626.1336274704809,749.0411987304688,18801859,6628502000.0,1258006000.0,61639233000.0,25334774000.0,26498393000.0,1922223000.0,9.421283,96.42,628.586,98777778,MGL.NS,0.9560871861172864,0.018923467136588153,0.04401882031110339,1
2019-03-31,751.8571546771968,876.3846164265216,716.0800808406202,869.7349243164062,22504946,6628502000.0,1258006000.0,61639233000.0,25334774000.0,26498393000.0,1922223000.0,9.421283,96.42,628.586,98777778,MGL.NS,0.9560871861172864,0.018923467136588153,0.04401882031110339,0
2019-06-30,881.7379752278423,881.7379752278423,681.6185568985195,710.7686157226562,18058009,6628502000.0,1258006000.0,61639233000.0,25334774000.0,26498393000.0,1922223000.0,9.421283,96.42,628.586,98777778,MGL.NS,0.9560871861172864,0.018923467136588153,0.04401882031110339,1
2019-09-30,706.7956031894865,795.9449234058256,630.8045566009372,772.0640258789062,41743272,6628502000.0,1258006000.0,61639233000.0,25334774000.0,26498393000.0,1922223000.0,9.421283,96.42,628.586,98777778,MGL.NS,0.9560871861172864,0.018923467136588153,0.04401882031110339,1
2019-12-31,779.9395484142357,922.20888422779,737.2163662182131,902.053955078125,37643708,6628502000.0,1258006000.0,61639233000.0,25334774000.0,26498393000.0,1922223000.0,9.421283,96.42,628.586,98777778,MGL.NS,0.9560871861172864,0.018923467136588153,0.04401882031110339,0
2020-03-31,900.9106501726277,1055.3318479176526,567.4815820475916,699.5860595703125,61949290,6628502000.0,1258006000.0,61639233000.0,25334774000.0,26498393000.0,1922223000.0,9.421283,96.42,628.586,98777778,MGL.NS,0.9560871861172864,0.018923467136588153,0.04401882031110339,1
2020-06-30,700.8682109689458,950.6746078658689,684.7557757635795,899.3030395507812,56070697,6628502000.0,1258006000.0,61639233000.0,25334774000.0,26498393000.0,1922223000.0,9.421283,96.42,628.586,98777778,MGL.NS,0.9560871861172864,0.018923467136588153,0.04401882031110339,0
2020-09-30,897.5080620692141,930.1174309277484,713.6754736789926,729.360107421875,66307608,6628502000.0,1258006000.0,61639233000.0,25334774000.0,26498393000.0,1922223000.0,9.421283,96.42,628.586,98777778,MGL.NS,0.9560871861172864,0.018923467136588153,0.04401882031110339,1
2020-12-31,747.988502796753,965.4214700976869,685.0740051578734,932.4703369140625,71421408,6628502000.0,1258006000.0,61639233000.0,25334774000.0,26498393000.0,1922223000.0,9.421283,96.42,628.586,98777778,MGL.NS,0.9560871861172864,0.018923467136588153,0.04401882031110339,1
2021-03-31,933.8762515214888,1113.224222442031,888.6674883138222,1035.2457275390625,51328945,6628502000.0,1258006000.0,61639233000.0,25334774000.0,26498393000.0,1922223000.0,9.421283,96.42,628.586,98777778,MGL.NS,0.9560871861172864,0.018923467136588153,0.04401882031110339,0
2021-06-30,1047.7327395361508,1137.4904686475306,934.5948424938483,1006.5072631835938,37521698,6628502000.0,1258006000.0,61639233000.0,25334774000.0,26498393000.0,1922223000.0,9.421283,96.42,628.586,98777778,MGL.NS,0.9560871861172864,0.018923467136588153,0.04401882031110339,0
2021-09-30,1011.51100781822,1073.371676890762,948.9584797567768,970.380126953125,26889955,6628502000.0,1258006000.0,61639233000.0,25334774000.0,26498393000.0,1922223000.0,9.421283,96.42,628.586,98777778,MGL.NS,0.9560871861172864,0.018923467136588153,0.04401882031110339,0
2021-12-31,969.7974461917103,993.9975673073999,747.5148926723463,773.4627075195312,31261320,6628502000.0,1258006000.0,61639233000.0,25334774000.0,26498393000.0,1922223000.0,9.421283,96.42,628.586,98777778,MGL.NS,0.9560871861172864,0.018923467136588153,0.04401882031110339,0
2022-03-31,773.5075746997851,801.2032563275772,616.8421773094166,706.6924438476562,41992065,6628502000.0,1258006000.0,61639233000.0,25334774000.0,26498393000.0,1922223000.0,9.421283,96.42,628.586,98777778,MGL.NS,0.9560871861172864,0.018923467136588153,0.04401882031110339,0
2022-06-30,712.0898211230806,784.6595008801273,603.961016407433,689.9561767578125,29458284,6628502000.0,1258006000.0,61639233000.0,25334774000.0,26498393000.0,1922223000.0,9.421283,96.42,628.586,98777778,MGL.NS,0.9560871861172864,0.018923467136588153,0.04401882031110339,1
2022-09-30,689.9107211884607,855.4093477791256,657.6625804641479,769.544677734375,36796056,6628502000.0,1258006000.0,61639233000.0,25334774000.0,26498393000.0,1922223000.0,9.421283,96.42,628.586,98777778,MGL.NS,0.9560871861172864,0.018923467136588153,0.04401882031110339,1
2022-12-31,760.1121496300451,853.0973967618474,713.3651338409406,775.185791015625,28142501,6628502000.0,1258006000.0,61639233000.0,25334774000.0,26498393000.0,1922223000.0,9.421283,96.42,628.586,98777778,MGL.NS,0.9560871861172864,0.018923467136588153,0.04401882031110339,1
2023-03-31,779.3010588806978,941.4729490462164,768.0188288097143,919.7750244140625,27936143,6628502000.0,1258006000.0,61639233000.0,25334774000.0,26498393000.0,1922223000.0,9.421283,96.42,628.586,98777778,MGL.NS,0.9560871861172864,0.018923467136588153,0.04401882031110339,1
2023-06-30,931.3253514722743,1031.5845998542861,850.1453654007315,980.61328125,34925180,6628502000.0,1258006000.0,61639233000.0,25334774000.0,26498393000.0,1922223000.0,9.421283,96.42,628.586,98777778,MGL.NS,0.9560871861172864,0.018923467136588153,0.04401882031110339,0
2023-09-30,985.7570642006644,1069.92990901133,922.3052139284323,977.7072143554688,29437296,6628502000.0,1258006000.0,61639233000.0,25334774000.0,26498393000.0,1922223000.0,9.421283,96.42,628.586,98777778,MGL.NS,0.9560871861172864,0.018923467136588153,0.04401882031110339,1
2023-12-31,989.300766671932,1170.1886062249573,930.09767251397,1140.8245849609375,38072442,6628502000.0,1258006000.0,61639233000.0,25334774000.0,26498393000.0,1922223000.0,9.421283,96.42,628.586,98777778,MGL.NS,0.9560871861172864,0.018923467136588153,0.04401882031110339,1
2024-03-31,1141.29982015762,1513.7592407591628,1110.1778397155501,1306.86279296875,44332350,6628502000.0,1258006000.0,61639233000.0,25334774000.0,26498393000.0,1922223000.0,9.421283,96.42,628.586,98777778,MGL.NS,0.9560871861172864,0.018923467136588153,0.04401882031110339,1
2024-06-30,1311.1263245289938,1559.7468061937936,1130.8642199088385,1529.95068359375,32671174,6628502000.0,1258006000.0,61639233000.0,25334774000.0,26498393000.0,1922223000.0,9.421283,96.42,628.586,98777778,MGL.NS,0.9560871861172864,0.018923467136588153,0.04401882031110339,1
2024-09-30,1537.6153510760578,1923.9937948738861,1529.1842401267736,1877.9263916015625,51104187,17862500000.0,2867900000.0,79557400000.0,1538100000.0,55289800000.0,935500000.0,9.421283,96.42,628.586,98777778,MGL.NS,0.027818874367424008,0.03604818659232202,0.05187032689573846,0
2024-12-31,1887.217213648165,1894.9596913074274,1040.6310284639883,1243.047119140625,49442037,18474100000.0,2229100000.0,79557400000.0,1538100000.0,55289800000.0,935500000.0,9.421283,96.42,628.586,98777778,MGL.NS,0.027818874367424008,0.03604818659232202,0.05187032689573846,1
2025-03-31,1238.7887502437122,1374.0921598331943,1167.2558448183017,1354.1259765625,37857496,19280900000.0,2470400000.0,82702100000.0,2010300000.0,58801800000.0,1517500000.0,9.421283,96.42,628.586,98777778,MGL.NS,0.034187728947073046,0.029871067361046454,0.04201231935076817,1
2025-06-30,1345.1927476249994,1488.9089197076448,1201.3786436510914,1448.09814453125,41509601,20830100000.0,3178900000.0,82702100000.0,2010300000.0,58801800000.0,1517500000.0,9.421283,96.42,628.586,98777778,MGL.NS,0.034187728947073046,0.029871067361046454,0.04201231935076817,0
2025-09-30,1449.8557135735282,1549.3440691612077,1221.159228533742,1281.6234130859375,27156909,20830100000.0,3178900000.0,82702100000.0,2010300000.0,58801800000.0,1517500000.0,9.421283,96.42,628.586,98777778,MGL.NS,0.034187728947073046,0.029871067361046454,0.04201231935076817,0
2025-12-31,1291.4204295613192,1321.504052194,1080.9338063710563,1124.2779541015625,14396781,20602400000.0,2011500000.0,82702100000.0,2010300000.0,58801800000.0,1517500000.0,9.421283,96.42,628.586,98777778,MGL.NS,0.034187728947073046,0.029871067361046454,0.04201231935076817,0
2026-03-31,1124.3768950094134,1233.0,900.0,908.4000244140625,20308550,20602400000.0,2011500000.0,82702100000.0,2010300000.0,58801800000.0,1517500000.0,9.421283,96.42,628.586,98777778,MGL.NS,0.034187728947073046,0.029871067361046454,0.04201231935076817,0
2016-03-31,13.505777359008787,14.941913448105748,13.169659922047703,14.758576393127441,33873711,20602400000.0,2011500000.0,82702100000.0,2010300000.0,58801800000.0,1517500000.0,48.256413,1.56,41.182,10045034805,NHPC.NS,0.034187728947073046,0.029871067361046454,0.04201231935076817,1
2016-06-30,14.483575327027959,15.675258350208734,12.497429025342417,15.400253295898438,598089906,20602400000.0,2011500000.0,82702100000.0,2010300000.0,58801800000.0,1517500000.0,48.256413,1.56,41.182,10045034805,NHPC.NS,0.034187728947073046,0.029871067361046454,0.04201231935076817,1
2016-09-30,15.36969629051705,17.294730007091758,14.605796378428101,15.612167358398438,247808427,20602400000.0,2011500000.0,82702100000.0,2010300000.0,58801800000.0,1517500000.0,48.256413,1.56,41.182,10045034805,NHPC.NS,0.034187728947073046,0.029871067361046454,0.04201231935076817,1
2016-12-31,15.768287253698267,17.73541754742182,14.987678829017574,16.517671585083008,318192688,20602400000.0,2011500000.0,82702100000.0,2010300000.0,58801800000.0,1517500000.0,48.256413,1.56,41.182,10045034805,NHPC.NS,0.034187728947073046,0.029871067361046454,0.04201231935076817,1
2017-03-31,16.642565738605285,21.424331645507863,16.39277136554352,21.324993133544922,607857155,20602400000.0,2011500000.0,82702100000.0,2010300000.0,58801800000.0,1517500000.0,48.256413,1.56,41.182,10045034805,NHPC.NS,0.034187728947073046,0.029871067361046454,0.04201231935076817,0
2017-06-30,21.391221361781668,22.84820857106625,19.007064182929568,20.762069702148438,285611334,20602400000.0,2011500000.0,82702100000.0,2010300000.0,58801800000.0,1517500000.0,48.256413,1.56,41.182,10045034805,NHPC.NS,0.034187728947073046,0.029871067361046454,0.04201231935076817,0
2017-09-30,21.258766787221187,21.722356080403525,17.67746650874169,17.976520538330078,300122604,20602400000.0,2011500000.0,82702100000.0,2010300000.0,58801800000.0,1517500000.0,48.256413,1.56,41.182,10045034805,NHPC.NS,0.034187728947073046,0.029871067361046454,0.04201231935076817,1
2017-12-31,18.04298058087623,22.130065878052157,17.44487097247481,21.69809913635254,506745968,20602400000.0,2011500000.0,82702100000.0,2010300000.0,58801800000.0,1517500000.0,48.256413,1.56,41.182,10045034805,NHPC.NS,0.034187728947073046,0.029871067361046454,0.04201231935076817,0
2018-03-31,21.930692875768703,22.927542029486762,17.64475716900891,19.167049407958984,505027316,20602400000.0,2011500000.0,82702100000.0,2010300000.0,58801800000.0,1517500000.0,48.256413,1.56,41.182,10045034805,NHPC.NS,0.034187728947073046,0.029871067361046454,0.04201231935076817,0
2018-06-30,19.236240760208833,20.34336194215792,15.465108070605524,16.226253509521484,330108023,20602400000.0,2011500000.0,82702100000.0,2010300000.0,58801800000.0,1517500000.0,48.256413,1.56,41.182,10045034805,NHPC.NS,0.034187728947073046,0.029871067361046454,0.04201231935076817,0
2018-09-30,16.191656392258324,18.821071827179164,15.5710100292778,15.815947532653809,256681992,20602400000.0,2011500000.0,82702100000.0,2010300000.0,58801800000.0,1517500000.0,48.256413,1.56,41.182,10045034805,NHPC.NS,0.034187728947073046,0.029871067361046454,0.04201231935076817,1
2018-12-31,15.885927064338413,19.245067374802098,15.466037194917229,18.19533348083496,284371737,20602400000.0,2011500000.0,82702100000.0,2010300000.0,58801800000.0,1517500000.0,48.256413,1.56,41.182,10045034805,NHPC.NS,0.034187728947073046,0.029871067361046454,0.04201231935076817,0
2019-03-31,18.265317900401637,18.68269700352101,15.745961382576384,17.744953155517578,401275515,20602400000.0,2011500000.0,82702100000.0,2010300000.0,58801800000.0,1517500000.0,48.256413,1.56,41.182,10045034805,NHPC.NS,0.034187728947073046,0.029871067361046454,0.04201231935076817,1
2019-06-30,17.81708753929649,18.71876328151417,15.616998100097007,17.889223098754883,222712148,20602400000.0,2011500000.0,82702100000.0,2010300000.0,58801800000.0,1517500000.0,48.256413,1.56,41.182,10045034805,NHPC.NS,0.034187728947073046,0.029871067361046454,0.04201231935076817,0
2019-09-30,17.88922097641222,18.04956909020742,15.039929505045235,16.598159790039062,137837033,20602400000.0,2011500000.0,82702100000.0,2010300000.0,58801800000.0,1517500000.0,48.256413,1.56,41.182,10045034805,NHPC.NS,0.034187728947073046,0.029871067361046454,0.04201231935076817,1
2019-12-31,16.635371373543247,18.161216624945098,16.22600424855933,17.826276779174805,135767668,20602400000.0,2011500000.0,82702100000.0,2010300000.0,58801800000.0,1517500000.0,48.256413,1.56,41.182,10045034805,NHPC.NS,0.034187728947073046,0.029871067361046454,0.04201231935076817,0
2020-03-31,17.789059561673945,21.65948288827791,11.834628887934297,15.635819435119629,868576523,20602400000.0,2011500000.0,82702100000.0,2010300000.0,58801800000.0,1517500000.0,48.256413,1.56,41.182,10045034805,NHPC.NS,0.034187728947073046,0.029871067361046454,0.04201231935076817,1
2020-06-30,15.596630911599952,18.45732141678334,14.930441595315926,15.675008773803711,335689580,20602400000.0,2011500000.0,82702100000.0,2010300000.0,58801800000.0,1517500000.0,48.256413,1.56,41.182,10045034805,NHPC.NS,0.034187728947073046,0.029871067361046454,0.04201231935076817,1
2020-09-30,15.67500642600524,19.20188456709667,15.557445090961695,16.077926635742188,358923060,20602400000.0,2011500000.0,82702100000.0,2010300000.0,58801800000.0,1517500000.0,48.256413,1.56,41.182,10045034805,NHPC.NS,0.034187728947073046,0.029871067361046454,0.04201231935076817,1
2020-12-31,16.157519705775755,18.903500402736057,15.679956669836557,18.027973175048828,380758247,20602400000.0,2011500000.0,82702100000.0,2010300000.0,58801800000.0,1517500000.0,48.256413,1.56,41.182,10045034805,NHPC.NS,0.034187728947073046,0.029871067361046454,0.04201231935076817,1
2021-03-31,18.02797238793118,22.289553970701533,18.02797238793118,20.449512481689453,559426826,20602400000.0,2011500000.0,82702100000.0,2010300000.0,58801800000.0,1517500000.0,48.256413,1.56,41.182,10045034805,NHPC.NS,0.034187728947073046,0.029871067361046454,0.04201231935076817,1
2021-06-30,20.533150455089093,23.084111079791352,19.571310587607226,21.913179397583008,422480636,20602400000.0,2011500000.0,82702100000.0,2010300000.0,58801800000.0,1517500000.0,48.256413,1.56,41.182,10045034805,NHPC.NS,0.034187728947073046,0.029871067361046454,0.04201231935076817,1
2021-09-30,21.99681451110851,25.494312852361134,21.16043575739045,25.28256607055664,509760922,20602400000.0,2011500000.0,82702100000.0,2010300000.0,58801800000.0,1517500000.0,48.256413,1.56,41.182,10045034805,NHPC.NS,0.034187728947073046,0.029871067361046454,0.04201231935076817,1
2021-12-31,25.240217483692597,31.3808721447143,24.393230298125733,26.21425437927246,643203081,20602400000.0,2011500000.0,82702100000.0,2010300000.0,58801800000.0,1517500000.0,48.256413,1.56,41.182,10045034805,NHPC.NS,0.034187728947073046,0.029871067361046454,0.04201231935076817,0
2022-03-31,26.298949327836944,27.569430532434463,23.955308204284293,24.619504928588867,371059800,20602400000.0,2011500000.0,82702100000.0,2010300000.0,58801800000.0,1517500000.0,48.256413,1.56,41.182,10045034805,NHPC.NS,0.034187728947073046,0.029871067361046454,0.04201231935076817,1
2022-06-30,24.61950523407863,33.29832122271814,24.398106799638587,27.23200798034668,695775553,20602400000.0,2011500000.0,82702100000.0,2010300000.0,58801800000.0,1517500000.0,48.256413,1.56,41.182,10045034805,NHPC.NS,0.034187728947073046,0.029871067361046454,0.04201231935076817,1
2022-09-30,27.143444865469302,36.295017323832475,27.099165858899656,32.07257080078125,817535540,20602400000.0,2011500000.0,82702100000.0,2010300000.0,58801800000.0,1517500000.0,48.256413,1.56,41.182,10045034805,NHPC.NS,0.034187728947073046,0.029871067361046454,0.04201231935076817,1
2022-12-31,32.43192433562412,42.13455569052908,31.488614162544124,35.711055755615234,1009865426,20602400000.0,2011500000.0,82702100000.0,2010300000.0,58801800000.0,1517500000.0,48.256413,1.56,41.182,10045034805,NHPC.NS,0.034187728947073046,0.029871067361046454,0.04201231935076817,1
2023-03-31,35.93565450893866,40.742439027728736,34.76774319735772,37.39374923706055,644229451,20602400000.0,2011500000.0,82702100000.0,2010300000.0,58801800000.0,1517500000.0,48.256413,1.56,41.182,10045034805,NHPC.NS,0.034187728947073046,0.029871067361046454,0.04201231935076817,1
2023-06-30,37.3937565707551,44.55623767985926,37.11469198438782,42.74235916137695,716792869,20602400000.0,2011500000.0,82702100000.0,2010300000.0,58801800000.0,1517500000.0,48.256413,1.56,41.182,10045034805,NHPC.NS,0.034187728947073046,0.029871067361046454,0.04201231935076817,1
2023-09-30,42.97490824419037,53.36074463791959,41.71914510656301,49.559322357177734,1807409169,20602400000.0,2011500000.0,82702100000.0,2010300000.0,58801800000.0,1517500000.0,48.256413,1.56,41.182,10045034805,NHPC.NS,0.034187728947073046,0.029871067361046454,0.04201231935076817,1
2023-12-31,49.84091385393656,62.84084373836173,45.42938168415724,60.63508224487305,1432066572,20602400000.0,2011500000.0,82702100000.0,2010300000.0,58801800000.0,1517500000.0,48.256413,1.56,41.182,10045034805,NHPC.NS,0.034187728947073046,0.029871067361046454,0.04201231935076817,1
2024-03-31,60.96359798132105,108.73954277899219,60.6820169550145,85.48628234863281,8412488360,20602400000.0,2011500000.0,82702100000.0,2010300000.0,58801800000.0,1517500000.0,48.256413,1.56,41.182,10045034805,NHPC.NS,0.034187728947073046,0.029871067361046454,0.04201231935076817,1
2024-06-30,86.39165046647544,112.45686796198478,82.77016516766545,95.96954345703125,5347257775,20602400000.0,2011500000.0,82702100000.0,2010300000.0,58801800000.0,1517500000.0,48.256413,1.56,41.182,10045034805,NHPC.NS,0.034187728947073046,0.029871067361046454,0.04201231935076817,0
2024-09-30,96.25545896144045,112.8380800984297,87.5446067045673,90.95480346679688,2786317834,30519300000.0,9000300000.0,976813400000.0,342103000000.0,401489600000.0,12973900000.0,48.256413,1.56,41.182,10045034805,NHPC.NS,0.8520843379255651,0.00921393993980836,0.022417268093619363,0
2024-12-31,91.2900789315412,91.52955971855114,71.94002179734156,77.29483032226562,1437436121,22867600000.0,2312300000.0,976813400000.0,342103000000.0,401489600000.0,12973900000.0,48.256413,1.56,41.182,10045034805,NHPC.NS,0.8520843379255651,0.00921393993980836,0.022417268093619363,1
2025-03-31,77.5917755427354,84.88562154808764,68.0125485524485,80.25762176513672,1170998595,23409600000.0,8536400000.0,1026777100000.0,415739800000.0,396681600000.0,7608500000.0,48.256413,1.56,41.182,10045034805,NHPC.NS,1.0480440736348748,0.008313781053356176,0.02151952598759307,1
2025-06-30,80.14046344882541,90.15801189750582,73.96003009906018,83.78231811523438,1096667977,32137700000.0,10650200000.0,1026777100000.0,415739800000.0,396681600000.0,7608500000.0,48.256413,1.56,41.182,10045034805,NHPC.NS,1.0480440736348748,0.008313781053356176,0.02151952598759307,1
2025-09-30,84.06546602504257,87.63687860304717,75.2506329797848,84.78833770751953,751982930,32137700000.0,10650200000.0,1026777100000.0,415739800000.0,396681600000.0,7608500000.0,48.256413,1.56,41.182,10045034805,NHPC.NS,1.0480440736348748,0.008313781053356176,0.02151952598759307,0
2025-12-31,84.76869812738273,86.55640155312938,73.07984524669081,77.81432342529297,632527670,22207300000.0,2191200000.0,1026777100000.0,415739800000.0,396681600000.0,7608500000.0,48.256413,1.56,41.182,10045034805,NHPC.NS,1.0480440736348748,0.008313781053356176,0.02151952598759307,0
2026-03-31,77.65715691242237,83.17743488997125,71.62000274658203,75.27999877929688,940771616,22207300000.0,2191200000.0,1026777100000.0,415739800000.0,396681600000.0,7608500000.0,48.256413,1.56,41.182,10045034805,NHPC.NS,1.0480440736348748,0.008313781053356176,0.02151952598759307,0
2016-03-31,42.34062568664551,48.761510833167314,41.87534408569336,44.13972091674805,2121089,22207300000.0,2191200000.0,1026777100000.0,415739800000.0,396681600000.0,7608500000.0,13.21875,19.2,156.995,1386636609,NLCINDIA.NS,1.0480440736348748,0.008313781053356176,0.02151952598759307,1
2016-06-30,43.70545042234502,45.783706111696326,41.81330881490202,44.636009216308594,7158317,22207300000.0,2191200000.0,1026777100000.0,415739800000.0,396681600000.0,7608500000.0,13.21875,19.2,156.995,1386636609,NLCINDIA.NS,1.0480440736348748,0.008313781053356176,0.02151952598759307,1
2016-09-30,44.69804763793945,51.180975202396084,44.11331002732324,45.310672760009766,9488977,22207300000.0,2191200000.0,1026777100000.0,415739800000.0,396681600000.0,7608500000.0,13.21875,19.2,156.995,1386636609,NLCINDIA.NS,1.0480440736348748,0.008313781053356176,0.02151952598759307,1
2016-12-31,45.72030759380574,54.4799312709849,45.09011225539782,48.0204963684082,6393753,22207300000.0,2191200000.0,1026777100000.0,415739800000.0,396681600000.0,7608500000.0,13.21875,19.2,156.995,1386636609,NLCINDIA.NS,1.0480440736348748,0.008313781053356176,0.02151952598759307,1
2017-03-31,48.0204850132722,77.450371359365,47.61086528341779,72.04094696044922,26237031,22207300000.0,2191200000.0,1026777100000.0,415739800000.0,396681600000.0,7608500000.0,13.21875,19.2,156.995,1386636609,NLCINDIA.NS,1.0480440736348748,0.008313781053356176,0.02151952598759307,0
2017-06-30,72.34294525424812,75.16150016591072,63.753063516195674,67.10848999023438,11555301,22207300000.0,2191200000.0,1026777100000.0,415739800000.0,396681600000.0,7608500000.0,13.21875,19.2,156.995,1386636609,NLCINDIA.NS,1.0480440736348748,0.008313781053356176,0.02151952598759307,0
2017-09-30,68.78618401131902,79.8590931497673,58.71992544548839,63.048404693603516,16649282,22207300000.0,2191200000.0,1026777100000.0,415739800000.0,396681600000.0,7608500000.0,13.21875,19.2,156.995,1386636609,NLCINDIA.NS,1.0480440736348748,0.008313781053356176,0.02151952598759307,1
2017-12-31,63.75306425673722,76.13458441164964,62.10889265306846,73.5509033203125,68634718,22207300000.0,2191200000.0,1026777100000.0,415739800000.0,396681600000.0,7608500000.0,13.21875,19.2,156.995,1386636609,NLCINDIA.NS,1.0480440736348748,0.008313781053356176,0.02151952598759307,0
2018-03-31,73.85288110625066,80.12754770536564,58.76572037881879,58.94166564941406,49173669,22207300000.0,2191200000.0,1026777100000.0,415739800000.0,396681600000.0,7608500000.0,13.21875,19.2,156.995,1386636609,NLCINDIA.NS,1.0480440736348748,0.008313781053356176,0.02151952598759307,0
2018-06-30,59.469498400675874,64.50154113339573,55.80984244542679,57.53410339355469,18641023,22207300000.0,2191200000.0,1026777100000.0,415739800000.0,396681600000.0,7608500000.0,13.21875,19.2,156.995,1386636609,NLCINDIA.NS,1.0480440736348748,0.008313781053356176,0.02151952598759307,0
2018-09-30,57.53411116827102,57.569302374859234,47.01404799424429,47.22597885131836,17738016,22207300000.0,2191200000.0,1026777100000.0,415739800000.0,396681600000.0,7608500000.0,13.21875,19.2,156.995,1386636609,NLCINDIA.NS,1.0480440736348748,0.008313781053356176,0.02151952598759307,1
2018-12-31,47.43790894960706,60.33057347646937,45.91904708350788,49.20402526855469,46897391,22207300000.0,2191200000.0,1026777100000.0,415739800000.0,396681600000.0,7608500000.0,13.21875,19.2,156.995,1386636609,NLCINDIA.NS,1.0480440736348748,0.008313781053356176,0.02151952598759307,1
2019-03-31,49.451279072124606,57.08091654931198,42.386815556822825,52.312828063964844,35006005,22207300000.0,2191200000.0,1026777100000.0,415739800000.0,396681600000.0,7608500000.0,13.21875,19.2,156.995,1386636609,NLCINDIA.NS,1.0480440736348748,0.008313781053356176,0.02151952598759307,0
2019-06-30,52.42535280974783,53.325347255119766,46.312802886510994,49.12532043457031,47906501,22207300000.0,2191200000.0,1026777100000.0,415739800000.0,396681600000.0,7608500000.0,13.21875,19.2,156.995,1386636609,NLCINDIA.NS,1.0480440736348748,0.008313781053356176,0.02151952598759307,0
2019-09-30,49.12532435003316,54.525354133343114,36.7877367391782,42.825279235839844,39165646,22207300000.0,2191200000.0,1026777100000.0,415739800000.0,396681600000.0,7608500000.0,13.21875,19.2,156.995,1386636609,NLCINDIA.NS,1.0480440736348748,0.008313781053356176,0.02151952598759307,1
2019-12-31,42.97528313612116,46.42530667650587,34.53772252298029,42.86277389526367,25147925,22207300000.0,2191200000.0,1026777100000.0,415739800000.0,396681600000.0,7608500000.0,13.21875,19.2,156.995,1386636609,NLCINDIA.NS,1.0480440736348748,0.008313781053356176,0.02151952598759307,0
2020-03-31,43.12527968893925,47.10030559127878,29.691926854621215,37.295433044433594,94016324,22207300000.0,2191200000.0,1026777100000.0,415739800000.0,396681600000.0,7608500000.0,13.21875,19.2,156.995,1386636609,NLCINDIA.NS,1.0480440736348748,0.008313781053356176,0.02151952598759307,1
2020-06-30,37.380388060608766,44.0493884951045,34.10961077486018,39.20693588256836,48250761,22207300000.0,2191200000.0,1026777100000.0,415739800000.0,396681600000.0,7608500000.0,13.21875,19.2,156.995,1386636609,NLCINDIA.NS,1.0480440736348748,0.008313781053356176,0.02151952598759307,1
2020-09-30,39.206933821567546,48.67946592062359,37.46534578609742,42.052947998046875,53056544,22207300000.0,2191200000.0,1026777100000.0,415739800000.0,396681600000.0,7608500000.0,13.21875,19.2,156.995,1386636609,NLCINDIA.NS,1.0480440736348748,0.008313781053356176,0.02151952598759307,1
2020-12-31,42.47771997367859,49.61397733762819,40.3538323723043,46.767967224121094,45472926,22207300000.0,2191200000.0,1026777100000.0,415739800000.0,396681600000.0,7608500000.0,13.21875,19.2,156.995,1386636609,NLCINDIA.NS,1.0480440736348748,0.008313781053356176,0.02151952598759307,0
2021-03-31,46.93788265539361,50.803352619194015,42.10917939336268,43.668785095214844,112412874,22207300000.0,2191200000.0,1026777100000.0,415739800000.0,396681600000.0,7608500000.0,13.21875,19.2,156.995,1386636609,NLCINDIA.NS,1.0480440736348748,0.008313781053356176,0.02151952598759307,1
2021-06-30,43.84206652795848,63.90025742937647,40.02971753027475,52.89641189575195,400431139,22207300000.0,2191200000.0,1026777100000.0,415739800000.0,396681600000.0,7608500000.0,13.21875,19.2,156.995,1386636609,NLCINDIA.NS,1.0480440736348748,0.008313781053356176,0.02151952598759307,1
2021-09-30,53.156341697626935,55.93401456956293,43.14891707388359,54.64254379272461,163004846,22207300000.0,2191200000.0,1026777100000.0,415739800000.0,396681600000.0,7608500000.0,13.21875,19.2,156.995,1386636609,NLCINDIA.NS,1.0480440736348748,0.008313781053356176,0.02151952598759307,1
2021-12-31,54.28627153168469,71.3425805056427,45.78038953488813,55.26600646972656,301492305,22207300000.0,2191200000.0,1026777100000.0,415739800000.0,396681600000.0,7608500000.0,13.21875,19.2,156.995,1386636609,NLCINDIA.NS,1.0480440736348748,0.008313781053356176,0.02151952598759307,1
2022-03-31,55.13241705484849,69.02684857919749,49.877465172151545,57.0069580078125,232053029,22207300000.0,2191200000.0,1026777100000.0,415739800000.0,396681600000.0,7608500000.0,13.21875,19.2,156.995,1386636609,NLCINDIA.NS,1.0480440736348748,0.008313781053356176,0.02151952598759307,1
2022-06-30,57.189235583758204,84.21170983653236,53.13358421047215,58.00947952270508,554969765,22207300000.0,2191200000.0,1026777100000.0,415739800000.0,396681600000.0,7608500000.0,13.21875,19.2,156.995,1386636609,NLCINDIA.NS,1.0480440736348748,0.008313781053356176,0.02151952598759307,1
2022-09-30,57.9639106460762,77.37636052490927,56.14114611661912,63.28786087036133,193362625,22207300000.0,2191200000.0,1026777100000.0,415739800000.0,396681600000.0,7608500000.0,13.21875,19.2,156.995,1386636609,NLCINDIA.NS,1.0480440736348748,0.008313781053356176,0.02151952598759307,1
2022-12-31,63.380860048303056,88.63090301744919,61.846325735027875,80.07471466064453,292284706,22207300000.0,2191200000.0,1026777100000.0,415739800000.0,396681600000.0,7608500000.0,13.21875,19.2,156.995,1386636609,NLCINDIA.NS,1.0480440736348748,0.008313781053356176,0.02151952598759307,0
2023-03-31,80.4467306262029,81.65576385985565,66.06024242703573,73.12120819091797,116506182,22207300000.0,2191200000.0,1026777100000.0,415739800000.0,396681600000.0,7608500000.0,13.21875,19.2,156.995,1386636609,NLCINDIA.NS,1.0480440736348748,0.008313781053356176,0.02151952598759307,1
2023-06-30,73.12120592620104,104.0662056655962,72.50513869689937,102.78669738769531,175876762,22207300000.0,2191200000.0,1026777100000.0,415739800000.0,396681600000.0,7608500000.0,13.21875,19.2,156.995,1386636609,NLCINDIA.NS,1.0480440736348748,0.008313781053356176,0.02151952598759307,1
2023-09-30,103.450135721457,139.8922857000944,100.46464121581612,129.8728485107422,178345004,22207300000.0,2191200000.0,1026777100000.0,415739800000.0,396681600000.0,7608500000.0,13.21875,19.2,156.995,1386636609,NLCINDIA.NS,1.0480440736348748,0.008313781053356176,0.02151952598759307,1
2023-12-31,129.87286609708076,256.6661445478113,112.4057123734799,243.91464233398438,304095891,22207300000.0,2191200000.0,1026777100000.0,415739800000.0,396681600000.0,7608500000.0,13.21875,19.2,156.995,1386636609,NLCINDIA.NS,1.0480440736348748,0.008313781053356176,0.02151952598759307,0
2024-03-31,245.31006797023656,282.6984544681853,188.77451684739856,220.8177947998047,518731593,22207300000.0,2191200000.0,1026777100000.0,415739800000.0,396681600000.0,7608500000.0,13.21875,19.2,156.995,1386636609,NLCINDIA.NS,1.0480440736348748,0.008313781053356176,0.02151952598759307,1
2024-06-30,222.56031838462033,247.4882192658937,186.83837697038464,232.48309326171875,368553785,22207300000.0,2191200000.0,1026777100000.0,415739800000.0,396681600000.0,7608500000.0,13.21875,19.2,156.995,1386636609,NLCINDIA.NS,1.0480440736348748,0.008313781053356176,0.02151952598759307,1
2024-09-30,232.33787536580562,301.84559316613314,228.7075960632149,275.01544189453125,408784245,36573300000.0,9118500000.0,562539400000.0,225214600000.0,177710200000.0,4141500000.0,13.21875,19.2,156.995,1386636609,NLCINDIA.NS,1.267313862682052,0.01620953127905352,0.05131106711938876,0
2024-12-31,275.01543692229967,288.936523420674,220.2557254441797,242.20828247070312,102461308,44114700000.0,6680900000.0,562539400000.0,225214600000.0,177710200000.0,4141500000.0,13.21875,19.2,156.995,1386636609,NLCINDIA.NS,1.267313862682052,0.01620953127905352,0.05131106711938876,0
2025-03-31,234.4299652840638,263.7280862884597,182.34348236529326,239.82142639160156,192340335,38382300000.0,4819700000.0,578513500000.0,224285800000.0,187229700000.0,1869600000.0,13.21875,19.2,156.995,1386636609,NLCINDIA.NS,1.1979178517083562,0.008331179825535618,0.02574217658843656,0
2025-06-30,240.08607096586502,252.59321589856543,208.632012438872,225.706787109375,89961438,38256100000.0,7975900000.0,578513500000.0,224285800000.0,187229700000.0,1869600000.0,13.21875,19.2,156.995,1386636609,NLCINDIA.NS,1.1979178517083562,0.008331179825535618,0.02574217658843656,1
2025-09-30,227.40250042057073,287.8599081940221,216.33624791780156,281.31317138671875,147047704,38256100000.0,7975900000.0,578513500000.0,224285800000.0,187229700000.0,1869600000.0,13.21875,19.2,156.995,1386636609,NLCINDIA.NS,1.1979178517083562,0.008331179825535618,0.02574217658843656,0
2025-12-31,279.8145097278741,288.0965729069215,226.77005491875443,246.7061004638672,89146838,44430500000.0,6660300000.0,578513500000.0,224285800000.0,187229700000.0,1869600000.0,13.21875,19.2,156.995,1386636609,NLCINDIA.NS,1.1979178517083562,0.008331179825535618,0.02574217658843656,1
2026-03-31,247.67232785860227,274.8500061035156,236.0,253.8000030517578,117152578,44430500000.0,6660300000.0,578513500000.0,224285800000.0,187229700000.0,1869600000.0,13.21875,19.2,156.995,1386636609,NLCINDIA.NS,1.1979178517083562,0.008331179825535618,0.02574217658843656,0
2016-03-31,74.11191097839139,76.19226099087557,73.30289383064758,74.45864868164062,32145049,44430500000.0,6660300000.0,578513500000.0,224285800000.0,187229700000.0,1869600000.0,20.620155,18.06,198.221,9696666134,NTPC.NS,1.1979178517083562,0.008331179825535618,0.02574217658843656,1
2016-06-30,74.37196267015547,90.72570350451929,72.26273343214564,90.32119750976562,354181140,44430500000.0,6660300000.0,578513500000.0,224285800000.0,187229700000.0,1869600000.0,20.620155,18.06,198.221,9696666134,NTPC.NS,1.1979178517083562,0.008331179825535618,0.02574217658843656,0
2016-09-30,89.74332119468599,98.2380342579436,82.54882442735077,86.4632339477539,282109202,44430500000.0,6660300000.0,578513500000.0,224285800000.0,187229700000.0,1869600000.0,20.620155,18.06,198.221,9696666134,NTPC.NS,1.1979178517083562,0.008331179825535618,0.02574217658843656,1
2016-12-31,86.90139668898432,98.14744522219232,83.7174293675759,96.24878692626953,296325823,44430500000.0,6660300000.0,578513500000.0,224285800000.0,187229700000.0,1869600000.0,20.620155,18.06,198.221,9696666134,NTPC.NS,1.1979178517083562,0.008331179825535618,0.02574217658843656,1
2017-03-31,96.42404452396241,104.1355839645804,91.77952314748029,98.48350524902344,381220018,44430500000.0,6660300000.0,578513500000.0,224285800000.0,187229700000.0,1869600000.0,20.620155,18.06,198.221,9696666134,NTPC.NS,1.1979178517083562,0.008331179825535618,0.02574217658843656,0
2017-06-30,98.48350678466724,100.44130482999171,90.85994746599006,94.30093383789062,298426484,44430500000.0,6660300000.0,578513500000.0,224285800000.0,187229700000.0,1869600000.0,20.620155,18.06,198.221,9696666134,NTPC.NS,1.1979178517083562,0.008331179825535618,0.02574217658843656,1
2017-09-30,94.27127064470754,106.28506565929702,92.13548360074822,100.6286392211914,496494829,44430500000.0,6660300000.0,578513500000.0,224285800000.0,187229700000.0,1869600000.0,20.620155,18.06,198.221,9696666134,NTPC.NS,1.1979178517083562,0.008331179825535618,0.02574217658843656,1
2017-12-31,100.9591410569992,112.97810417332096,100.47839942148582,106.36769104003906,579790485,44430500000.0,6660300000.0,578513500000.0,224285800000.0,187229700000.0,1869600000.0,20.620155,18.06,198.221,9696666134,NTPC.NS,1.1979178517083562,0.008331179825535618,0.02574217658843656,0
2018-03-31,106.39771392518858,108.35081088158378,96.90274949947849,103.69332122802734,420162031,44430500000.0,6660300000.0,578513500000.0,224285800000.0,187229700000.0,1869600000.0,20.620155,18.06,198.221,9696666134,NTPC.NS,1.1979178517083562,0.008331179825535618,0.02574217658843656,0
2018-06-30,103.81550952316668,109.98702366300967,91.3503123333065,97.5523681640625,377160027,44430500000.0,6660300000.0,578513500000.0,224285800000.0,187229700000.0,1869600000.0,20.620155,18.06,198.221,9696666134,NTPC.NS,1.1979178517083562,0.008331179825535618,0.02574217658843656,1
2018-09-30,97.15518769502654,108.72338614002128,91.56417064685803,103.42359924316406,359245269,44430500000.0,6660300000.0,578513500000.0,224285800000.0,187229700000.0,1869600000.0,20.620155,18.06,198.221,9696666134,NTPC.NS,1.1979178517083562,0.008331179825535618,0.02574217658843656,0
2018-12-31,103.82649140351835,105.56210605388507,83.09220385296783,92.39010620117188,676360186,44430500000.0,6660300000.0,578513500000.0,224285800000.0,187229700000.0,1869600000.0,20.620155,18.06,198.221,9696666134,NTPC.NS,1.1979178517083562,0.008331179825535618,0.02574217658843656,1
2019-03-31,92.32810830620974,108.43612706799665,81.51800378417968,103.6634292602539,954028937,44430500000.0,6660300000.0,578513500000.0,224285800000.0,187229700000.0,1869600000.0,20.620155,18.06,198.221,9696666134,NTPC.NS,1.1979178517083562,0.008331179825535618,0.02574217658843656,1
2019-06-30,104.15979212506124,108.43613594966504,93.46889998055026,107.93978118896484,645912671,44430500000.0,6660300000.0,578513500000.0,224285800000.0,187229700000.0,1869600000.0,20.620155,18.06,198.221,9696666134,NTPC.NS,1.1979178517083562,0.008331179825535618,0.02574217658843656,0
2019-09-30,108.58887091372692,111.37614504524588,88.73017695565679,91.57483673095703,902323021,44430500000.0,6660300000.0,578513500000.0,224285800000.0,187229700000.0,1869600000.0,20.620155,18.06,198.221,9696666134,NTPC.NS,1.1979178517083562,0.008331179825535618,0.02574217658843656,1
2019-12-31,91.96452634725456,96.79656006826774,85.4958342748567,92.78284454345703,547040549,44430500000.0,6660300000.0,578513500000.0,224285800000.0,187229700000.0,1869600000.0,20.620155,18.06,198.221,9696666134,NTPC.NS,1.1979178517083562,0.008331179825535618,0.02574217658843656,0
2020-03-31,92.78284619608621,97.42006183967774,57.04917971355473,66.03641510009766,1316636824,44430500000.0,6660300000.0,578513500000.0,224285800000.0,187229700000.0,1869600000.0,20.620155,18.06,198.221,9696666134,NTPC.NS,1.1979178517083562,0.008331179825535618,0.02574217658843656,1
2020-06-30,66.11485402714202,81.40831092566738,61.84052255616217,75.13407897949219,1051637924,44430500000.0,6660300000.0,578513500000.0,224285800000.0,187229700000.0,1869600000.0,20.620155,18.06,198.221,9696666134,NTPC.NS,1.1979178517083562,0.008331179825535618,0.02574217658843656,0
2020-09-30,74.27136832757357,87.31080307049105,66.41280751590932,68.79766845703125,1646708148,44430500000.0,6660300000.0,578513500000.0,224285800000.0,187229700000.0,1869600000.0,20.620155,18.06,198.221,9696666134,NTPC.NS,1.1979178517083562,0.008331179825535618,0.02574217658843656,1
2020-12-31,69.36358521996672,86.70447406162268,63.13864156366759,80.3178482055664,2384695785,44430500000.0,6660300000.0,578513500000.0,224285800000.0,187229700000.0,1869600000.0,20.620155,18.06,198.221,9696666134,NTPC.NS,1.1979178517083562,0.008331179825535618,0.02574217658843656,1
2021-03-31,80.80290238718572,95.5995980200496,71.26340559990113,88.80677795410156,1810833622,44430500000.0,6660300000.0,578513500000.0,224285800000.0,187229700000.0,1869600000.0,20.620155,18.06,198.221,9696666134,NTPC.NS,1.1979178517083562,0.008331179825535618,0.02574217658843656,1
2021-06-30,89.59856215966025,100.85048977031258,80.8887685816779,97.01651763916016,1155394718,44430500000.0,6660300000.0,578513500000.0,224285800000.0,187229700000.0,1869600000.0,20.620155,18.06,198.221,9696666134,NTPC.NS,1.1979178517083562,0.008331179825535618,0.02574217658843656,1
2021-09-30,97.34989633341901,123.58921006932579,93.30753682072826,121.53296661376953,832080071,44430500000.0,6660300000.0,578513500000.0,224285800000.0,187229700000.0,1869600000.0,20.620155,18.06,198.221,9696666134,NTPC.NS,1.1979178517083562,0.008331179825535618,0.02574217658843656,0
2021-12-31,120.76185571178831,130.31488944706754,102.04142982045043,106.58232116699219,903023429,44430500000.0,6660300000.0,578513500000.0,224285800000.0,187229700000.0,1869600000.0,20.620155,18.06,198.221,9696666134,NTPC.NS,1.1979178517083562,0.008331179825535618,0.02574217658843656,1
2022-03-31,107.43908658652106,123.50351729445367,106.8393429540447,119.03744506835938,754457504,44430500000.0,6660300000.0,578513500000.0,224285800000.0,187229700000.0,1869600000.0,20.620155,18.06,198.221,9696666134,NTPC.NS,1.1979178517083562,0.008331179825535618,0.02574217658843656,1
2022-06-30,121.68272808581129,146.68059256835895,118.99336996544811,126.00332641601562,1414341294,44430500000.0,6660300000.0,578513500000.0,224285800000.0,187229700000.0,1869600000.0,20.620155,18.06,198.221,9696666134,NTPC.NS,1.1979178517083562,0.008331179825535618,0.02574217658843656,1
2022-09-30,125.2097739138812,158.30113900250768,120.00740358857334,143.47305297851562,947943581,44430500000.0,6660300000.0,578513500000.0,224285800000.0,187229700000.0,1869600000.0,20.620155,18.06,198.221,9696666134,NTPC.NS,1.1979178517083562,0.008331179825535618,0.02574217658843656,1
2022-12-31,143.65280607938843,164.4121146368354,142.84399259352315,149.5840301513672,693015036,44430500000.0,6660300000.0,578513500000.0,224285800000.0,187229700000.0,1869600000.0,20.620155,18.06,198.221,9696666134,NTPC.NS,1.1979178517083562,0.008331179825535618,0.02574217658843656,1
2023-03-31,150.12323838600838,168.01656169213746,147.3822695443476,161.46925354003906,744252784,44430500000.0,6660300000.0,578513500000.0,224285800000.0,187229700000.0,1869600000.0,20.620155,18.06,198.221,9696666134,NTPC.NS,1.1979178517083562,0.008331179825535618,0.02574217658843656,1
2023-06-30,161.93032373465329,176.73089269039826,153.81534612414893,174.42550659179688,643091348,44430500000.0,6660300000.0,578513500000.0,224285800000.0,187229700000.0,1869600000.0,20.620155,18.06,198.221,9696666134,NTPC.NS,1.1979178517083562,0.008331179825535618,0.02574217658843656,1
2023-09-30,175.20935218162785,235.16703023452425,170.36806499422087,229.6034393310547,1010116702,44430500000.0,6660300000.0,578513500000.0,224285800000.0,187229700000.0,1869600000.0,20.620155,18.06,198.221,9696666134,NTPC.NS,1.1979178517083562,0.008331179825535618,0.02574217658843656,1
2023-12-31,228.4813595678883,297.85951379926354,212.9594053129702,293.7527160644531,825494086,44430500000.0,6660300000.0,578513500000.0,224285800000.0,187229700000.0,1869600000.0,20.620155,18.06,198.221,9696666134,NTPC.NS,1.1979178517083562,0.008331179825535618,0.02574217658843656,1
2024-03-31,294.55522661924937,343.14232899752415,279.96909786893536,320.1199645996094,1080638289,44430500000.0,6660300000.0,578513500000.0,224285800000.0,187229700000.0,1869600000.0,20.620155,18.06,198.221,9696666134,NTPC.NS,1.1979178517083562,0.008331179825535618,0.02574217658843656,1
2024-06-30,323.17061701487546,374.83971683004967,299.29029594569835,360.6831359863281,1107351549,44430500000.0,6660300000.0,578513500000.0,224285800000.0,187229700000.0,1869600000.0,20.620155,18.06,198.221,9696666134,NTPC.NS,1.1979178517083562,0.008331179825535618,0.02574217658843656,1
2024-09-30,363.92434525248007,430.88426272411255,344.6675679636162,425.83990478515625,1216057479,447060500000.0,52745900000.0,4922304000000.0,2420094900000.0,1682712100000.0,20972800000.0,20.620155,18.06,198.221,9696666134,NTPC.NS,1.4382109096380777,0.010715693301348311,0.03134576615928536,0
2024-12-31,428.5302197868873,430.21167244300176,315.3527518602808,322.2649841308594,856560990,450694300000.0,50625100000.0,4922304000000.0,2420094900000.0,1682712100000.0,20972800000.0,20.620155,18.06,198.221,9696666134,NTPC.NS,1.4382109096380777,0.010715693301348311,0.03134576615928536,1
2025-03-31,321.92658283700155,361.89909466511006,285.27137257129044,348.40521240234375,857369009,479765600000.0,76112200000.0,5241645900000.0,2500961500000.0,1840711600000.0,14265600000.0,20.620155,18.06,198.221,9696666134,NTPC.NS,1.3586927468702865,0.014520668021470126,0.04134933468121785,0
2025-06-30,343.290175772159,358.9762214163254,313.0872779896664,326.2888488769531,922873472,470653600000.0,60106000000.0,5241645900000.0,2500961500000.0,1840711600000.0,14265600000.0,20.620155,18.06,198.221,9696666134,NTPC.NS,1.3586927468702865,0.014520668021470126,0.04134933468121785,1
2025-09-30,326.62985988523155,345.2401676180112,318.52046842055296,335.05426025390625,575230757,470653600000.0,60106000000.0,5241645900000.0,2500961500000.0,1840711600000.0,14265600000.0,20.620155,18.06,198.221,9696666134,NTPC.NS,1.3586927468702865,0.014520668021470126,0.04134933468121785,0
2025-12-31,334.906586895859,344.45287032093074,313.1855106643288,327.0805969238281,498580798,458456800000.0,54886700000.0,5241645900000.0,2500961500000.0,1840711600000.0,14265600000.0,20.620155,18.06,198.221,9696666134,NTPC.NS,1.3586927468702865,0.014520668021470126,0.04134933468121785,1
2026-03-31,327.32873500849905,394.5,327.1302518191223,372.3999938964844,679425847,458456800000.0,54886700000.0,5241645900000.0,2500961500000.0,1840711600000.0,14265600000.0,20.620155,18.06,198.221,9696666134,NTPC.NS,1.3586927468702865,0.014520668021470126,0.04134933468121785,0
2016-03-31,62.82365892699667,63.17042397213155,61.119572811493306,62.02116775512695,3840169,458456800000.0,54886700000.0,5241645900000.0,2500961500000.0,1840711600000.0,14265600000.0,12.960949,35.85,345.697,1626607791,OIL.NS,1.3586927468702865,0.014520668021470126,0.04134933468121785,1
2016-06-30,62.29858285742958,71.92868449846533,61.62487520621402,69.78865814208984,69645265,458456800000.0,54886700000.0,5241645900000.0,2500961500000.0,1840711600000.0,14265600000.0,12.960949,35.85,345.697,1626607791,OIL.NS,1.3586927468702865,0.014520668021470126,0.04134933468121785,1
2016-09-30,69.84810907645436,83.11586203471242,69.48152923376195,80.91158294677734,88545081,458456800000.0,54886700000.0,5241645900000.0,2500961500000.0,1840711600000.0,14265600000.0,12.960949,35.85,345.697,1626607791,OIL.NS,1.3586927468702865,0.014520668021470126,0.04134933468121785,1
2016-12-31,81.51823907274833,91.71054446462539,76.65466073128232,91.42742919921875,85203765,458456800000.0,54886700000.0,5241645900000.0,2500961500000.0,1840711600000.0,14265600000.0,12.960949,35.85,345.697,1626607791,OIL.NS,1.3586927468702865,0.014520668021470126,0.04134933468121785,1
2017-03-31,91.54877650856635,100.10303094625446,87.90189973463922,92.54948425292969,114282673,458456800000.0,54886700000.0,5241645900000.0,2500961500000.0,1840711600000.0,14265600000.0,12.960949,35.85,345.697,1626607791,OIL.NS,1.3586927468702865,0.014520668021470126,0.04134933468121785,0
2017-06-30,92.43857747725285,94.40712676760911,71.28360812019997,71.97676086425781,52986624,458456800000.0,54886700000.0,5241645900000.0,2500961500000.0,1840711600000.0,14265600000.0,12.960949,35.85,345.697,1626607791,OIL.NS,1.3586927468702865,0.014520668021470126,0.04134933468121785,1
2017-09-30,72.08765826062309,100.2036966190559,71.42223436719405,99.5142593383789,100349304,458456800000.0,54886700000.0,5241645900000.0,2500961500000.0,1840711600000.0,14265600000.0,12.960949,35.85,345.697,1626607791,OIL.NS,1.3586927468702865,0.014520668021470126,0.04134933468121785,1
2017-12-31,99.33136543729097,107.70277878592397,93.91456791119016,104.53713989257812,68932829,458456800000.0,54886700000.0,5241645900000.0,2500961500000.0,1840711600000.0,14265600000.0,12.960949,35.85,345.697,1626607791,OIL.NS,1.3586927468702865,0.014520668021470126,0.04134933468121785,0
2018-03-31,105.24063435588567,109.44739488250761,91.94486968737775,94.99037170410156,102938510,458456800000.0,54886700000.0,5241645900000.0,2500961500000.0,1840711600000.0,14265600000.0,12.960949,35.85,345.697,1626607791,OIL.NS,1.3586927468702865,0.014520668021470126,0.04134933468121785,0
2018-06-30,96.81246462941506,108.66703338853831,87.46051618136148,92.13648223876953,105645707,458456800000.0,54886700000.0,5241645900000.0,2500961500000.0,1840711600000.0,14265600000.0,12.960949,35.85,345.697,1626607791,OIL.NS,1.3586927468702865,0.014520668021470126,0.04134933468121785,1
2018-09-30,92.31210663825496,100.16035289259393,88.02638848395762,96.87316131591797,66099101,458456800000.0,54886700000.0,5241645900000.0,2500961500000.0,1840711600000.0,14265600000.0,12.960949,35.85,345.697,1626607791,OIL.NS,1.3586927468702865,0.014520668021470126,0.04134933468121785,0
2018-12-31,98.74839683211253,98.83663396737262,74.37015643593254,77.12789154052734,137640760,458456800000.0,54886700000.0,5241645900000.0,2500961500000.0,1840711600000.0,14265600000.0,12.960949,35.85,345.697,1626607791,OIL.NS,1.3586927468702865,0.014520668021470126,0.04134933468121785,1
2019-03-31,77.21610902852073,86.68708625597381,72.84789030515294,85.55254364013672,138749294,458456800000.0,54886700000.0,5241645900000.0,2500961500000.0,1840711600000.0,14265600000.0,12.960949,35.85,345.697,1626607791,OIL.NS,1.3586927468702865,0.014520668021470126,0.04134933468121785,0
2019-06-30,85.85353620257563,87.84475731589447,79.34737162208206,82.42681121826172,124266791,458456800000.0,54886700000.0,5241645900000.0,2500961500000.0,1840711600000.0,14265600000.0,12.960949,35.85,345.697,1626607791,OIL.NS,1.3586927468702865,0.014520668021470126,0.04134933468121785,0
2019-09-30,82.44997819861378,83.30666433634903,65.4244883727371,68.04801177978516,147595528,458456800000.0,54886700000.0,5241645900000.0,2500961500000.0,1840711600000.0,14265600000.0,12.960949,35.85,345.697,1626607791,OIL.NS,1.3586927468702865,0.014520668021470126,0.04134933468121785,1
2019-12-31,67.69666048322735,81.96215478337834,66.12721081696965,71.70223236083984,76834118,458456800000.0,54886700000.0,5241645900000.0,2500961500000.0,1840711600000.0,14265600000.0,12.960949,35.85,345.697,1626607791,OIL.NS,1.3586927468702865,0.014520668021470126,0.04134933468121785,0
2020-03-31,71.81935143868802,74.86454262201083,31.81734705726821,41.412654876708984,326491215,458456800000.0,54886700000.0,5241645900000.0,2500961500000.0,1840711600000.0,14265600000.0,12.960949,35.85,345.697,1626607791,OIL.NS,1.3586927468702865,0.014520668021470126,0.04134933468121785,1
2020-06-30,40.761273653122636,53.81390671435762,34.57317853655134,46.9243278503418,205722223,458456800000.0,54886700000.0,5241645900000.0,2500961500000.0,1840711600000.0,14265600000.0,12.960949,35.85,345.697,1626607791,OIL.NS,1.3586927468702865,0.014520668021470126,0.04134933468121785,0
2020-09-30,46.94937487957531,51.55913268398674,42.54283920144344,45.49790573120117,87377434,458456800000.0,54886700000.0,5241645900000.0,2500961500000.0,1840711600000.0,14265600000.0,12.960949,35.85,345.697,1626607791,OIL.NS,1.3586927468702865,0.014520668021470126,0.04134933468121785,1
2020-12-31,44.657243659942154,60.68086210272853,42.54283903601928,54.71977615356445,130462247,458456800000.0,54886700000.0,5241645900000.0,2500961500000.0,1840711600000.0,14265600000.0,12.960949,35.85,345.697,1626607791,OIL.NS,1.3586927468702865,0.014520668021470126,0.04134933468121785,1
2021-03-31,55.534960598876076,70.14559080927495,54.92357001426498,64.37876892089844,176960435,458456800000.0,54886700000.0,5241645900000.0,2500961500000.0,1840711600000.0,14265600000.0,12.960949,35.85,345.697,1626607791,OIL.NS,1.3586927468702865,0.014520668021470126,0.04134933468121785,1
2021-06-30,64.37875355089989,85.97814454950475,58.716773095281965,82.41320037841797,129067602,458456800000.0,54886700000.0,5241645900000.0,2500961500000.0,1840711600000.0,14265600000.0,12.960949,35.85,345.697,1626607791,OIL.NS,1.3586927468702865,0.014520668021470126,0.04134933468121785,1
2021-09-30,82.51803909646492,140.8456556372,80.26373222826389,137.4129638671875,153564400,458456800000.0,54886700000.0,5241645900000.0,2500961500000.0,1840711600000.0,14265600000.0,12.960949,35.85,345.697,1626607791,OIL.NS,1.3586927468702865,0.014520668021470126,0.04134933468121785,0
2021-12-31,137.83547418632986,141.42659562965835,91.19979334514605,106.95540618896484,149465133,458456800000.0,54886700000.0,5241645900000.0,2500961500000.0,1840711600000.0,14265600000.0,12.960949,35.85,345.697,1626607791,OIL.NS,1.3586927468702865,0.014520668021470126,0.04134933468121785,1
2022-03-31,106.95541448398913,145.07206640266068,102.92240075492504,131.55258178710938,187681576,458456800000.0,54886700000.0,5241645900000.0,2500961500000.0,1840711600000.0,14265600000.0,12.960949,35.85,345.697,1626607791,OIL.NS,1.3586927468702865,0.014520668021470126,0.04134933468121785,1
2022-06-30,131.60779534045082,168.8552812616223,116.29493251463182,138.78135681152344,371634571,458456800000.0,54886700000.0,5241645900000.0,2500961500000.0,1840711600000.0,14265600000.0,12.960949,35.85,345.697,1626607791,OIL.NS,1.3586927468702865,0.014520668021470126,0.04134933468121785,0
2022-09-30,135.47050051880817,137.6501666980204,94.93968890264452,98.82563018798828,276274701,458456800000.0,54886700000.0,5241645900000.0,2500961500000.0,1840711600000.0,14265600000.0,12.960949,35.85,345.697,1626607791,OIL.NS,1.3586927468702865,0.014520668021470126,0.04134933468121785,1
2022-12-31,102.98938897483055,126.62566550905672,100.89334481984447,120.60137176513672,103027511,458456800000.0,54886700000.0,5241645900000.0,2500961500000.0,1840711600000.0,14265600000.0,12.960949,35.85,345.697,1626607791,OIL.NS,1.3586927468702865,0.014520668021470126,0.04134933468121785,1
2023-03-31,121.20960096987082,163.7228680649661,119.03736773479643,151.72476196289062,181126137,458456800000.0,54886700000.0,5241645900000.0,2500961500000.0,1840711600000.0,14265600000.0,12.960949,35.85,345.697,1626607791,OIL.NS,1.3586927468702865,0.014520668021470126,0.04134933468121785,0
2023-06-30,155.16140994788083,165.23014424705437,145.18306059073763,147.6851806640625,148564078,458456800000.0,54886700000.0,5241645900000.0,2500961500000.0,1840711600000.0,14265600000.0,12.960949,35.85,345.697,1626607791,OIL.NS,1.3586927468702865,0.014520668021470126,0.04134933468121785,1
2023-09-30,148.31823183761682,187.7295749134448,146.87121917784347,183.67323303222656,129061102,458456800000.0,54886700000.0,5241645900000.0,2500961500000.0,1840711600000.0,14265600000.0,12.960949,35.85,345.697,1626607791,OIL.NS,1.3586927468702865,0.014520668021470126,0.04134933468121785,1
2023-12-31,181.30702798946376,252.64913164129493,177.8652637959292,231.3567657470703,383939129,458456800000.0,54886700000.0,5241645900000.0,2500961500000.0,1840711600000.0,14265600000.0,12.960949,35.85,345.697,1626607791,OIL.NS,1.3586927468702865,0.014520668021470126,0.04134933468121785,1
2024-03-31,232.19600902595144,402.22441370176807,225.29541784640026,378.9581298828125,592305809,458456800000.0,54886700000.0,5241645900000.0,2500961500000.0,1840711600000.0,14265600000.0,12.960949,35.85,345.697,1626607791,OIL.NS,1.3586927468702865,0.014520668021470126,0.04134933468121785,1
2024-06-30,382.7777364080072,469.4598535416719,344.0769757334441,456.4859313964844,405557692,458456800000.0,54886700000.0,5241645900000.0,2500961500000.0,1840711600000.0,14265600000.0,12.960949,35.85,345.697,1626607791,OIL.NS,1.3586927468702865,0.014520668021470126,0.04134933468121785,1
2024-09-30,463.0517992138301,729.6875778672244,445.1219032648526,551.7555541992188,626923203,458456800000.0,54886700000.0,1018728600000.0,278211800000.0,526766600000.0,9446700000.0,12.960949,35.85,345.697,1626607791,OIL.NS,0.5281500383661378,0.014520668021470126,0.04134933468121785,0
2024-12-31,544.0110842526615,564.4412198928767,395.8682123779705,411.8846130371094,188155934,83369000000.0,13388500000.0,1018728600000.0,278211800000.0,526766600000.0,9446700000.0,12.960949,35.85,345.697,1626607791,OIL.NS,0.5281500383661378,0.014520668021470126,0.04134933468121785,0
2025-03-31,414.9922760716009,472.8903785057144,319.4194659544584,376.46038818359375,219646231,88055200000.0,13101000000.0,1044446700000.0,306452400000.0,497677200000.0,6131800000.0,12.960949,35.85,345.697,1626607791,OIL.NS,0.615765399741037,0.012543483549711057,0.02632429213152622,1
2025-06-30,376.4604085800432,478.42350201278924,316.35325432518323,422.6966247558594,242705641,79286600000.0,18964200000.0,1044446700000.0,306452400000.0,497677200000.0,6131800000.0,12.960949,35.85,345.697,1626607791,OIL.NS,0.615765399741037,0.012543483549711057,0.02632429213152622,0
2025-09-30,426.3468968727158,443.86795971275785,374.3675923313683,404.29644775390625,133771030,83941100000.0,14288300000.0,1169080200000.0,358541500000.0,562575900000.0,27236400000.0,12.960949,35.85,345.697,1626607791,OIL.NS,0.6373211152486269,0.01222183046124637,0.025397995186071783,1
2025-12-31,406.44595138645377,439.17657710300983,389.6408935666851,417.95782470703125,117671276,83300900000.0,11950800000.0,1169080200000.0,358541500000.0,562575900000.0,27236400000.0,12.960949,35.85,345.697,1626607791,OIL.NS,0.6373211152486269,0.01222183046124637,0.025397995186071783,1
2026-03-31,417.859310195648,516.1067560356469,400.2289721725366,464.6499938964844,352096514,83300900000.0,11950800000.0,1169080200000.0,358541500000.0,562575900000.0,27236400000.0,12.960949,35.85,345.697,1626607791,OIL.NS,0.6373211152486269,0.01222183046124637,0.025397995186071783,0
2016-03-31,84.77956768282655,85.79819312543565,82.54645030547836,83.8785171508789,42298839,83300900000.0,11950800000.0,1169080200000.0,358541500000.0,562575900000.0,27236400000.0,8.781013,30.23,292.589,12580279206,ONGC.NS,0.6373211152486269,0.01222183046124637,0.025397995186071783,1
2016-06-30,84.03519847552415,88.30551695244824,78.35451208183459,84.74040222167969,354338543,83300900000.0,11950800000.0,1169080200000.0,358541500000.0,562575900000.0,27236400000.0,8.781013,30.23,292.589,12580279206,ONGC.NS,0.6373211152486269,0.01222183046124637,0.025397995186071783,1
2016-09-30,84.97546507360103,104.5795212173884,84.79916564226926,101.91886901855469,481648387,83300900000.0,11950800000.0,1169080200000.0,358541500000.0,562575900000.0,27236400000.0,8.781013,30.23,292.589,12580279206,ONGC.NS,0.6373211152486269,0.01222183046124637,0.025397995186071783,1
2016-12-31,102.05787723629953,126.99271398515273,100.23116091919543,115.86170196533203,507321596,83300900000.0,11950800000.0,1169080200000.0,358541500000.0,562575900000.0,27236400000.0,8.781013,30.23,292.589,12580279206,ONGC.NS,0.6373211152486269,0.01222183046124637,0.025397995186071783,0
2017-03-31,116.13412200025451,128.24406507910314,112.0729782933554,113.29782104492188,468500819,83300900000.0,11950800000.0,1169080200000.0,358541500000.0,562575900000.0,27236400000.0,8.781013,30.23,292.589,12580279206,ONGC.NS,0.6373211152486269,0.01222183046124637,0.025397995186071783,0
2017-06-30,113.42027893381741,119.26888502650525,95.04766002565121,96.33375549316406,397160101,83300900000.0,11950800000.0,1169080200000.0,358541500000.0,562575900000.0,27236400000.0,8.781013,30.23,292.589,12580279206,ONGC.NS,0.6373211152486269,0.01222183046124637,0.025397995186071783,1
2017-09-30,96.39501170213333,107.28733032489981,95.47638067824465,105.19511413574219,520100288,83300900000.0,11950800000.0,1169080200000.0,358541500000.0,562575900000.0,27236400000.0,8.781013,30.23,292.589,12580279206,ONGC.NS,0.6373211152486269,0.01222183046124637,0.025397995186071783,1
2017-12-31,107.07193663144939,128.50632763391064,103.22594600672447,122.06531524658203,423560123,83300900000.0,11950800000.0,1169080200000.0,358541500000.0,562575900000.0,27236400000.0,8.781013,30.23,292.589,12580279206,ONGC.NS,0.6373211152486269,0.01222183046124637,0.025397995186071783,0
2018-03-31,122.06534813149213,133.10250364549066,109.90313188938414,112.56207275390625,415653539,83300900000.0,11950800000.0,1169080200000.0,358541500000.0,562575900000.0,27236400000.0,8.781013,30.23,292.589,12580279206,ONGC.NS,0.6373211152486269,0.01222183046124637,0.025397995186071783,0
2018-06-30,113.38510333191815,121.55182756696428,96.10194596138493,100.28028106689453,405590670,83300900000.0,11950800000.0,1169080200000.0,358541500000.0,562575900000.0,27236400000.0,8.781013,30.23,292.589,12580279206,ONGC.NS,0.6373211152486269,0.01222183046124637,0.025397995186071783,1
2018-09-30,99.9320837851506,118.29180369934406,96.51343149011907,113.0599136352539,400203874,83300900000.0,11950800000.0,1169080200000.0,358541500000.0,562575900000.0,27236400000.0,8.781013,30.23,292.589,12580279206,ONGC.NS,0.6373211152486269,0.01222183046124637,0.025397995186071783,0
2018-12-31,114.39980193765122,117.07954334551543,85.97533082898423,95.64154052734375,686077509,83300900000.0,11950800000.0,1169080200000.0,358541500000.0,562575900000.0,27236400000.0,8.781013,30.23,292.589,12580279206,ONGC.NS,0.6373211152486269,0.01222183046124637,0.025397995186071783,1
2019-03-31,95.70534446022728,108.5419217616418,81.41335436444787,103.78217315673828,768024400,83300900000.0,11950800000.0,1169080200000.0,358541500000.0,562575900000.0,27236400000.0,8.781013,30.23,292.589,12580279206,ONGC.NS,0.6373211152486269,0.01222183046124637,0.025397995186071783,1
2019-06-30,106.84438565349731,119.09323725691998,102.05139490098944,111.67070770263672,736417336,83300900000.0,11950800000.0,1169080200000.0,358541500000.0,562575900000.0,27236400000.0,8.781013,30.23,292.589,12580279206,ONGC.NS,0.6373211152486269,0.01222183046124637,0.025397995186071783,0
2019-09-30,111.97024782212098,113.43477937962386,77.40026630013654,88.28520965576172,790924173,83300900000.0,11950800000.0,1169080200000.0,358541500000.0,562575900000.0,27236400000.0,8.781013,30.23,292.589,12580279206,ONGC.NS,0.6373211152486269,0.01222183046124637,0.025397995186071783,0
2019-12-31,88.08425306618946,100.24186299999323,83.02692065569943,86.27568054199219,562896076,83300900000.0,11950800000.0,1169080200000.0,358541500000.0,562575900000.0,27236400000.0,8.781013,30.23,292.589,12580279206,ONGC.NS,0.6373211152486269,0.01222183046124637,0.025397995186071783,0
2020-03-31,86.2421805438642,89.35693027410517,33.492112143992955,49.14667510986328,1903763011,83300900000.0,11950800000.0,1169080200000.0,358541500000.0,562575900000.0,27236400000.0,8.781013,30.23,292.589,12580279206,ONGC.NS,0.6373211152486269,0.01222183046124637,0.025397995186071783,1
2020-06-30,48.21123084006654,66.99202423412963,43.749891571253265,58.53704833984375,1499711074,83300900000.0,11950800000.0,1169080200000.0,358541500000.0,562575900000.0,27236400000.0,8.781013,30.23,292.589,12580279206,ONGC.NS,0.6373211152486269,0.01222183046124637,0.025397995186071783,0
2020-09-30,56.84607869021357,61.523292952003246,47.131873823897095,49.830265045166016,1215592560,83300900000.0,11950800000.0,1169080200000.0,358541500000.0,562575900000.0,27236400000.0,8.781013,30.23,292.589,12580279206,ONGC.NS,0.6373211152486269,0.01222183046124637,0.025397995186071783,1
2020-12-31,48.571015814967716,75.98664549223189,46.12447391617056,66.95604705810547,1889846414,83300900000.0,11950800000.0,1169080200000.0,358541500000.0,562575900000.0,27236400000.0,8.781013,30.23,292.589,12580279206,ONGC.NS,0.6373211152486269,0.01222183046124637,0.025397995186071783,1
2021-03-31,67.45975381694855,89.54993482530423,63.14233128583893,74.7652359008789,2088324104,83300900000.0,11950800000.0,1169080200000.0,358541500000.0,562575900000.0,27236400000.0,8.781013,30.23,292.589,12580279206,ONGC.NS,0.6373211152486269,0.01222183046124637,0.025397995186071783,1
2021-06-30,75.38737196636515,94.05123423032738,71.32522724734469,86.14653015136719,1665821747,83300900000.0,11950800000.0,1169080200000.0,358541500000.0,562575900000.0,27236400000.0,8.781013,30.23,292.589,12580279206,ONGC.NS,0.6373211152486269,0.01222183046124637,0.025397995186071783,1
2021-09-30,86.1831363642112,110.61517440673569,79.41290600667864,107.41864013671875,1136131418,83300900000.0,11950800000.0,1169080200000.0,358541500000.0,562575900000.0,27236400000.0,8.781013,30.23,292.589,12580279206,ONGC.NS,0.6373211152486269,0.01222183046124637,0.025397995186071783,1
2021-12-31,107.93897547076304,128.419152248579,101.48351418304277,109.770263671875,1271269938,83300900000.0,11950800000.0,1169080200000.0,358541500000.0,562575900000.0,27236400000.0,8.781013,30.23,292.589,12580279206,ONGC.NS,0.6373211152486269,0.01222183046124637,0.025397995186071783,1
2022-03-31,109.73171031059167,151.86168037660337,108.84521599327336,127.6744613647461,1654969913,83300900000.0,11950800000.0,1169080200000.0,358541500000.0,562575900000.0,27236400000.0,8.781013,30.23,292.589,12580279206,ONGC.NS,0.6373211152486269,0.01222183046124637,0.025397995186071783,0
2022-06-30,127.67446770431289,140.06022440534522,101.26710568233244,118.05406951904297,1519437480,83300900000.0,11950800000.0,1169080200000.0,358541500000.0,562575900000.0,27236400000.0,8.781013,30.23,292.589,12580279206,ONGC.NS,0.6373211152486269,0.01222183046124637,0.025397995186071783,0
2022-09-30,116.02873429983498,117.74248298461501,93.36049462867437,101.12788391113281,1603140162,83300900000.0,11950800000.0,1169080200000.0,358541500000.0,562575900000.0,27236400000.0,8.781013,30.23,292.589,12580279206,ONGC.NS,0.6373211152486269,0.01222183046124637,0.025397995186071783,1
2022-12-31,105.03581121341064,126.03102105661105,100.33032894606224,122.8907241821289,847582544,83300900000.0,11950800000.0,1169080200000.0,358541500000.0,562575900000.0,27236400000.0,8.781013,30.23,292.589,12580279206,ONGC.NS,0.6373211152486269,0.01222183046124637,0.025397995186071783,1
2023-03-31,123.35129746341316,137.2861182151722,117.3218931933022,129.8501434326172,734372307,83300900000.0,11950800000.0,1169080200000.0,358541500000.0,562575900000.0,27236400000.0,8.781013,30.23,292.589,12580279206,ONGC.NS,0.6373211152486269,0.01222183046124637,0.025397995186071783,1
2023-06-30,132.81594344406327,145.28087014374057,128.94751636618065,137.80191040039062,735213482,83300900000.0,11950800000.0,1169080200000.0,358541500000.0,562575900000.0,27236400000.0,8.781013,30.23,292.589,12580279206,ONGC.NS,0.6373211152486269,0.01222183046124637,0.025397995186071783,1
2023-09-30,137.801920069739,165.73392387005828,137.54401455529478,165.38909912109375,550632210,83300900000.0,11950800000.0,1169080200000.0,358541500000.0,562575900000.0,27236400000.0,8.781013,30.23,292.589,12580279206,ONGC.NS,0.6373211152486269,0.01222183046124637,0.025397995186071783,1
2023-12-31,163.19078764509342,188.2303452413716,155.0872962875889,182.0595703125,741252832,83300900000.0,11950800000.0,1169080200000.0,358541500000.0,562575900000.0,27236400000.0,8.781013,30.23,292.589,12580279206,ONGC.NS,0.6373211152486269,0.01222183046124637,0.025397995186071783,1
2024-03-31,182.90305887626062,256.70403026420837,180.81654579754405,241.4792022705078,1325576998,83300900000.0,11950800000.0,1169080200000.0,358541500000.0,562575900000.0,27236400000.0,8.781013,30.23,292.589,12580279206,ONGC.NS,0.6373211152486269,0.01222183046124637,0.025397995186071783,1
2024-06-30,241.47923656038242,263.9110122850058,200.89487030255472,247.01959228515625,1179386052,83300900000.0,11950800000.0,1169080200000.0,358541500000.0,562575900000.0,27236400000.0,8.781013,30.23,292.589,12580279206,ONGC.NS,0.6373211152486269,0.01222183046124637,0.025397995186071783,1
2024-09-30,247.74031990738845,310.8014730205616,244.5872459898837,270.1825866699219,1555143127,83300900000.0,11950800000.0,7576138900000.0,1914893200000.0,3522761800000.0,134821300000.0,8.781013,30.23,292.589,12580279206,ONGC.NS,0.5435772580479328,0.01222183046124637,0.025397995186071783,0
2024-12-31,269.63780962091306,272.08904974717746,215.00112651654706,222.5352325439453,773926772,1672125500000.0,85846000000.0,7576138900000.0,1914893200000.0,3522761800000.0,134821300000.0,8.781013,30.23,292.589,12580279206,ONGC.NS,0.5435772580479328,0.01222183046124637,0.025397995186071783,1
2025-03-31,221.19585335827955,254.39244830777753,204.4160465649641,233.72947692871094,793546712,1165003150000.0,73228330000.0,7587231020000.0,1878173020000.0,3434404760000.0,16675860000.0,8.781013,30.23,292.589,12580279206,ONGC.NS,0.5468700258847766,0.009651522381086006,0.021321985938547325,0
2025-06-30,234.31763548625756,244.27850171044133,194.47414265441023,231.6708984375,862518880,1631081200000.0,98040700000.0,7587231020000.0,1878173020000.0,3434404760000.0,16675860000.0,8.781013,30.23,292.589,12580279206,ONGC.NS,0.5468700258847766,0.009651522381086006,0.021321985938547325,0
2025-09-30,232.70491863033175,234.6496640703136,219.43323145150126,228.3969268798828,531416764,1579110800000.0,107848800000.0,7814177600000.0,1760178000000.0,3677787800000.0,64759600000.0,8.781013,30.23,292.589,12580279206,ONGC.NS,0.4785969435213201,0.013801682726023529,0.029324367218793862,1
2025-12-31,227.53864474331868,246.51609288363935,223.35410887403685,234.853515625,516481670,1674229300000.0,100157800000.0,7814177600000.0,1760178000000.0,3677787800000.0,64759600000.0,8.781013,30.23,292.589,12580279206,ONGC.NS,0.4785969435213201,0.013801682726023529,0.029324367218793862,1
2026-03-31,235.36154378697555,293.0,225.6891604243898,265.45001220703125,1152885807,1674229300000.0,100157800000.0,7814177600000.0,1760178000000.0,3677787800000.0,64759600000.0,8.781013,30.23,292.589,12580279206,ONGC.NS,0.4785969435213201,0.013801682726023529,0.029324367218793862,0
2016-03-31,88.55652018753955,88.59097626683018,82.78371517740528,86.41970825195312,17288362,1674229300000.0,100157800000.0,7814177600000.0,1760178000000.0,3677787800000.0,64759600000.0,9.820545,24.24,140.783,1500000088,PETRONET.NS,0.4785969435213201,0.013801682726023529,0.029324367218793862,1
2016-06-30,86.1612451468616,102.01489552345943,81.68085694832995,101.39453887939453,167113054,1674229300000.0,100157800000.0,7814177600000.0,1760178000000.0,3677787800000.0,64759600000.0,9.820545,24.24,140.783,1500000088,PETRONET.NS,0.4785969435213201,0.013801682726023529,0.029324367218793862,1
2016-09-30,102.39401655643837,126.26067667170645,97.36218677752152,119.8976058959961,175285610,1674229300000.0,100157800000.0,7814177600000.0,1760178000000.0,3677787800000.0,64759600000.0,9.820545,24.24,140.783,1500000088,PETRONET.NS,0.4785969435213201,0.013801682726023529,0.029324367218793862,1
2016-12-31,119.91500535851388,142.63443561209363,113.16336653232942,127.5517578125,241554090,1674229300000.0,100157800000.0,7814177600000.0,1760178000000.0,3677787800000.0,64759600000.0,9.820545,24.24,140.783,1500000088,PETRONET.NS,0.4785969435213201,0.013801682726023529,0.029324367218793862,1
2017-03-31,128.40223510323747,144.75191718527213,122.04980353460046,139.94418334960938,247645700,1674229300000.0,100157800000.0,7814177600000.0,1760178000000.0,3677787800000.0,64759600000.0,9.820545,24.24,140.783,1500000088,PETRONET.NS,0.4785969435213201,0.013801682726023529,0.029324367218793862,1
2017-06-30,141.4194888485599,159.3312491824722,139.90948480127557,149.9761505126953,292074712,1674229300000.0,100157800000.0,7814177600000.0,1760178000000.0,3677787800000.0,64759600000.0,9.820545,24.24,140.783,1500000088,PETRONET.NS,0.4785969435213201,0.013801682726023529,0.029324367218793862,1
2017-09-30,149.22982828750247,169.69034711547528,137.60110208410524,162.31861877441406,264941982,1674229300000.0,100157800000.0,7814177600000.0,1760178000000.0,3677787800000.0,64759600000.0,9.820545,24.24,140.783,1500000088,PETRONET.NS,0.4785969435213201,0.013801682726023529,0.029324367218793862,1
2017-12-31,163.51212512934381,193.52563249811098,162.88026631236588,178.85238647460938,307566328,1674229300000.0,100157800000.0,7814177600000.0,1760178000000.0,3677787800000.0,64759600000.0,9.820545,24.24,140.783,1500000088,PETRONET.NS,0.4785969435213201,0.013801682726023529,0.029324367218793862,0
2018-03-31,178.32581528385703,182.1521250406048,156.98291843964716,162.14309692382812,207107896,1674229300000.0,100157800000.0,7814177600000.0,1760178000000.0,3677787800000.0,64759600000.0,9.820545,24.24,140.783,1500000088,PETRONET.NS,0.4785969435213201,0.013801682726023529,0.029324367218793862,0
2018-06-30,162.56432287098258,172.25290580227744,141.85326696481533,153.89378356933594,221105250,1674229300000.0,100157800000.0,7814177600000.0,1760178000000.0,3677787800000.0,64759600000.0,9.820545,24.24,140.783,1500000088,PETRONET.NS,0.4785969435213201,0.013801682726023529,0.029324367218793862,1
2018-09-30,153.89378199278042,176.5552234488459,144.38073217975833,160.813720703125,185433370,1674229300000.0,100157800000.0,7814177600000.0,1760178000000.0,3677787800000.0,64759600000.0,9.820545,24.24,140.783,1500000088,PETRONET.NS,0.4785969435213201,0.013801682726023529,0.029324367218793862,1
2018-12-31,160.81371715719857,168.02984758367376,146.68216548853152,164.47108459472656,180496329,1674229300000.0,100157800000.0,7814177600000.0,1760178000000.0,3677787800000.0,64759600000.0,9.820545,24.24,140.783,1500000088,PETRONET.NS,0.4785969435213201,0.013801682726023529,0.029324367218793862,1
2019-03-31,165.02140212999902,182.70489350222797,152.65768142102198,179.36631774902344,194473873,1674229300000.0,100157800000.0,7814177600000.0,1760178000000.0,3677787800000.0,64759600000.0,9.820545,24.24,140.783,1500000088,PETRONET.NS,0.4785969435213201,0.013801682726023529,0.029324367218793862,1
2019-06-30,186.22690387276387,187.0340271463599,160.83900166371404,179.84326171875,134328295,1674229300000.0,100157800000.0,7814177600000.0,1760178000000.0,3677787800000.0,64759600000.0,9.820545,24.24,140.783,1500000088,PETRONET.NS,0.4785969435213201,0.013801682726023529,0.029324367218793862,1
2019-09-30,181.2740805585876,223.56184207216467,167.55286864390015,194.32681274414062,224975289,1674229300000.0,100157800000.0,7814177600000.0,1760178000000.0,3677787800000.0,64759600000.0,9.820545,24.24,140.783,1500000088,PETRONET.NS,0.4785969435213201,0.013801682726023529,0.029324367218793862,1
2019-12-31,195.14930794767898,222.6272010068342,189.4667948001724,204.2428741455078,158989199,1674229300000.0,100157800000.0,7814177600000.0,1760178000000.0,3677787800000.0,64759600000.0,9.820545,24.24,140.783,1500000088,PETRONET.NS,0.4785969435213201,0.013801682726023529,0.029324367218793862,0
2020-03-31,204.66209263584298,213.58036456617944,129.88609436205078,152.21983337402344,197834892,1674229300000.0,100157800000.0,7814177600000.0,1760178000000.0,3677787800000.0,64759600000.0,9.820545,24.24,140.783,1500000088,PETRONET.NS,0.4785969435213201,0.013801682726023529,0.029324367218793862,1
2020-06-30,151.68625907897948,205.08134010120662,147.15091848294833,196.69668579101562,193226029,1674229300000.0,100157800000.0,7814177600000.0,1760178000000.0,3677787800000.0,64759600000.0,9.820545,24.24,140.783,1500000088,PETRONET.NS,0.4785969435213201,0.013801682726023529,0.029324367218793862,0
2020-09-30,198.22115729445443,213.99956104333322,164.08402385774042,172.73443603515625,277235800,1674229300000.0,100157800000.0,7814177600000.0,1760178000000.0,3677787800000.0,64759600000.0,9.820545,24.24,140.783,1500000088,PETRONET.NS,0.4785969435213201,0.013801682726023529,0.029324367218793862,1
2020-12-31,173.24328575278585,219.64075193702854,162.24433991109106,200.01126098632812,300780579,1674229300000.0,100157800000.0,7814177600000.0,1760178000000.0,3677787800000.0,64759600000.0,9.820545,24.24,140.783,1500000088,PETRONET.NS,0.4785969435213201,0.013801682726023529,0.029324367218793862,0
2021-03-31,201.02098134326883,222.42771692861655,177.7159580044946,181.4722137451172,307512775,1674229300000.0,100157800000.0,7814177600000.0,1760178000000.0,3677787800000.0,64759600000.0,9.820545,24.24,140.783,1500000088,PETRONET.NS,0.4785969435213201,0.013801682726023529,0.029324367218793862,1
2021-06-30,183.20900254453502,203.72709686197746,173.27304105536882,182.40121459960938,265221172,1674229300000.0,100157800000.0,7814177600000.0,1760178000000.0,3677787800000.0,64759600000.0,9.820545,24.24,140.783,1500000088,PETRONET.NS,0.4785969435213201,0.013801682726023529,0.029324367218793862,1
2021-09-30,183.8781297258075,199.30388680503688,173.4575452277297,195.734619140625,226731913,1674229300000.0,100157800000.0,7814177600000.0,1760178000000.0,3677787800000.0,64759600000.0,9.820545,24.24,140.783,1500000088,PETRONET.NS,0.4785969435213201,0.013801682726023529,0.029324367218793862,0
2021-12-31,193.64228917580652,199.8372173580549,177.2570679226495,182.96417236328125,155880930,1674229300000.0,100157800000.0,7814177600000.0,1760178000000.0,3677787800000.0,64759600000.0,9.820545,24.24,140.783,1500000088,PETRONET.NS,0.4785969435213201,0.013801682726023529,0.029324367218793862,0
2022-03-31,183.0064239885549,192.68728329808957,160.8545855558598,163.81378173828125,173154750,1674229300000.0,100157800000.0,7814177600000.0,1760178000000.0,3677787800000.0,64759600000.0,9.820545,24.24,140.783,1500000088,PETRONET.NS,0.4785969435213201,0.013801682726023529,0.029324367218793862,1
2022-06-30,164.02515724624135,196.15379672283171,164.02515724624135,183.72508239746094,156320317,1674229300000.0,100157800000.0,7814177600000.0,1760178000000.0,3677787800000.0,64759600000.0,9.820545,24.24,140.783,1500000088,PETRONET.NS,0.4785969435213201,0.013801682726023529,0.029324367218793862,0
2022-09-30,182.03412480227325,198.4963961903338,170.05963305893064,172.5192413330078,98655793,1674229300000.0,100157800000.0,7814177600000.0,1760178000000.0,3677787800000.0,64759600000.0,9.820545,24.24,140.783,1500000088,PETRONET.NS,0.4785969435213201,0.013801682726023529,0.029324367218793862,1
2022-12-31,173.38225724420516,196.34143299459342,168.89451935258728,192.28074645996094,107250959,1674229300000.0,100157800000.0,7814177600000.0,1760178000000.0,3677787800000.0,64759600000.0,9.820545,24.24,140.783,1500000088,PETRONET.NS,0.4785969435213201,0.013801682726023529,0.029324367218793862,1
2023-03-31,191.8344989755327,214.01216216582375,184.73945222079428,204.23974609375,141791353,1674229300000.0,100157800000.0,7814177600000.0,1760178000000.0,3677787800000.0,64759600000.0,9.820545,24.24,140.783,1500000088,PETRONET.NS,0.4785969435213201,0.013801682726023529,0.029324367218793862,0
2023-06-30,205.22141394924287,216.3325700952989,193.35167663088183,198.75108337402344,128428719,1674229300000.0,100157800000.0,7814177600000.0,1760178000000.0,3677787800000.0,64759600000.0,9.820545,24.24,140.783,1500000088,PETRONET.NS,0.4785969435213201,0.013801682726023529,0.029324367218793862,1
2023-09-30,199.46507100341,230.12761205327192,194.21541071505894,217.05628967285156,162825331,1674229300000.0,100157800000.0,7814177600000.0,1760178000000.0,3677787800000.0,64759600000.0,9.820545,24.24,140.783,1500000088,PETRONET.NS,0.4785969435213201,0.013801682726023529,0.029324367218793862,0
2023-12-31,217.55382243653304,218.68455955938404,174.9024213556657,208.7099151611328,341098066,1674229300000.0,100157800000.0,7814177600000.0,1760178000000.0,3677787800000.0,64759600000.0,9.820545,24.24,140.783,1500000088,PETRONET.NS,0.4785969435213201,0.013801682726023529,0.029324367218793862,1
2024-03-31,209.03801474231653,277.8893370210749,208.56931964199742,246.72108459472656,436116303,1674229300000.0,100157800000.0,7814177600000.0,1760178000000.0,3677787800000.0,64759600000.0,9.820545,24.24,140.783,1500000088,PETRONET.NS,0.4785969435213201,0.013801682726023529,0.029324367218793862,1
2024-06-30,247.0491478002529,313.13516837502215,237.53467238405693,309.5730895996094,439441270,1674229300000.0,100157800000.0,7814177600000.0,1760178000000.0,3677787800000.0,64759600000.0,9.820545,24.24,140.783,1500000088,PETRONET.NS,0.4785969435213201,0.013801682726023529,0.029324367218793862,1
2024-09-30,312.15091720045,363.3357344134793,301.0897073031615,323.0018310546875,259888001,1674229300000.0,100157800000.0,261604800000.0,28102300000.0,189287900000.0,13025000000.0,9.820545,24.24,140.783,1500000088,PETRONET.NS,0.14846326680152297,0.013801682726023529,0.029324367218793862,1
2024-12-31,324.0420925433193,348.6301417442059,298.09633455538125,334.1458435058594,177374002,122268600000.0,9017000000.0,261604800000.0,28102300000.0,189287900000.0,13025000000.0,9.820545,24.24,140.783,1500000088,PETRONET.NS,0.14846326680152297,0.013801682726023529,0.029324367218793862,0
2025-03-31,334.86976919623254,337.1861991541843,260.40596465252395,283.3773193359375,160616168,120139600000.0,10949000000.0,272967300000.0,26565800000.0,198775300000.0,7811200000.0,9.820545,24.24,140.783,1500000088,PETRONET.NS,0.13364738979138757,0.040111031614409494,0.05508229644226421,1
2025-06-30,281.8330055063034,315.13176704418254,260.21294625101393,291.3883056640625,131856750,118798600000.0,8418800000.0,272967300000.0,26565800000.0,198775300000.0,7811200000.0,9.820545,24.24,140.783,1500000088,PETRONET.NS,0.13364738979138757,0.040111031614409494,0.05508229644226421,0
2025-09-30,292.45001761157715,305.5340832791568,259.4212626731403,271.802490234375,144418865,110091300000.0,8303000000.0,282218300000.0,25046600000.0,210997000000.0,12559600000.0,9.820545,24.24,140.783,1500000088,PETRONET.NS,0.11870595316521088,0.02942048761543812,0.03935127039720944,1
2025-12-31,271.948766388793,284.95001220703125,263.5,284.1000061035156,131553812,111638300000.0,8696100000.0,282218300000.0,25046600000.0,210997000000.0,12559600000.0,9.820545,24.24,140.783,1500000088,PETRONET.NS,0.11870595316521088,0.02942048761543812,0.03935127039720944,0
2026-03-31,284.8999938964844,326.3999938964844,235.35000610351562,238.0500030517578,242437185,111638300000.0,8696100000.0,282218300000.0,25046600000.0,210997000000.0,12559600000.0,9.820545,24.24,140.783,1500000088,PETRONET.NS,0.11870595316521088,0.02942048761543812,0.03935127039720944,0
2016-03-31,48.81070430315144,50.12606303489004,48.52630360368957,49.45061492919922,53228784,111638300000.0,8696100000.0,282218300000.0,25046600000.0,210997000000.0,12559600000.0,19.377806,15.59,106.531,9300603819,POWERGRID.NS,0.11870595316521088,0.02942048761543812,0.03935127039720944,1
2016-06-30,49.69947382637582,58.2493474287052,49.09511507223293,57.98271942138672,381479181,111638300000.0,8696100000.0,282218300000.0,25046600000.0,210997000000.0,12559600000.0,19.377806,15.59,106.531,9300603819,POWERGRID.NS,0.11870595316521088,0.02942048761543812,0.03935127039720944,1
2016-09-30,58.30267341885217,67.26008424117236,56.951775219752335,63.281455993652344,524570993,111638300000.0,8696100000.0,282218300000.0,25046600000.0,210997000000.0,12559600000.0,19.377806,15.59,106.531,9300603819,POWERGRID.NS,0.11870595316521088,0.02942048761543812,0.03935127039720944,1
2016-12-31,63.49651477916536,70.39637081310525,59.84050692756429,65.7725830078125,480156281,111638300000.0,8696100000.0,282218300000.0,25046600000.0,210997000000.0,12559600000.0,19.377806,15.59,106.531,9300603819,POWERGRID.NS,0.11870595316521088,0.02942048761543812,0.03935127039720944,1
2017-03-31,65.77256803453037,75.25033369149364,65.44997882643565,71.07177734375,615146240,111638300000.0,8696100000.0,282218300000.0,25046600000.0,210997000000.0,12559600000.0,19.377806,15.59,106.531,9300603819,POWERGRID.NS,0.11870595316521088,0.02942048761543812,0.03935127039720944,1
2017-06-30,71.82824112430976,77.44769007687233,69.55884107353512,75.84469604492188,531690236,111638300000.0,8696100000.0,282218300000.0,25046600000.0,210997000000.0,12559600000.0,19.377806,15.59,106.531,9300603819,POWERGRID.NS,0.11870595316521088,0.02942048761543812,0.03935127039720944,1
2017-09-30,75.64657339496819,81.62624860889659,74.99817866087655,77.2207260131836,478921939,111638300000.0,8696100000.0,282218300000.0,25046600000.0,210997000000.0,12559600000.0,19.377806,15.59,106.531,9300603819,POWERGRID.NS,0.11870595316521088,0.02942048761543812,0.03935127039720944,0
2017-12-31,77.6416047106963,80.69749463719003,70.77956463546579,73.3230972290039,744380500,111638300000.0,8696100000.0,282218300000.0,25046600000.0,210997000000.0,12559600000.0,19.377806,15.59,106.531,9300603819,POWERGRID.NS,0.11870595316521088,0.02942048761543812,0.03935127039720944,0
2018-03-31,72.84731835375156,74.38443571669855,69.16928704456922,71.62223052978516,708635063,111638300000.0,8696100000.0,282218300000.0,25046600000.0,210997000000.0,12559600000.0,19.377806,15.59,106.531,9300603819,POWERGRID.NS,0.11870595316521088,0.02942048761543812,0.03935127039720944,0
2018-06-30,71.49253314827017,80.05383476467408,67.87896764866986,69.2502670288086,1050609743,111638300000.0,8696100000.0,282218300000.0,25046600000.0,210997000000.0,12559600000.0,19.377806,15.59,106.531,9300603819,POWERGRID.NS,0.11870595316521088,0.02942048761543812,0.03935127039720944,1
2018-09-30,69.30586544962728,76.66625074765702,64.52486736050079,70.83824920654297,544686939,111638300000.0,8696100000.0,282218300000.0,25046600000.0,210997000000.0,12559600000.0,19.377806,15.59,106.531,9300603819,POWERGRID.NS,0.11870595316521088,0.02942048761543812,0.03935127039720944,1
2018-12-31,70.80064966248013,75.1998683653161,66.42027735650991,74.69226837158203,491840650,111638300000.0,8696100000.0,282218300000.0,25046600000.0,210997000000.0,12559600000.0,19.377806,15.59,106.531,9300603819,POWERGRID.NS,0.11870595316521088,0.02942048761543812,0.03935127039720944,1
2019-03-31,74.24104354495894,79.34221775147218,64.85986696143506,76.84220123291016,685239333,111638300000.0,8696100000.0,282218300000.0,25046600000.0,210997000000.0,12559600000.0,19.377806,15.59,106.531,9300603819,POWERGRID.NS,0.11870595316521088,0.02942048761543812,0.03935127039720944,1
2019-06-30,76.82281488197455,81.76472992847721,68.78006183058952,80.19495391845703,722481752,111638300000.0,8696100000.0,282218300000.0,25046600000.0,210997000000.0,12559600000.0,19.377806,15.59,106.531,9300603819,POWERGRID.NS,0.11870595316521088,0.02942048761543812,0.03935127039720944,0
2019-09-30,80.33062775545247,83.81902757264476,72.56562344083495,78.07669830322266,779053535,111638300000.0,8696100000.0,282218300000.0,25046600000.0,210997000000.0,12559600000.0,19.377806,15.59,106.531,9300603819,POWERGRID.NS,0.11870595316521088,0.02942048761543812,0.03935127039720944,0
2019-12-31,78.25321683352998,81.41077673033463,69.9375700292724,74.62490844726562,712112775,111638300000.0,8696100000.0,282218300000.0,25046600000.0,210997000000.0,12559600000.0,19.377806,15.59,106.531,9300603819,POWERGRID.NS,0.11870595316521088,0.02942048761543812,0.03935127039720944,0
2020-03-31,74.7425968716943,82.76403609200915,49.676290933094556,64.70323944091797,1880598639,111638300000.0,8696100000.0,282218300000.0,25046600000.0,210997000000.0,12559600000.0,19.377806,15.59,106.531,9300603819,POWERGRID.NS,0.11870595316521088,0.02942048761543812,0.03935127039720944,1
2020-06-30,64.66256404276548,76.86306025112249,61.71411482437599,71.10848999023438,1300599925,111638300000.0,8696100000.0,282218300000.0,25046600000.0,210997000000.0,12559600000.0,19.377806,15.59,106.531,9300603819,POWERGRID.NS,0.11870595316521088,0.02942048761543812,0.03935127039720944,0
2020-09-30,71.16949482370687,77.53406518624118,64.86590356257682,67.57903289794922,1114410722,111638300000.0,8696100000.0,282218300000.0,25046600000.0,210997000000.0,12559600000.0,19.377806,15.59,106.531,9300603819,POWERGRID.NS,0.11870595316521088,0.02942048761543812,0.03935127039720944,1
2020-12-31,68.5358255161046,83.41187809349967,64.31343446433613,81.04270935058594,1221503469,111638300000.0,8696100000.0,282218300000.0,25046600000.0,210997000000.0,12559600000.0,19.377806,15.59,106.531,9300603819,POWERGRID.NS,0.11870595316521088,0.02942048761543812,0.03935127039720944,1
2021-03-31,80.67984895080485,101.91092543343046,77.90514868831042,93.7589111328125,1526309413,111638300000.0,8696100000.0,282218300000.0,25046600000.0,210997000000.0,12559600000.0,19.377806,15.59,106.531,9300603819,POWERGRID.NS,0.11870595316521088,0.02942048761543812,0.03935127039720944,1
2021-06-30,94.19369467408256,109.34553442700378,86.30254073206878,101.04136657714844,1262679970,111638300000.0,8696100000.0,282218300000.0,25046600000.0,210997000000.0,12559600000.0,19.377806,15.59,106.531,9300603819,POWERGRID.NS,0.11870595316521088,0.02942048761543812,0.03935127039720944,1
2021-09-30,101.10657949399825,116.80571102420033,96.89651837809451,112.02729797363281,985155878,111638300000.0,8696100000.0,282218300000.0,25046600000.0,210997000000.0,12559600000.0,19.377806,15.59,106.531,9300603819,POWERGRID.NS,0.11870595316521088,0.02942048761543812,0.03935127039720944,1
2021-12-31,112.5582410263645,129.08435701044579,106.364002094674,124.81007385253906,1079144070,111638300000.0,8696100000.0,282218300000.0,25046600000.0,210997000000.0,12559600000.0,19.377806,15.59,106.531,9300603819,POWERGRID.NS,0.11870595316521088,0.02942048761543812,0.03935127039720944,1
2022-03-31,125.42068656961456,140.20194310852955,119.17795143645644,136.0599365234375,944438595,111638300000.0,8696100000.0,282218300000.0,25046600000.0,210997000000.0,12559600000.0,19.377806,15.59,106.531,9300603819,POWERGRID.NS,0.11870595316521088,0.02942048761543812,0.03935127039720944,0
2022-06-30,135.6206151241073,155.86015594821555,129.37616904430197,132.9847412109375,946953273,111638300000.0,8696100000.0,282218300000.0,25046600000.0,210997000000.0,12559600000.0,19.377806,15.59,106.531,9300603819,POWERGRID.NS,0.11870595316521088,0.02942048761543812,0.03935127039720944,1
2022-09-30,132.4513159407103,151.11679754796359,118.09857721493613,134.4809112548828,1207977001,111638300000.0,8696100000.0,282218300000.0,25046600000.0,210997000000.0,12559600000.0,19.377806,15.59,106.531,9300603819,POWERGRID.NS,0.11870595316521088,0.02942048761543812,0.03935127039720944,1
2022-12-31,134.98792528926552,149.91262560681363,129.28420463235645,138.67076110839844,764134466,111638300000.0,8696100000.0,282218300000.0,25046600000.0,210997000000.0,12559600000.0,19.377806,15.59,106.531,9300603819,POWERGRID.NS,0.11870595316521088,0.02942048761543812,0.03935127039720944,1
2023-03-31,139.2223315101197,155.4272531946693,132.53859511063922,149.91424560546875,869906226,111638300000.0,8696100000.0,282218300000.0,25046600000.0,210997000000.0,12559600000.0,19.377806,15.59,106.531,9300603819,POWERGRID.NS,0.11870595316521088,0.02942048761543812,0.03935127039720944,1
2023-06-30,151.01019611084132,172.49766744239204,148.58579200158516,169.47547912597656,678108206,111638300000.0,8696100000.0,282218300000.0,25046600000.0,210997000000.0,12559600000.0,19.377806,15.59,106.531,9300603819,POWERGRID.NS,0.11870595316521088,0.02942048761543812,0.03935127039720944,1
2023-09-30,169.07697939019866,185.9569444636259,157.22062588782921,180.35882568359375,1020278920,111638300000.0,8696100000.0,282218300000.0,25046600000.0,210997000000.0,12559600000.0,19.377806,15.59,106.531,9300603819,POWERGRID.NS,0.11870595316521088,0.02942048761543812,0.03935127039720944,1
2023-12-31,179.45589695794575,220.86017225356414,174.94127115626245,218.32896423339844,1010615954,111638300000.0,8696100000.0,282218300000.0,25046600000.0,210997000000.0,12559600000.0,19.377806,15.59,106.531,9300603819,POWERGRID.NS,0.11870595316521088,0.02942048761543812,0.03935127039720944,1
2024-03-31,218.97326492241234,279.7200720289706,208.0660054780952,259.13177490234375,1342476773,111638300000.0,8696100000.0,282218300000.0,25046600000.0,210997000000.0,12559600000.0,19.377806,15.59,106.531,9300603819,POWERGRID.NS,0.11870595316521088,0.02942048761543812,0.03935127039720944,1
2024-06-30,262.7347530298351,326.3245394135394,251.17724724941587,309.7134704589844,1215537350,111638300000.0,8696100000.0,282218300000.0,25046600000.0,210997000000.0,12559600000.0,19.377806,15.59,106.531,9300603819,POWERGRID.NS,0.11870595316521088,0.02942048761543812,0.03935127039720944,1
2024-09-30,309.76029294652307,345.5981368756376,300.4955175598957,332.9537048339844,909267150,112777600000.0,37930200000.0,2552969000000.0,1225675000000.0,920610700000.0,38470700000.0,19.377806,15.59,106.531,9300603819,POWERGRID.NS,1.3313716644831524,0.014857289688985647,0.04120112877245507,0
2024-12-31,331.302388166196,335.9260841265613,291.29321695966684,295.47442626953125,826452635,112330300000.0,38616300000.0,2552969000000.0,1225675000000.0,920610700000.0,38470700000.0,19.377806,15.59,106.531,9300603819,POWERGRID.NS,1.3313716644831524,0.014857289688985647,0.04120112877245507,0
2025-03-31,295.47447363229577,304.3759897090918,239.47322413686564,281.1607360839844,851814599,122753500000.0,41428700000.0,2661071900000.0,1345177100000.0,926628100000.0,37967900000.0,19.377806,15.59,106.531,9300603819,POWERGRID.NS,1.4516903815025683,0.015568425640810383,0.04470909095029602,1
2025-06-30,280.43450501591667,311.809016418457,272.88135270306583,290.4084777832031,821158760,111962200000.0,36305800000.0,2661071900000.0,1345177100000.0,926628100000.0,37967900000.0,19.377806,15.59,106.531,9300603819,POWERGRID.NS,1.4516903815025683,0.015568425640810383,0.04470909095029602,0
2025-09-30,291.47366595973506,293.1198756893476,264.77345670861183,272.55377197265625,650675935,111962200000.0,36305800000.0,2661071900000.0,1345177100000.0,926628100000.0,37967900000.0,19.377806,15.59,106.531,9300603819,POWERGRID.NS,1.4516903815025683,0.015568425640810383,0.04470909095029602,0
2025-12-31,273.2831737716498,288.5033927571594,252.96020891421256,261.66253662109375,731658781,123950900000.0,41849600000.0,2661071900000.0,1345177100000.0,926628100000.0,37967900000.0,19.377806,15.59,106.531,9300603819,POWERGRID.NS,1.4516903815025683,0.015568425640810383,0.04470909095029602,1
2026-03-31,261.1680662317967,311.70001220703125,247.224610170096,302.1000061035156,908893217,123950900000.0,41849600000.0,2661071900000.0,1345177100000.0,926628100000.0,37967900000.0,19.377806,15.59,106.531,9300603819,POWERGRID.NS,1.4516903815025683,0.015568425640810383,0.04470909095029602,0
2016-03-31,229.40048249725353,231.39450978763205,222.5528828244483,229.02796936035156,96034505,123950900000.0,41849600000.0,2661071900000.0,1345177100000.0,926628100000.0,37967900000.0,22.879898,61.53,648.12,13532472634,RELIANCE.NS,1.4516903815025683,0.015568425640810383,0.04470909095029602,0
2016-06-30,227.6913339945881,234.4403259570733,202.83176808685087,212.36361694335938,908888217,123950900000.0,41849600000.0,2661071900000.0,1345177100000.0,926628100000.0,37967900000.0,22.879898,61.53,648.12,13532472634,RELIANCE.NS,1.4516903815025683,0.015568425640810383,0.04470909095029602,1
2016-09-30,213.15249553453526,247.51106648279213,212.54989354376417,237.4642333984375,952295888,123950900000.0,41849600000.0,2661071900000.0,1345177100000.0,926628100000.0,37967900000.0,22.879898,61.53,648.12,13532472634,RELIANCE.NS,1.4516903815025683,0.015568425640810383,0.04470909095029602,0
2016-12-31,238.18735967454805,246.7879471034055,203.78495329186768,237.17938232421875,843838968,123950900000.0,41849600000.0,2661071900000.0,1345177100000.0,926628100000.0,37967900000.0,22.879898,61.53,648.12,13532472634,RELIANCE.NS,1.4516903815025683,0.015568425640810383,0.04470909095029602,1
2017-03-31,237.52996765259263,293.11068679847307,221.92840280975588,289.44036865234375,1430109712,123950900000.0,41849600000.0,2661071900000.0,1345177100000.0,926628100000.0,37967900000.0,22.879898,61.53,648.12,13532472634,RELIANCE.NS,1.4516903815025683,0.015568425640810383,0.04470909095029602,1
2017-06-30,294.0638600486101,321.6186675605162,283.78695388504707,302.3905944824219,1143788380,123950900000.0,41849600000.0,2661071900000.0,1345177100000.0,926628100000.0,37967900000.0,22.879898,61.53,648.12,13532472634,RELIANCE.NS,1.4516903815025683,0.015568425640810383,0.04470909095029602,1
2017-09-30,304.1873382673583,385.4103191373645,300.41843241024867,344.9477844238281,1148659560,123950900000.0,41849600000.0,2661071900000.0,1345177100000.0,926628100000.0,37967900000.0,22.879898,61.53,648.12,13532472634,RELIANCE.NS,1.4516903815025683,0.015568425640810383,0.04470909095029602,1
2017-12-31,351.1761890653594,423.8409238591258,346.91345863943957,406.8563537597656,878241304,123950900000.0,41849600000.0,2661071900000.0,1345177100000.0,926628100000.0,37967900000.0,22.879898,61.53,648.12,13532472634,RELIANCE.NS,1.4516903815025683,0.015568425640810383,0.04470909095029602,0
2018-03-31,407.5852391130104,437.7333516251692,384.7477132531693,389.9159851074219,896536421,123950900000.0,41849600000.0,2661071900000.0,1345177100000.0,926628100000.0,37967900000.0,22.879898,61.53,648.12,13532472634,RELIANCE.NS,1.4516903815025683,0.015568425640810383,0.04470909095029602,1
2018-06-30,394.46578098920827,457.6333177816928,391.0424105139204,432.43280029296875,906430996,123950900000.0,41849600000.0,2661071900000.0,1345177100000.0,926628100000.0,37967900000.0,22.879898,61.53,648.12,13532472634,RELIANCE.NS,1.4516903815025683,0.015568425640810383,0.04470909095029602,1
2018-09-30,432.38836515827825,590.984858666815,425.5624840558685,559.3900756835938,1154970195,123950900000.0,41849600000.0,2661071900000.0,1345177100000.0,926628100000.0,37967900000.0,22.879898,61.53,648.12,13532472634,RELIANCE.NS,1.4516903815025683,0.015568425640810383,0.04470909095029602,0
2018-12-31,559.2789711752496,559.2789711752496,451.97668366649805,498.6017761230469,1294722897,123950900000.0,41849600000.0,2661071900000.0,1345177100000.0,926628100000.0,37967900000.0,22.879898,61.53,648.12,13532472634,RELIANCE.NS,1.4516903815025683,0.015568425640810383,0.04470909095029602,1
2019-03-31,500.38048095824377,617.2210908303263,480.74772345630646,604.7699584960938,1225346754,123950900000.0,41849600000.0,2661071900000.0,1345177100000.0,926628100000.0,37967900000.0,22.879898,61.53,648.12,13532472634,RELIANCE.NS,1.4516903815025683,0.015568425640810383,0.04470909095029602,0
2019-06-30,609.2168953564346,630.3394131790576,545.8493988853006,557.2333374023438,1193063989,123950900000.0,41849600000.0,2661071900000.0,1345177100000.0,926628100000.0,37967900000.0,22.879898,61.53,648.12,13532472634,RELIANCE.NS,1.4516903815025683,0.015568425640810383,0.04470909095029602,1
2019-09-30,559.4346159655151,597.5520182869049,489.9858131797809,595.9862670898438,1265634997,123950900000.0,41849600000.0,2661071900000.0,1345177100000.0,926628100000.0,37967900000.0,22.879898,61.53,648.12,13532472634,RELIANCE.NS,1.4516903815025683,0.015568425640810383,0.04470909095029602,1
2019-12-31,598.1110797172258,723.6160040571339,573.1934960470242,677.3150024414062,1099776279,123950900000.0,41849600000.0,2661071900000.0,1345177100000.0,926628100000.0,37967900000.0,22.879898,61.53,648.12,13532472634,RELIANCE.NS,1.4516903815025683,0.015568425640810383,0.04470909095029602,0
2020-03-31,679.0819357370663,719.7911481994419,391.7247049147837,498.239501953125,1810180658,123950900000.0,41849600000.0,2661071900000.0,1345177100000.0,926628100000.0,37967900000.0,22.879898,61.53,648.12,13532472634,RELIANCE.NS,1.4516903815025683,0.015568425640810383,0.04470909095029602,1
2020-06-30,502.04204803999727,814.7650899304879,467.573515992968,769.560546875,2903202810,123950900000.0,41849600000.0,2661071900000.0,1345177100000.0,926628100000.0,37967900000.0,22.879898,61.53,648.12,13532472634,RELIANCE.NS,1.4516903815025683,0.015568425640810383,0.04470909095029602,1
2020-09-30,776.7408788298266,1074.3373820752818,771.3443062214384,1013.1242065429688,2987118539,123950900000.0,41849600000.0,2661071900000.0,1345177100000.0,926628100000.0,37967900000.0,22.879898,61.53,648.12,13532472634,RELIANCE.NS,1.4516903815025683,0.015568425640810383,0.04470909095029602,0
2020-12-31,1026.4776536649397,1046.9727737786616,832.0917105106013,900.1970825195312,2003948470,123950900000.0,41849600000.0,2661071900000.0,1345177100000.0,926628100000.0,37967900000.0,22.879898,61.53,648.12,13532472634,RELIANCE.NS,1.4516903815025683,0.015568425640810383,0.04470909095029602,1
2021-03-31,901.4213814086115,1012.0132716669716,829.7792200753853,908.2681274414062,1593305885,123950900000.0,41849600000.0,2661071900000.0,1345177100000.0,926628100000.0,37967900000.0,22.879898,61.53,648.12,13532472634,RELIANCE.NS,1.4516903815025683,0.015568425640810383,0.04470909095029602,1
2021-06-30,915.0243493680184,1035.106763332947,850.9544798546892,960.37109375,1205112322,123950900000.0,41849600000.0,2661071900000.0,1345177100000.0,926628100000.0,37967900000.0,22.879898,61.53,648.12,13532472634,RELIANCE.NS,1.4516903815025683,0.015568425640810383,0.04470909095029602,1
2021-09-30,963.7154392931002,1169.38083570803,917.4179602018662,1146.2889404296875,826493173,123950900000.0,41849600000.0,2661071900000.0,1345177100000.0,926628100000.0,37967900000.0,22.879898,61.53,648.12,13532472634,RELIANCE.NS,1.4516903815025683,0.015568425640810383,0.04470909095029602,0
2021-12-31,1138.4173546931033,1251.8972908980181,1022.4573675126571,1077.5367431640625,841426690,123950900000.0,41849600000.0,2661071900000.0,1345177100000.0,926628100000.0,37967900000.0,22.879898,61.53,648.12,13532472634,RELIANCE.NS,1.4516903815025683,0.015568425640810383,0.04470909095029602,1
2022-03-31,1076.1034905748938,1223.0724028520565,991.9262347785383,1198.8428955078125,839912513,123950900000.0,41849600000.0,2661071900000.0,1345177100000.0,926628100000.0,37967900000.0,22.879898,61.53,648.12,13532472634,RELIANCE.NS,1.4516903815025683,0.015568425640810383,0.04470909095029602,0
2022-06-30,1199.4116203413212,1299.5828338743643,1078.3786071325271,1181.0518798828125,1050590522,123950900000.0,41849600000.0,2661071900000.0,1345177100000.0,926628100000.0,37967900000.0,22.879898,61.53,648.12,13532472634,RELIANCE.NS,1.4516903815025683,0.015568425640810383,0.04470909095029602,0
2022-09-30,1171.610445710058,1218.8459658923068,1054.96372509037,1085.4349365234375,919632347,123950900000.0,41849600000.0,2661071900000.0,1345177100000.0,926628100000.0,37967900000.0,22.879898,61.53,648.12,13532472634,RELIANCE.NS,1.4516903815025683,0.015568425640810383,0.04470909095029602,1
2022-12-31,1091.7117072217247,1257.6481612150444,1069.6171531804475,1162.7880859375,628861499,123950900000.0,41849600000.0,2661071900000.0,1345177100000.0,926628100000.0,37967900000.0,22.879898,61.53,648.12,13532472634,RELIANCE.NS,1.4516903815025683,0.015568425640810383,0.04470909095029602,0
2023-03-31,1164.066351583663,1189.6302560157692,995.1625932582816,1064.116455078125,939374716,123950900000.0,41849600000.0,2661071900000.0,1345177100000.0,926628100000.0,37967900000.0,22.879898,61.53,648.12,13532472634,RELIANCE.NS,1.4516903815025683,0.015568425640810383,0.04470909095029602,1
2023-06-30,1070.4846960590223,1179.5874324568545,1053.8453439607506,1164.1805419921875,652130380,123950900000.0,41849600000.0,2661071900000.0,1345177100000.0,926628100000.0,37967900000.0,22.879898,61.53,648.12,13532472634,RELIANCE.NS,1.4516903815025683,0.015568425640810383,0.04470909095029602,0
2023-09-30,1167.7413136446191,1303.7543992835303,1153.959088482433,1163.8856201171875,1031763738,123950900000.0,41849600000.0,2661071900000.0,1345177100000.0,926628100000.0,37967900000.0,22.879898,61.53,648.12,13532472634,RELIANCE.NS,1.4516903815025683,0.015568425640810383,0.04470909095029602,1
2023-12-31,1156.4158809171215,1297.3973111899322,1101.993601137725,1282.97900390625,666850948,123950900000.0,41849600000.0,2661071900000.0,1345177100000.0,926628100000.0,37967900000.0,22.879898,61.53,648.12,13532472634,RELIANCE.NS,1.4516903815025683,0.015568425640810383,0.04470909095029602,1
2024-03-31,1280.7952766903763,1501.337897909408,1275.0378087074926,1474.933349609375,722964006,123950900000.0,41849600000.0,2661071900000.0,1345177100000.0,926628100000.0,37967900000.0,22.879898,61.53,648.12,13532472634,RELIANCE.NS,1.4516903815025683,0.015568425640810383,0.04470909095029602,1
2024-06-30,1481.509712382751,1569.3842873036351,1349.3131842665355,1553.89892578125,778741790,123950900000.0,41849600000.0,2661071900000.0,1345177100000.0,926628100000.0,37967900000.0,22.879898,61.53,648.12,13532472634,RELIANCE.NS,1.4516903815025683,0.015568425640810383,0.04470909095029602,0
2024-09-30,1551.0450507194453,1596.9801663885871,1422.7197433328897,1470.701171875,787374608,2315350000000.0,165630000000.0,18151230000000.0,3575250000000.0,8194530000000.0,903530000000.0,22.879898,61.53,648.12,13532472634,RELIANCE.NS,0.4362971396773213,0.009125001446182985,0.020212263546536532,0
2024-12-31,1474.7599230273088,1482.0308103038055,1196.7204388413884,1210.6148681640625,969234567,2399860000000.0,185400000000.0,18151230000000.0,3575250000000.0,8194530000000.0,903530000000.0,22.879898,61.53,648.12,13532472634,RELIANCE.NS,0.4362971396773213,0.009125001446182985,0.020212263546536532,1
2025-03-31,1210.0172807004092,1320.7251333812799,1151.4013636439433,1270.027587890625,754607012,2613880000000.0,194070000000.0,19501210000000.0,3695750000000.0,8432000000000.0,1006450000000.0,22.879898,61.53,648.12,13532472634,RELIANCE.NS,0.43830052182163187,0.009951690177173622,0.02301589184060721,1
2025-06-30,1259.5693287834792,1518.734421010171,1110.415052053189,1494.630615234375,749398134,2436320000000.0,269940000000.0,19501210000000.0,3695750000000.0,8432000000000.0,1006450000000.0,22.879898,61.53,648.12,13532472634,RELIANCE.NS,0.43830052182163187,0.009951690177173622,0.02301589184060721,0
2025-09-30,1494.630607775488,1544.8301010282516,1340.5999755859375,1364.0,649438952,2436320000000.0,269940000000.0,19501210000000.0,3695750000000.0,8432000000000.0,1006450000000.0,22.879898,61.53,648.12,13532472634,RELIANCE.NS,0.43830052182163187,0.009951690177173622,0.02301589184060721,1
2025-12-31,1367.0,1581.300048828125,1356.9000244140625,1570.4000244140625,633826489,2649050000000.0,186450000000.0,19501210000000.0,3695750000000.0,8432000000000.0,1006450000000.0,22.879898,61.53,648.12,13532472634,RELIANCE.NS,0.43830052182163187,0.009951690177173622,0.02301589184060721,0
2026-03-31,1573.699951171875,1611.800048828125,1307.0,1407.800048828125,809937598,2649050000000.0,186450000000.0,19501210000000.0,3695750000000.0,8432000000000.0,1006450000000.0,22.879898,61.53,648.12,13532472634,RELIANCE.NS,0.43830052182163187,0.009951690177173622,0.02301589184060721,0
2016-03-31,510.1033912511757,516.6954791584154,491.7499239948594,506.1196594238281,13600754,2649050000000.0,186450000000.0,19501210000000.0,3695750000000.0,8432000000000.0,1006450000000.0,0.47416237,155.2,419.122,408181194,RELINFRA.NS,0.43830052182163187,0.009951690177173622,0.02301589184060721,1
2016-06-30,503.46385247057344,554.7303090536896,463.0103372784512,517.6439819335938,165878668,2649050000000.0,186450000000.0,19501210000000.0,3695750000000.0,8432000000000.0,1006450000000.0,0.47416237,155.2,419.122,408181194,RELINFRA.NS,0.43830052182163187,0.009951690177173622,0.02301589184060721,1
2016-09-30,518.0233791873083,602.9615859821909,513.5370483398438,530.3743286132812,171853510,2649050000000.0,186450000000.0,19501210000000.0,3695750000000.0,8432000000000.0,1006450000000.0,0.47416237,155.2,419.122,408181194,RELINFRA.NS,0.43830052182163187,0.009951690177173622,0.02301589184060721,0
2016-12-31,534.9445068511529,583.4358398870041,410.4929103395984,449.5072937011719,123894274,2649050000000.0,186450000000.0,19501210000000.0,3695750000000.0,8432000000000.0,1006450000000.0,0.47416237,155.2,419.122,408181194,RELINFRA.NS,0.43830052182163187,0.009951690177173622,0.02301589184060721,1
2017-03-31,456.04978349541585,575.7387869141122,445.5625686080887,547.1154174804688,111590694,2649050000000.0,186450000000.0,19501210000000.0,3695750000000.0,8432000000000.0,1006450000000.0,0.47416237,155.2,419.122,408181194,RELINFRA.NS,0.43830052182163187,0.009951690177173622,0.02301589184060721,0
2017-06-30,548.5105122536073,596.5689206296934,419.6812607142913,478.6117248535156,144593796,2649050000000.0,186450000000.0,19501210000000.0,3695750000000.0,8432000000000.0,1006450000000.0,0.47416237,155.2,419.122,408181194,RELINFRA.NS,0.43830052182163187,0.009951690177173622,0.02301589184060721,0
2017-09-30,480.58410996388733,527.2473971410737,433.53591959739106,455.3868713378906,119920794,2649050000000.0,186450000000.0,19501210000000.0,3695750000000.0,8432000000000.0,1006450000000.0,0.47416237,155.2,419.122,408181194,RELINFRA.NS,0.43830052182163187,0.009951690177173622,0.02301589184060721,1
2017-12-31,466.01143864234217,562.3668249563935,382.4348758037031,542.3417358398438,163478343,2649050000000.0,186450000000.0,19501210000000.0,3695750000000.0,8432000000000.0,1006450000000.0,0.47416237,155.2,419.122,408181194,RELINFRA.NS,0.43830052182163187,0.009951690177173622,0.02301589184060721,0
2018-03-31,542.4885975695933,577.642665975909,397.56385148742567,418.61712646484375,178175631,2649050000000.0,186450000000.0,19501210000000.0,3695750000000.0,8432000000000.0,1006450000000.0,0.47416237,155.2,419.122,408181194,RELINFRA.NS,0.43830052182163187,0.009951690177173622,0.02301589184060721,0
2018-06-30,417.1972397609783,457.4432421246289,367.3059359470465,383.6099548339844,144467715,2649050000000.0,186450000000.0,19501210000000.0,3695750000000.0,8432000000000.0,1006450000000.0,0.47416237,155.2,419.122,408181194,RELINFRA.NS,0.43830052182163187,0.009951690177173622,0.02301589184060721,0
2018-09-30,385.0787974961842,479.37779193089983,285.20001220703125,300.20001220703125,224336866,2649050000000.0,186450000000.0,19501210000000.0,3695750000000.0,8432000000000.0,1006450000000.0,0.47416237,155.2,419.122,408181194,RELINFRA.NS,0.43830052182163187,0.009951690177173622,0.02301589184060721,1
2018-12-31,297.25,380.75,275.1000061035156,316.20001220703125,250700300,2649050000000.0,186450000000.0,19501210000000.0,3695750000000.0,8432000000000.0,1006450000000.0,0.47416237,155.2,419.122,408181194,RELINFRA.NS,0.43830052182163187,0.009951690177173622,0.02301589184060721,0
2019-03-31,315.54998779296875,325.0,96.55000305175781,135.1999969482422,957467952,2649050000000.0,186450000000.0,19501210000000.0,3695750000000.0,8432000000000.0,1006450000000.0,0.47416237,155.2,419.122,408181194,RELINFRA.NS,0.43830052182163187,0.009951690177173622,0.02301589184060721,0
2019-06-30,137.8000030517578,146.39999389648438,37.25,55.599998474121094,1312712900,2649050000000.0,186450000000.0,19501210000000.0,3695750000000.0,8432000000000.0,1006450000000.0,0.47416237,155.2,419.122,408181194,RELINFRA.NS,0.43830052182163187,0.009951690177173622,0.02301589184060721,0
2019-09-30,54.349998474121094,59.5,28.649999618530273,29.299999237060547,1542386461,2649050000000.0,186450000000.0,19501210000000.0,3695750000000.0,8432000000000.0,1006450000000.0,0.47416237,155.2,419.122,408181194,RELINFRA.NS,0.43830052182163187,0.009951690177173622,0.02301589184060721,1
2019-12-31,28.899999618530273,49.04999923706055,18.0,29.399999618530273,267911157,2649050000000.0,186450000000.0,19501210000000.0,3695750000000.0,8432000000000.0,1006450000000.0,0.47416237,155.2,419.122,408181194,RELINFRA.NS,0.43830052182163187,0.009951690177173622,0.02301589184060721,0
2020-03-31,30.850000381469727,32.95000076293945,8.649999618530273,10.199999809265137,258151821,2649050000000.0,186450000000.0,19501210000000.0,3695750000000.0,8432000000000.0,1006450000000.0,0.47416237,155.2,419.122,408181194,RELINFRA.NS,0.43830052182163187,0.009951690177173622,0.02301589184060721,1
2020-06-30,10.600000381469727,38.70000076293945,10.5,38.70000076293945,112722872,2649050000000.0,186450000000.0,19501210000000.0,3695750000000.0,8432000000000.0,1006450000000.0,0.47416237,155.2,419.122,408181194,RELINFRA.NS,0.43830052182163187,0.009951690177173622,0.02301589184060721,0
2020-09-30,40.599998474121094,44.70000076293945,21.450000762939453,22.5,210427446,2649050000000.0,186450000000.0,19501210000000.0,3695750000000.0,8432000000000.0,1006450000000.0,0.47416237,155.2,419.122,408181194,RELINFRA.NS,0.43830052182163187,0.009951690177173622,0.02301589184060721,1
2020-12-31,22.75,30.600000381469727,19.200000762939453,26.850000381469727,209956362,2649050000000.0,186450000000.0,19501210000000.0,3695750000000.0,8432000000000.0,1006450000000.0,0.47416237,155.2,419.122,408181194,RELINFRA.NS,0.43830052182163187,0.009951690177173622,0.02301589184060721,1
2021-03-31,27.200000762939453,42.75,26.950000762939453,35.099998474121094,223872605,2649050000000.0,186450000000.0,19501210000000.0,3695750000000.0,8432000000000.0,1006450000000.0,0.47416237,155.2,419.122,408181194,RELINFRA.NS,0.43830052182163187,0.009951690177173622,0.02301589184060721,1
2021-06-30,35.400001525878906,108.6500015258789,32.54999923706055,88.0,599788342,2649050000000.0,186450000000.0,19501210000000.0,3695750000000.0,8432000000000.0,1006450000000.0,0.47416237,155.2,419.122,408181194,RELINFRA.NS,0.43830052182163187,0.009951690177173622,0.02301589184060721,1
2021-09-30,86.9000015258789,114.9000015258789,58.0,102.44999694824219,112034883,2649050000000.0,186450000000.0,19501210000000.0,3695750000000.0,8432000000000.0,1006450000000.0,0.47416237,155.2,419.122,408181194,RELINFRA.NS,0.43830052182163187,0.009951690177173622,0.02301589184060721,0
2021-12-31,102.44999694824219,111.9000015258789,73.55000305175781,96.0,65660860,2649050000000.0,186450000000.0,19501210000000.0,3695750000000.0,8432000000000.0,1006450000000.0,0.47416237,155.2,419.122,408181194,RELINFRA.NS,0.43830052182163187,0.009951690177173622,0.02301589184060721,1
2022-03-31,95.94999694824219,150.0,91.4000015258789,112.30000305175781,210710264,2649050000000.0,186450000000.0,19501210000000.0,3695750000000.0,8432000000000.0,1006450000000.0,0.47416237,155.2,419.122,408181194,RELINFRA.NS,0.43830052182163187,0.009951690177173622,0.02301589184060721,0
2022-06-30,112.69999694824219,139.10000610351562,80.80000305175781,90.5999984741211,141184839,2649050000000.0,186450000000.0,19501210000000.0,3695750000000.0,8432000000000.0,1006450000000.0,0.47416237,155.2,419.122,408181194,RELINFRA.NS,0.43830052182163187,0.009951690177173622,0.02301589184060721,1
2022-09-30,90.5999984741211,201.35000610351562,88.25,136.6999969482422,324300809,2649050000000.0,186450000000.0,19501210000000.0,3695750000000.0,8432000000000.0,1006450000000.0,0.47416237,155.2,419.122,408181194,RELINFRA.NS,0.43830052182163187,0.009951690177173622,0.02301589184060721,1
2022-12-31,137.5,164.35000610351562,122.30000305175781,137.6999969482422,64488795,2649050000000.0,186450000000.0,19501210000000.0,3695750000000.0,8432000000000.0,1006450000000.0,0.47416237,155.2,419.122,408181194,RELINFRA.NS,0.43830052182163187,0.009951690177173622,0.02301589184060721,1
2023-03-31,139.4499969482422,155.39999389648438,114.5999984741211,144.25,104723146,2649050000000.0,186450000000.0,19501210000000.0,3695750000000.0,8432000000000.0,1006450000000.0,0.47416237,155.2,419.122,408181194,RELINFRA.NS,0.43830052182163187,0.009951690177173622,0.02301589184060721,0
2023-06-30,145.89999389648438,168.85000610351562,131.39999389648438,138.25,154353510,2649050000000.0,186450000000.0,19501210000000.0,3695750000000.0,8432000000000.0,1006450000000.0,0.47416237,155.2,419.122,408181194,RELINFRA.NS,0.43830052182163187,0.009951690177173622,0.02301589184060721,1
2023-09-30,139.35000610351562,215.5,134.75,173.3000030517578,240309374,2649050000000.0,186450000000.0,19501210000000.0,3695750000000.0,8432000000000.0,1006450000000.0,0.47416237,155.2,419.122,408181194,RELINFRA.NS,0.43830052182163187,0.009951690177173622,0.02301589184060721,1
2023-12-31,174.89999389648438,232.0,154.75,209.8000030517578,113121239,2649050000000.0,186450000000.0,19501210000000.0,3695750000000.0,8432000000000.0,1006450000000.0,0.47416237,155.2,419.122,408181194,RELINFRA.NS,0.43830052182163187,0.009951690177173622,0.02301589184060721,1
2024-03-31,211.0,287.70001220703125,181.60000610351562,270.95001220703125,281903372,2649050000000.0,186450000000.0,19501210000000.0,3695750000000.0,8432000000000.0,1006450000000.0,0.47416237,155.2,419.122,408181194,RELINFRA.NS,0.43830052182163187,0.009951690177173622,0.02301589184060721,0
2024-06-30,274.25,308.0,144.4499969482422,199.92999267578125,324659044,2649050000000.0,186450000000.0,19501210000000.0,3695750000000.0,8432000000000.0,1006450000000.0,0.47416237,155.2,419.122,408181194,RELINFRA.NS,0.43830052182163187,0.009951690177173622,0.02301589184060721,1
2024-09-30,190.0,351.0,169.50999450683594,336.1300048828125,727036491,2649050000000.0,186450000000.0,602237500000.0,67375800000.0,125959700000.0,26825800000.0,0.47416237,155.2,419.122,408181194,RELINFRA.NS,0.5348996544132766,0.009951690177173622,0.02301589184060721,0
2024-12-31,339.70001220703125,345.70001220703125,244.89999389648438,304.1499938964844,128922693,50325500000.0,-32983500000.0,602237500000.0,67375800000.0,125959700000.0,26825800000.0,0.47416237,155.2,419.122,408181194,RELINFRA.NS,0.5348996544132766,0.009951690177173622,0.02301589184060721,0
2025-03-31,304.8999938964844,328.45001220703125,198.1300048828125,258.6400146484375,256371838,37934000000.0,43870800000.0,658408700000.0,63610200000.0,144302000000.0,23950900000.0,0.47416237,155.2,419.122,408181194,RELINFRA.NS,0.44081301714459953,0.06663156182474503,0.30402073429335696,1
2025-06-30,254.89999389648438,423.3999938964844,218.60000610351562,409.6499938964844,368389089,59078200000.0,598400000.0,658408700000.0,63610200000.0,144302000000.0,23950900000.0,0.47416237,155.2,419.122,408181194,RELINFRA.NS,0.44081301714459953,0.06663156182474503,0.30402073429335696,0
2025-09-30,412.0,415.79998779296875,240.0500030517578,242.10000610351562,108156712,62349100000.0,19111900000.0,697087600000.0,57367200000.0,169098900000.0,23693700000.0,0.47416237,155.2,419.122,408181194,RELINFRA.NS,0.3392523546871091,0.027416783772943314,0.11302202438927751,0
2025-12-31,240.0,255.7899932861328,128.3800048828125,164.5399932861328,85359197,42965200000.0,111200000.0,697087600000.0,57367200000.0,169098900000.0,23693700000.0,0.47416237,155.2,419.122,408181194,RELINFRA.NS,0.3392523546871091,0.027416783772943314,0.11302202438927751,0
2026-03-31,164.5399932861328,164.5399932861328,73.58999633789062,73.58999633789062,73824240,42965200000.0,111200000.0,697087600000.0,57367200000.0,169098900000.0,23693700000.0,0.47416237,155.2,419.122,408181194,RELINFRA.NS,0.3392523546871091,0.027416783772943314,0.11302202438927751,0
2016-03-31,10.850000381469727,11.149999618530273,9.600000381469727,9.949999809265137,13620039,42965200000.0,111200000.0,697087600000.0,57367200000.0,169098900000.0,23693700000.0,31.68,0.25,8.635,5370105860,RTNPOWER.NS,0.3392523546871091,0.027416783772943314,0.11302202438927751,1
2016-06-30,9.800000190734863,11.850000381469727,9.100000381469727,11.350000381469727,128302589,42965200000.0,111200000.0,697087600000.0,57367200000.0,169098900000.0,23693700000.0,31.68,0.25,8.635,5370105860,RTNPOWER.NS,0.3392523546871091,0.027416783772943314,0.11302202438927751,0
2016-09-30,11.399999618530273,12.300000190734863,8.100000381469727,8.25,154847323,42965200000.0,111200000.0,697087600000.0,57367200000.0,169098900000.0,23693700000.0,31.68,0.25,8.635,5370105860,RTNPOWER.NS,0.3392523546871091,0.027416783772943314,0.11302202438927751,0
2016-12-31,8.25,9.5,6.300000190734863,6.900000095367432,145320144,42965200000.0,111200000.0,697087600000.0,57367200000.0,169098900000.0,23693700000.0,31.68,0.25,8.635,5370105860,RTNPOWER.NS,0.3392523546871091,0.027416783772943314,0.11302202438927751,1
2017-03-31,6.900000095367432,8.449999809265137,6.849999904632568,8.149999618530273,158956320,42965200000.0,111200000.0,697087600000.0,57367200000.0,169098900000.0,23693700000.0,31.68,0.25,8.635,5370105860,RTNPOWER.NS,0.3392523546871091,0.027416783772943314,0.11302202438927751,0
2017-06-30,8.300000190734863,9.600000381469727,6.449999809265137,6.699999809265137,161914872,42965200000.0,111200000.0,697087600000.0,57367200000.0,169098900000.0,23693700000.0,31.68,0.25,8.635,5370105860,RTNPOWER.NS,0.3392523546871091,0.027416783772943314,0.11302202438927751,0
2017-09-30,6.75,7.5,5.400000095367432,5.550000190734863,251525694,42965200000.0,111200000.0,697087600000.0,57367200000.0,169098900000.0,23693700000.0,31.68,0.25,8.635,5370105860,RTNPOWER.NS,0.3392523546871091,0.027416783772943314,0.11302202438927751,1
2017-12-31,5.550000190734863,9.5,5.300000190734863,7.849999904632568,768610640,42965200000.0,111200000.0,697087600000.0,57367200000.0,169098900000.0,23693700000.0,31.68,0.25,8.635,5370105860,RTNPOWER.NS,0.3392523546871091,0.027416783772943314,0.11302202438927751,0
2018-03-31,8.0,8.649999618530273,5.0,5.150000095367432,626468775,42965200000.0,111200000.0,697087600000.0,57367200000.0,169098900000.0,23693700000.0,31.68,0.25,8.635,5370105860,RTNPOWER.NS,0.3392523546871091,0.027416783772943314,0.11302202438927751,0
2018-06-30,5.199999809265137,5.800000190734863,3.200000047683716,3.549999952316284,190176205,42965200000.0,111200000.0,697087600000.0,57367200000.0,169098900000.0,23693700000.0,31.68,0.25,8.635,5370105860,RTNPOWER.NS,0.3392523546871091,0.027416783772943314,0.11302202438927751,0
2018-09-30,3.6500000953674316,5.300000190734863,3.0999999046325684,3.25,240994807,42965200000.0,111200000.0,697087600000.0,57367200000.0,169098900000.0,23693700000.0,31.68,0.25,8.635,5370105860,RTNPOWER.NS,0.3392523546871091,0.027416783772943314,0.11302202438927751,1
2018-12-31,3.25,4.099999904632568,2.8499999046325684,3.450000047683716,153433081,42965200000.0,111200000.0,697087600000.0,57367200000.0,169098900000.0,23693700000.0,31.68,0.25,8.635,5370105860,RTNPOWER.NS,0.3392523546871091,0.027416783772943314,0.11302202438927751,0
2019-03-31,3.450000047683716,4.099999904632568,2.5,2.75,101615804,42965200000.0,111200000.0,697087600000.0,57367200000.0,169098900000.0,23693700000.0,31.68,0.25,8.635,5370105860,RTNPOWER.NS,0.3392523546871091,0.027416783772943314,0.11302202438927751,0
2019-06-30,2.75,3.299999952316284,1.600000023841858,1.7000000476837158,86720296,42965200000.0,111200000.0,697087600000.0,57367200000.0,169098900000.0,23693700000.0,31.68,0.25,8.635,5370105860,RTNPOWER.NS,0.3392523546871091,0.027416783772943314,0.11302202438927751,0
2019-09-30,1.7000000476837158,2.0,0.949999988079071,1.5,72895430,42965200000.0,111200000.0,697087600000.0,57367200000.0,169098900000.0,23693700000.0,31.68,0.25,8.635,5370105860,RTNPOWER.NS,0.3392523546871091,0.027416783772943314,0.11302202438927751,1
2019-12-31,1.4500000476837158,2.200000047683716,1.2000000476837158,1.899999976158142,47668804,42965200000.0,111200000.0,697087600000.0,57367200000.0,169098900000.0,23693700000.0,31.68,0.25,8.635,5370105860,RTNPOWER.NS,0.3392523546871091,0.027416783772943314,0.11302202438927751,0
2020-03-31,1.9500000476837158,3.049999952316284,1.25,1.350000023841858,70359787,42965200000.0,111200000.0,697087600000.0,57367200000.0,169098900000.0,23693700000.0,31.68,0.25,8.635,5370105860,RTNPOWER.NS,0.3392523546871091,0.027416783772943314,0.11302202438927751,1
2020-06-30,1.350000023841858,2.5,1.0499999523162842,2.5,112852416,42965200000.0,111200000.0,697087600000.0,57367200000.0,169098900000.0,23693700000.0,31.68,0.25,8.635,5370105860,RTNPOWER.NS,0.3392523546871091,0.027416783772943314,0.11302202438927751,1
2020-09-30,2.5999999046325684,4.449999809265137,1.9500000476837158,2.549999952316284,320664331,42965200000.0,111200000.0,697087600000.0,57367200000.0,169098900000.0,23693700000.0,31.68,0.25,8.635,5370105860,RTNPOWER.NS,0.3392523546871091,0.027416783772943314,0.11302202438927751,0
2020-12-31,2.549999952316284,2.5999999046325684,1.850000023841858,2.3499999046325684,1631123038,42965200000.0,111200000.0,697087600000.0,57367200000.0,169098900000.0,23693700000.0,31.68,0.25,8.635,5370105860,RTNPOWER.NS,0.3392523546871091,0.027416783772943314,0.11302202438927751,1
2021-03-31,2.3499999046325684,4.300000190734863,2.299999952316284,2.549999952316284,1505800266,42965200000.0,111200000.0,697087600000.0,57367200000.0,169098900000.0,23693700000.0,31.68,0.25,8.635,5370105860,RTNPOWER.NS,0.3392523546871091,0.027416783772943314,0.11302202438927751,1
2021-06-30,2.5999999046325684,8.050000190734863,2.4000000953674316,8.050000190734863,1053916155,42965200000.0,111200000.0,697087600000.0,57367200000.0,169098900000.0,23693700000.0,31.68,0.25,8.635,5370105860,RTNPOWER.NS,0.3392523546871091,0.027416783772943314,0.11302202438927751,0
2021-09-30,8.449999809265137,9.699999809265137,4.150000095367432,4.449999809265137,634772273,42965200000.0,111200000.0,697087600000.0,57367200000.0,169098900000.0,23693700000.0,31.68,0.25,8.635,5370105860,RTNPOWER.NS,0.3392523546871091,0.027416783772943314,0.11302202438927751,1
2021-12-31,4.400000095367432,7.400000095367432,3.450000047683716,7.400000095367432,1037304657,42965200000.0,111200000.0,697087600000.0,57367200000.0,169098900000.0,23693700000.0,31.68,0.25,8.635,5370105860,RTNPOWER.NS,0.3392523546871091,0.027416783772943314,0.11302202438927751,0
2022-03-31,7.75,8.850000381469727,4.900000095367432,5.349999904632568,660255863,42965200000.0,111200000.0,697087600000.0,57367200000.0,169098900000.0,23693700000.0,31.68,0.25,8.635,5370105860,RTNPOWER.NS,0.3392523546871091,0.027416783772943314,0.11302202438927751,0
2022-06-30,5.300000190734863,6.650000095367432,3.200000047683716,3.4000000953674316,1085672654,42965200000.0,111200000.0,697087600000.0,57367200000.0,169098900000.0,23693700000.0,31.68,0.25,8.635,5370105860,RTNPOWER.NS,0.3392523546871091,0.027416783772943314,0.11302202438927751,1
2022-09-30,3.4000000953674316,5.650000095367432,3.25,4.349999904632568,1121160181,42965200000.0,111200000.0,697087600000.0,57367200000.0,169098900000.0,23693700000.0,31.68,0.25,8.635,5370105860,RTNPOWER.NS,0.3392523546871091,0.027416783772943314,0.11302202438927751,0
2022-12-31,4.300000190734863,5.0,3.75,3.950000047683716,635358452,42965200000.0,111200000.0,697087600000.0,57367200000.0,169098900000.0,23693700000.0,31.68,0.25,8.635,5370105860,RTNPOWER.NS,0.3392523546871091,0.027416783772943314,0.11302202438927751,0
2023-03-31,3.950000047683716,4.099999904632568,2.799999952316284,2.950000047683716,371025076,42965200000.0,111200000.0,697087600000.0,57367200000.0,169098900000.0,23693700000.0,31.68,0.25,8.635,5370105860,RTNPOWER.NS,0.3392523546871091,0.027416783772943314,0.11302202438927751,1
2023-06-30,3.0,6.099999904632568,2.950000047683716,4.849999904632568,1446617023,42965200000.0,111200000.0,697087600000.0,57367200000.0,169098900000.0,23693700000.0,31.68,0.25,8.635,5370105860,RTNPOWER.NS,0.3392523546871091,0.027416783772943314,0.11302202438927751,1
2023-09-30,4.949999809265137,7.5,4.300000190734863,6.900000095367432,4011606340,42965200000.0,111200000.0,697087600000.0,57367200000.0,169098900000.0,23693700000.0,31.68,0.25,8.635,5370105860,RTNPOWER.NS,0.3392523546871091,0.027416783772943314,0.11302202438927751,1
2023-12-31,6.949999809265137,11.100000381469727,6.5,9.0,4311530549,42965200000.0,111200000.0,697087600000.0,57367200000.0,169098900000.0,23693700000.0,31.68,0.25,8.635,5370105860,RTNPOWER.NS,0.3392523546871091,0.027416783772943314,0.11302202438927751,0
2024-03-31,9.100000381469727,12.300000190734863,7.900000095367432,8.25,3001694249,42965200000.0,111200000.0,697087600000.0,57367200000.0,169098900000.0,23693700000.0,31.68,0.25,8.635,5370105860,RTNPOWER.NS,0.3392523546871091,0.027416783772943314,0.11302202438927751,1
2024-06-30,8.399999618530273,21.100000381469727,8.25,17.81999969482422,3075932670,42965200000.0,111200000.0,697087600000.0,57367200000.0,169098900000.0,23693700000.0,31.68,0.25,8.635,5370105860,RTNPOWER.NS,0.3392523546871091,0.027416783772943314,0.11302202438927751,0
2024-09-30,18.0,18.25,14.229999542236328,15.300000190734863,1462795896,6824300000.0,-13500000.0,95179400000.0,34630800000.0,44545400000.0,2835700000.0,31.68,0.25,8.635,5370105860,RTNPOWER.NS,0.7774270744004993,-0.00014183741439849378,-0.00030306159558562723,0
2024-12-31,15.539999961853027,17.190000534057617,12.300000190734863,13.65999984741211,1157195647,7333200000.0,43300000.0,95179400000.0,34630800000.0,44545400000.0,2835700000.0,31.68,0.25,8.635,5370105860,RTNPOWER.NS,0.7774270744004993,-0.00014183741439849378,-0.00030306159558562723,0
2025-03-31,13.65999984741211,13.880000114440918,8.4399995803833,9.789999961853027,840779208,9362500000.0,1259400000.0,97963100000.0,36149200000.0,45850300000.0,1399000000.0,31.68,0.25,8.635,5370105860,RTNPOWER.NS,0.7884179601878286,0.012855861033389102,0.02746765015714183,1
2025-06-30,9.869999885559082,16.1299991607666,8.510000228881836,15.520000457763672,3781322172,8219600000.0,-131100000.0,97963100000.0,36149200000.0,45850300000.0,1399000000.0,31.68,0.25,8.635,5370105860,RTNPOWER.NS,0.7884179601878286,0.012855861033389102,0.02746765015714183,0
2025-09-30,15.819999694824219,16.920000076293945,11.1899995803833,11.220000267028809,4090677043,8219600000.0,-131100000.0,97963100000.0,36149200000.0,45850300000.0,1399000000.0,31.68,0.25,8.635,5370105860,RTNPOWER.NS,0.7884179601878286,0.012855861033389102,0.02746765015714183,0
2025-12-31,11.25,11.9399995803833,9.100000381469727,9.4399995803833,811248175,7279900000.0,542600000.0,97963100000.0,36149200000.0,45850300000.0,1399000000.0,31.68,0.25,8.635,5370105860,RTNPOWER.NS,0.7884179601878286,0.012855861033389102,0.02746765015714183,0
2026-03-31,9.699999809265137,9.850000381469727,7.659999847412109,7.920000076293945,748634301,7279900000.0,542600000.0,97963100000.0,36149200000.0,45850300000.0,1399000000.0,31.68,0.25,8.635,5370105860,RTNPOWER.NS,0.7884179601878286,0.012855861033389102,0.02746765015714183,0
2016-03-31,17.254302058671975,17.368947926513133,15.276648594265911,16.423112869262695,3306456,7279900000.0,542600000.0,97963100000.0,36149200000.0,45850300000.0,1399000000.0,40.560974,1.64,36.951,3929795175,SJVN.NS,0.7884179601878286,0.012855861033389102,0.02746765015714183,0
2016-06-30,16.56642288255365,17.45493114391819,15.62058787686484,16.36578941345215,20562011,7279900000.0,542600000.0,97963100000.0,36149200000.0,45850300000.0,1399000000.0,40.560974,1.64,36.951,3929795175,SJVN.NS,0.7884179601878286,0.012855861033389102,0.02746765015714183,1
2016-09-30,16.279806565923465,17.632606848404865,15.649248520607816,16.90399169921875,41145230,7279900000.0,542600000.0,97963100000.0,36149200000.0,45850300000.0,1399000000.0,40.560974,1.64,36.951,3929795175,SJVN.NS,0.7884179601878286,0.012855861033389102,0.02746765015714183,1
2016-12-31,16.93313281548747,20.284786497711405,15.126155015081899,17.48688316345215,51012641,7279900000.0,542600000.0,97963100000.0,36149200000.0,45850300000.0,1399000000.0,40.560974,1.64,36.951,3929795175,SJVN.NS,0.7884179601878286,0.012855861033389102,0.02746765015714183,1
2017-03-31,17.77833237420343,21.687331760540165,17.42859333055009,20.910564422607422,67706476,7279900000.0,542600000.0,97963100000.0,36149200000.0,45850300000.0,1399000000.0,40.560974,1.64,36.951,3929795175,SJVN.NS,0.7884179601878286,0.012855861033389102,0.02746765015714183,0
2017-06-30,20.879492155697875,22.681588818062558,18.704548181877733,19.854162216186523,39685171,7279900000.0,542600000.0,97963100000.0,36149200000.0,45850300000.0,1399000000.0,40.560974,1.64,36.951,3929795175,SJVN.NS,0.7884179601878286,0.012855861033389102,0.02746765015714183,1
2017-09-30,20.38235923761859,21.718402523473582,18.487053062186916,20.398784637451172,48732537,7279900000.0,542600000.0,97963100000.0,36149200000.0,45850300000.0,1399000000.0,40.560974,1.64,36.951,3929795175,SJVN.NS,0.7884179601878286,0.012855861033389102,0.02746765015714183,1
2017-12-31,20.556431060492862,24.02453826364394,20.178094319761012,21.376169204711914,61781168,7279900000.0,542600000.0,97963100000.0,36149200000.0,45850300000.0,1399000000.0,40.560974,1.64,36.951,3929795175,SJVN.NS,0.7884179601878286,0.012855861033389102,0.02746765015714183,1
2018-03-31,21.502275657996453,25.31720109397595,20.934772600469,21.985654830932617,96500327,7279900000.0,542600000.0,97963100000.0,36149200000.0,45850300000.0,1399000000.0,40.560974,1.64,36.951,3929795175,SJVN.NS,0.7884179601878286,0.012855861033389102,0.02746765015714183,0
2018-06-30,22.317762480082795,23.579780999351954,19.09629756859662,19.36198616027832,26944593,7279900000.0,542600000.0,97963100000.0,36149200000.0,45850300000.0,1399000000.0,40.560974,1.64,36.951,3929795175,SJVN.NS,0.7884179601878286,0.012855861033389102,0.02746765015714183,0
2018-09-30,19.395200883604048,20.62400575656139,17.468963903198194,18.329601287841797,59270439,7279900000.0,542600000.0,97963100000.0,36149200000.0,45850300000.0,1399000000.0,40.560974,1.64,36.951,3929795175,SJVN.NS,0.7884179601878286,0.012855861033389102,0.02746765015714183,0
2018-12-31,18.42994479587219,20.40338970052785,16.088574647190093,17.09202003479004,75425943,7279900000.0,542600000.0,97963100000.0,36149200000.0,45850300000.0,1399000000.0,40.560974,1.64,36.951,3929795175,SJVN.NS,0.7884179601878286,0.012855861033389102,0.02746765015714183,1
2019-03-31,17.225813497218287,19.48726304179339,15.54002482524132,17.1402530670166,93832871,7279900000.0,542600000.0,97963100000.0,36149200000.0,45850300000.0,1399000000.0,40.560974,1.64,36.951,3929795175,SJVN.NS,0.7884179601878286,0.012855861033389102,0.02746765015714183,1
2019-06-30,17.246933380762734,19.629505873088924,16.32235680020722,17.7092227935791,67592735,7279900000.0,542600000.0,97963100000.0,36149200000.0,45850300000.0,1399000000.0,40.560974,1.64,36.951,3929795175,SJVN.NS,0.7884179601878286,0.012855861033389102,0.02746765015714183,0
2019-09-30,17.88702948925601,19.59394157623285,16.749083214787483,17.689163208007812,123576126,7279900000.0,542600000.0,97963100000.0,36149200000.0,45850300000.0,1399000000.0,40.560974,1.64,36.951,3929795175,SJVN.NS,0.7884179601878286,0.012855861033389102,0.02746765015714183,1
2019-12-31,17.652693536651075,18.92922940112676,17.324438717885865,18.56450653076172,85674071,7279900000.0,542600000.0,97963100000.0,36149200000.0,45850300000.0,1399000000.0,40.560974,1.64,36.951,3929795175,SJVN.NS,0.7884179601878286,0.012855861033389102,0.02746765015714183,0
2020-03-31,18.67392131891845,19.95046239606186,13.472461346386444,16.20599937438965,159765109,7279900000.0,542600000.0,97963100000.0,36149200000.0,45850300000.0,1399000000.0,40.560974,1.64,36.951,3929795175,SJVN.NS,0.7884179601878286,0.012855861033389102,0.02746765015714183,1
2020-06-30,16.362207274519903,18.588089415526987,15.698344289395616,17.026063919067383,94266350,7279900000.0,542600000.0,97963100000.0,36149200000.0,45850300000.0,1399000000.0,40.560974,1.64,36.951,3929795175,SJVN.NS,0.7884179601878286,0.012855861033389102,0.02746765015714183,1
2020-09-30,17.026065378493755,20.618719723240567,16.908911356660465,17.516706466674805,97837265,7279900000.0,542600000.0,97963100000.0,36149200000.0,45850300000.0,1399000000.0,40.560974,1.64,36.951,3929795175,SJVN.NS,0.7884179601878286,0.012855861033389102,0.02746765015714183,1
2020-12-31,17.636407966535085,21.506845373616397,16.47926794151577,19.830984115600586,122131853,7279900000.0,542600000.0,97963100000.0,36149200000.0,45850300000.0,1399000000.0,40.560974,1.64,36.951,3929795175,SJVN.NS,0.7884179601878286,0.012855861033389102,0.02746765015714183,1
2021-03-31,19.990592393433136,24.181382407077255,19.751182019968024,22.21957778930664,209685217,7279900000.0,542600000.0,97963100000.0,36149200000.0,45850300000.0,1399000000.0,40.560974,1.64,36.951,3929795175,SJVN.NS,0.7884179601878286,0.012855861033389102,0.02746765015714183,1
2021-06-30,22.347522314326408,26.271127131703647,20.897488508417894,23.797550201416016,188518989,7279900000.0,542600000.0,97963100000.0,36149200000.0,45850300000.0,1399000000.0,40.560974,1.64,36.951,3929795175,SJVN.NS,0.7884179601878286,0.012855861033389102,0.02746765015714183,1
2021-09-30,23.925493266791467,25.887297782604982,21.62250561461669,24.368492126464844,150781117,7279900000.0,542600000.0,97963100000.0,36149200000.0,45850300000.0,1399000000.0,40.560974,1.64,36.951,3929795175,SJVN.NS,0.7884179601878286,0.012855861033389102,0.02746765015714183,1
2021-12-31,24.36849297985001,29.21621922884047,23.3729751371459,26.532655715942383,244472437,7279900000.0,542600000.0,97963100000.0,36149200000.0,45850300000.0,1399000000.0,40.560974,1.64,36.951,3929795175,SJVN.NS,0.7884179601878286,0.012855861033389102,0.02746765015714183,0
2022-03-31,27.0520555640532,28.134138485943055,24.385048827072218,24.69998550415039,199903045,7279900000.0,542600000.0,97963100000.0,36149200000.0,45850300000.0,1399000000.0,40.560974,1.64,36.951,3929795175,SJVN.NS,0.7884179601878286,0.012855861033389102,0.02746765015714183,0
2022-06-30,24.74497248163452,27.219473968117924,22.900350984206494,24.20508575439453,197666759,7279900000.0,542600000.0,97963100000.0,36149200000.0,45850300000.0,1399000000.0,40.560974,1.64,36.951,3929795175,SJVN.NS,0.7884179601878286,0.012855861033389102,0.02746765015714183,1
2022-09-30,24.115102347563532,30.323843207276955,24.02512199283667,28.420284271240234,176493432,7279900000.0,542600000.0,97963100000.0,36149200000.0,45850300000.0,1399000000.0,40.560974,1.64,36.951,3929795175,SJVN.NS,0.7884179601878286,0.012855861033389102,0.02746765015714183,1
2022-12-31,28.603345125400647,38.76325153041325,28.05416054983103,31.349273681640625,479488679,7279900000.0,542600000.0,97963100000.0,36149200000.0,45850300000.0,1399000000.0,40.560974,1.64,36.951,3929795175,SJVN.NS,0.7884179601878286,0.012855861033389102,0.02746765015714183,1
2023-03-31,31.486564944227055,32.67646091262944,28.83159464875982,31.534563064575195,260704624,7279900000.0,542600000.0,97963100000.0,36149200000.0,45850300000.0,1399000000.0,40.560974,1.64,36.951,3929795175,SJVN.NS,0.7884179601878286,0.012855861033389102,0.02746765015714183,1
2023-06-30,31.581983037930762,40.686698398885454,30.728415958264616,38.789886474609375,463341529,7279900000.0,542600000.0,97963100000.0,36149200000.0,45850300000.0,1399000000.0,40.560974,1.64,36.951,3929795175,SJVN.NS,0.7884179601878286,0.012855861033389102,0.02746765015714183,1
2023-09-30,39.074402761878204,79.33431734851226,38.50535590126682,69.90621185302734,2516063782,7279900000.0,542600000.0,97963100000.0,36149200000.0,45850300000.0,1399000000.0,40.560974,1.64,36.951,3929795175,SJVN.NS,0.7884179601878286,0.012855861033389102,0.02746765015714183,1
2023-12-31,69.71507289315693,95.94782682732138,60.588560007103695,86.91687774658203,1886822531,7279900000.0,542600000.0,97963100000.0,36149200000.0,45850300000.0,1399000000.0,40.560974,1.64,36.951,3929795175,SJVN.NS,0.7884179601878286,0.012855861033389102,0.02746765015714183,1
2024-03-31,89.83163051655927,162.939275165349,84.91000542418716,117.11019134521484,3387680707,7279900000.0,542600000.0,97963100000.0,36149200000.0,45850300000.0,1399000000.0,40.560974,1.64,36.951,3929795175,SJVN.NS,0.7884179601878286,0.012855861033389102,0.02746765015714183,1
2024-06-30,118.36424488631097,147.59357671763402,110.50223719854009,126.97870635986328,1384993058,7279900000.0,542600000.0,97963100000.0,36149200000.0,45850300000.0,1399000000.0,40.560974,1.64,36.951,3929795175,SJVN.NS,0.7884179601878286,0.012855861033389102,0.02746765015714183,1
2024-09-30,127.76972082428962,154.0085884130922,120.35146164112334,128.4609832763672,1282979428,7279900000.0,542600000.0,432393700000.0,238836800000.0,146113700000.0,3252300000.0,40.560974,1.64,36.951,3929795175,SJVN.NS,1.6345955238968009,0.012855861033389102,0.02746765015714183,0
2024-12-31,128.93602020121915,129.178381141447,98.59242870711051,101.2196273803711,410855995,6709900000.0,1490300000.0,432393700000.0,238836800000.0,146113700000.0,3252300000.0,40.560974,1.64,36.951,3929795175,SJVN.NS,1.6345955238968009,0.012855861033389102,0.02746765015714183,0
2025-03-31,104.00192335944071,109.06243182122476,79.04688776505432,89.89203643798828,574000782,4616400000.0,-1276000000.0,460630800000.0,270251900000.0,141786500000.0,3564900000.0,40.560974,1.64,36.951,3929795175,SJVN.NS,1.9060481780705498,-0.0027701143735937763,-0.008999446350675134,1
2025-06-30,89.80370881838155,105.50708316794754,81.62812607946682,98.66629791259766,467101958,9174500000.0,2275800000.0,460630800000.0,270251900000.0,141786500000.0,3564900000.0,40.560974,1.64,36.951,3929795175,SJVN.NS,1.9060481780705498,-0.0027701143735937763,-0.008999446350675134,0
2025-09-30,98.68593593306804,99.56924144644324,88.23854465353999,88.93767547607422,316978325,10324000000.0,3079100000.0,488135700000.0,295670200000.0,145866500000.0,9170400000.0,40.560974,1.64,36.951,3929795175,SJVN.NS,2.026991804149685,0.006307877092374108,0.021109027775397367,0
2025-12-31,89.3610931316321,90.74951811734174,68.78096020867932,73.6158218383789,164532709,10819700000.0,2243800000.0,488135700000.0,295670200000.0,145866500000.0,9170400000.0,40.560974,1.64,36.951,3929795175,SJVN.NS,2.026991804149685,0.006307877092374108,0.021109027775397367,0
2026-03-31,73.80290784791055,87.44094138661532,66.01000213623047,66.5199966430664,546786913,10819700000.0,2243800000.0,488135700000.0,295670200000.0,145866500000.0,9170400000.0,40.560974,1.64,36.951,3929795175,SJVN.NS,2.026991804149685,0.006307877092374108,0.021109027775397367,0
2016-03-31,12.44179916381836,13.13045883178711,11.753137588500977,13.0386381149292,189053817,10819700000.0,2243800000.0,488135700000.0,295670200000.0,145866500000.0,9170400000.0,16.923729,2.36,5.713,13714682759,SUZLON.NS,2.026991804149685,0.006307877092374108,0.021109027775397367,1
2016-06-30,12.946816444396973,16.94104766845703,12.44179916381836,15.976922988891602,1900395946,10819700000.0,2243800000.0,488135700000.0,295670200000.0,145866500000.0,9170400000.0,16.923729,2.36,5.713,13714682759,SUZLON.NS,2.026991804149685,0.006307877092374108,0.021109027775397367,0
2016-09-30,16.0228328704834,17.537885665893555,12.946816444396973,13.635477066040039,1279287375,10819700000.0,2243800000.0,488135700000.0,295670200000.0,145866500000.0,9170400000.0,16.923729,2.36,5.713,13714682759,SUZLON.NS,2.026991804149685,0.006307877092374108,0.021109027775397367,0
2016-12-31,13.773208618164062,14.691423416137695,11.018567085266113,12.67135238647461,968699581,10819700000.0,2243800000.0,488135700000.0,295670200000.0,145866500000.0,9170400000.0,16.923729,2.36,5.713,13714682759,SUZLON.NS,2.026991804149685,0.006307877092374108,0.021109027775397367,1
2017-03-31,12.67135238647461,18.226547241210938,12.67135238647461,17.537885665893555,2619014515,10819700000.0,2243800000.0,488135700000.0,295670200000.0,145866500000.0,9170400000.0,16.923729,2.36,5.713,13714682759,SUZLON.NS,2.026991804149685,0.006307877092374108,0.021109027775397367,0
2017-06-30,17.537885665893555,20.430259704589844,16.0228328704834,17.216510772705078,3255579046,10819700000.0,2243800000.0,488135700000.0,295670200000.0,145866500000.0,9170400000.0,16.923729,2.36,5.713,13714682759,SUZLON.NS,2.026991804149685,0.006307877092374108,0.021109027775397367,0
2017-09-30,17.308332443237305,18.59383201599121,13.26819133758545,14.324136734008789,3288651330,10819700000.0,2243800000.0,488135700000.0,295670200000.0,145866500000.0,9170400000.0,16.923729,2.36,5.713,13714682759,SUZLON.NS,2.026991804149685,0.006307877092374108,0.021109027775397367,0
2017-12-31,14.507780075073242,15.885101318359375,11.753137588500977,14.278226852416992,2564664182,10819700000.0,2243800000.0,488135700000.0,295670200000.0,145866500000.0,9170400000.0,16.923729,2.36,5.713,13714682759,SUZLON.NS,2.026991804149685,0.006307877092374108,0.021109027775397367,0
2018-03-31,14.278226852416992,15.701457977294922,9.733068466186523,9.824889183044434,2493730874,10819700000.0,2243800000.0,488135700000.0,295670200000.0,145866500000.0,9170400000.0,16.923729,2.36,5.713,13714682759,SUZLON.NS,2.026991804149685,0.006307877092374108,0.021109027775397367,0
2018-06-30,9.962620735168457,11.385852813720703,6.657051086425781,6.886603832244873,1728297045,10819700000.0,2243800000.0,488135700000.0,295670200000.0,145866500000.0,9170400000.0,16.923729,2.36,5.713,13714682759,SUZLON.NS,2.026991804149685,0.006307877092374108,0.021109027775397367,0
2018-09-30,6.9325151443481445,7.942550182342529,4.866534233093262,5.004265785217285,2150087618,10819700000.0,2243800000.0,488135700000.0,295670200000.0,145866500000.0,9170400000.0,16.923729,2.36,5.713,13714682759,SUZLON.NS,2.026991804149685,0.006307877092374108,0.021109027775397367,0
2018-12-31,5.05017614364624,6.106122016906738,4.545158863067627,4.958354949951172,1809313473,10819700000.0,2243800000.0,488135700000.0,295670200000.0,145866500000.0,9170400000.0,16.923729,2.36,5.713,13714682759,SUZLON.NS,2.026991804149685,0.006307877092374108,0.021109027775397367,1
2019-03-31,5.004265785217285,7.712996959686279,2.52508807182312,5.968389987945557,4050467533,10819700000.0,2243800000.0,488135700000.0,295670200000.0,145866500000.0,9170400000.0,16.923729,2.36,5.713,13714682759,SUZLON.NS,2.026991804149685,0.006307877092374108,0.021109027775397367,0
2019-06-30,5.738836765289307,7.299800872802734,2.754641056060791,4.82062292098999,3888580173,10819700000.0,2243800000.0,488135700000.0,295670200000.0,145866500000.0,9170400000.0,16.923729,2.36,5.713,13714682759,SUZLON.NS,2.026991804149685,0.006307877092374108,0.021109027775397367,0
2019-09-30,4.866534233093262,5.05017614364624,2.0200700759887695,2.065980911254883,1035331291,10819700000.0,2243800000.0,488135700000.0,295670200000.0,145866500000.0,9170400000.0,16.923729,2.36,5.713,13714682759,SUZLON.NS,2.026991804149685,0.006307877092374108,0.021109027775397367,0
2019-12-31,2.065980911254883,2.892374038696289,1.6527849435806274,1.6986949443817139,810460732,10819700000.0,2243800000.0,488135700000.0,295670200000.0,145866500000.0,9170400000.0,16.923729,2.36,5.713,13714682759,SUZLON.NS,2.026991804149685,0.006307877092374108,0.021109027775397367,1
2020-03-31,1.6986949443817139,3.213747978210449,1.5609630346298218,1.790516972541809,1278382678,10819700000.0,2243800000.0,488135700000.0,295670200000.0,145866500000.0,9170400000.0,16.923729,2.36,5.713,13714682759,SUZLON.NS,2.026991804149685,0.006307877092374108,0.021109027775397367,1
2020-06-30,1.8364269733428955,4.636980056762695,1.8364269733428955,4.636980056762695,970668723,10819700000.0,2243800000.0,488135700000.0,295670200000.0,145866500000.0,9170400000.0,16.923729,2.36,5.713,13714682759,SUZLON.NS,2.026991804149685,0.006307877092374108,0.021109027775397367,0
2020-09-30,4.866534233093262,5.555193901062012,2.6169090270996094,2.6628201007843018,1345820342,10819700000.0,2243800000.0,488135700000.0,295670200000.0,145866500000.0,9170400000.0,16.923729,2.36,5.713,13714682759,SUZLON.NS,2.026991804149685,0.006307877092374108,0.021109027775397367,1
2020-12-31,2.708730936050415,5.876568794250488,2.4791769981384277,5.876568794250488,901901641,10819700000.0,2243800000.0,488135700000.0,295670200000.0,145866500000.0,9170400000.0,16.923729,2.36,5.713,13714682759,SUZLON.NS,2.026991804149685,0.006307877092374108,0.021109027775397367,0
2021-03-31,6.152032852172852,7.758907794952393,4.499248027801514,4.591069221496582,1705725361,10819700000.0,2243800000.0,488135700000.0,295670200000.0,145866500000.0,9170400000.0,16.923729,2.36,5.713,13714682759,SUZLON.NS,2.026991804149685,0.006307877092374108,0.021109027775397367,1
2021-06-30,4.591069221496582,7.804818153381348,4.0401411056518555,7.3457112312316895,3586803955,10819700000.0,2243800000.0,488135700000.0,295670200000.0,145866500000.0,9170400000.0,16.923729,2.36,5.713,13714682759,SUZLON.NS,2.026991804149685,0.006307877092374108,0.021109027775397367,0
2021-09-30,7.712996959686279,8.677122116088867,5.233819007873535,5.92248010635376,3004687562,10819700000.0,2243800000.0,488135700000.0,295670200000.0,145866500000.0,9170400000.0,16.923729,2.36,5.713,13714682759,SUZLON.NS,2.026991804149685,0.006307877092374108,0.021109027775397367,1
2021-12-31,5.876568794250488,9.365781784057617,5.784748077392578,9.365781784057617,3141463168,10819700000.0,2243800000.0,488135700000.0,295670200000.0,145866500000.0,9170400000.0,16.923729,2.36,5.713,13714682759,SUZLON.NS,2.026991804149685,0.006307877092374108,0.021109027775397367,0
2022-03-31,9.824889183044434,12.028602600097656,7.942550182342529,8.401657104492188,5208964766,10819700000.0,2243800000.0,488135700000.0,295670200000.0,145866500000.0,9170400000.0,16.923729,2.36,5.713,13714682759,SUZLON.NS,2.026991804149685,0.006307877092374108,0.021109027775397367,0
2022-06-30,8.4475679397583,11.33994197845459,6.24385404586792,6.289764881134033,3293759581,10819700000.0,2243800000.0,488135700000.0,295670200000.0,145866500000.0,9170400000.0,16.923729,2.36,5.713,13714682759,SUZLON.NS,2.026991804149685,0.006307877092374108,0.021109027775397367,1
2022-09-30,6.197944164276123,10.74310302734375,5.41746187210083,7.988461017608643,6903757090,10819700000.0,2243800000.0,488135700000.0,295670200000.0,145866500000.0,9170400000.0,16.923729,2.36,5.713,13714682759,SUZLON.NS,2.026991804149685,0.006307877092374108,0.021109027775397367,1
2022-12-31,7.599999904632568,12.149999618530273,6.599999904632568,10.600000381469727,10838869863,10819700000.0,2243800000.0,488135700000.0,295670200000.0,145866500000.0,9170400000.0,16.923729,2.36,5.713,13714682759,SUZLON.NS,2.026991804149685,0.006307877092374108,0.021109027775397367,0
2023-03-31,10.699999809265137,11.0,6.949999809265137,7.900000095367432,4091911700,10819700000.0,2243800000.0,488135700000.0,295670200000.0,145866500000.0,9170400000.0,16.923729,2.36,5.713,13714682759,SUZLON.NS,2.026991804149685,0.006307877092374108,0.021109027775397367,1
2023-06-30,7.900000095367432,15.75,7.900000095367432,15.300000190734863,9703871205,10819700000.0,2243800000.0,488135700000.0,295670200000.0,145866500000.0,9170400000.0,16.923729,2.36,5.713,13714682759,SUZLON.NS,2.026991804149685,0.006307877092374108,0.021109027775397367,1
2023-09-30,15.75,27.049999237060547,15.75,25.799999237060547,11425701880,10819700000.0,2243800000.0,488135700000.0,295670200000.0,145866500000.0,9170400000.0,16.923729,2.36,5.713,13714682759,SUZLON.NS,2.026991804149685,0.006307877092374108,0.021109027775397367,1
2023-12-31,25.950000762939453,44.0,25.75,38.20000076293945,6354013320,10819700000.0,2243800000.0,488135700000.0,295670200000.0,145866500000.0,9170400000.0,16.923729,2.36,5.713,13714682759,SUZLON.NS,2.026991804149685,0.006307877092374108,0.021109027775397367,1
2024-03-31,38.5,50.599998474121094,35.5,40.400001525878906,3746342764,10819700000.0,2243800000.0,488135700000.0,295670200000.0,145866500000.0,9170400000.0,16.923729,2.36,5.713,13714682759,SUZLON.NS,2.026991804149685,0.006307877092374108,0.021109027775397367,1
2024-06-30,39.95000076293945,55.70000076293945,37.900001525878906,52.86000061035156,2833281508,10819700000.0,2243800000.0,80820000000.0,1010000000.0,42530000000.0,12990000000.0,16.923729,2.36,5.713,13714682759,SUZLON.NS,0.02374794262873266,0.006307877092374108,0.021109027775397367,1
2024-09-30,53.20000076293945,86.04000091552734,52.43000030517578,80.05000305175781,5195390285,20929900000.0,2002000000.0,96486700000.0,2767900000.0,44953500000.0,6832600000.0,16.923729,2.36,5.713,13714682759,SUZLON.NS,0.061572513819836056,0.02074897369274729,0.04453490829412615,0
2024-12-31,80.30000305175781,81.52999877929688,53.45000076293945,62.220001220703125,3987608568,29688100000.0,3869200000.0,96486700000.0,2767900000.0,44953500000.0,6832600000.0,16.923729,2.36,5.713,13714682759,SUZLON.NS,0.061572513819836056,0.02074897369274729,0.04453490829412615,0
2025-03-31,62.63999938964844,65.33000183105469,46.599998474121094,56.65999984741211,3551944458,36855900000.0,11822200000.0,129595900000.0,7401200000.0,61057200000.0,9010700000.0,16.923729,2.36,5.713,13714682759,SUZLON.NS,0.12121748131260524,0.09122356494302675,0.19362499426767033,1
2025-06-30,55.5,74.30000305175781,46.150001525878906,67.72000122070312,5566895321,31173300000.0,3243200000.0,144610000000.0,3110000000.0,63442200000.0,19310000000.0,16.923729,2.36,5.713,13714682759,SUZLON.NS,0.04902099864128293,0.022427218034714057,0.0511205475219964,0
2025-09-30,67.72000122070312,68.30000305175781,54.40999984741211,55.04999923706055,3728911481,31173300000.0,3243200000.0,144610000000.0,3110000000.0,63442200000.0,19310000000.0,16.923729,2.36,5.713,13714682759,SUZLON.NS,0.04902099864128293,0.022427218034714057,0.0511205475219964,0
2025-12-31,55.04999923706055,61.5,50.599998474121094,52.66999816894531,3857839520,42281800000.0,4452800000.0,144610000000.0,3110000000.0,63442200000.0,19310000000.0,16.923729,2.36,5.713,13714682759,SUZLON.NS,0.04902099864128293,0.022427218034714057,0.0511205475219964,0
2026-03-31,52.709999084472656,54.540000915527344,38.189998626708984,39.939998626708984,3451771178,42281800000.0,4452800000.0,144610000000.0,3110000000.0,63442200000.0,19310000000.0,16.923729,2.36,5.713,13714682759,SUZLON.NS,0.04902099864128293,0.022427218034714057,0.0511205475219964,0
2016-03-31,54.662398431747086,56.43968636168633,52.36493774481085,56.04955291748047,35738017,42281800000.0,4452800000.0,144610000000.0,3110000000.0,63442200000.0,19310000000.0,32.59899,11.87,118.481,3195339547,TATAPOWER.NS,0.04902099864128293,0.022427218034714057,0.0511205475219964,1
2016-06-30,56.30962877195196,67.10340024077632,52.49498149544331,63.59218215942383,324905208,42281800000.0,4452800000.0,144610000000.0,3110000000.0,63442200000.0,19310000000.0,32.59899,11.87,118.481,3195339547,TATAPOWER.NS,0.04902099864128293,0.022427218034714057,0.0511205475219964,1
2016-09-30,64.15570676157284,69.66096867235673,60.514442087407595,66.47026062011719,336934425,42281800000.0,4452800000.0,144610000000.0,3110000000.0,63442200000.0,19310000000.0,32.59899,11.87,118.481,3195339547,TATAPOWER.NS,0.04902099864128293,0.022427218034714057,0.0511205475219964,1
2016-12-31,66.55840214425415,74.40437084936903,59.06507091719372,66.9110336303711,294748240,42281800000.0,4452800000.0,144610000000.0,3110000000.0,63442200000.0,19310000000.0,32.59899,11.87,118.481,3195339547,TATAPOWER.NS,0.04902099864128293,0.022427218034714057,0.0511205475219964,1
2017-03-31,66.9110448328158,80.35494555733814,66.16169610627118,79.64969635009766,246741892,42281800000.0,4452800000.0,144610000000.0,3110000000.0,63442200000.0,19310000000.0,32.59899,11.87,118.481,3195339547,TATAPOWER.NS,0.04902099864128293,0.022427218034714057,0.0511205475219964,0
2017-06-30,79.95823955355768,79.95823955355768,67.5722042655902,71.01033020019531,278604088,42281800000.0,4452800000.0,144610000000.0,3110000000.0,63442200000.0,19310000000.0,32.59899,11.87,118.481,3195339547,TATAPOWER.NS,0.04902099864128293,0.022427218034714057,0.0511205475219964,0
2017-09-30,70.7458533197687,78.2687608084431,67.95843856886191,69.75153350830078,344638096,42281800000.0,4452800000.0,144610000000.0,3110000000.0,63442200000.0,19310000000.0,32.59899,11.87,118.481,3195339547,TATAPOWER.NS,0.04902099864128293,0.022427218034714057,0.0511205475219964,1
2017-12-31,71.00669056909639,87.05492459594707,69.12393870554597,83.82736206054688,456115748,42281800000.0,4452800000.0,144610000000.0,3110000000.0,63442200000.0,19310000000.0,32.59899,11.87,118.481,3195339547,TATAPOWER.NS,0.04902099864128293,0.022427218034714057,0.0511205475219964,0
2018-03-31,84.09632331040363,91.26870030072965,69.03428348098615,70.827392578125,428852767,42281800000.0,4452800000.0,144610000000.0,3110000000.0,63442200000.0,19310000000.0,32.59899,11.87,118.481,3195339547,TATAPOWER.NS,0.04902099864128293,0.022427218034714057,0.0511205475219964,0
2018-06-30,70.8273892836539,80.28598189517594,63.65498888387125,65.67222595214844,301682227,42281800000.0,4452800000.0,144610000000.0,3110000000.0,63442200000.0,19310000000.0,32.59899,11.87,118.481,3195339547,TATAPOWER.NS,0.04902099864128293,0.022427218034714057,0.0511205475219964,0
2018-09-30,65.98601283774886,72.12605360284024,59.80072151365337,60.12026596069336,249619081,42281800000.0,4452800000.0,144610000000.0,3110000000.0,63442200000.0,19310000000.0,32.59899,11.87,118.481,3195339547,TATAPOWER.NS,0.04902099864128293,0.022427218034714057,0.0511205475219964,1
2018-12-31,60.66805451497207,78.60826814317994,54.5966803228452,70.11747741699219,454603803,42281800000.0,4452800000.0,144610000000.0,3110000000.0,63442200000.0,19310000000.0,32.59899,11.87,118.481,3195339547,TATAPOWER.NS,0.04902099864128293,0.022427218034714057,0.0511205475219964,0
2019-03-31,70.30008329667841,71.16740942044834,58.476887702196485,65.32431030273438,321665564,42281800000.0,4452800000.0,144610000000.0,3110000000.0,63442200000.0,19310000000.0,32.59899,11.87,118.481,3195339547,TATAPOWER.NS,0.04902099864128293,0.022427218034714057,0.0511205475219964,0
2019-06-30,67.74369829246976,70.30007762303313,55.555318413332884,64.21757507324219,399832979,42281800000.0,4452800000.0,144610000000.0,3110000000.0,63442200000.0,19310000000.0,32.59899,11.87,118.481,3195339547,TATAPOWER.NS,0.04902099864128293,0.022427218034714057,0.0511205475219964,0
2019-09-30,64.54331426956381,69.01063213189921,46.860210479974704,58.1680908203125,584911209,42281800000.0,4452800000.0,144610000000.0,3110000000.0,63442200000.0,19310000000.0,32.59899,11.87,118.481,3195339547,TATAPOWER.NS,0.04902099864128293,0.022427218034714057,0.0511205475219964,0
2019-12-31,58.16809298426057,58.49383288485297,47.51169704391488,52.58395767211914,506270521,42281800000.0,4452800000.0,144610000000.0,3110000000.0,63442200000.0,19310000000.0,32.59899,11.87,118.481,3195339547,TATAPOWER.NS,0.04902099864128293,0.022427218034714057,0.0511205475219964,0
2020-03-31,52.86316469137687,57.79581788854578,29.037509783826806,30.573150634765625,623588193,42281800000.0,4452800000.0,144610000000.0,3110000000.0,63442200000.0,19310000000.0,32.59899,11.87,118.481,3195339547,TATAPOWER.NS,0.04902099864128293,0.022427218034714057,0.0511205475219964,1
2020-06-30,30.061271708541778,44.114685659468876,25.128618362972343,41.741424560546875,1966463560,42281800000.0,4452800000.0,144610000000.0,3110000000.0,63442200000.0,19310000000.0,32.59899,11.87,118.481,3195339547,TATAPOWER.NS,0.04902099864128293,0.022427218034714057,0.0511205475219964,1
2020-09-30,41.88102811142359,60.90714767149613,40.996872363456006,51.20427322387695,2077921827,42281800000.0,4452800000.0,144610000000.0,3110000000.0,63442200000.0,19310000000.0,32.59899,11.87,118.481,3195339547,TATAPOWER.NS,0.04902099864128293,0.022427218034714057,0.0511205475219964,1
2020-12-31,51.39640809651793,75.70163136641206,49.619149343028646,72.67548370361328,1775406468,42281800000.0,4452800000.0,144610000000.0,3110000000.0,63442200000.0,19310000000.0,32.59899,11.87,118.481,3195339547,TATAPOWER.NS,0.04902099864128293,0.022427218034714057,0.0511205475219964,1
2021-03-31,73.01172224189985,109.99791635003837,71.52266135775058,99.19026947021484,3299556908,42281800000.0,4452800000.0,144610000000.0,3110000000.0,63442200000.0,19310000000.0,32.59899,11.87,118.481,3195339547,TATAPOWER.NS,0.04902099864128293,0.022427218034714057,0.0511205475219964,1
2021-06-30,99.81470298552959,127.48230677635695,86.36518427594554,118.76061248779297,3127033752,42281800000.0,4452800000.0,144610000000.0,3110000000.0,63442200000.0,19310000000.0,32.59899,11.87,118.481,3195339547,TATAPOWER.NS,0.04902099864128293,0.022427218034714057,0.0511205475219964,1
2021-09-30,119.44146778188369,156.79123938068543,115.16181391387919,154.4082489013672,1961905590,42281800000.0,4452800000.0,144610000000.0,3110000000.0,63442200000.0,19310000000.0,32.59899,11.87,118.481,3195339547,TATAPOWER.NS,0.04902099864128293,0.022427218034714057,0.0511205475219964,1
2021-12-31,154.4082477365741,260.524417050272,152.3170553573585,214.9071044921875,4685521335,42281800000.0,4452800000.0,144610000000.0,3110000000.0,63442200000.0,19310000000.0,32.59899,11.87,118.481,3195339547,TATAPOWER.NS,0.04902099864128293,0.022427218034714057,0.0511205475219964,1
2022-03-31,215.15027212022315,250.8465279697195,197.6912079351677,232.12301635742188,1873938134,42281800000.0,4452800000.0,144610000000.0,3110000000.0,63442200000.0,19310000000.0,32.59899,11.87,118.481,3195339547,TATAPOWER.NS,0.04902099864128293,0.022427218034714057,0.0511205475219964,0
2022-06-30,231.15036895902742,289.8984084575993,186.2826809372232,198.24398803710938,2062025047,42281800000.0,4452800000.0,144610000000.0,3110000000.0,63442200000.0,19310000000.0,32.59899,11.87,118.481,3195339547,TATAPOWER.NS,0.04902099864128293,0.022427218034714057,0.0511205475219964,1
2022-09-30,198.73421410528226,246.23629407926305,196.67530914012045,212.2642059326172,1120262086,42281800000.0,4452800000.0,144610000000.0,3110000000.0,63442200000.0,19310000000.0,32.59899,11.87,118.481,3195339547,TATAPOWER.NS,0.04902099864128293,0.022427218034714057,0.0511205475219964,0
2022-12-31,212.2642309061824,229.91204952276632,190.7926910037782,203.63638305664062,619413673,42281800000.0,4452800000.0,144610000000.0,3110000000.0,63442200000.0,19310000000.0,32.59899,11.87,118.481,3195339547,TATAPOWER.NS,0.04902099864128293,0.022427218034714057,0.0511205475219964,0
2023-03-31,204.66584513377532,211.1857299802222,178.7823564299242,186.5277862548828,551673231,42281800000.0,4452800000.0,144610000000.0,3110000000.0,63442200000.0,19310000000.0,32.59899,11.87,118.481,3195339547,TATAPOWER.NS,0.04902099864128293,0.022427218034714057,0.0511205475219964,1
2023-06-30,189.56714339038405,223.9883069609289,188.2925746955759,219.53524780273438,502869759,42281800000.0,4452800000.0,144610000000.0,3110000000.0,63442200000.0,19310000000.0,32.59899,11.87,118.481,3195339547,TATAPOWER.NS,0.04902099864128293,0.022427218034714057,0.0511205475219964,1
2023-09-30,220.57428292051947,273.61500432989766,214.48845615372102,259.56317138671875,828795019,42281800000.0,4452800000.0,144610000000.0,3110000000.0,63442200000.0,19310000000.0,32.59899,11.87,118.481,3195339547,TATAPOWER.NS,0.04902099864128293,0.022427218034714057,0.0511205475219964,1
2023-12-31,259.81059754462643,343.2804626049407,228.39187084026196,328.68438720703125,1005586606,42281800000.0,4452800000.0,144610000000.0,3110000000.0,63442200000.0,19310000000.0,32.59899,11.87,118.481,3195339547,TATAPOWER.NS,0.04902099864128293,0.022427218034714057,0.0511205475219964,1
2024-03-31,330.41611218506665,428.77898338715653,316.26533364003666,390.08697509765625,1189334904,42281800000.0,4452800000.0,144610000000.0,3110000000.0,63442200000.0,19310000000.0,32.59899,11.87,118.481,3195339547,TATAPOWER.NS,0.04902099864128293,0.022427218034714057,0.0511205475219964,1
2024-06-30,394.7873900112297,459.35659979634426,367.7722479948686,436.0028381347656,922488439,42281800000.0,4452800000.0,144610000000.0,3110000000.0,63442200000.0,19310000000.0,32.59899,11.87,118.481,3195339547,TATAPOWER.NS,0.04902099864128293,0.022427218034714057,0.0511205475219964,1
2024-09-30,436.398662539434,491.9546624593605,397.6596033748212,479.7763366699219,922029365,42281800000.0,4452800000.0,1451292600000.0,632223800000.0,336791000000.0,26297200000.0,32.59899,11.87,118.481,3195339547,TATAPOWER.NS,1.877199212568032,0.022427218034714057,0.0511205475219964,0
2024-12-31,483.9517497606982,488.32602989129043,383.2444428492624,390.10406494140625,702952155,153910600000.0,10307000000.0,1451292600000.0,632223800000.0,336791000000.0,26297200000.0,32.59899,11.87,118.481,3195339547,TATAPOWER.NS,1.877199212568032,0.022427218034714057,0.0511205475219964,0
2025-03-31,390.2034986125722,400.5923499921698,324.4405281971199,373.20355224609375,442398603,157453900000.0,10428300000.0,1567102200000.0,679958200000.0,358406700000.0,48624700000.0,32.59899,11.87,118.481,3195339547,TATAPOWER.NS,1.8971693330509725,0.006654511747861754,0.02909627526494343,1
2025-06-30,370.27081193557234,414.3613070533091,333.039938595039,405.45001220703125,399071651,180350700000.0,10598600000.0,1567102200000.0,679958200000.0,358406700000.0,48624700000.0,32.59899,11.87,118.481,3195339547,TATAPOWER.NS,1.8971693330509725,0.006654511747861754,0.02909627526494343,0
2025-09-30,406.0,416.75,368.5,388.6499938964844,299678669,155449100000.0,9194400000.0,1638007500000.0,747856500000.0,376895300000.0,24330800000.0,32.59899,11.87,118.481,3195339547,TATAPOWER.NS,1.9842553091004318,0.005613161111899671,0.024395103892248058,0
2025-12-31,388.6499938964844,413.25,369.79998779296875,379.6000061035156,274036554,139484100000.0,7719800000.0,1638007500000.0,747856500000.0,376895300000.0,24330800000.0,32.59899,11.87,118.481,3195339547,TATAPOWER.NS,1.9842553091004318,0.005613161111899671,0.024395103892248058,1
2026-03-31,380.0,418.45001220703125,342.5,386.95001220703125,311875876,139484100000.0,7719800000.0,1638007500000.0,747856500000.0,376895300000.0,24330800000.0,32.59899,11.87,118.481,3195339547,TATAPOWER.NS,1.9842553091004318,0.005613161111899671,0.024395103892248058,0
2016-03-31,184.1534913594869,187.48275563290514,172.0798583766403,186.03872680664062,5717304,139484100000.0,7719800000.0,1638007500000.0,747856500000.0,376895300000.0,24330800000.0,21.64549,62.96,373.253,503903543,TORNTPOWER.NS,1.9842553091004318,0.005613161111899671,0.024395103892248058,0
2016-06-30,186.11897467074394,201.32137694010473,130.36351551467405,140.6722412109375,33219557,139484100000.0,7719800000.0,1638007500000.0,747856500000.0,376895300000.0,24330800000.0,21.64549,62.96,373.253,503903543,TORNTPOWER.NS,1.9842553091004318,0.005613161111899671,0.024395103892248058,1
2016-09-30,141.19369294110524,157.23847453098534,128.19748081572456,144.64334106445312,37525538,139484100000.0,7719800000.0,1638007500000.0,747856500000.0,376895300000.0,24330800000.0,21.64549,62.96,373.253,503903543,TORNTPOWER.NS,1.9842553091004318,0.005613161111899671,0.024395103892248058,0
2016-12-31,145.5659087659272,152.78604532170988,127.79635488696374,143.60040283203125,31701834,139484100000.0,7719800000.0,1638007500000.0,747856500000.0,376895300000.0,24330800000.0,21.64549,62.96,373.253,503903543,TORNTPOWER.NS,1.9842553091004318,0.005613161111899671,0.024395103892248058,1
2017-03-31,143.60042319881333,194.10122325512958,141.39427264780383,184.79530334472656,70627229,139484100000.0,7719800000.0,1638007500000.0,747856500000.0,376895300000.0,24330800000.0,21.64549,62.96,373.253,503903543,TORNTPOWER.NS,1.9842553091004318,0.005613161111899671,0.024395103892248058,0
2017-06-30,184.6749372363027,191.61429396532444,139.19666471727257,144.18826293945312,51933223,139484100000.0,7719800000.0,1638007500000.0,747856500000.0,376895300000.0,24330800000.0,21.64549,62.96,373.253,503903543,TORNTPOWER.NS,1.9842553091004318,0.005613161111899671,0.024395103892248058,1
2017-09-30,146.05504051425223,188.99095696405183,143.37660608204524,170.931884765625,85928383,139484100000.0,7719800000.0,1638007500000.0,747856500000.0,376895300000.0,24330800000.0,21.64549,62.96,373.253,503903543,TORNTPOWER.NS,1.9842553091004318,0.005613161111899671,0.024395103892248058,1
2017-12-31,172.23052433409154,234.56464969053087,170.85071807479815,229.89772033691406,83480676,139484100000.0,7719800000.0,1638007500000.0,747856500000.0,376895300000.0,24330800000.0,21.64549,62.96,373.253,503903543,TORNTPOWER.NS,1.9842553091004318,0.005613161111899671,0.024395103892248058,0
2018-03-31,230.5064262016557,249.45829226617917,175.3147254356971,186.06903076171875,82998943,139484100000.0,7719800000.0,1638007500000.0,747856500000.0,376895300000.0,24330800000.0,21.64549,62.96,373.253,503903543,TORNTPOWER.NS,1.9842553091004318,0.005613161111899671,0.024395103892248058,1
2018-06-30,186.67776932022716,224.3379137728,171.98702846230532,187.92098999023438,58297351,139484100000.0,7719800000.0,1638007500000.0,747856500000.0,376895300000.0,24330800000.0,21.64549,62.96,373.253,503903543,TORNTPOWER.NS,1.9842553091004318,0.005613161111899671,0.024395103892248058,0
2018-09-30,187.01096907005103,228.3758890801599,177.0419975620534,182.33670043945312,67532763,139484100000.0,7719800000.0,1638007500000.0,747856500000.0,376895300000.0,24330800000.0,21.64549,62.96,373.253,503903543,TORNTPOWER.NS,1.9842553091004318,0.005613161111899671,0.024395103892248058,1
2018-12-31,180.43393749305713,229.12050435629993,174.9737584219464,216.5868682861328,86862479,139484100000.0,7719800000.0,1638007500000.0,747856500000.0,376895300000.0,24330800000.0,21.64549,62.96,373.253,503903543,TORNTPOWER.NS,1.9842553091004318,0.005613161111899671,0.024395103892248058,0
2019-03-31,217.33147971958695,225.02534771455612,190.4442398943361,206.82476806640625,70551432,139484100000.0,7719800000.0,1638007500000.0,747856500000.0,376895300000.0,24330800000.0,21.64549,62.96,373.253,503903543,TORNTPOWER.NS,1.9842553091004318,0.005613161111899671,0.024395103892248058,1
2019-06-30,213.60860105974186,244.6111269413156,191.14746365120993,237.5185546875,60368883,139484100000.0,7719800000.0,1638007500000.0,747856500000.0,376895300000.0,24330800000.0,21.64549,62.96,373.253,503903543,TORNTPOWER.NS,1.9842553091004318,0.005613161111899671,0.024395103892248058,1
2019-09-30,239.03843461806085,264.87582180976653,227.6395568812551,242.75357055664062,87104362,139484100000.0,7719800000.0,1638007500000.0,747856500000.0,376895300000.0,24330800000.0,21.64549,62.96,373.253,503903543,TORNTPOWER.NS,1.9842553091004318,0.005613161111899671,0.024395103892248058,0
2019-12-31,244.27345599291868,258.0364978933685,225.95086545002312,239.79832458496094,62801892,139484100000.0,7719800000.0,1638007500000.0,747856500000.0,376895300000.0,24330800000.0,21.64549,62.96,373.253,503903543,TORNTPOWER.NS,1.9842553091004318,0.005613161111899671,0.024395103892248058,1
2020-03-31,239.79830760223845,281.81587388975777,203.0036678861532,244.2257843017578,93253786,139484100000.0,7719800000.0,1638007500000.0,747856500000.0,376895300000.0,24330800000.0,21.64549,62.96,373.253,503903543,TORNTPOWER.NS,1.9842553091004318,0.005613161111899671,0.024395103892248058,1
2020-06-30,245.0572626836133,306.27779090332416,238.6244863810696,278.971435546875,84839477,139484100000.0,7719800000.0,1638007500000.0,747856500000.0,376895300000.0,24330800000.0,21.64549,62.96,373.253,503903543,TORNTPOWER.NS,1.9842553091004318,0.005613161111899671,0.024395103892248058,0
2020-09-30,280.06542028244974,322.8629411139229,267.02489149237067,274.24530029296875,88903546,139484100000.0,7719800000.0,1638007500000.0,747856500000.0,376895300000.0,24330800000.0,21.64549,62.96,373.253,503903543,TORNTPOWER.NS,1.9842553091004318,0.005613161111899671,0.024395103892248058,1
2020-12-31,276.1270204707379,295.25020783696783,256.4349158661408,277.78985595703125,79277732,139484100000.0,7719800000.0,1638007500000.0,747856500000.0,376895300000.0,24330800000.0,21.64549,62.96,373.253,503903543,TORNTPOWER.NS,1.9842553091004318,0.005613161111899671,0.024395103892248058,1
2021-03-31,277.78992080440116,386.61132965330256,259.4981496909684,377.1340637207031,130842765,139484100000.0,7719800000.0,1638007500000.0,747856500000.0,376895300000.0,24330800000.0,21.64549,62.96,373.253,503903543,TORNTPOWER.NS,1.9842553091004318,0.005613161111899671,0.024395103892248058,1
2021-06-30,376.86715977307,452.6854758171651,334.1525699153473,414.4190673828125,109941234,139484100000.0,7719800000.0,1638007500000.0,747856500000.0,376895300000.0,24330800000.0,21.64549,62.96,373.253,503903543,TORNTPOWER.NS,1.9842553091004318,0.005613161111899671,0.024395103892248058,1
2021-09-30,416.1303864392478,474.99212057897194,393.8377020919092,454.9062194824219,71634725,139484100000.0,7719800000.0,1638007500000.0,747856500000.0,376895300000.0,24330800000.0,21.64549,62.96,373.253,503903543,TORNTPOWER.NS,1.9842553091004318,0.005613161111899671,0.024395103892248058,1
2021-12-31,453.960425627097,546.3288494226508,434.36991513445184,498.5908508300781,73015003,139484100000.0,7719800000.0,1638007500000.0,747856500000.0,376895300000.0,24330800000.0,21.64549,62.96,373.253,503903543,TORNTPOWER.NS,1.9842553091004318,0.005613161111899671,0.024395103892248058,0
2022-03-31,499.086223361328,531.3319155976372,396.9831612789274,450.9380187988281,49469317,139484100000.0,7719800000.0,1638007500000.0,747856500000.0,376895300000.0,24330800000.0,21.64549,62.96,373.253,503903543,TORNTPOWER.NS,1.9842553091004318,0.005613161111899671,0.024395103892248058,0
2022-06-30,449.7919937021697,529.7845041935742,380.7095828542093,414.0818176269531,47605870,139484100000.0,7719800000.0,1638007500000.0,747856500000.0,376895300000.0,24330800000.0,21.64549,62.96,373.253,503903543,TORNTPOWER.NS,1.9842553091004318,0.005613161111899671,0.024395103892248058,1
2022-09-30,413.4858616199575,559.2602796206166,412.0189438764778,446.3996887207031,33244490,139484100000.0,7719800000.0,1638007500000.0,747856500000.0,376895300000.0,24330800000.0,21.64549,62.96,373.253,503903543,TORNTPOWER.NS,1.9842553091004318,0.005613161111899671,0.024395103892248058,1
2022-12-31,448.2333657056675,507.45993560372966,435.85627392343275,451.3963928222656,23357877,139484100000.0,7719800000.0,1638007500000.0,747856500000.0,376895300000.0,24330800000.0,21.64549,62.96,373.253,503903543,TORNTPOWER.NS,1.9842553091004318,0.005613161111899671,0.024395103892248058,1
2023-03-31,457.30991190417296,526.6192872242643,395.0119565178109,488.7027282714844,49260703,139484100000.0,7719800000.0,1638007500000.0,747856500000.0,376895300000.0,24330800000.0,21.64549,62.96,373.253,503903543,TORNTPOWER.NS,1.9842553091004318,0.005613161111899671,0.024395103892248058,1
2023-06-30,494.9743052793275,717.016107688762,491.1922093283613,592.7098388671875,46287901,139484100000.0,7719800000.0,1638007500000.0,747856500000.0,376895300000.0,24330800000.0,21.64549,62.96,373.253,503903543,TORNTPOWER.NS,1.9842553091004318,0.005613161111899671,0.024395103892248058,1
2023-09-30,595.2628289496556,720.3556451872142,566.5545469587671,711.4445190429688,35516586,139484100000.0,7719800000.0,1638007500000.0,747856500000.0,376895300000.0,24330800000.0,21.64549,62.96,373.253,503903543,TORNTPOWER.NS,1.9842553091004318,0.005613161111899671,0.024395103892248058,1
2023-12-31,711.011009476074,1008.6423721587506,666.5999061842431,899.6377563476562,36305875,139484100000.0,7719800000.0,1638007500000.0,747856500000.0,376895300000.0,24330800000.0,21.64549,62.96,373.253,503903543,TORNTPOWER.NS,1.9842553091004318,0.005613161111899671,0.024395103892248058,1
2024-03-31,910.1866121603281,1473.8432016970153,896.025197102238,1321.3212890625,93303952,139484100000.0,7719800000.0,1638007500000.0,747856500000.0,376895300000.0,24330800000.0,21.64549,62.96,373.253,503903543,TORNTPOWER.NS,1.9842553091004318,0.005613161111899671,0.024395103892248058,1
2024-06-30,1361.2641254016094,1589.0496710228572,1260.1666596223379,1461.6422119140625,72790143,139484100000.0,7719800000.0,1638007500000.0,747856500000.0,376895300000.0,24330800000.0,21.64549,62.96,373.253,503903543,TORNTPOWER.NS,1.9842553091004318,0.005613161111899671,0.024395103892248058,1
2024-09-30,1453.5457335320746,1921.575614483192,1414.4294665817579,1831.929931640625,69931673,139484100000.0,7719800000.0,355735300000.0,115674400000.0,133158500000.0,3444300000.0,21.64549,62.96,373.253,503903543,TORNTPOWER.NS,0.8686970790448976,0.005613161111899671,0.024395103892248058,0
2024-12-31,1833.8810308486381,1987.0295200024507,1365.65599992932,1449.4974365234375,53979381,64993800000.0,4756600000.0,355735300000.0,115674400000.0,133158500000.0,3444300000.0,21.64549,62.96,373.253,503903543,TORNTPOWER.NS,0.8686970790448976,0.005613161111899671,0.024395103892248058,1
2025-03-31,1447.5954407259076,1525.7067150001608,1190.6331160852399,1466.3846435546875,36985470,61320700000.0,10595700000.0,365733800000.0,88397400000.0,176153100000.0,2891100000.0,21.64549,62.96,373.253,503903543,TORNTPOWER.NS,0.5018214269291883,0.02897107130924186,0.06015051679476546,0
2025-06-30,1462.0452523933718,1617.4267680765895,1342.2669470730134,1452.5487060546875,33033903,79063700000.0,7314400000.0,365733800000.0,88397400000.0,176153100000.0,2891100000.0,21.64549,62.96,373.253,503903543,TORNTPOWER.NS,0.5018214269291883,0.02897107130924186,0.06015051679476546,0
2025-09-30,1452.5487352643606,1463.7328440580927,1202.539386928432,1206.3994140625,29520404,78760000000.0,7237100000.0,403092900000.0,104311800000.0,188110800000.0,2272700000.0,21.64549,62.96,373.253,503903543,TORNTPOWER.NS,0.554523185271659,0.0179539257575611,0.038472538525167084,1
2025-12-31,1207.4880298815276,1338.629161469208,1175.8161840820312,1293.298828125,28646317,67778700000.0,6430800000.0,403092900000.0,104311800000.0,188110800000.0,2272700000.0,21.64549,62.96,373.253,503903543,TORNTPOWER.NS,0.554523185271659,0.0179539257575611,0.038472538525167084,1
2026-03-31,1288.1522662486902,1605.0,1254.2039856129334,1362.800048828125,33556485,67778700000.0,6430800000.0,403092900000.0,104311800000.0,188110800000.0,2272700000.0,21.64549,62.96,373.253,503903543,TORNTPOWER.NS,0.554523185271659,0.0179539257575611,0.038472538525167084,0
