Date,open,high,low,close,volume,Revenue,NetIncome,TotalAssets,TotalDebt,Equity,Cash,PE,EPS,BookValue,SharesOutstanding,Ticker,Debt_Equity,ROA,ROE,Label
2016-09-30,226.6417150511424,327.61905272341045,218.77481826139717,314.2265625,109596845,,,,,,,19.617645,13.6,132.604,111926800,ADVENZYMES.NS,,,,1
2016-12-31,316.3618535485721,444.9482677479877,290.4947190800738,371.4395446777344,66236500,,,,,,,19.617645,13.6,132.604,111926800,ADVENZYMES.NS,,,,1
2017-03-31,372.9286393560739,413.81781635766873,296.1327422139297,385.74981689453125,58400485,,,,,,,19.617645,13.6,132.604,111926800,ADVENZYMES.NS,,,,0
2017-06-30,386.04015885809076,416.7398814336995,291.2627251362262,303.5782165527344,20321143,,,,,,,19.617645,13.6,132.604,111926800,ADVENZYMES.NS,,,,0
2017-09-30,306.9496867244916,339.02608119827124,230.69176301615798,236.31838989257812,18118706,,,,,,,19.617645,13.6,132.604,111926800,ADVENZYMES.NS,,,,1
2017-12-31,240.06949421016768,282.40991037724393,232.84866017552014,260.1846923828125,13321368,,,,,,,19.617645,13.6,132.604,111926800,ADVENZYMES.NS,,,,0
2018-03-31,262.200929109187,303.36904877674755,194.11867023107715,199.93284606933594,20768242,,,,,,,19.617645,13.6,132.604,111926800,ADVENZYMES.NS,,,,1
2018-06-30,199.932894344103,247.290370914371,192.24314672820117,203.21505737304688,18456010,,,,,,,19.617645,13.6,132.604,111926800,ADVENZYMES.NS,,,,0
2018-09-30,204.29352346906134,218.40696312889528,172.7459433059725,177.49221801757812,9210905,,,,,,,19.617645,13.6,132.604,111926800,ADVENZYMES.NS,,,,0
2018-12-31,175.2835457634644,192.0130593573684,155.17059223081733,166.1199188232422,11574994,,,,,,,19.617645,13.6,132.604,111926800,ADVENZYMES.NS,,,,0
2019-03-31,166.40185799582727,183.93023787771352,137.9711816265123,159.3059539794922,25041021,,,,,,,19.617645,13.6,132.604,111926800,ADVENZYMES.NS,,,,1
2019-06-30,171.00720748313265,211.37405490230327,154.23075983829216,159.54090881347656,10895932,,,,,,,19.617645,13.6,132.604,111926800,ADVENZYMES.NS,,,,0
2019-09-30,158.93001818320155,167.24775416845364,134.37707445544518,146.55032348632812,4042651,,,,,,,19.617645,13.6,132.604,111926800,ADVENZYMES.NS,,,,1
2019-12-31,152.3538258282702,194.9600559902474,136.92498460033534,156.17564392089844,6166185,,,,,,,19.617645,13.6,132.604,111926800,ADVENZYMES.NS,,,,0
2020-03-31,156.1756541707233,176.7946025791896,92.57298701463077,134.4714813232422,6911697,,,,,,,19.617645,13.6,132.604,111926800,ADVENZYMES.NS,,,,1
2020-06-30,136.17005309320032,181.18260063559322,122.77010780758383,161.03546142578125,12615073,,,,,,,19.617645,13.6,132.604,111926800,ADVENZYMES.NS,,,,1
2020-09-30,163.15869271430472,321.03532749344697,149.6270516613808,312.7963562011719,58661355,,,,,,,19.617645,13.6,132.604,111926800,ADVENZYMES.NS,,,,1
2020-12-31,312.32281350040404,364.31352989688224,266.2035640610801,317.0105285644531,24939193,,,,,,,19.617645,13.6,132.604,111926800,ADVENZYMES.NS,,,,1
2021-03-31,317.01050304967305,394.90175907487065,285.1437235969275,326.66998291015625,19226677,,,,,,,19.617645,13.6,132.604,111926800,ADVENZYMES.NS,,,,1
2021-06-30,329.3689088237263,477.0073028839531,324.5865240790798,392.5343017578125,34582049,,,,,,,19.617645,13.6,132.604,111926800,ADVENZYMES.NS,,,,0
2021-09-30,395.23329133049526,412.8476076989943,334.5774608293584,368.8443298339844,27317910,,,,,,,19.617645,13.6,132.604,111926800,ADVENZYMES.NS,,,,0
2021-12-31,367.847581955652,400.12326093593987,287.58562264299326,309.5615234375,11591427,,,,,,,19.617645,13.6,132.604,111926800,ADVENZYMES.NS,,,,0
2022-03-31,313.1688443436905,336.900914439385,246.8138414897882,267.7930603027344,14682962,,,,,,,19.617645,13.6,132.604,111926800,ADVENZYMES.NS,,,,0
2022-06-30,269.2169806551893,311.93475656578613,250.61102608530567,252.699462890625,8140507,,,,,,,19.617645,13.6,132.604,111926800,ADVENZYMES.NS,,,,1
2022-09-30,252.6994702119969,295.84884426846133,245.29503593576507,256.6405334472656,20917712,,,,,,,19.617645,13.6,132.604,111926800,ADVENZYMES.NS,,,,1
2022-12-31,254.7825688409546,308.47362768941304,252.25761645587522,267.5502624511719,7129351,,,,,,,19.617645,13.6,132.604,111926800,ADVENZYMES.NS,,,,0
2023-03-31,268.78896004151244,283.4622856851473,214.38322150188944,221.0529327392578,3687586,,,,,,,19.617645,13.6,132.604,111926800,ADVENZYMES.NS,,,,1
2023-06-30,221.05293780769208,292.22817115997555,221.05293780769208,270.1033630371094,8837182,,,,,,,19.617645,13.6,132.604,111926800,ADVENZYMES.NS,,,,1
2023-09-30,271.98849249417833,336.0213868091667,264.6897378678089,310.7627868652344,17390249,,,,,,,19.617645,13.6,132.604,111926800,ADVENZYMES.NS,,,,1
2023-12-31,310.47195963586194,372.47906019557695,282.25601105148576,363.9464416503906,25609311,,,,,,,19.617645,13.6,132.604,111926800,ADVENZYMES.NS,,,,0
2024-03-31,364.77060102004225,412.2334115685486,329.7188408761041,337.8636779785156,18287640,,,,,,,19.617645,13.6,132.604,111926800,ADVENZYMES.NS,,,,1
2024-06-30,333.35494138519954,401.5634831007654,327.3359437319879,374.0772399902344,13557058,,,,,,,19.617645,13.6,132.604,111926800,ADVENZYMES.NS,,,,1
2024-09-30,375.0081853155131,561.1629852816375,350.30923535241635,494.2362365722656,38219093,,,15491810000.0,469180000.0,13416540000.0,977830000.0,19.617645,13.6,132.604,111926800,ADVENZYMES.NS,0.034970268042282135,,,0
2024-12-31,497.28287035873643,516.5451867981359,332.4718747482309,342.3487548828125,15020617,1691120000.0,376470000.0,15491810000.0,469180000.0,13416540000.0,977830000.0,19.617645,13.6,132.604,111926800,ADVENZYMES.NS,0.034970268042282135,,,0
2025-03-31,342.9384357996961,358.7119343224263,253.45698751760312,274.6357727050781,15580496,1667760000.0,264810000.0,16213470000.0,393500000.0,14208630000.0,942250000.0,19.617645,13.6,132.604,111926800,ADVENZYMES.NS,0.027694436409421597,0.016332715945445362,0.018637264817227276,1
2025-06-30,274.1443642535776,362.61526534057276,261.4174574056648,320.3649597167969,14571250,1859140000.0,399300000.0,16213470000.0,393500000.0,14208630000.0,942250000.0,19.617645,13.6,132.604,111926800,ADVENZYMES.NS,0.027694436409421597,0.016332715945445362,0.018637264817227276,1
2025-09-30,321.31163147465026,366.25,292.25,325.70001220703125,42331104,1845280000.0,433260000.0,16918960000.0,346540000.0,14845450000.0,623570000.0,19.617645,13.6,132.604,111926800,ADVENZYMES.NS,0.023343179223263694,0.025607956990264177,0.02918469968913034,0
2025-12-31,327.0,353.29998779296875,286.3500061035156,302.25,13544343,1719490000.0,425000000.0,16918960000.0,346540000.0,14845450000.0,623570000.0,19.617645,13.6,132.604,111926800,ADVENZYMES.NS,0.023343179223263694,0.025607956990264177,0.02918469968913034,0
2026-03-31,303.3500061035156,319.20001220703125,259.0,266.79998779296875,8589288,1719490000.0,425000000.0,16918960000.0,346540000.0,14845450000.0,623570000.0,19.617645,13.6,132.604,111926800,ADVENZYMES.NS,0.023343179223263694,0.025607956990264177,0.02918469968913034,0
2016-03-31,33.0,34.70000076293945,30.399999618530273,32.099998474121094,22099,1719490000.0,425000000.0,16918960000.0,346540000.0,14845450000.0,623570000.0,60.672127,0.61,130.937,27753486,ANIKINDS.NS,0.023343179223263694,0.025607956990264177,0.02918469968913034,0
2016-06-30,33.5,35.79999923706055,26.0,27.549999237060547,76469,1719490000.0,425000000.0,16918960000.0,346540000.0,14845450000.0,623570000.0,60.672127,0.61,130.937,27753486,ANIKINDS.NS,0.023343179223263694,0.025607956990264177,0.02918469968913034,0
2016-09-30,27.350000381469727,32.900001525878906,24.899999618530273,27.149999618530273,256242,1719490000.0,425000000.0,16918960000.0,346540000.0,14845450000.0,623570000.0,60.672127,0.61,130.937,27753486,ANIKINDS.NS,0.023343179223263694,0.025607956990264177,0.02918469968913034,0
2016-12-31,26.0,30.899999618530273,19.0,25.950000762939453,156658,1719490000.0,425000000.0,16918960000.0,346540000.0,14845450000.0,623570000.0,60.672127,0.61,130.937,27753486,ANIKINDS.NS,0.023343179223263694,0.025607956990264177,0.02918469968913034,1
2017-03-31,25.600000381469727,29.799999237060547,24.049999237060547,28.0,85812,1719490000.0,425000000.0,16918960000.0,346540000.0,14845450000.0,623570000.0,60.672127,0.61,130.937,27753486,ANIKINDS.NS,0.023343179223263694,0.025607956990264177,0.02918469968913034,0
2017-06-30,26.700000762939453,36.45000076293945,24.600000381469727,24.649999618530273,212644,1719490000.0,425000000.0,16918960000.0,346540000.0,14845450000.0,623570000.0,60.672127,0.61,130.937,27753486,ANIKINDS.NS,0.023343179223263694,0.025607956990264177,0.02918469968913034,1
2017-09-30,25.200000762939453,77.5999984741211,23.799999237060547,77.5999984741211,1218375,1719490000.0,425000000.0,16918960000.0,346540000.0,14845450000.0,623570000.0,60.672127,0.61,130.937,27753486,ANIKINDS.NS,0.023343179223263694,0.025607956990264177,0.02918469968913034,0
2017-12-31,81.44999694824219,81.44999694824219,42.099998474121094,47.25,2565434,1719490000.0,425000000.0,16918960000.0,346540000.0,14845450000.0,623570000.0,60.672127,0.61,130.937,27753486,ANIKINDS.NS,0.023343179223263694,0.025607956990264177,0.02918469968913034,0
2018-03-31,48.75,55.0,29.299999237060547,31.25,1500220,1719490000.0,425000000.0,16918960000.0,346540000.0,14845450000.0,623570000.0,60.672127,0.61,130.937,27753486,ANIKINDS.NS,0.023343179223263694,0.025607956990264177,0.02918469968913034,0
2018-06-30,31.299999237060547,52.54999923706055,28.0,29.549999237060547,1838903,1719490000.0,425000000.0,16918960000.0,346540000.0,14845450000.0,623570000.0,60.672127,0.61,130.937,27753486,ANIKINDS.NS,0.023343179223263694,0.025607956990264177,0.02918469968913034,0
2018-09-30,29.149999618530273,40.349998474121094,25.0,25.950000762939453,292567,1719490000.0,425000000.0,16918960000.0,346540000.0,14845450000.0,623570000.0,60.672127,0.61,130.937,27753486,ANIKINDS.NS,0.023343179223263694,0.025607956990264177,0.02918469968913034,0
2018-12-31,25.0,29.0,21.100000381469727,23.25,345341,1719490000.0,425000000.0,16918960000.0,346540000.0,14845450000.0,623570000.0,60.672127,0.61,130.937,27753486,ANIKINDS.NS,0.023343179223263694,0.025607956990264177,0.02918469968913034,0
2019-03-31,23.299999237060547,24.850000381469727,12.600000381469727,15.5,404489,1719490000.0,425000000.0,16918960000.0,346540000.0,14845450000.0,623570000.0,60.672127,0.61,130.937,27753486,ANIKINDS.NS,0.023343179223263694,0.025607956990264177,0.02918469968913034,0
2019-06-30,15.399999618530273,16.049999237060547,10.800000190734863,11.75,190590,1719490000.0,425000000.0,16918960000.0,346540000.0,14845450000.0,623570000.0,60.672127,0.61,130.937,27753486,ANIKINDS.NS,0.023343179223263694,0.025607956990264177,0.02918469968913034,0
2019-09-30,11.199999809265137,12.0,6.900000095367432,7.5,229194,1719490000.0,425000000.0,16918960000.0,346540000.0,14845450000.0,623570000.0,60.672127,0.61,130.937,27753486,ANIKINDS.NS,0.023343179223263694,0.025607956990264177,0.02918469968913034,1
2019-12-31,7.099999904632568,9.850000381469727,5.150000095367432,7.599999904632568,209383,1719490000.0,425000000.0,16918960000.0,346540000.0,14845450000.0,623570000.0,60.672127,0.61,130.937,27753486,ANIKINDS.NS,0.023343179223263694,0.025607956990264177,0.02918469968913034,0
2020-03-31,7.400000095367432,12.350000381469727,5.800000190734863,6.550000190734863,303846,1719490000.0,425000000.0,16918960000.0,346540000.0,14845450000.0,623570000.0,60.672127,0.61,130.937,27753486,ANIKINDS.NS,0.023343179223263694,0.025607956990264177,0.02918469968913034,1
2020-06-30,6.550000190734863,13.550000190734863,6.25,13.550000190734863,427729,1719490000.0,425000000.0,16918960000.0,346540000.0,14845450000.0,623570000.0,60.672127,0.61,130.937,27753486,ANIKINDS.NS,0.023343179223263694,0.025607956990264177,0.02918469968913034,0
2020-09-30,14.199999809265137,17.5,11.350000381469727,12.699999809265137,1294100,1719490000.0,425000000.0,16918960000.0,346540000.0,14845450000.0,623570000.0,60.672127,0.61,130.937,27753486,ANIKINDS.NS,0.023343179223263694,0.025607956990264177,0.02918469968913034,1
2020-12-31,12.600000381469727,24.549999237060547,10.699999809265137,15.800000190734863,2564434,1719490000.0,425000000.0,16918960000.0,346540000.0,14845450000.0,623570000.0,60.672127,0.61,130.937,27753486,ANIKINDS.NS,0.023343179223263694,0.025607956990264177,0.02918469968913034,0
2021-03-31,16.399999618530273,19.5,13.5,14.300000190734863,1313330,1719490000.0,425000000.0,16918960000.0,346540000.0,14845450000.0,623570000.0,60.672127,0.61,130.937,27753486,ANIKINDS.NS,0.023343179223263694,0.025607956990264177,0.02918469968913034,1
2021-06-30,14.699999809265137,23.600000381469727,10.600000381469727,23.600000381469727,9164912,1719490000.0,425000000.0,16918960000.0,346540000.0,14845450000.0,623570000.0,60.672127,0.61,130.937,27753486,ANIKINDS.NS,0.023343179223263694,0.025607956990264177,0.02918469968913034,0
2021-09-30,24.75,27.100000381469727,16.350000381469727,17.700000762939453,3092861,1719490000.0,425000000.0,16918960000.0,346540000.0,14845450000.0,623570000.0,60.672127,0.61,130.937,27753486,ANIKINDS.NS,0.023343179223263694,0.025607956990264177,0.02918469968913034,1
2021-12-31,18.149999618530273,29.200000762939453,17.5,27.049999237060547,3154431,1719490000.0,425000000.0,16918960000.0,346540000.0,14845450000.0,623570000.0,60.672127,0.61,130.937,27753486,ANIKINDS.NS,0.023343179223263694,0.025607956990264177,0.02918469968913034,1
2022-03-31,28.149999618530273,39.45000076293945,24.200000762939453,28.649999618530273,5501846,1719490000.0,425000000.0,16918960000.0,346540000.0,14845450000.0,623570000.0,60.672127,0.61,130.937,27753486,ANIKINDS.NS,0.023343179223263694,0.025607956990264177,0.02918469968913034,0
2022-06-30,28.700000762939453,37.20000076293945,24.049999237060547,28.200000762939453,3630841,1719490000.0,425000000.0,16918960000.0,346540000.0,14845450000.0,623570000.0,60.672127,0.61,130.937,27753486,ANIKINDS.NS,0.023343179223263694,0.025607956990264177,0.02918469968913034,1
2022-09-30,28.600000381469727,50.400001525878906,27.649999618530273,36.400001525878906,10602701,1719490000.0,425000000.0,16918960000.0,346540000.0,14845450000.0,623570000.0,60.672127,0.61,130.937,27753486,ANIKINDS.NS,0.023343179223263694,0.025607956990264177,0.02918469968913034,1
2022-12-31,37.29999923706055,47.0,33.29999923706055,38.04999923706055,5265044,1719490000.0,425000000.0,16918960000.0,346540000.0,14845450000.0,623570000.0,60.672127,0.61,130.937,27753486,ANIKINDS.NS,0.023343179223263694,0.025607956990264177,0.02918469968913034,0
2023-03-31,38.04999923706055,44.349998474121094,26.600000381469727,30.350000381469727,4067319,1719490000.0,425000000.0,16918960000.0,346540000.0,14845450000.0,623570000.0,60.672127,0.61,130.937,27753486,ANIKINDS.NS,0.023343179223263694,0.025607956990264177,0.02918469968913034,1
2023-06-30,30.049999237060547,36.5,30.049999237060547,31.600000381469727,2143682,1719490000.0,425000000.0,16918960000.0,346540000.0,14845450000.0,623570000.0,60.672127,0.61,130.937,27753486,ANIKINDS.NS,0.023343179223263694,0.025607956990264177,0.02918469968913034,1
2023-09-30,31.600000381469727,44.79999923706055,30.0,38.900001525878906,5521738,1719490000.0,425000000.0,16918960000.0,346540000.0,14845450000.0,623570000.0,60.672127,0.61,130.937,27753486,ANIKINDS.NS,0.023343179223263694,0.025607956990264177,0.02918469968913034,1
2023-12-31,39.0,65.30000305175781,34.099998474121094,49.29999923706055,3403053,1719490000.0,425000000.0,16918960000.0,346540000.0,14845450000.0,623570000.0,60.672127,0.61,130.937,27753486,ANIKINDS.NS,0.023343179223263694,0.025607956990264177,0.02918469968913034,0
2024-03-31,49.95000076293945,57.650001525878906,41.79999923706055,42.45000076293945,1042608,1719490000.0,425000000.0,16918960000.0,346540000.0,14845450000.0,623570000.0,60.672127,0.61,130.937,27753486,ANIKINDS.NS,0.023343179223263694,0.025607956990264177,0.02918469968913034,1
2024-06-30,44.0,60.900001525878906,41.599998474121094,50.25,2069991,1719490000.0,425000000.0,16918960000.0,346540000.0,14845450000.0,623570000.0,60.672127,0.61,130.937,27753486,ANIKINDS.NS,0.023343179223263694,0.025607956990264177,0.02918469968913034,1
2024-09-30,50.0,95.91000366210938,49.810001373291016,77.7699966430664,3892350,1719490000.0,425000000.0,4587945000.0,56384000.0,3857838000.0,7527000.0,60.672127,0.61,130.937,27753486,ANIKINDS.NS,0.01461544004699005,0.025607956990264177,0.02918469968913034,1
2024-12-31,76.51000213623047,127.5,72.22000122070312,113.30000305175781,689087,292257000.0,6056000.0,4587945000.0,56384000.0,3857838000.0,7527000.0,60.672127,0.61,130.937,27753486,ANIKINDS.NS,0.01461544004699005,0.025607956990264177,0.02918469968913034,1
2025-03-31,113.0,123.0,85.51000213623047,122.0199966430664,959441,487433000.0,4899000.0,4493163000.0,42349000.0,3870492000.0,12043000.0,60.672127,0.61,130.937,27753486,ANIKINDS.NS,0.010941503044057449,0.0010903232310957782,0.0012657305582856133,0
2025-06-30,126.0,133.0,101.55000305175781,107.55999755859375,571239,477633000.0,2313000.0,4493163000.0,42349000.0,3870492000.0,12043000.0,60.672127,0.61,130.937,27753486,ANIKINDS.NS,0.010941503044057449,0.0010903232310957782,0.0012657305582856133,0
2025-09-30,108.08999633789062,116.9000015258789,61.099998474121094,61.9900016784668,1514476,716826000.0,2838000.0,4723941000.0,191074000.0,3875746000.0,15883000.0,60.672127,0.61,130.937,27753486,ANIKINDS.NS,0.04929992832347631,0.0006007695693066446,0.0007322461275842122,0
2025-12-31,64.9000015258789,83.4000015258789,50.38999938964844,53.15999984741211,3342943,165750000.0,7376000.0,4723941000.0,191074000.0,3875746000.0,15883000.0,60.672127,0.61,130.937,27753486,ANIKINDS.NS,0.04929992832347631,0.0006007695693066446,0.0007322461275842122,0
2026-03-31,54.220001220703125,54.779998779296875,36.0,37.0099983215332,1609072,165750000.0,7376000.0,4723941000.0,191074000.0,3875746000.0,15883000.0,60.672127,0.61,130.937,27753486,ANIKINDS.NS,0.04929992832347631,0.0006007695693066446,0.0007322461275842122,0
2016-03-31,296.14192560590595,310.12977523198384,287.1098330573349,308.45123291015625,356768,165750000.0,7376000.0,4723941000.0,191074000.0,3875746000.0,15883000.0,30.098713,11.65,47.136,130618321,BAJAJCON.NS,0.04929992832347631,0.0006007695693066446,0.0007322461275842122,1
2016-06-30,304.69447611226724,350.57451590356226,298.1402123711513,310.0498046875,5122641,165750000.0,7376000.0,4723941000.0,191074000.0,3875746000.0,15883000.0,30.098713,11.65,47.136,130618321,BAJAJCON.NS,0.04929992832347631,0.0006007695693066446,0.0007322461275842122,0
2016-09-30,312.0879949885704,329.31305712190033,300.1784090200402,309.0107116699219,5858942,165750000.0,7376000.0,4723941000.0,191074000.0,3875746000.0,15883000.0,30.098713,11.65,47.136,130618321,BAJAJCON.NS,0.04929992832347631,0.0006007695693066446,0.0007322461275842122,0
2016-12-31,311.84823658557787,335.54760486845174,259.37398577534384,296.9012451171875,3617265,165750000.0,7376000.0,4723941000.0,191074000.0,3875746000.0,15883000.0,30.098713,11.65,47.136,130618321,BAJAJCON.NS,0.04929992832347631,0.0006007695693066446,0.0007322461275842122,1
2017-03-31,300.53810819752664,328.4669356415588,291.9056576420253,325.17401123046875,4563811,165750000.0,7376000.0,4723941000.0,191074000.0,3875746000.0,15883000.0,30.098713,11.65,47.136,130618321,BAJAJCON.NS,0.04929992832347631,0.0006007695693066446,0.0007322461275842122,0
2017-06-30,322.74551648022805,358.679311777927,280.34939959506573,313.9370422363281,4732513,165750000.0,7376000.0,4723941000.0,191074000.0,3875746000.0,15883000.0,30.098713,11.65,47.136,130618321,BAJAJCON.NS,0.04929992832347631,0.0006007695693066446,0.0007322461275842122,1
2017-09-30,317.7649551765487,370.3690997413946,313.69003144754095,327.7671813964844,5315463,165750000.0,7376000.0,4723941000.0,191074000.0,3875746000.0,15883000.0,30.098713,11.65,47.136,130618321,BAJAJCON.NS,0.04929992832347631,0.0006007695693066446,0.0007322461275842122,1
2017-12-31,329.29017909556984,427.25398245033307,320.23463752572394,393.7486572265625,7464807,165750000.0,7376000.0,4723941000.0,191074000.0,3875746000.0,15883000.0,30.098713,11.65,47.136,130618321,BAJAJCON.NS,0.04929992832347631,0.0006007695693066446,0.0007322461275842122,1
2018-03-31,397.53554993422597,432.19334886504834,366.9142764564753,398.1652526855469,5005631,165750000.0,7376000.0,4723941000.0,191074000.0,3875746000.0,15883000.0,30.098713,11.65,47.136,130618321,BAJAJCON.NS,0.04929992832347631,0.0006007695693066446,0.0007322461275842122,0
2018-06-30,410.606545778033,430.1753185639528,331.48805893577065,341.8628845214844,2672878,165750000.0,7376000.0,4723941000.0,191074000.0,3875746000.0,15883000.0,30.098713,11.65,47.136,130618321,BAJAJCON.NS,0.04929992832347631,0.0006007695693066446,0.0007322461275842122,1
2018-09-30,345.405496130257,395.08652817889055,329.42153209300835,347.68292236328125,5316062,165750000.0,7376000.0,4723941000.0,191074000.0,3875746000.0,15883000.0,30.098713,11.65,47.136,130618321,BAJAJCON.NS,0.04929992832347631,0.0006007695693066446,0.0007322461275842122,0
2018-12-31,349.7916175797692,359.02773514269165,286.78356538640423,311.37103271484375,3179160,165750000.0,7376000.0,4723941000.0,191074000.0,3875746000.0,15883000.0,30.098713,11.65,47.136,130618321,BAJAJCON.NS,0.04929992832347631,0.0006007695693066446,0.0007322461275842122,0
2019-03-31,312.08801044103296,335.0306820545406,269.402131805757,273.77838134765625,14464729,165750000.0,7376000.0,4723941000.0,191074000.0,3875746000.0,15883000.0,30.098713,11.65,47.136,130618321,BAJAJCON.NS,0.04929992832347631,0.0006007695693066446,0.0007322461275842122,1
2019-06-30,272.55302461547546,310.62639468720437,272.20292972642164,288.7014465332031,6051667,165750000.0,7376000.0,4723941000.0,191074000.0,3875746000.0,15883000.0,30.098713,11.65,47.136,130618321,BAJAJCON.NS,0.04929992832347631,0.0006007695693066446,0.0007322461275842122,0
2019-09-30,287.1697600882543,290.3206679511961,210.93539436255867,215.00531005859375,5255022,165750000.0,7376000.0,4723941000.0,191074000.0,3875746000.0,15883000.0,30.098713,11.65,47.136,130618321,BAJAJCON.NS,0.04929992832347631,0.0006007695693066446,0.0007322461275842122,0
2019-12-31,213.6486767430907,237.3679798923904,170.76138484007654,206.6466827392578,34074044,165750000.0,7376000.0,4723941000.0,191074000.0,3875746000.0,15883000.0,30.098713,11.65,47.136,130618321,BAJAJCON.NS,0.04929992832347631,0.0006007695693066446,0.0007322461275842122,0
2020-03-31,206.64664683394858,216.18690568235672,102.01046151457753,115.92693328857422,15963400,165750000.0,7376000.0,4723941000.0,191074000.0,3875746000.0,15883000.0,30.098713,11.65,47.136,130618321,BAJAJCON.NS,0.04929992832347631,0.0006007695693066446,0.0007322461275842122,1
2020-06-30,115.9269329469897,152.29360731337303,112.90732551553667,127.91785430908203,32074898,165750000.0,7376000.0,4723941000.0,191074000.0,3875746000.0,15883000.0,30.098713,11.65,47.136,130618321,BAJAJCON.NS,0.04929992832347631,0.0006007695693066446,0.0007322461275842122,1
2020-09-30,128.66181016819155,176.0586934886726,125.2045924174429,161.97044372558594,88601718,165750000.0,7376000.0,4723941000.0,191074000.0,3875746000.0,15883000.0,30.098713,11.65,47.136,130618321,BAJAJCON.NS,0.04929992832347631,0.0006007695693066446,0.0007322461275842122,1
2020-12-31,162.32486756471545,198.6530472360256,156.12249543541597,189.88113403320312,35846366,165750000.0,7376000.0,4723941000.0,191074000.0,3875746000.0,15883000.0,30.098713,11.65,47.136,130618321,BAJAJCON.NS,0.04929992832347631,0.0006007695693066446,0.0007322461275842122,1
2021-03-31,191.47602330374733,258.1257330098105,182.12816795396668,235.64060974121094,84779939,165750000.0,7376000.0,4723941000.0,191074000.0,3875746000.0,15883000.0,30.098713,11.65,47.136,130618321,BAJAJCON.NS,0.04929992832347631,0.0006007695693066446,0.0007322461275842122,1
2021-06-30,239.35791335212184,293.75739918078165,237.04594457485524,262.51287841796875,68228579,165750000.0,7376000.0,4723941000.0,191074000.0,3875746000.0,15883000.0,30.098713,11.65,47.136,130618321,BAJAJCON.NS,0.04929992832347631,0.0006007695693066446,0.0007322461275842122,0
2021-09-30,263.7073250882485,280.24648605409635,219.51108326181836,231.91543579101562,39042190,165750000.0,7376000.0,4723941000.0,191074000.0,3875746000.0,15883000.0,30.098713,11.65,47.136,130618321,BAJAJCON.NS,0.04929992832347631,0.0006007695693066446,0.0007322461275842122,0
2021-12-31,233.84501955707788,248.0870363015163,164.8859885284902,181.9304962158203,49599756,165750000.0,7376000.0,4723941000.0,191074000.0,3875746000.0,15883000.0,30.098713,11.65,47.136,130618321,BAJAJCON.NS,0.04929992832347631,0.0006007695693066446,0.0007322461275842122,0
2022-03-31,181.9304759410914,184.7329431472938,140.03751256658646,153.4773406982422,41411186,165750000.0,7376000.0,4723941000.0,191074000.0,3875746000.0,15883000.0,30.098713,11.65,47.136,130618321,BAJAJCON.NS,0.04929992832347631,0.0006007695693066446,0.0007322461275842122,0
2022-06-30,153.43036236599553,174.2479868937332,121.2875171656131,130.02810668945312,34398604,165750000.0,7376000.0,4723941000.0,191074000.0,3875746000.0,15883000.0,30.098713,11.65,47.136,130618321,BAJAJCON.NS,0.04929992832347631,0.0006007695693066446,0.0007322461275842122,1
2022-09-30,130.26307986708247,167.58794976115047,128.28939118932504,150.33767700195312,40072664,165750000.0,7376000.0,4723941000.0,191074000.0,3875746000.0,15883000.0,30.098713,11.65,47.136,130618321,BAJAJCON.NS,0.04929992832347631,0.0006007695693066446,0.0007322461275842122,1
2022-12-31,151.10864341901996,177.9477573980326,140.26698037383017,160.26382446289062,32476790,165750000.0,7376000.0,4723941000.0,191074000.0,3875746000.0,15883000.0,30.098713,11.65,47.136,130618321,BAJAJCON.NS,0.04929992832347631,0.0006007695693066446,0.0007322461275842122,0
2023-03-31,160.2638090587994,169.56354412764054,145.51916252453404,146.43466186523438,14117437,165750000.0,7376000.0,4723941000.0,191074000.0,3875746000.0,15883000.0,30.098713,11.65,47.136,130618321,BAJAJCON.NS,0.04929992832347631,0.0006007695693066446,0.0007322461275842122,1
2023-06-30,147.157452574153,192.451497283011,145.42278901949695,186.76564025878906,39043330,165750000.0,7376000.0,4723941000.0,191074000.0,3875746000.0,15883000.0,30.098713,11.65,47.136,130618321,BAJAJCON.NS,0.04929992832347631,0.0006007695693066446,0.0007322461275842122,1
2023-09-30,185.99468225640732,258.76060052663,181.3689064758498,222.07655334472656,47280791,165750000.0,7376000.0,4723941000.0,191074000.0,3875746000.0,15883000.0,30.098713,11.65,47.136,130618321,BAJAJCON.NS,0.04929992832347631,0.0006007695693066446,0.0007322461275842122,0
2023-12-31,221.7807057356538,252.44937356559203,203.5372976011756,216.55422973632812,36764265,165750000.0,7376000.0,4723941000.0,191074000.0,3875746000.0,15883000.0,30.098713,11.65,47.136,130618321,BAJAJCON.NS,0.04929992832347631,0.0006007695693066446,0.0007322461275842122,0
2024-03-31,217.83619679090464,250.85000610351562,196.97953552453615,212.0500030517578,36218654,165750000.0,7376000.0,4723941000.0,191074000.0,3875746000.0,15883000.0,30.098713,11.65,47.136,130618321,BAJAJCON.NS,0.04929992832347631,0.0006007695693066446,0.0007322461275842122,1
2024-06-30,215.9499969482422,274.45001220703125,213.0500030517578,263.92999267578125,44350789,165750000.0,7376000.0,4723941000.0,191074000.0,3875746000.0,15883000.0,30.098713,11.65,47.136,130618321,BAJAJCON.NS,0.04929992832347631,0.0006007695693066446,0.0007322461275842122,0
2024-09-30,268.0,288.95001220703125,243.1999969482422,246.89999389648438,39938851,165750000.0,7376000.0,8312046000.0,63955000.0,6929320000.0,212333000.0,30.098713,11.65,47.136,130618321,BAJAJCON.NS,0.009229621376989372,0.0006007695693066446,0.0007322461275842122,0
2024-12-31,247.39999389648438,250.0,195.2100067138672,197.44000244140625,23900317,2307043000.0,253104000.0,8312046000.0,63955000.0,6929320000.0,212333000.0,30.098713,11.65,47.136,130618321,BAJAJCON.NS,0.009229621376989372,0.0006007695693066446,0.0007322461275842122,0
2025-03-31,197.75999450683594,205.86000061035156,152.0,157.25,20663195,2467287000.0,309844000.0,9010664000.0,41686000.0,7478968000.0,308595000.0,30.098713,11.65,47.136,130618321,BAJAJCON.NS,0.005573763652953188,0.034386367086820684,0.04142871048518994,1
2025-06-30,159.60000610351562,216.9600067138672,151.0,209.2100067138672,65160168,2594854000.0,379273000.0,9010664000.0,41686000.0,7478968000.0,308595000.0,30.098713,11.65,47.136,130618321,BAJAJCON.NS,0.005573763652953188,0.034386367086820684,0.04142871048518994,1
2025-09-30,210.25,263.5,210.0,236.89999389648438,82887799,2614096000.0,422874000.0,8447594000.0,179877000.0,6450628000.0,213911000.0,30.098713,11.65,47.136,130618321,BAJAJCON.NS,0.027885191953403606,0.050058513702244685,0.06555547769922557,1
2025-12-31,236.99000549316406,310.0,233.13999938964844,256.20001220703125,45514966,3060834000.0,463706000.0,8447594000.0,179877000.0,6450628000.0,213911000.0,30.098713,11.65,47.136,130618321,BAJAJCON.NS,0.027885191953403606,0.050058513702244685,0.06555547769922557,1
2026-03-31,256.8999938964844,408.70001220703125,242.5500030517578,350.6499938964844,101752326,3060834000.0,463706000.0,8447594000.0,179877000.0,6450628000.0,213911000.0,30.098713,11.65,47.136,130618321,BAJAJCON.NS,0.027885191953403606,0.050058513702244685,0.06555547769922557,0
2016-03-31,19.100000381469727,21.100000381469727,18.149999618530273,20.0,27069412,3060834000.0,463706000.0,8447594000.0,179877000.0,6450628000.0,213911000.0,30.098713,-0.35,30.019,1244479942,BAJAJHIND.NS,0.027885191953403606,0.050058513702244685,0.06555547769922557,1
2016-06-30,20.0,24.200000762939453,17.899999618530273,21.200000762939453,306981596,3060834000.0,463706000.0,8447594000.0,179877000.0,6450628000.0,213911000.0,30.098713,-0.35,30.019,1244479942,BAJAJHIND.NS,0.027885191953403606,0.050058513702244685,0.06555547769922557,0
2016-09-30,21.350000381469727,22.200000762939453,15.649999618530273,16.149999618530273,162836784,3060834000.0,463706000.0,8447594000.0,179877000.0,6450628000.0,213911000.0,30.098713,-0.35,30.019,1244479942,BAJAJHIND.NS,0.027885191953403606,0.050058513702244685,0.06555547769922557,0
2016-12-31,16.200000762939453,17.5,12.899999618530273,14.0,101964647,3060834000.0,463706000.0,8447594000.0,179877000.0,6450628000.0,213911000.0,30.098713,-0.35,30.019,1244479942,BAJAJHIND.NS,0.027885191953403606,0.050058513702244685,0.06555547769922557,0
2017-03-31,14.199999809265137,16.799999237060547,13.050000190734863,13.350000381469727,277929475,3060834000.0,463706000.0,8447594000.0,179877000.0,6450628000.0,213911000.0,30.098713,-0.35,30.019,1244479942,BAJAJHIND.NS,0.027885191953403606,0.050058513702244685,0.06555547769922557,1
2017-06-30,13.399999618530273,18.450000762939453,13.350000381469727,14.649999618530273,256468481,3060834000.0,463706000.0,8447594000.0,179877000.0,6450628000.0,213911000.0,30.098713,-0.35,30.019,1244479942,BAJAJHIND.NS,0.027885191953403606,0.050058513702244685,0.06555547769922557,0
2017-09-30,14.899999618530273,17.600000381469727,13.399999618530273,13.600000381469727,332201064,3060834000.0,463706000.0,8447594000.0,179877000.0,6450628000.0,213911000.0,30.098713,-0.35,30.019,1244479942,BAJAJHIND.NS,0.027885191953403606,0.050058513702244685,0.06555547769922557,1
2017-12-31,13.75,16.200000762939453,13.350000381469727,15.399999618530273,222144126,3060834000.0,463706000.0,8447594000.0,179877000.0,6450628000.0,213911000.0,30.098713,-0.35,30.019,1244479942,BAJAJHIND.NS,0.027885191953403606,0.050058513702244685,0.06555547769922557,0
2018-03-31,15.600000381469727,18.799999237060547,8.399999618530273,8.800000190734863,261612949,3060834000.0,463706000.0,8447594000.0,179877000.0,6450628000.0,213911000.0,30.098713,-0.35,30.019,1244479942,BAJAJHIND.NS,0.027885191953403606,0.050058513702244685,0.06555547769922557,0
2018-06-30,8.949999809265137,10.300000190734863,6.550000190734863,6.75,150292389,3060834000.0,463706000.0,8447594000.0,179877000.0,6450628000.0,213911000.0,30.098713,-0.35,30.019,1244479942,BAJAJHIND.NS,0.027885191953403606,0.050058513702244685,0.06555547769922557,1
2018-09-30,6.75,12.100000381469727,5.599999904632568,8.300000190734863,274816416,3060834000.0,463706000.0,8447594000.0,179877000.0,6450628000.0,213911000.0,30.098713,-0.35,30.019,1244479942,BAJAJHIND.NS,0.027885191953403606,0.050058513702244685,0.06555547769922557,1
2018-12-31,8.149999618530273,12.149999618530273,7.550000190734863,8.699999809265137,289014677,3060834000.0,463706000.0,8447594000.0,179877000.0,6450628000.0,213911000.0,30.098713,-0.35,30.019,1244479942,BAJAJHIND.NS,0.027885191953403606,0.050058513702244685,0.06555547769922557,0
2019-03-31,8.699999809265137,9.600000381469727,6.650000095367432,8.0,131755900,3060834000.0,463706000.0,8447594000.0,179877000.0,6450628000.0,213911000.0,30.098713,-0.35,30.019,1244479942,BAJAJHIND.NS,0.027885191953403606,0.050058513702244685,0.06555547769922557,0
2019-06-30,7.949999809265137,10.199999809265137,7.099999904632568,7.75,104662434,3060834000.0,463706000.0,8447594000.0,179877000.0,6450628000.0,213911000.0,30.098713,-0.35,30.019,1244479942,BAJAJHIND.NS,0.027885191953403606,0.050058513702244685,0.06555547769922557,0
2019-09-30,7.900000095367432,8.149999618530273,5.099999904632568,6.5,87523536,3060834000.0,463706000.0,8447594000.0,179877000.0,6450628000.0,213911000.0,30.098713,-0.35,30.019,1244479942,BAJAJHIND.NS,0.027885191953403606,0.050058513702244685,0.06555547769922557,1
2019-12-31,6.5,8.449999809265137,5.75,6.550000190734863,105768676,3060834000.0,463706000.0,8447594000.0,179877000.0,6450628000.0,213911000.0,30.098713,-0.35,30.019,1244479942,BAJAJHIND.NS,0.027885191953403606,0.050058513702244685,0.06555547769922557,0
2020-03-31,6.599999904632568,7.449999809265137,2.3499999046325684,2.6500000953674316,129550148,3060834000.0,463706000.0,8447594000.0,179877000.0,6450628000.0,213911000.0,30.098713,-0.35,30.019,1244479942,BAJAJHIND.NS,0.027885191953403606,0.050058513702244685,0.06555547769922557,1
2020-06-30,2.75,8.300000190734863,2.75,7.349999904632568,188786406,3060834000.0,463706000.0,8447594000.0,179877000.0,6450628000.0,213911000.0,30.098713,-0.35,30.019,1244479942,BAJAJHIND.NS,0.027885191953403606,0.050058513702244685,0.06555547769922557,0
2020-09-30,7.0,7.300000190734863,4.699999809265137,5.0,209052050,3060834000.0,463706000.0,8447594000.0,179877000.0,6450628000.0,213911000.0,30.098713,-0.35,30.019,1244479942,BAJAJHIND.NS,0.027885191953403606,0.050058513702244685,0.06555547769922557,1
2020-12-31,5.0,7.199999809265137,4.349999904632568,6.150000095367432,205861418,3060834000.0,463706000.0,8447594000.0,179877000.0,6450628000.0,213911000.0,30.098713,-0.35,30.019,1244479942,BAJAJHIND.NS,0.027885191953403606,0.050058513702244685,0.06555547769922557,1
2021-03-31,6.199999809265137,8.5,5.900000095367432,6.199999809265137,457694302,3060834000.0,463706000.0,8447594000.0,179877000.0,6450628000.0,213911000.0,30.098713,-0.35,30.019,1244479942,BAJAJHIND.NS,0.027885191953403606,0.050058513702244685,0.06555547769922557,1
2021-06-30,6.300000190734863,20.350000381469727,6.099999904632568,20.350000381469727,1040289039,3060834000.0,463706000.0,8447594000.0,179877000.0,6450628000.0,213911000.0,30.098713,-0.35,30.019,1244479942,BAJAJHIND.NS,0.027885191953403606,0.050058513702244685,0.06555547769922557,0
2021-09-30,21.350000381469727,24.649999618530273,13.25,15.899999618530273,394992501,3060834000.0,463706000.0,8447594000.0,179877000.0,6450628000.0,213911000.0,30.098713,-0.35,30.019,1244479942,BAJAJHIND.NS,0.027885191953403606,0.050058513702244685,0.06555547769922557,0
2021-12-31,15.649999618530273,17.649999618530273,12.0,15.149999618530273,299993401,3060834000.0,463706000.0,8447594000.0,179877000.0,6450628000.0,213911000.0,30.098713,-0.35,30.019,1244479942,BAJAJHIND.NS,0.027885191953403606,0.050058513702244685,0.06555547769922557,0
2022-03-31,15.100000381469727,18.25,13.149999618530273,14.199999809265137,608233809,3060834000.0,463706000.0,8447594000.0,179877000.0,6450628000.0,213911000.0,30.098713,-0.35,30.019,1244479942,BAJAJHIND.NS,0.027885191953403606,0.050058513702244685,0.06555547769922557,0
2022-06-30,14.300000190734863,22.350000381469727,11.300000190734863,12.949999809265137,748568029,3060834000.0,463706000.0,8447594000.0,179877000.0,6450628000.0,213911000.0,30.098713,-0.35,30.019,1244479942,BAJAJHIND.NS,0.027885191953403606,0.050058513702244685,0.06555547769922557,0
2022-09-30,12.949999809265137,13.600000381469727,8.350000381469727,10.399999618530273,643646495,3060834000.0,463706000.0,8447594000.0,179877000.0,6450628000.0,213911000.0,30.098713,-0.35,30.019,1244479942,BAJAJHIND.NS,0.027885191953403606,0.050058513702244685,0.06555547769922557,1
2022-12-31,10.399999618530273,20.149999618530273,10.100000381469727,17.200000762939453,1053313183,3060834000.0,463706000.0,8447594000.0,179877000.0,6450628000.0,213911000.0,30.098713,-0.35,30.019,1244479942,BAJAJHIND.NS,0.027885191953403606,0.050058513702244685,0.06555547769922557,0
2023-03-31,17.200000762939453,17.5,11.449999809265137,12.899999618530273,370095652,3060834000.0,463706000.0,8447594000.0,179877000.0,6450628000.0,213911000.0,30.098713,-0.35,30.019,1244479942,BAJAJHIND.NS,0.027885191953403606,0.050058513702244685,0.06555547769922557,1
2023-06-30,13.100000381469727,17.350000381469727,13.050000190734863,16.600000381469727,744024495,3060834000.0,463706000.0,8447594000.0,179877000.0,6450628000.0,213911000.0,30.098713,-0.35,30.019,1244479942,BAJAJHIND.NS,0.027885191953403606,0.050058513702244685,0.06555547769922557,1
2023-09-30,16.799999237060547,29.850000381469727,15.899999618530273,26.25,1756214759,3060834000.0,463706000.0,8447594000.0,179877000.0,6450628000.0,213911000.0,30.098713,-0.35,30.019,1244479942,BAJAJHIND.NS,0.027885191953403606,0.050058513702244685,0.06555547769922557,1
2023-12-31,26.299999237060547,35.849998474121094,22.5,27.799999237060547,1590618102,3060834000.0,463706000.0,8447594000.0,179877000.0,6450628000.0,213911000.0,30.098713,-0.35,30.019,1244479942,BAJAJHIND.NS,0.027885191953403606,0.050058513702244685,0.06555547769922557,1
2024-03-31,27.899999618530273,40.5,24.75,29.049999237060547,1206960880,3060834000.0,463706000.0,8447594000.0,179877000.0,6450628000.0,213911000.0,30.098713,-0.35,30.019,1244479942,BAJAJHIND.NS,0.027885191953403606,0.050058513702244685,0.06555547769922557,1
2024-06-30,29.299999237060547,44.400001525878906,27.549999237060547,40.11000061035156,1418299487,3060834000.0,463706000.0,8447594000.0,179877000.0,6450628000.0,213911000.0,30.098713,-0.35,30.019,1244479942,BAJAJHIND.NS,0.027885191953403606,0.050058513702244685,0.06555547769922557,1
2024-09-30,40.38999938964844,46.099998474121094,37.04999923706055,42.720001220703125,1487794381,3060834000.0,463706000.0,135868100000.0,35702200000.0,43332100000.0,619100000.0,30.098713,-0.35,30.019,1244479942,BAJAJHIND.NS,0.8239203731183118,0.050058513702244685,0.06555547769922557,0
2024-12-31,42.900001525878906,44.84000015258789,29.68000030517578,30.360000610351562,594356849,14757500000.0,-1019600000.0,135868100000.0,35702200000.0,43332100000.0,619100000.0,30.098713,-0.35,30.019,1244479942,BAJAJHIND.NS,0.8239203731183118,0.050058513702244685,0.06555547769922557,0
2025-03-31,30.350000381469727,31.709999084472656,17.719999313354492,19.469999313354492,496740658,14935700000.0,2202800000.0,152843700000.0,35612100000.0,42218100000.0,711800000.0,30.098713,-0.35,30.019,1244479942,BAJAJHIND.NS,0.8435268285403654,0.014412108578894649,0.05217667303834137,1
2025-06-30,18.670000076293945,26.809999465942383,16.5,25.90999984741211,645835960,12484200000.0,-1737500000.0,152843700000.0,35612100000.0,42218100000.0,711800000.0,30.098713,-0.35,30.019,1244479942,BAJAJHIND.NS,0.8435268285403654,0.014412108578894649,0.05217667303834137,0
2025-09-30,26.399999618530273,29.639999389648438,19.3799991607666,19.790000915527344,560328279,11571900000.0,-1050900000.0,124937200000.0,33127200000.0,38008900000.0,454800000.0,30.098713,-0.35,30.019,1244479942,BAJAJHIND.NS,0.8715642915211963,-0.008411425900372346,-0.027648787520817494,0
2025-12-31,19.75,23.299999237060547,18.0,18.559999465942383,313428824,13804400000.0,147500000.0,124937200000.0,33127200000.0,38008900000.0,454800000.0,30.098713,-0.35,30.019,1244479942,BAJAJHIND.NS,0.8715642915211963,-0.008411425900372346,-0.027648787520817494,0
2026-03-31,18.559999465942383,18.799999237060547,14.850000381469727,15.319999694824219,408001304,13804400000.0,147500000.0,124937200000.0,33127200000.0,38008900000.0,454800000.0,30.098713,-0.35,30.019,1244479942,BAJAJHIND.NS,0.8715642915211963,-0.008411425900372346,-0.027648787520817494,0
2020-12-31,97.39502135126314,121.54897336900876,97.39502135126314,100.19025421142578,320166865,13804400000.0,147500000.0,124937200000.0,33127200000.0,38008900000.0,454800000.0,38.685715,4.55,39.609,306737095,BECTORFOOD.NS,0.8715642915211963,-0.008411425900372346,-0.027648787520817494,0
2021-03-31,100.51165545427104,101.18368345527973,63.969034809980464,65.56632995605469,240879000,13804400000.0,147500000.0,124937200000.0,33127200000.0,38008900000.0,454800000.0,38.685715,4.55,39.609,306737095,BECTORFOOD.NS,0.8715642915211963,-0.008411425900372346,-0.027648787520817494,1
2021-06-30,66.32598995410514,87.98665540446352,65.7805803611853,78.28610229492188,129534750,13804400000.0,147500000.0,124937200000.0,33127200000.0,38008900000.0,454800000.0,38.685715,4.55,39.609,306737095,BECTORFOOD.NS,0.8715642915211963,-0.008411425900372346,-0.027648787520817494,1
2021-09-30,78.33480122489166,90.40205437108587,74.77341965050263,80.6977310180664,95109865,13804400000.0,147500000.0,124937200000.0,33127200000.0,38008900000.0,454800000.0,38.685715,4.55,39.609,306737095,BECTORFOOD.NS,0.8715642915211963,-0.008411425900372346,-0.027648787520817494,0
2021-12-31,80.29622832923148,86.77868707827808,71.87491490905458,74.79301452636719,44243290,13804400000.0,147500000.0,124937200000.0,33127200000.0,38008900000.0,454800000.0,38.685715,4.55,39.609,306737095,BECTORFOOD.NS,0.8715642915211963,-0.008411425900372346,-0.027648787520817494,0
2022-03-31,74.98886408940604,75.94849799726035,54.66525786721323,55.127357482910156,29101000,13804400000.0,147500000.0,124937200000.0,33127200000.0,38008900000.0,454800000.0,38.685715,4.55,39.609,306737095,BECTORFOOD.NS,0.8715642915211963,-0.008411425900372346,-0.027648787520817494,0
2022-06-30,56.43500588417977,73.3163293723111,48.17622284425314,53.10198974609375,158575780,13804400000.0,147500000.0,124937200000.0,33127200000.0,38008900000.0,454800000.0,38.685715,4.55,39.609,306737095,BECTORFOOD.NS,0.8715642915211963,-0.008411425900372346,-0.027648787520817494,1
2022-09-30,53.514927970666186,76.82632591138558,53.111821004301596,71.56089782714844,64665990,13804400000.0,147500000.0,124937200000.0,33127200000.0,38008900000.0,454800000.0,38.685715,4.55,39.609,306737095,BECTORFOOD.NS,0.8715642915211963,-0.008411425900372346,-0.027648787520817494,1
2022-12-31,70.3177291921369,89.16252683705815,69.41989198702477,82.81843566894531,62602305,13804400000.0,147500000.0,124937200000.0,33127200000.0,38008900000.0,454800000.0,38.685715,4.55,39.609,306737095,BECTORFOOD.NS,0.8715642915211963,-0.008411425900372346,-0.027648787520817494,1
2023-03-31,83.05522699744263,113.66470481295575,82.08831798136639,105.60513305664062,79847600,13804400000.0,147500000.0,124937200000.0,33127200000.0,38008900000.0,454800000.0,38.685715,4.55,39.609,306737095,BECTORFOOD.NS,0.8715642915211963,-0.008411425900372346,-0.027648787520817494,1
2023-06-30,105.9710322228889,169.54769153951784,105.96114106327192,159.5993194580078,100628955,13804400000.0,147500000.0,124937200000.0,33127200000.0,38008900000.0,454800000.0,38.685715,4.55,39.609,306737095,BECTORFOOD.NS,0.8715642915211963,-0.008411425900372346,-0.027648787520817494,1
2023-09-30,160.7958958345143,224.47147908201984,155.55469373461102,206.60743713378906,64833355,13804400000.0,147500000.0,124937200000.0,33127200000.0,38008900000.0,454800000.0,38.685715,4.55,39.609,306737095,BECTORFOOD.NS,0.8715642915211963,-0.008411425900372346,-0.027648787520817494,1
2023-12-31,207.79632144270653,272.24349772780766,190.83497465552404,221.52789306640625,62771215,13804400000.0,147500000.0,124937200000.0,33127200000.0,38008900000.0,454800000.0,38.685715,4.55,39.609,306737095,BECTORFOOD.NS,0.8715642915211963,-0.008411425900372346,-0.027648787520817494,0
2024-03-31,221.92416522929608,250.84366810702613,191.30176799212356,221.13873291015625,59410180,13804400000.0,147500000.0,124937200000.0,33127200000.0,38008900000.0,454800000.0,38.685715,4.55,39.609,306737095,BECTORFOOD.NS,0.8715642915211963,-0.008411425900372346,-0.027648787520817494,1
2024-06-30,223.16226066610216,310.65957065884066,204.33560819951737,272.7879943847656,59916280,13804400000.0,147500000.0,124937200000.0,33127200000.0,38008900000.0,454800000.0,38.685715,4.55,39.609,306737095,BECTORFOOD.NS,0.8715642915211963,-0.008411425900372346,-0.027648787520817494,1
2024-09-30,273.77003673357046,436.8959829077335,260.71634305319134,378.57037353515625,88104765,13804400000.0,147500000.0,15008550000.0,1473660000.0,11154240000.0,2023160000.0,38.685715,4.55,39.609,306737095,BECTORFOOD.NS,0.13211657629744383,-0.008411425900372346,-0.027648787520817494,0
2024-12-31,379.1264208198249,392.55104462364415,315.03177690487234,325.4080810546875,36408015,4921190000.0,345940000.0,15008550000.0,1473660000.0,11154240000.0,2023160000.0,38.685715,4.55,39.609,306737095,BECTORFOOD.NS,0.13211657629744383,-0.008411425900372346,-0.027648787520817494,0
2025-03-31,325.2888975839335,331.0678638528534,253.96016389931845,290.86004638671875,33191010,3915800000.0,342770000.0,15658570000.0,1840500000.0,11657800000.0,861590000.0,38.685715,4.55,39.609,306737095,BECTORFOOD.NS,0.15787712947554428,0.021890249237318606,0.02940263171438865,0
2025-06-30,288.8299352165072,329.1928689878524,262.7174342001291,271.9921569824219,23054145,4729630000.0,308780000.0,15658570000.0,1840500000.0,11657800000.0,861590000.0,38.685715,4.55,39.609,306737095,BECTORFOOD.NS,0.15787712947554428,0.021890249237318606,0.02940263171438865,0
2025-09-30,271.8727512191442,312.2954008514731,249.17720148332896,250.85260009765625,37419365,5514170000.0,365080000.0,16692640000.0,1826730000.0,12151700000.0,409890000.0,38.685715,4.55,39.609,306737095,BECTORFOOD.NS,0.15032711472468874,0.021870716675133472,0.030043533003612663,0
2025-12-31,249.47637069392718,279.13509971530675,223.38786471128705,229.77037048339844,35586384,5333230000.0,380900000.0,16692640000.0,1826730000.0,12151700000.0,409890000.0,38.685715,4.55,39.609,306737095,BECTORFOOD.NS,0.15032711472468874,0.021870716675133472,0.030043533003612663,0
2026-03-31,229.77036114991094,256.9159777793464,174.3800048828125,176.02000427246094,35526221,5333230000.0,380900000.0,16692640000.0,1826730000.0,12151700000.0,409890000.0,38.685715,4.55,39.609,306737095,BECTORFOOD.NS,0.15032711472468874,0.021870716675133472,0.030043533003612663,0
2016-03-31,1203.517547051347,1206.5535640778298,1100.3832680614103,1173.5294189453125,2389576,5333230000.0,380900000.0,16692640000.0,1826730000.0,12151700000.0,409890000.0,54.89451,100.01,154.997,240868296,BRITANNIA.NS,0.15032711472468874,0.021870716675133472,0.030043533003612663,1
2016-06-30,1162.6090947837538,1325.7845964724008,1100.4052618965718,1205.1773681640625,28251480,5333230000.0,380900000.0,16692640000.0,1826730000.0,12151700000.0,409890000.0,54.89451,100.01,154.997,240868296,BRITANNIA.NS,0.15032711472468874,0.021870716675133472,0.030043533003612663,1
2016-09-30,1202.9059341501898,1576.694374931993,1201.9449412062081,1479.807373046875,24171476,5333230000.0,380900000.0,16692640000.0,1826730000.0,12151700000.0,409890000.0,54.89451,100.01,154.997,240868296,BRITANNIA.NS,0.15032711472468874,0.021870716675133472,0.030043533003612663,0
2016-12-31,1494.6979458991086,1549.3108919336548,1219.7634538153234,1269.66943359375,18501270,5333230000.0,380900000.0,16692640000.0,1826730000.0,12151700000.0,409890000.0,54.89451,100.01,154.997,240868296,BRITANNIA.NS,0.15032711472468874,0.021870716675133472,0.030043533003612663,1
2017-03-31,1276.1800027255742,1510.138221740449,1245.1012803666054,1484.2064208984375,20860250,5333230000.0,380900000.0,16692640000.0,1826730000.0,12151700000.0,409890000.0,54.89451,100.01,154.997,240868296,BRITANNIA.NS,0.15032711472468874,0.021870716675133472,0.030043533003612663,1
2017-06-30,1485.525994099077,1671.3819216758543,1439.6889387097744,1623.235107421875,15521496,5333230000.0,380900000.0,16692640000.0,1826730000.0,12151700000.0,409890000.0,54.89451,100.01,154.997,240868296,BRITANNIA.NS,0.15032711472468874,0.021870716675133472,0.030043533003612663,1
2017-09-30,1639.0495089831886,1950.56951310736,1608.278767683954,1921.923828125,17843636,5333230000.0,380900000.0,16692640000.0,1826730000.0,12151700000.0,409890000.0,54.89451,100.01,154.997,240868296,BRITANNIA.NS,0.15032711472468874,0.021870716675133472,0.030043533003612663,1
2017-12-31,1953.22386920873,2196.060955479884,1903.3648402055428,2083.4013671875,24257762,5333230000.0,380900000.0,16692640000.0,1826730000.0,12151700000.0,409890000.0,54.89451,100.01,154.997,240868296,BRITANNIA.NS,0.15032711472468874,0.021870716675133472,0.030043533003612663,1
2018-03-31,2101.429963573544,2241.1416406898184,1946.5878136679728,2199.02490234375,16523904,5333230000.0,380900000.0,16692640000.0,1826730000.0,12151700000.0,409890000.0,54.89451,100.01,154.997,240868296,BRITANNIA.NS,0.15032711472468874,0.021870716675133472,0.030043533003612663,1
2018-06-30,2211.1465514983024,2768.5563966160594,2200.7057202562773,2749.001953125,13506706,5333230000.0,380900000.0,16692640000.0,1826730000.0,12151700000.0,409890000.0,54.89451,100.01,154.997,240868296,BRITANNIA.NS,0.15032711472468874,0.021870716675133472,0.030043533003612663,0
2018-09-30,2754.863690182327,3079.7366156673506,2384.9874536291704,2586.377685546875,19678858,5333230000.0,380900000.0,16692640000.0,1826730000.0,12151700000.0,409890000.0,54.89451,100.01,154.997,240868296,BRITANNIA.NS,0.15032711472468874,0.021870716675133472,0.030043533003612663,1
2018-12-31,2602.5884584949854,2882.38869460741,2334.3346773414796,2767.2705078125,19891423,5333230000.0,380900000.0,16692640000.0,1826730000.0,12151700000.0,409890000.0,54.89451,100.01,154.997,240868296,BRITANNIA.NS,0.15032711472468874,0.021870716675133472,0.030043533003612663,0
2019-03-31,2771.3564204447603,2945.4542506431235,2450.696230598484,2750.52734375,21131585,5333230000.0,380900000.0,16692640000.0,1826730000.0,12151700000.0,409890000.0,54.89451,100.01,154.997,240868296,BRITANNIA.NS,0.15032711472468874,0.021870716675133472,0.030043533003612663,0
2019-06-30,2757.988642307345,2761.5861201554317,2323.5426695082274,2437.106201171875,25624850,5333230000.0,380900000.0,16692640000.0,1826730000.0,12151700000.0,409890000.0,54.89451,100.01,154.997,240868296,BRITANNIA.NS,0.15032711472468874,0.021870716675133472,0.030043533003612663,1
2019-09-30,2442.791203059075,3201.7208603665727,2054.8194864456646,2630.302490234375,35988898,5333230000.0,380900000.0,16692640000.0,1826730000.0,12151700000.0,409890000.0,54.89451,100.01,154.997,240868296,BRITANNIA.NS,0.15032711472468874,0.021870716675133472,0.030043533003612663,1
2019-12-31,2637.315972594169,3036.6656541693724,2532.8774649346196,2705.03564453125,24162578,5333230000.0,380900000.0,16692640000.0,1826730000.0,12151700000.0,409890000.0,54.89451,100.01,154.997,240868296,BRITANNIA.NS,0.15032711472468874,0.021870716675133472,0.030043533003612663,0
2020-03-31,2720.1342711133666,2964.3002417974126,1876.1390849497648,2402.306884765625,31453882,5333230000.0,380900000.0,16692640000.0,1826730000.0,12151700000.0,409890000.0,54.89451,100.01,154.997,240868296,BRITANNIA.NS,0.15032711472468874,0.021870716675133472,0.030043533003612663,1
2020-06-30,2412.1791600043634,3349.429405052333,2211.1640747868,3255.305908203125,59868369,5333230000.0,380900000.0,16692640000.0,1826730000.0,12151700000.0,409890000.0,54.89451,100.01,154.997,240868296,BRITANNIA.NS,0.15032711472468874,0.021870716675133472,0.030043533003612663,1
2020-09-30,3256.3900971970183,3622.225736590102,3172.4282018360686,3505.52685546875,47363343,5333230000.0,380900000.0,16692640000.0,1826730000.0,12151700000.0,409890000.0,54.89451,100.01,154.997,240868296,BRITANNIA.NS,0.15032711472468874,0.021870716675133472,0.030043533003612663,0
2020-12-31,3525.6939776895247,3581.025021601849,3121.4385865865775,3300.8154296875,52553863,5333230000.0,380900000.0,16692640000.0,1826730000.0,12151700000.0,409890000.0,54.89451,100.01,154.997,240868296,BRITANNIA.NS,0.15032711472468874,0.021870716675133472,0.030043533003612663,1
2021-03-31,3299.569313649259,3419.4613692842513,3061.7236562460525,3345.76318359375,42063308,5333230000.0,380900000.0,16692640000.0,1826730000.0,12151700000.0,409890000.0,54.89451,100.01,154.997,240868296,BRITANNIA.NS,0.15032711472468874,0.021870716675133472,0.030043533003612663,1
2021-06-30,3354.946554220067,3612.1858876569568,3163.148736297259,3436.925048828125,31318162,5333230000.0,380900000.0,16692640000.0,1826730000.0,12151700000.0,409890000.0,54.89451,100.01,154.997,240868296,BRITANNIA.NS,0.15032711472468874,0.021870716675133472,0.030043533003612663,1
2021-09-30,3427.8375630423325,3910.936481591624,3181.1085984370834,3718.77978515625,28177696,5333230000.0,380900000.0,16692640000.0,1826730000.0,12151700000.0,409890000.0,54.89451,100.01,154.997,240868296,BRITANNIA.NS,0.15032711472468874,0.021870716675133472,0.030043533003612663,0
2021-12-31,3728.0557787569983,3760.4037425764245,3230.172196504431,3395.819580078125,17964014,5333230000.0,380900000.0,16692640000.0,1826730000.0,12151700000.0,409890000.0,54.89451,100.01,154.997,240868296,BRITANNIA.NS,0.15032711472468874,0.021870716675133472,0.030043533003612663,0
2022-03-31,3399.5863049633595,3579.406385647754,2872.226738916349,3019.51025390625,19988793,5333230000.0,380900000.0,16692640000.0,1826730000.0,12151700000.0,409890000.0,54.89451,100.01,154.997,240868296,BRITANNIA.NS,0.15032711472468874,0.021870716675133472,0.030043533003612663,1
2022-06-30,3022.9008726989464,3484.3405121170463,2949.4943007994802,3320.662109375,22509881,5333230000.0,380900000.0,16692640000.0,1826730000.0,12151700000.0,409890000.0,54.89451,100.01,154.997,240868296,BRITANNIA.NS,0.15032711472468874,0.021870716675133472,0.030043533003612663,1
2022-09-30,3268.5491028231586,3783.3074641232147,3268.5491028231586,3681.476806640625,23147299,5333230000.0,380900000.0,16692640000.0,1826730000.0,12151700000.0,409890000.0,54.89451,100.01,154.997,240868296,BRITANNIA.NS,0.15032711472468874,0.021870716675133472,0.030043533003612663,1
2022-12-31,3699.629887873253,4346.250931364258,3534.8613340988522,4126.35205078125,20672524,5333230000.0,380900000.0,16692640000.0,1826730000.0,12151700000.0,409890000.0,54.89451,100.01,154.997,240868296,BRITANNIA.NS,0.15032711472468874,0.021870716675133472,0.030043533003612663,1
2023-03-31,4195.803724974376,4472.893146374438,3978.395695626395,4140.43408203125,17871589,5333230000.0,380900000.0,16692640000.0,1826730000.0,12151700000.0,409890000.0,54.89451,100.01,154.997,240868296,BRITANNIA.NS,0.15032711472468874,0.021870716675133472,0.030043533003612663,1
2023-06-30,4161.364845555167,4954.975231227001,4064.6114879886177,4895.830078125,21205062,5333230000.0,380900000.0,16692640000.0,1826730000.0,12151700000.0,409890000.0,54.89451,100.01,154.997,240868296,BRITANNIA.NS,0.15032711472468874,0.021870716675133472,0.030043533003612663,0
2023-09-30,4906.012277666428,5135.333635015533,4308.131898713268,4420.91650390625,25388508,5333230000.0,380900000.0,16692640000.0,1826730000.0,12151700000.0,409890000.0,54.89451,100.01,154.997,240868296,BRITANNIA.NS,0.15032711472468874,0.021870716675133472,0.030043533003612663,1
2023-12-31,4408.8828834411715,5248.069160173514,4236.319968815154,5201.68896484375,19620835,5333230000.0,380900000.0,16692640000.0,1826730000.0,12151700000.0,409890000.0,54.89451,100.01,154.997,240868296,BRITANNIA.NS,0.15032711472468874,0.021870716675133472,0.030043533003612663,0
2024-03-31,5202.224434164453,5237.302346405837,4619.25236799729,4785.4326171875,18974882,5333230000.0,380900000.0,16692640000.0,1826730000.0,12151700000.0,409890000.0,54.89451,100.01,154.997,240868296,BRITANNIA.NS,0.15032711472468874,0.021870716675133472,0.030043533003612663,1
2024-06-30,4803.654204380265,5578.335793584196,4522.1061091064885,5335.2763671875,24523458,5333230000.0,380900000.0,16692640000.0,1826730000.0,12151700000.0,409890000.0,54.89451,100.01,154.997,240868296,BRITANNIA.NS,0.15032711472468874,0.021870716675133472,0.030043533003612663,1
2024-09-30,5334.789104460103,6280.592443380589,5246.363911298819,6256.16259765625,19870399,45662300000.0,5314500000.0,94667300000.0,27535600000.0,32103200000.0,1111500000.0,54.89451,100.01,154.997,240868296,BRITANNIA.NS,0.8577213486506018,0.05613870893117264,0.16554424481048619,0
2024-12-31,6225.317062007801,6386.20856861246,4603.471314853842,4701.14111328125,23354647,44633000000.0,5816900000.0,94667300000.0,27535600000.0,32103200000.0,1111500000.0,54.89451,100.01,154.997,240868296,BRITANNIA.NS,0.8577213486506018,0.05613870893117264,0.16554424481048619,1
2025-03-31,4690.7281371278295,5309.419777579908,4447.712523679271,4873.03857421875,30292948,43755700000.0,5599500000.0,88385500000.0,12641400000.0,43557200000.0,1327800000.0,54.89451,100.01,154.997,240868296,BRITANNIA.NS,0.29022526700522533,0.06335315181788868,0.12855509536884832,1
2025-06-30,4826.84397298044,5784.198033722868,4545.481225378892,5775.314453125,17994605,45348600000.0,5207200000.0,88385500000.0,12641400000.0,43557200000.0,1327800000.0,54.89451,100.01,154.997,240868296,BRITANNIA.NS,0.29022526700522533,0.06335315181788868,0.12855509536884832,1
2025-09-30,5789.133417463763,6336.0,5298.0,5991.0,22738841,45348600000.0,5207200000.0,88385500000.0,12641400000.0,43557200000.0,1327800000.0,54.89451,100.01,154.997,240868296,BRITANNIA.NS,0.29022526700522533,0.06335315181788868,0.12855509536884832,1
2025-12-31,5960.5,6261.5,5723.0,6031.0,19403113,48852300000.0,6799600000.0,88385500000.0,12641400000.0,43557200000.0,1327800000.0,54.89451,100.01,154.997,240868296,BRITANNIA.NS,0.29022526700522533,0.06335315181788868,0.12855509536884832,0
2026-03-31,6031.0,6271.0,5475.5,5490.0,19254113,48852300000.0,6799600000.0,88385500000.0,12641400000.0,43557200000.0,1327800000.0,54.89451,100.01,154.997,240868296,BRITANNIA.NS,0.29022526700522533,0.06335315181788868,0.12855509536884832,0
2016-03-31,696.2398836357041,696.3215819811495,666.9848244041993,678.95654296875,1986868,48852300000.0,6799600000.0,88385500000.0,12641400000.0,43557200000.0,1327800000.0,37.947876,48.73,58.171,271985634,COLPAL.NS,0.29022526700522533,0.06335315181788868,0.12855509536884832,1
2016-06-30,678.1394040490912,757.7305524595807,645.6169754437046,753.3017578125,15714111,48852300000.0,6799600000.0,88385500000.0,12641400000.0,43557200000.0,1327800000.0,37.947876,48.73,58.171,271985634,COLPAL.NS,0.29022526700522533,0.06335315181788868,0.12855509536884832,1
2016-09-30,755.393080424602,847.208305157866,746.9046161242928,796.0723266601562,18097710,48852300000.0,6799600000.0,88385500000.0,12641400000.0,43557200000.0,1327800000.0,37.947876,48.73,58.171,271985634,COLPAL.NS,0.29022526700522533,0.06335315181788868,0.12855509536884832,0
2016-12-31,796.974550975364,845.7319807022221,713.1016226955891,747.4326782226562,15956239,48852300000.0,6799600000.0,88385500000.0,12641400000.0,43557200000.0,1327800000.0,37.947876,48.73,58.171,271985634,COLPAL.NS,0.29022526700522533,0.06335315181788868,0.12855509536884832,1
2017-03-31,748.3415722756766,840.1387690290583,711.6556226733207,822.5394287109375,28421231,48852300000.0,6799600000.0,88385500000.0,12641400000.0,43557200000.0,1327800000.0,37.947876,48.73,58.171,271985634,COLPAL.NS,0.29022526700522533,0.06335315181788868,0.12855509536884832,1
2017-06-30,824.2744976068999,931.228146099818,801.1613844318724,920.5792236328125,21526965,48852300000.0,6799600000.0,88385500000.0,12641400000.0,43557200000.0,1327800000.0,37.947876,48.73,58.171,271985634,COLPAL.NS,0.29022526700522533,0.06335315181788868,0.12855509536884832,0
2017-09-30,924.8472254637762,976.5178432526347,851.5058291585882,884.0330200195312,19547573,48852300000.0,6799600000.0,88385500000.0,12641400000.0,43557200000.0,1327800000.0,37.947876,48.73,58.171,271985634,COLPAL.NS,0.29022526700522533,0.06335315181788868,0.12855509536884832,1
2017-12-31,886.7262114666606,933.1343770858105,844.4239599723312,918.4749755859375,17915104,48852300000.0,6799600000.0,88385500000.0,12641400000.0,43557200000.0,1327800000.0,37.947876,48.73,58.171,271985634,COLPAL.NS,0.29022526700522533,0.06335315181788868,0.12855509536884832,0
2018-03-31,914.717434787427,980.2634718750553,852.4283340215985,886.7755737304688,17348053,48852300000.0,6799600000.0,88385500000.0,12641400000.0,43557200000.0,1327800000.0,37.947876,48.73,58.171,271985634,COLPAL.NS,0.29022526700522533,0.06335315181788868,0.12855509536884832,1
2018-06-30,891.8097797244393,1075.3903618115482,881.1959729438506,1002.9159545898438,27370009,48852300000.0,6799600000.0,88385500000.0,12641400000.0,43557200000.0,1327800000.0,37.947876,48.73,58.171,271985634,COLPAL.NS,0.29022526700522533,0.06335315181788868,0.12855509536884832,0
2018-09-30,1001.3500703204447,1014.385408267739,893.3430522330026,915.3930053710938,26278721,48852300000.0,6799600000.0,88385500000.0,12641400000.0,43557200000.0,1327800000.0,37.947876,48.73,58.171,271985634,COLPAL.NS,0.29022526700522533,0.06335315181788868,0.12855509536884832,1
2018-12-31,915.4777129495257,1155.1095082105314,861.9396942473219,1145.5177001953125,31441799,48852300000.0,6799600000.0,88385500000.0,12641400000.0,43557200000.0,1327800000.0,37.947876,48.73,58.171,271985634,COLPAL.NS,0.29022526700522533,0.06335315181788868,0.12855509536884832,0
2019-03-31,1150.8461600690828,1151.0166394216012,1033.3573033725686,1067.376220703125,26136403,48852300000.0,6799600000.0,88385500000.0,12641400000.0,43557200000.0,1327800000.0,37.947876,48.73,58.171,271985634,COLPAL.NS,0.29022526700522533,0.06335315181788868,0.12855509536884832,0
2019-06-30,1079.3980419851262,1092.5281811629004,945.7603523546087,973.5587768554688,21495728,48852300000.0,6799600000.0,88385500000.0,12641400000.0,43557200000.0,1327800000.0,37.947876,48.73,58.171,271985634,COLPAL.NS,0.29022526700522533,0.06335315181788868,0.12855509536884832,1
2019-09-30,975.5445872442725,1372.280426597215,967.6021605360417,1298.380615234375,34293234,48852300000.0,6799600000.0,88385500000.0,12641400000.0,43557200000.0,1327800000.0,37.947876,48.73,58.171,271985634,COLPAL.NS,0.29022526700522533,0.06335315181788868,0.12855509536884832,0
2019-12-31,1294.9705904266548,1429.1258384304688,1238.4668888026913,1272.7799072265625,43368314,48852300000.0,6799600000.0,88385500000.0,12641400000.0,43557200000.0,1327800000.0,37.947876,48.73,58.171,271985634,COLPAL.NS,0.29022526700522533,0.06335315181788868,0.12855509536884832,0
2020-03-31,1266.4719542422818,1326.809297509237,926.5916347469445,1089.897705078125,39918110,48852300000.0,6799600000.0,88385500000.0,12641400000.0,43557200000.0,1327800000.0,37.947876,48.73,58.171,271985634,COLPAL.NS,0.29022526700522533,0.06335315181788868,0.12855509536884832,1
2020-06-30,1096.2489959286972,1362.306967663403,1053.660679041094,1238.1202392578125,67221915,48852300000.0,6799600000.0,88385500000.0,12641400000.0,43557200000.0,1327800000.0,37.947876,48.73,58.171,271985634,COLPAL.NS,0.29022526700522533,0.06335315181788868,0.12855509536884832,1
2020-09-30,1230.462868446246,1308.312807306516,1163.7027369464806,1261.70849609375,49579640,48852300000.0,6799600000.0,88385500000.0,12641400000.0,43557200000.0,1327800000.0,37.947876,48.73,58.171,271985634,COLPAL.NS,0.29022526700522533,0.06335315181788868,0.12855509536884832,1
2020-12-31,1271.830362531874,1451.6167999155282,1237.1520789714555,1393.952880859375,51451429,48852300000.0,6799600000.0,88385500000.0,12641400000.0,43557200000.0,1327800000.0,37.947876,48.73,58.171,271985634,COLPAL.NS,0.29022526700522533,0.06335315181788868,0.12855509536884832,1
2021-03-31,1393.730109487047,1492.5826016210538,1331.8806450292666,1406.982177734375,37435086,48852300000.0,6799600000.0,88385500000.0,12641400000.0,43557200000.0,1327800000.0,37.947876,48.73,58.171,271985634,COLPAL.NS,0.29022526700522533,0.06335315181788868,0.12855509536884832,1
2021-06-30,1403.373104491465,1619.4710468276785,1324.558277226214,1521.07666015625,35444591,48852300000.0,6799600000.0,88385500000.0,12641400000.0,43557200000.0,1327800000.0,37.947876,48.73,58.171,271985634,COLPAL.NS,0.29022526700522533,0.06335315181788868,0.12855509536884832,0
2021-09-30,1535.6937019806378,1645.2313136128166,1467.3904028143756,1506.369384765625,33936632,48852300000.0,6799600000.0,88385500000.0,12641400000.0,43557200000.0,1327800000.0,37.947876,48.73,58.171,271985634,COLPAL.NS,0.29022526700522533,0.06335315181788868,0.12855509536884832,0
2021-12-31,1506.459281836592,1555.6341054460854,1272.42348357277,1353.2264404296875,29650512,48852300000.0,6799600000.0,88385500000.0,12641400000.0,43557200000.0,1327800000.0,37.947876,48.73,58.171,271985634,COLPAL.NS,0.29022526700522533,0.06335315181788868,0.12855509536884832,1
2022-03-31,1353.8656332637004,1425.0759775113163,1256.6652434091716,1408.9063720703125,22627073,48852300000.0,6799600000.0,88385500000.0,12641400000.0,43557200000.0,1327800000.0,37.947876,48.73,58.171,271985634,COLPAL.NS,0.29022526700522533,0.06335315181788868,0.12855509536884832,0
2022-06-30,1406.8508923240727,1527.438204931908,1357.519956091732,1376.1710205078125,19935430,48852300000.0,6799600000.0,88385500000.0,12641400000.0,43557200000.0,1327800000.0,37.947876,48.73,58.171,271985634,COLPAL.NS,0.29022526700522533,0.06335315181788868,0.12855509536884832,1
2022-09-30,1377.9757936232224,1569.7057567089503,1373.8569777940506,1508.1097412109375,19654030,48852300000.0,6799600000.0,88385500000.0,12641400000.0,43557200000.0,1327800000.0,37.947876,48.73,58.171,271985634,COLPAL.NS,0.29022526700522533,0.06335315181788868,0.12855509536884832,0
2022-12-31,1505.4720883705172,1562.9593276558214,1417.9600750972265,1437.8721923828125,20321093,48852300000.0,6799600000.0,88385500000.0,12641400000.0,43557200000.0,1327800000.0,37.947876,48.73,58.171,271985634,COLPAL.NS,0.29022526700522533,0.06335315181788868,0.12855509536884832,0
2023-03-31,1439.4630732392152,1444.236302452725,1342.6877217419712,1410.77685546875,18330203,48852300000.0,6799600000.0,88385500000.0,12641400000.0,43557200000.0,1327800000.0,37.947876,48.73,58.171,271985634,COLPAL.NS,0.29022526700522533,0.06335315181788868,0.12855509536884832,1
2023-06-30,1413.0228882436481,1616.5186949608044,1401.1366013183717,1600.4957275390625,20361037,48852300000.0,6799600000.0,88385500000.0,12641400000.0,43557200000.0,1327800000.0,37.947876,48.73,58.171,271985634,COLPAL.NS,0.29022526700522533,0.06335315181788868,0.12855509536884832,1
2023-09-30,1600.4957501999493,1987.227815458065,1573.8540869682606,1901.4718017578125,37515433,48852300000.0,6799600000.0,88385500000.0,12641400000.0,43557200000.0,1327800000.0,37.947876,48.73,58.171,271985634,COLPAL.NS,0.29022526700522533,0.06335315181788868,0.12855509536884832,1
2023-12-31,1893.3655636839096,2437.4541263562965,1866.9608642728672,2423.7529296875,26062957,48852300000.0,6799600000.0,88385500000.0,12641400000.0,43557200000.0,1327800000.0,37.947876,48.73,58.171,271985634,COLPAL.NS,0.29022526700522533,0.06335315181788868,0.12855509536884832,1
2024-03-31,2414.458886940338,2643.9283090013773,2279.26862884101,2596.8369140625,18019154,48852300000.0,6799600000.0,88385500000.0,12641400000.0,43557200000.0,1327800000.0,37.947876,48.73,58.171,271985634,COLPAL.NS,0.29022526700522533,0.06335315181788868,0.12855509536884832,1
2024-06-30,2612.4064690864193,2980.0801462342974,2477.359383378451,2760.728515625,27591977,48852300000.0,6799600000.0,88385500000.0,12641400000.0,43557200000.0,1327800000.0,37.947876,48.73,58.171,271985634,COLPAL.NS,0.29022526700522533,0.06335315181788868,0.12855509536884832,1
2024-09-30,2757.669918320031,3777.2311206045065,2750.095988737373,3694.209716796875,33051078,16092100000.0,3950500000.0,32481900000.0,700500000.0,16527800000.0,8058000000.0,37.947876,48.73,58.171,271985634,COLPAL.NS,0.042383136291581455,0.12162158001841025,0.23902152736601362,0
2024-12-31,3692.85022192038,3760.9666194268784,2611.927280227412,2623.475341796875,30022132,14522100000.0,3227800000.0,32481900000.0,700500000.0,16527800000.0,8058000000.0,37.947876,48.73,58.171,271985634,COLPAL.NS,0.042383136291581455,0.12162158001841025,0.23902152736601362,0
2025-03-31,2636.296026341741,2911.5472506343563,2291.461034556334,2338.828857421875,31339799,14520200000.0,3550000000.0,30185500000.0,608400000.0,16644700000.0,6681000000.0,37.947876,48.73,58.171,271985634,COLPAL.NS,0.03655217576766178,0.1176061353961339,0.21328110449572538,1
2025-06-30,2338.829022339977,2688.8014405092013,2262.198744166999,2381.34423828125,30580309,14206400000.0,3206200000.0,30185500000.0,608400000.0,16644700000.0,6681000000.0,37.947876,48.73,58.171,271985634,COLPAL.NS,0.03655217576766178,0.1176061353961339,0.21328110449572538,0
2025-09-30,2391.0391717529883,2477.2073293299,2127.9844923099104,2198.620361328125,40636790,14206400000.0,3206200000.0,30185500000.0,608400000.0,16644700000.0,6681000000.0,37.947876,48.73,58.171,271985634,COLPAL.NS,0.03655217576766178,0.1176061353961339,0.21328110449572538,0
2025-12-31,2201.09375,2304.9701157121885,2051.0,2075.699951171875,25184999,14729200000.0,3238600000.0,30185500000.0,608400000.0,16644700000.0,6681000000.0,37.947876,48.73,58.171,271985634,COLPAL.NS,0.03655217576766178,0.1176061353961339,0.21328110449572538,0
2026-03-31,2086.10009765625,2301.60009765625,1838.0999755859375,1849.199951171875,22414789,14729200000.0,3238600000.0,30185500000.0,608400000.0,16644700000.0,6681000000.0,37.947876,48.73,58.171,271985634,COLPAL.NS,0.03655217576766178,0.1176061353961339,0.21328110449572538,0
2016-03-31,223.6087966237618,227.76978585123837,218.90498770995558,226.0511016845703,6506451,14729200000.0,3238600000.0,30185500000.0,608400000.0,16644700000.0,6681000000.0,40.20713,10.38,61.748,1773690172,DABUR.NS,0.03655217576766178,0.1176061353961339,0.21328110449572538,1
2016-06-30,224.3776721501316,289.46117462060704,221.57354841746078,280.0892028808594,84956294,14729200000.0,3238600000.0,30185500000.0,608400000.0,16644700000.0,6681000000.0,40.20713,10.38,61.748,1773690172,DABUR.NS,0.03655217576766178,0.1176061353961339,0.21328110449572538,0
2016-09-30,280.0892378000815,290.38894422310756,241.74883890062253,246.1046905517578,86977607,14729200000.0,3238600000.0,30185500000.0,608400000.0,16644700000.0,6681000000.0,40.20713,10.38,61.748,1773690172,DABUR.NS,0.03655217576766178,0.1176061353961339,0.21328110449572538,1
2016-12-31,246.9212972777247,277.95492169035583,236.17056410910763,253.48580932617188,94576050,14729200000.0,3238600000.0,30185500000.0,608400000.0,16644700000.0,6681000000.0,40.20713,10.38,61.748,1773690172,DABUR.NS,0.03655217576766178,0.1176061353961339,0.21328110449572538,0
2017-03-31,253.34908168129343,261.00420099315795,240.22595574483668,252.75668334960938,83407420,14729200000.0,3238600000.0,30185500000.0,608400000.0,16644700000.0,6681000000.0,40.20713,10.38,61.748,1773690172,DABUR.NS,0.03655217576766178,0.1176061353961339,0.21328110449572538,1
2017-06-30,252.93897835483227,269.7074106042791,241.50185992726608,266.19879150390625,115179986,14729200000.0,3238600000.0,30185500000.0,608400000.0,16644700000.0,6681000000.0,40.20713,10.38,61.748,1773690172,DABUR.NS,0.03655217576766178,0.1176061353961339,0.21328110449572538,1
2017-09-30,266.0165835345416,295.35837150573985,265.56091962721575,278.8988037109375,73630197,14729200000.0,3238600000.0,30185500000.0,608400000.0,16644700000.0,6681000000.0,40.20713,10.38,61.748,1773690172,DABUR.NS,0.03655217576766178,0.1176061353961339,0.21328110449572538,1
2017-12-31,283.9280803687755,329.9692168316341,279.813180653286,320.9446105957031,68543053,14729200000.0,3238600000.0,30185500000.0,608400000.0,16644700000.0,6681000000.0,40.20713,10.38,61.748,1773690172,DABUR.NS,0.03655217576766178,0.1176061353961339,0.21328110449572538,0
2018-03-31,322.13766628145146,338.2904908708843,286.29875029121445,301.39605712890625,103342542,14729200000.0,3238600000.0,30185500000.0,608400000.0,16644700000.0,6681000000.0,40.20713,10.38,61.748,1773690172,DABUR.NS,0.03655217576766178,0.1176061353961339,0.21328110449572538,1
2018-06-30,301.94671198301484,363.80453653077404,299.3769639353568,359.26153564453125,85188790,14729200000.0,3238600000.0,30185500000.0,608400000.0,16644700000.0,6681000000.0,40.20713,10.38,61.748,1773690172,DABUR.NS,0.03655217576766178,0.1176061353961339,0.21328110449572538,1
2018-09-30,359.26159243688585,457.7401577615489,341.0310151024666,398.2661437988281,204626029,14729200000.0,3238600000.0,30185500000.0,608400000.0,16644700000.0,6681000000.0,40.20713,10.38,61.748,1773690172,DABUR.NS,0.03655217576766178,0.1176061353961339,0.21328110449572538,1
2018-12-31,396.4935545902328,429.4800683035826,338.2790214550418,403.1290283203125,201170727,14729200000.0,3238600000.0,30185500000.0,608400000.0,16644700000.0,6681000000.0,40.20713,10.38,61.748,1773690172,DABUR.NS,0.03655217576766178,0.1176061353961339,0.21328110449572538,0
2019-03-31,404.1587158375485,434.5350273741317,381.4116882822163,384.6880187988281,138168200,14729200000.0,3238600000.0,30185500000.0,608400000.0,16644700000.0,6681000000.0,40.20713,10.38,61.748,1773690172,DABUR.NS,0.03655217576766178,0.1176061353961339,0.21328110449572538,0
2019-06-30,383.84555539548427,387.8707265531484,334.7005070929823,374.9057922363281,155537752,14729200000.0,3238600000.0,30185500000.0,608400000.0,16644700000.0,6681000000.0,40.20713,10.38,61.748,1773690172,DABUR.NS,0.03655217576766178,0.1176061353961339,0.21328110449572538,1
2019-09-30,375.18659617603475,440.74055558467427,371.91027421008624,420.1219482421875,134095002,14729200000.0,3238600000.0,30185500000.0,608400000.0,16644700000.0,6681000000.0,40.20713,10.38,61.748,1773690172,DABUR.NS,0.03655217576766178,0.1176061353961339,0.21328110449572538,1
2019-12-31,418.9478169189622,458.11843090513304,395.93381989075897,431.8619689941406,107573993,14729200000.0,3238600000.0,30185500000.0,608400000.0,16644700000.0,6681000000.0,40.20713,10.38,61.748,1773690172,DABUR.NS,0.03655217576766178,0.1176061353961339,0.21328110449572538,0
2020-03-31,433.0866899665097,494.6063533006297,363.70047935071256,423.9953308105469,161041805,14729200000.0,3238600000.0,30185500000.0,608400000.0,16644700000.0,6681000000.0,40.20713,10.38,61.748,1773690172,DABUR.NS,0.03655217576766178,0.1176061353961339,0.21328110449572538,1
2020-06-30,424.7961326130293,487.44633181106553,396.8155873620715,438.974853515625,226434138,14729200000.0,3238600000.0,30185500000.0,608400000.0,16644700000.0,6681000000.0,40.20713,10.38,61.748,1773690172,DABUR.NS,0.03655217576766178,0.1176061353961339,0.21328110449572538,1
2020-09-30,443.6383302399923,497.43264055338864,436.14855103724904,482.52587890625,212592081,14729200000.0,3238600000.0,30185500000.0,608400000.0,16644700000.0,6681000000.0,40.20713,10.38,61.748,1773690172,DABUR.NS,0.03655217576766178,0.1176061353961339,0.21328110449572538,1
2020-12-31,487.44051032186724,512.5737791243358,467.1011536292913,506.4095764160156,255448383,14729200000.0,3238600000.0,30185500000.0,608400000.0,16644700000.0,6681000000.0,40.20713,10.38,61.748,1773690172,DABUR.NS,0.03655217576766178,0.1176061353961339,0.21328110449572538,1
2021-03-31,506.409595590113,524.0011027568863,471.36865435204885,512.57373046875,181606168,14729200000.0,3238600000.0,30185500000.0,608400000.0,16644700000.0,6681000000.0,40.20713,10.38,61.748,1773690172,DABUR.NS,0.03655217576766178,0.1176061353961339,0.21328110449572538,1
2021-06-30,512.5262922805812,552.5933395483189,492.46902519258543,539.3641357421875,151921844,14729200000.0,3238600000.0,30185500000.0,608400000.0,16644700000.0,6681000000.0,40.20713,10.38,61.748,1773690172,DABUR.NS,0.03655217576766178,0.1176061353961339,0.21328110449572538,1
2021-09-30,542.82550816351,628.0967867669513,540.4546770794303,588.15869140625,150432606,14729200000.0,3238600000.0,30185500000.0,608400000.0,16644700000.0,6681000000.0,40.20713,10.38,61.748,1773690172,DABUR.NS,0.03655217576766178,0.1176061353961339,0.21328110449572538,0
2021-12-31,588.1110095093157,602.408616615356,526.8053193644662,555.1842651367188,118280123,14729200000.0,3238600000.0,30185500000.0,608400000.0,16644700000.0,6681000000.0,40.20713,10.38,61.748,1773690172,DABUR.NS,0.03655217576766178,0.1176061353961339,0.21328110449572538,0
2022-03-31,555.1363967382663,565.9041089322691,480.48015154138045,513.2140502929688,116667846,14729200000.0,3238600000.0,30185500000.0,608400000.0,16644700000.0,6681000000.0,40.20713,10.38,61.748,1773690172,DABUR.NS,0.03655217576766178,0.1176061353961339,0.21328110449572538,0
2022-06-30,515.8939898853457,552.1214720093172,461.57675399085343,474.6894836425781,123693695,14729200000.0,3238600000.0,30185500000.0,608400000.0,16644700000.0,6681000000.0,40.20713,10.38,61.748,1773690172,DABUR.NS,0.03655217576766178,0.1176061353961339,0.21328110449572538,1
2022-09-30,470.9566470966107,578.9935986886588,470.9566470966107,551.0538940429688,96159547,14729200000.0,3238600000.0,30185500000.0,608400000.0,16644700000.0,6681000000.0,40.20713,10.38,61.748,1773690172,DABUR.NS,0.03655217576766178,0.1176061353961339,0.21328110449572538,0
2022-12-31,549.7554523521468,590.032777855138,497.2420641655367,542.405029296875,138652425,14729200000.0,3238600000.0,30185500000.0,608400000.0,16644700000.0,6681000000.0,40.20713,10.38,61.748,1773690172,DABUR.NS,0.03655217576766178,0.1176061353961339,0.21328110449572538,0
2023-03-31,542.4051246599038,554.6743116032239,501.008588927082,526.41650390625,100472368,14729200000.0,3238600000.0,30185500000.0,608400000.0,16644700000.0,6681000000.0,40.20713,10.38,61.748,1773690172,DABUR.NS,0.03655217576766178,0.1176061353961339,0.21328110449572538,1
2023-06-30,528.9283790417123,558.3937637294478,486.56572143107576,553.5150756835938,133932865,14729200000.0,3238600000.0,30185500000.0,608400000.0,16644700000.0,6681000000.0,40.20713,10.38,61.748,1773690172,DABUR.NS,0.03655217576766178,0.1176061353961339,0.21328110449572538,0
2023-09-30,555.4472069064976,576.8457549353005,529.5158460389239,535.3880004882812,104472493,14729200000.0,3238600000.0,30185500000.0,608400000.0,16644700000.0,6681000000.0,40.20713,10.38,61.748,1773690172,DABUR.NS,0.03655217576766178,0.1176061353961339,0.21328110449572538,1
2023-12-31,538.8822338808466,546.3502083706451,489.2840699327134,543.6184692382812,120341265,14729200000.0,3238600000.0,30185500000.0,608400000.0,16644700000.0,6681000000.0,40.20713,10.38,61.748,1773690172,DABUR.NS,0.03655217576766178,0.1176061353961339,0.21328110449572538,0
2024-03-31,546.3503210956087,561.4724532080337,499.5202749468289,510.3984375,110625207,14729200000.0,3238600000.0,30185500000.0,608400000.0,16644700000.0,6681000000.0,40.20713,10.38,61.748,1773690172,DABUR.NS,0.03655217576766178,0.1176061353961339,0.21328110449572538,1
2024-06-30,510.73989001099704,617.9610817318581,477.27597757943425,586.0582275390625,248546736,14729200000.0,3238600000.0,30185500000.0,608400000.0,16644700000.0,6681000000.0,40.20713,10.38,61.748,1773690172,DABUR.NS,0.03655217576766178,0.1176061353961339,0.21328110449572538,1
2024-09-30,586.0582492777514,658.428218165519,586.0582492777514,612.5733642578125,174193465,30285900000.0,4250000000.0,163731300000.0,17516200000.0,103623600000.0,2872100000.0,40.20713,10.38,61.748,1773690172,DABUR.NS,0.16903678312662365,0.02595716274163828,0.0410138231059334,0
2024-12-31,613.3572232888857,617.0314878053927,491.4506405630646,499.32958984375,169579372,33552500000.0,5223800000.0,163731300000.0,17516200000.0,103623600000.0,2872100000.0,40.20713,10.38,61.748,1773690172,DABUR.NS,0.16903678312662365,0.02595716274163828,0.0410138231059334,0
2025-03-31,499.23113333162263,543.3533812740819,472.73810618905554,498.837158203125,139333775,26670600000.0,3201300000.0,162322800000.0,9500800000.0,108006900000.0,1841700000.0,40.20713,10.38,61.748,1773690172,DABUR.NS,0.08796475040020592,0.019721813571476097,0.029639773014501852,0
2025-06-30,498.19700658410864,504.7956243197598,426.74459887683224,477.9086608886719,153516414,34045800000.0,5139100000.0,162322800000.0,9500800000.0,108006900000.0,1841700000.0,40.20713,10.38,61.748,1773690172,DABUR.NS,0.08796475040020592,0.019721813571476097,0.029639773014501852,1
2025-09-30,479.6321888461161,573.9701156332931,472.14716575944726,488.7201232910156,189653611,34045800000.0,5139100000.0,162322800000.0,9500800000.0,108006900000.0,1841700000.0,40.20713,10.38,61.748,1773690172,DABUR.NS,0.08796475040020592,0.019721813571476097,0.029639773014501852,1
2025-12-31,488.7201310125933,529.9000244140625,476.633913243019,503.6000061035156,130060829,35586500000.0,5599700000.0,162322800000.0,9500800000.0,108006900000.0,1841700000.0,40.20713,10.38,61.748,1773690172,DABUR.NS,0.08796475040020592,0.019721813571476097,0.029639773014501852,0
2026-03-31,505.0,534.0,416.04998779296875,417.3500061035156,104038265,35586500000.0,5599700000.0,162322800000.0,9500800000.0,108006900000.0,1841700000.0,40.20713,10.38,61.748,1773690172,DABUR.NS,0.08796475040020592,0.019721813571476097,0.029639773014501852,0
2021-06-30,547.8261117574782,649.4229543015923,547.8261117574782,572.826904296875,29790007,35586500000.0,5599700000.0,162322800000.0,9500800000.0,108006900000.0,1841700000.0,30.351202,32.46,253.927,60327809,DODLA.NS,0.08796475040020592,0.019721813571476097,0.029639773014501852,1
2021-09-30,572.9763291930196,665.3596710118626,498.0237540197471,599.02294921875,14150848,35586500000.0,5599700000.0,162322800000.0,9500800000.0,108006900000.0,1841700000.0,30.351202,32.46,253.927,60327809,DODLA.NS,0.08796475040020592,0.019721813571476097,0.029639773014501852,0
2021-12-31,597.1304713199013,672.1328143962767,524.0205586775301,548.1248779296875,4100194,35586500000.0,5599700000.0,162322800000.0,9500800000.0,108006900000.0,1841700000.0,30.351202,32.46,253.927,60327809,DODLA.NS,0.08796475040020592,0.019721813571476097,0.029639773014501852,0
2022-03-31,551.3122966851881,576.7115217669466,405.9889359012628,445.48223876953125,2426494,35586500000.0,5599700000.0,162322800000.0,9500800000.0,108006900000.0,1841700000.0,30.351202,32.46,253.927,60327809,DODLA.NS,0.08796475040020592,0.019721813571476097,0.029639773014501852,1
2022-06-30,445.48222624280237,527.8553400832357,445.48222624280237,479.44744873046875,1113143,35586500000.0,5599700000.0,162322800000.0,9500800000.0,108006900000.0,1841700000.0,30.351202,32.46,253.927,60327809,DODLA.NS,0.08796475040020592,0.019721813571476097,0.029639773014501852,1
2022-09-30,479.49722168342953,577.7075038093861,478.1027613754754,511.37078857421875,1599970,35586500000.0,5599700000.0,162322800000.0,9500800000.0,108006900000.0,1841700000.0,30.351202,32.46,253.927,60327809,DODLA.NS,0.08796475040020592,0.019721813571476097,0.029639773014501852,0
2022-12-31,511.37077604617406,542.0490388071482,473.37156765832856,503.7012023925781,1877170,35586500000.0,5599700000.0,162322800000.0,9500800000.0,108006900000.0,1841700000.0,30.351202,32.46,253.927,60327809,DODLA.NS,0.08796475040020592,0.019721813571476097,0.029639773014501852,0
2023-03-31,513.7114761505167,519.3889734438658,429.49566162554623,461.9170227050781,860110,35586500000.0,5599700000.0,162322800000.0,9500800000.0,108006900000.0,1841700000.0,30.351202,32.46,253.927,60327809,DODLA.NS,0.08796475040020592,0.019721813571476097,0.029639773014501852,1
2023-06-30,469.13836398307626,596.5328326012517,463.56050292151787,581.6917114257812,2924024,35586500000.0,5599700000.0,162322800000.0,9500800000.0,108006900000.0,1841700000.0,30.351202,32.46,253.927,60327809,DODLA.NS,0.08796475040020592,0.019721813571476097,0.029639773014501852,1
2023-09-30,587.6680442548079,895.3470816150547,580.0482563125813,687.4221801757812,13874490,35586500000.0,5599700000.0,162322800000.0,9500800000.0,108006900000.0,1841700000.0,30.351202,32.46,253.927,60327809,DODLA.NS,0.08796475040020592,0.019721813571476097,0.029639773014501852,1
2023-12-31,687.4221916111477,920.3478428395484,648.6759168069713,874.7288818359375,11134217,35586500000.0,5599700000.0,162322800000.0,9500800000.0,108006900000.0,1841700000.0,30.351202,32.46,253.927,60327809,DODLA.NS,0.08796475040020592,0.019721813571476097,0.029639773014501852,0
2024-03-31,877.8165676476904,1079.81502782774,787.9731305594433,799.9755859375,5686602,35586500000.0,5599700000.0,162322800000.0,9500800000.0,108006900000.0,1841700000.0,30.351202,32.46,253.927,60327809,DODLA.NS,0.08796475040020592,0.019721813571476097,0.029639773014501852,1
2024-06-30,803.9098801865174,1078.7193130640828,791.0609044362477,1010.9384155273438,7154878,35586500000.0,5599700000.0,162322800000.0,9500800000.0,108006900000.0,1841700000.0,30.351202,32.46,253.927,60327809,DODLA.NS,0.08796475040020592,0.019721813571476097,0.029639773014501852,1
2024-09-30,1010.9882141570164,1340.7794390122326,1006.0079806894038,1157.7059326171875,6861550,9976220000.0,633760000.0,16604080000.0,462440000.0,12895290000.0,1213390000.0,30.351202,32.46,253.927,60327809,DODLA.NS,0.035861155507165794,0.03816893197334631,0.04914662640390406,1
2024-12-31,1158.403161577284,1338.0953686125713,1126.2307546224501,1269.443115234375,5177579,9012230000.0,635650000.0,16604080000.0,462440000.0,12895290000.0,1213390000.0,30.351202,32.46,253.927,60327809,DODLA.NS,0.035861155507165794,0.03816893197334631,0.04914662640390406,0
2025-03-31,1268.194833064777,1276.5829177573219,964.1276651024339,1155.255615234375,2992799,9078110000.0,679650000.0,17306620000.0,424340000.0,14059500000.0,897450000.0,30.351202,32.46,253.927,60327809,DODLA.NS,0.030181727657455814,0.039271099729467684,0.048340979408940575,1
2025-06-30,1160.1985180686854,1482.8892688038934,983.599947192603,1431.7620849609375,4919312,10068660000.0,628710000.0,17306620000.0,424340000.0,14059500000.0,897450000.0,30.351202,32.46,253.927,60327809,DODLA.NS,0.030181727657455814,0.039271099729467684,0.048340979408940575,0
2025-09-30,1427.7678003052145,1525.0,1244.5,1325.0,4583089,10068660000.0,628710000.0,17306620000.0,424340000.0,14059500000.0,897450000.0,30.351202,32.46,253.927,60327809,DODLA.NS,0.030181727657455814,0.039271099729467684,0.048340979408940575,0
2025-12-31,1320.0,1400.0,1167.800048828125,1250.800048828125,3715227,10250410000.0,687370000.0,17306620000.0,424340000.0,14059500000.0,897450000.0,30.351202,32.46,253.927,60327809,DODLA.NS,0.030181727657455814,0.039271099729467684,0.048340979408940575,0
2026-03-31,1270.0,1270.0,964.0999755859375,985.2000122070312,2137535,10250410000.0,687370000.0,17306620000.0,424340000.0,14059500000.0,897450000.0,30.351202,32.46,253.927,60327809,DODLA.NS,0.030181727657455814,0.039271099729467684,0.048340979408940575,0
2016-03-31,401.40429595995676,402.54769112315137,381.52360294905014,394.7774658203125,2071044,10250410000.0,687370000.0,17306620000.0,424340000.0,14059500000.0,897450000.0,22.071428,18.2,67.171,436500000,EMAMILTD.NS,0.030181727657455814,0.039271099729467684,0.048340979408940575,1
2016-06-30,395.0738426054548,482.049367771686,387.55770036939174,465.89501953125,24511348,10250410000.0,687370000.0,17306620000.0,424340000.0,14059500000.0,897450000.0,22.071428,18.2,67.171,436500000,EMAMILTD.NS,0.030181727657455814,0.039271099729467684,0.048340979408940575,1
2016-09-30,469.6000013750962,531.7541424568354,455.2241898214503,498.47711181640625,19656926,10250410000.0,687370000.0,17306620000.0,424340000.0,14059500000.0,897450000.0,22.071428,18.2,67.171,436500000,EMAMILTD.NS,0.030181727657455814,0.039271099729467684,0.048340979408940575,0
2016-12-31,498.498353099681,536.8672936436731,398.5600757449799,405.44134521484375,15570072,10250410000.0,687370000.0,17306620000.0,424340000.0,14059500000.0,897450000.0,22.071428,18.2,67.171,436500000,EMAMILTD.NS,0.030181727657455814,0.039271099729467684,0.048340979408940575,1
2017-03-31,401.1805419537565,510.8761359746096,401.1805419537565,454.3012390136719,22739650,10250410000.0,687370000.0,17306620000.0,424340000.0,14059500000.0,897450000.0,22.071428,18.2,67.171,436500000,EMAMILTD.NS,0.030181727657455814,0.039271099729467684,0.048340979408940575,1
2017-06-30,455.85919455582115,493.16454867447567,426.1088591101884,459.0817565917969,20304024,10250410000.0,687370000.0,17306620000.0,424340000.0,14059500000.0,897450000.0,22.071428,18.2,67.171,436500000,EMAMILTD.NS,0.030181727657455814,0.039271099729467684,0.048340979408940575,1
2017-09-30,460.93849036332864,512.416799465631,437.3426950026346,469.250732421875,18190306,10250410000.0,687370000.0,17306620000.0,424340000.0,14059500000.0,897450000.0,22.071428,18.2,67.171,436500000,EMAMILTD.NS,0.030181727657455814,0.039271099729467684,0.048340979408940575,1
2017-12-31,469.25078334870807,579.6425007729656,456.9207008917799,570.486083984375,17486306,10250410000.0,687370000.0,17306620000.0,424340000.0,14059500000.0,897450000.0,22.071428,18.2,67.171,436500000,EMAMILTD.NS,0.030181727657455814,0.039271099729467684,0.048340979408940575,0
2018-03-31,572.9736930170264,585.4107582818777,429.30130053409107,458.4002685546875,19948720,10250410000.0,687370000.0,17306620000.0,424340000.0,14059500000.0,897450000.0,22.071428,18.2,67.171,436500000,EMAMILTD.NS,0.030181727657455814,0.039271099729467684,0.048340979408940575,1
2018-06-30,453.3610270165113,514.6468227288249,431.87452354268436,459.8757019042969,21842664,10250410000.0,687370000.0,17306620000.0,424340000.0,14059500000.0,897450000.0,22.071428,18.2,67.171,436500000,EMAMILTD.NS,0.030181727657455814,0.039271099729467684,0.048340979408940575,0
2018-09-30,462.35255339777643,521.2763787233062,412.85818544266226,429.7185363769531,22265832,10250410000.0,687370000.0,17306620000.0,424340000.0,14059500000.0,897450000.0,22.071428,18.2,67.171,436500000,EMAMILTD.NS,0.030181727657455814,0.039271099729467684,0.048340979408940575,0
2018-12-31,432.10843904400406,447.5346716800103,334.77107605241423,365.1020812988281,19755905,10250410000.0,687370000.0,17306620000.0,424340000.0,14059500000.0,897450000.0,22.071428,18.2,67.171,436500000,EMAMILTD.NS,0.030181727657455814,0.039271099729467684,0.048340979408940575,0
2019-03-31,363.71150229854567,389.1755928659688,292.18595966177145,345.6780090332031,35828062,10250410000.0,687370000.0,17306620000.0,424340000.0,14059500000.0,897450000.0,22.071428,18.2,67.171,436500000,EMAMILTD.NS,0.030181727657455814,0.039271099729467684,0.048340979408940575,0
2019-06-30,349.2847523586393,361.0173296504019,213.7076486240292,259.9429016113281,63588477,10250410000.0,687370000.0,17306620000.0,424340000.0,14059500000.0,897450000.0,22.071428,18.2,67.171,436500000,EMAMILTD.NS,0.030181727657455814,0.039271099729467684,0.048340979408940575,1
2019-09-30,258.55238607550723,301.84890774178984,246.40726492051675,280.37628173828125,37377218,10250410000.0,687370000.0,17306620000.0,424340000.0,14059500000.0,897450000.0,22.071428,18.2,67.171,436500000,EMAMILTD.NS,0.030181727657455814,0.039271099729467684,0.048340979408940575,0
2019-12-31,281.43226335197096,312.76118171123414,259.6955904135192,274.40966796875,18590858,10250410000.0,687370000.0,17306620000.0,424340000.0,14059500000.0,897450000.0,22.071428,18.2,67.171,436500000,EMAMILTD.NS,0.030181727657455814,0.039271099729467684,0.048340979408940575,0
2020-03-31,274.4982970497493,316.7356164099125,117.467637217478,152.45223999023438,49527365,10250410000.0,687370000.0,17306620000.0,424340000.0,14059500000.0,897450000.0,22.071428,18.2,67.171,436500000,EMAMILTD.NS,0.030181727657455814,0.039271099729467684,0.048340979408940575,1
2020-06-30,153.39417017239094,213.40624889874593,147.15973149065843,198.0668487548828,54414033,10250410000.0,687370000.0,17306620000.0,424340000.0,14059500000.0,897450000.0,22.071428,18.2,67.171,436500000,EMAMILTD.NS,0.030181727657455814,0.039271099729467684,0.048340979408940575,1
2020-09-30,196.4521753932728,365.5894302365525,192.86400780618104,315.130859375,76426852,10250410000.0,687370000.0,17306620000.0,424340000.0,14059500000.0,897450000.0,22.071428,18.2,67.171,436500000,EMAMILTD.NS,0.030181727657455814,0.039271099729467684,0.048340979408940575,1
2020-12-31,317.46305153165724,418.3117272212435,299.9708027019831,384.17779541015625,38679001,10250410000.0,687370000.0,17306620000.0,424340000.0,14059500000.0,897450000.0,22.071428,18.2,67.171,436500000,EMAMILTD.NS,0.030181727657455814,0.039271099729467684,0.048340979408940575,1
2021-03-31,385.6736738231726,475.3051855207183,380.41532254828246,444.270263671875,50366114,10250410000.0,687370000.0,17306620000.0,424340000.0,14059500000.0,897450000.0,22.071428,18.2,67.171,436500000,EMAMILTD.NS,0.030181727657455814,0.039271099729467684,0.048340979408940575,1
2021-06-30,440.6137425588194,517.9497351734125,436.36305148713984,512.2362060546875,32751294,10250410000.0,687370000.0,17306620000.0,424340000.0,14059500000.0,897450000.0,22.071428,18.2,67.171,436500000,EMAMILTD.NS,0.030181727657455814,0.039271099729467684,0.048340979408940575,1
2021-09-30,514.2474297342933,568.4099189428284,485.40642623787534,524.7142944335938,41478231,10250410000.0,687370000.0,17306620000.0,424340000.0,14059500000.0,897450000.0,22.071428,18.2,67.171,436500000,EMAMILTD.NS,0.030181727657455814,0.039271099729467684,0.048340979408940575,0
2021-12-31,520.966389296968,532.5897766677685,463.08153397318847,477.8117980957031,37768520,10250410000.0,687370000.0,17306620000.0,424340000.0,14059500000.0,897450000.0,22.071428,18.2,67.171,436500000,EMAMILTD.NS,0.030181727657455814,0.039271099729467684,0.048340979408940575,0
2022-03-31,478.3641396975003,492.35786776611417,399.1829384982218,415.0072937011719,26131104,10250410000.0,687370000.0,17306620000.0,424340000.0,14059500000.0,897450000.0,22.071428,18.2,67.171,436500000,EMAMILTD.NS,0.030181727657455814,0.039271099729467684,0.048340979408940575,0
2022-06-30,414.8680711456441,461.4595285086431,365.120985898898,390.0409240722656,24121928,10250410000.0,687370000.0,17306620000.0,424340000.0,14059500000.0,897450000.0,22.071428,18.2,67.171,436500000,EMAMILTD.NS,0.030181727657455814,0.039271099729467684,0.048340979408940575,1
2022-09-30,387.210236712154,486.333089278467,385.49321542667593,468.0491638183594,16488876,10250410000.0,687370000.0,17306620000.0,424340000.0,14059500000.0,897450000.0,22.071428,18.2,67.171,436500000,EMAMILTD.NS,0.030181727657455814,0.039271099729467684,0.048340979408940575,0
2022-12-31,467.30665917430025,473.1073443482799,384.1485387945887,398.1524353027344,13755528,10250410000.0,687370000.0,17306620000.0,424340000.0,14059500000.0,897450000.0,22.071428,18.2,67.171,436500000,EMAMILTD.NS,0.030181727657455814,0.039271099729467684,0.048340979408940575,0
2023-03-31,400.1664130288545,421.33624044875074,322.1448628074726,339.1720275878906,22865171,10250410000.0,687370000.0,17306620000.0,424340000.0,14059500000.0,897450000.0,22.071428,18.2,67.171,436500000,EMAMILTD.NS,0.030181727657455814,0.039271099729467684,0.048340979408940575,1
2023-06-30,341.489639938291,404.8686177700396,334.25307000763047,401.7469787597656,26502176,10250410000.0,687370000.0,17306620000.0,424340000.0,14059500000.0,897450000.0,22.071428,18.2,67.171,436500000,EMAMILTD.NS,0.030181727657455814,0.039271099729467684,0.048340979408940575,1
2023-09-30,403.78072083370694,551.72799844802,387.8414075001022,509.34930419921875,45319029,10250410000.0,687370000.0,17306620000.0,424340000.0,14059500000.0,897450000.0,22.071428,18.2,67.171,436500000,EMAMILTD.NS,0.030181727657455814,0.039271099729467684,0.048340979408940575,1
2023-12-31,509.7749763921149,548.2228646627287,462.90287368929387,537.4967651367188,31507171,10250410000.0,687370000.0,17306620000.0,424340000.0,14059500000.0,897450000.0,22.071428,18.2,67.171,436500000,EMAMILTD.NS,0.030181727657455814,0.039271099729467684,0.048340979408940575,0
2024-03-31,543.3603729882071,561.189486882452,401.1557306953429,412.9374694824219,46559022,10250410000.0,687370000.0,17306620000.0,424340000.0,14059500000.0,897450000.0,22.071428,18.2,67.171,436500000,EMAMILTD.NS,0.030181727657455814,0.039271099729467684,0.048340979408940575,1
2024-06-30,415.48614407613127,732.8714278905438,411.83143082051765,662.950439453125,88544873,10250410000.0,687370000.0,17306620000.0,424340000.0,14059500000.0,897450000.0,22.071428,18.2,67.171,436500000,EMAMILTD.NS,0.030181727657455814,0.039271099729467684,0.048340979408940575,1
2024-09-30,672.808584567766,827.1251782146642,663.7198140036782,736.910888671875,69640190,10250410000.0,687370000.0,35937000000.0,743900000.0,26287000000.0,690800000.0,22.071428,18.2,67.171,436500000,EMAMILTD.NS,0.028299159280252596,0.039271099729467684,0.048340979408940575,0
2024-12-31,731.909710732323,739.0749358038086,546.8043126350736,581.403076171875,37574962,10494800000.0,2789900000.0,35937000000.0,743900000.0,26287000000.0,690800000.0,22.071428,18.2,67.171,436500000,EMAMILTD.NS,0.028299159280252596,0.039271099729467684,0.048340979408940575,0
2025-03-31,578.9836230601868,609.5659219436075,494.5701676297445,564.9029541015625,34745084,9189334000.0,1621781000.0,35336253000.0,897909000.0,26947929000.0,1046251000.0,22.071428,18.2,67.171,436500000,EMAMILTD.NS,0.03332014864667337,0.045895669809699405,0.06018202734614597,0
2025-06-30,565.0003154781929,636.4533956698829,536.3119099961896,560.5068969726562,29883704,9040900000.0,1642600000.0,35336253000.0,897909000.0,26947929000.0,1046251000.0,22.071428,18.2,67.171,436500000,EMAMILTD.NS,0.03332014864667337,0.045895669809699405,0.06018202734614597,0
2025-09-30,562.860314498626,621.8920541487975,525.5978041178008,527.8041381835938,49856718,7985100000.0,1483500000.0,36710500000.0,719600000.0,29308300000.0,730300000.0,22.071428,18.2,67.171,436500000,EMAMILTD.NS,0.02455277174042848,0.040410781656474305,0.0506170606961168,0
2025-12-31,527.8041542754393,549.1320296674938,488.77651900736794,522.3424682617188,33764596,11518100000.0,3194800000.0,36710500000.0,719600000.0,29308300000.0,730300000.0,22.071428,18.2,67.171,436500000,EMAMILTD.NS,0.02455277174042848,0.040410781656474305,0.0506170606961168,0
2026-03-31,518.4392811994966,524.5164743995771,395.45001220703125,401.70001220703125,33227856,11518100000.0,3194800000.0,36710500000.0,719600000.0,29308300000.0,730300000.0,22.071428,18.2,67.171,436500000,EMAMILTD.NS,0.02455277174042848,0.040410781656474305,0.0506170606961168,0
2016-03-31,3783.925072994011,3835.6729517795106,3704.911566097334,3770.720458984375,17379,11518100000.0,3194800000.0,36710500000.0,719600000.0,29308300000.0,730300000.0,47.47912,164.03,356.743,32585217,GILLETTE.NS,0.02455277174042848,0.040410781656474305,0.0506170606961168,1
2016-06-30,3745.9769047195455,4133.0936326671745,3519.4525142549037,3916.693359375,626486,11518100000.0,3194800000.0,36710500000.0,719600000.0,29308300000.0,730300000.0,47.47912,164.03,356.743,32585217,GILLETTE.NS,0.02455277174042848,0.040410781656474305,0.0506170606961168,0
2016-09-30,3915.9674362741207,4185.994138025458,3645.940760919634,3709.142578125,271772,11518100000.0,3194800000.0,36710500000.0,719600000.0,29308300000.0,730300000.0,47.47912,164.03,356.743,32585217,GILLETTE.NS,0.02455277174042848,0.040410781656474305,0.0506170606961168,0
2016-12-31,3760.463645086163,3885.3890250991294,3474.113580921437,3695.755859375,280728,11518100000.0,3194800000.0,36710500000.0,719600000.0,29308300000.0,730300000.0,47.47912,164.03,356.743,32585217,GILLETTE.NS,0.02455277174042848,0.040410781656474305,0.0506170606961168,0
2017-03-31,3733.407966323387,3733.407966323387,3453.6603061364567,3622.77099609375,767812,11518100000.0,3194800000.0,36710500000.0,719600000.0,29308300000.0,730300000.0,47.47912,164.03,356.743,32585217,GILLETTE.NS,0.02455277174042848,0.040410781656474305,0.0506170606961168,1
2017-06-30,3649.2595486094074,4588.813111462227,3531.753700386985,4530.13427734375,835156,11518100000.0,3194800000.0,36710500000.0,719600000.0,29308300000.0,730300000.0,47.47912,164.03,356.743,32585217,GILLETTE.NS,0.02455277174042848,0.040410781656474305,0.0506170606961168,1
2017-09-30,4528.53682017908,5052.258133907976,4436.575508872103,4970.267578125,257860,11518100000.0,3194800000.0,36710500000.0,719600000.0,29308300000.0,730300000.0,47.47912,164.03,356.743,32585217,GILLETTE.NS,0.02455277174042848,0.040410781656474305,0.0506170606961168,1
2017-12-31,4994.776465231191,6303.819399470276,4937.782117197103,6008.072265625,311199,11518100000.0,3194800000.0,36710500000.0,719600000.0,29308300000.0,730300000.0,47.47912,164.03,356.743,32585217,GILLETTE.NS,0.02455277174042848,0.040410781656474305,0.0506170606961168,0
2018-03-31,6068.136953756519,6117.369074215721,5451.472902102211,5822.2001953125,332834,11518100000.0,3194800000.0,36710500000.0,719600000.0,29308300000.0,730300000.0,47.47912,164.03,356.743,32585217,GILLETTE.NS,0.02455277174042848,0.040410781656474305,0.0506170606961168,0
2018-06-30,5822.199789568092,5898.955639534609,5632.595468511351,5700.1171875,310986,11518100000.0,3194800000.0,36710500000.0,719600000.0,29308300000.0,730300000.0,47.47912,164.03,356.743,32585217,GILLETTE.NS,0.02455277174042848,0.040410781656474305,0.0506170606961168,1
2018-09-30,5768.172757337814,6302.9318777362705,5593.530454648482,5939.8857421875,358707,11518100000.0,3194800000.0,36710500000.0,719600000.0,29308300000.0,730300000.0,47.47912,164.03,356.743,32585217,GILLETTE.NS,0.02455277174042848,0.040410781656474305,0.0506170606961168,0
2018-12-31,5882.9730882487165,5993.023980003769,5499.524130842388,5790.66455078125,320780,11518100000.0,3194800000.0,36710500000.0,719600000.0,29308300000.0,730300000.0,47.47912,164.03,356.743,32585217,GILLETTE.NS,0.02455277174042848,0.040410781656474305,0.0506170606961168,1
2019-03-31,5805.856181068033,5942.724170854572,5512.880904041936,5904.16357421875,354476,11518100000.0,3194800000.0,36710500000.0,719600000.0,29308300000.0,730300000.0,47.47912,164.03,356.743,32585217,GILLETTE.NS,0.02455277174042848,0.040410781656474305,0.0506170606961168,1
2019-06-30,5893.573173270525,7077.517067505906,5889.149843393861,6681.31982421875,365995,11518100000.0,3194800000.0,36710500000.0,719600000.0,29308300000.0,730300000.0,47.47912,164.03,356.743,32585217,GILLETTE.NS,0.02455277174042848,0.040410781656474305,0.0506170606961168,0
2019-09-30,6702.320554631711,6723.678510802691,6157.556564831133,6344.23779296875,282996,11518100000.0,3194800000.0,36710500000.0,719600000.0,29308300000.0,730300000.0,47.47912,164.03,356.743,32585217,GILLETTE.NS,0.02455277174042848,0.040410781656474305,0.0506170606961168,0
2019-12-31,6345.980743133249,7274.250892857143,5829.17947297956,5897.82861328125,333516,11518100000.0,3194800000.0,36710500000.0,719600000.0,29308300000.0,730300000.0,47.47912,164.03,356.743,32585217,GILLETTE.NS,0.02455277174042848,0.040410781656474305,0.0506170606961168,0
2020-03-31,5897.829937761857,5963.699463985426,3990.7466565044224,4905.5693359375,492613,11518100000.0,3194800000.0,36710500000.0,719600000.0,29308300000.0,730300000.0,47.47912,164.03,356.743,32585217,GILLETTE.NS,0.02455277174042848,0.040410781656474305,0.0506170606961168,0
2020-06-30,4853.1055272258745,4985.294825955974,4188.131930026098,4468.37939453125,525257,11518100000.0,3194800000.0,36710500000.0,719600000.0,29308300000.0,730300000.0,47.47912,164.03,356.743,32585217,GILLETTE.NS,0.02455277174042848,0.040410781656474305,0.0506170606961168,1
2020-09-30,4468.021822049402,5156.581436442826,4430.175999756297,4789.07470703125,1436205,11518100000.0,3194800000.0,36710500000.0,719600000.0,29308300000.0,730300000.0,47.47912,164.03,356.743,32585217,GILLETTE.NS,0.02455277174042848,0.040410781656474305,0.0506170606961168,1
2020-12-31,4806.830993826344,5608.897802275233,4679.486657057371,5236.8115234375,538422,11518100000.0,3194800000.0,36710500000.0,719600000.0,29308300000.0,730300000.0,47.47912,164.03,356.743,32585217,GILLETTE.NS,0.02455277174042848,0.040410781656474305,0.0506170606961168,1
2021-03-31,5236.812795260003,5427.967135978886,4918.178071442068,5368.63916015625,544773,11518100000.0,3194800000.0,36710500000.0,719600000.0,29308300000.0,730300000.0,47.47912,164.03,356.743,32585217,GILLETTE.NS,0.02455277174042848,0.040410781656474305,0.0506170606961168,0
2021-06-30,5333.106974164067,5458.594176734597,4913.628547691498,5208.98486328125,472964,11518100000.0,3194800000.0,36710500000.0,719600000.0,29308300000.0,730300000.0,47.47912,164.03,356.743,32585217,GILLETTE.NS,0.02455277174042848,0.040410781656474305,0.0506170606961168,1
2021-09-30,5210.729736106322,5761.592667434988,5095.910945960899,5416.31103515625,712731,11518100000.0,3194800000.0,36710500000.0,719600000.0,29308300000.0,730300000.0,47.47912,164.03,356.743,32585217,GILLETTE.NS,0.02455277174042848,0.040410781656474305,0.0506170606961168,0
2021-12-31,5387.98481853396,5446.656568845689,4806.728847256318,4861.4765625,283117,11518100000.0,3194800000.0,36710500000.0,719600000.0,29308300000.0,730300000.0,47.47912,164.03,356.743,32585217,GILLETTE.NS,0.02455277174042848,0.040410781656474305,0.0506170606961168,0
2022-03-31,4919.45837134205,5083.502103694162,4417.606349737478,4510.2822265625,424194,11518100000.0,3194800000.0,36710500000.0,719600000.0,29308300000.0,730300000.0,47.47912,164.03,356.743,32585217,GILLETTE.NS,0.02455277174042848,0.040410781656474305,0.0506170606961168,1
2022-06-30,4510.283052773529,4959.809506127167,4415.745994630211,4648.20556640625,357996,11518100000.0,3194800000.0,36710500000.0,719600000.0,29308300000.0,730300000.0,47.47912,164.03,356.743,32585217,GILLETTE.NS,0.02455277174042848,0.040410781656474305,0.0506170606961168,1
2022-09-30,4650.111384330661,5231.327960270152,4629.046470582131,4811.93505859375,321866,11518100000.0,3194800000.0,36710500000.0,719600000.0,29308300000.0,730300000.0,47.47912,164.03,356.743,32585217,GILLETTE.NS,0.02455277174042848,0.040410781656474305,0.0506170606961168,0
2022-12-31,4836.022923683884,4906.431152181761,4544.001344152896,4713.65087890625,262285,11518100000.0,3194800000.0,36710500000.0,719600000.0,29308300000.0,730300000.0,47.47912,164.03,356.743,32585217,GILLETTE.NS,0.02455277174042848,0.040410781656474305,0.0506170606961168,0
2023-03-31,4732.194529623104,4735.0032402583565,3900.474926583438,4071.056640625,797333,11518100000.0,3194800000.0,36710500000.0,719600000.0,29308300000.0,730300000.0,47.47912,164.03,356.743,32585217,GILLETTE.NS,0.02455277174042848,0.040410781656474305,0.0506170606961168,1
2023-06-30,4093.599876912256,4890.626039471986,3982.818279693225,4786.82421875,1220767,11518100000.0,3194800000.0,36710500000.0,719600000.0,29308300000.0,730300000.0,47.47912,164.03,356.743,32585217,GILLETTE.NS,0.02455277174042848,0.040410781656474305,0.0506170606961168,1
2023-09-30,4786.823925088516,6050.793549030492,4768.00653137556,5778.814453125,1587635,11518100000.0,3194800000.0,36710500000.0,719600000.0,29308300000.0,730300000.0,47.47912,164.03,356.743,32585217,GILLETTE.NS,0.02455277174042848,0.040410781656474305,0.0506170606961168,1
2023-12-31,5794.990726817552,6304.812467199427,5662.209626253475,6162.92529296875,838708,11518100000.0,3194800000.0,36710500000.0,719600000.0,29308300000.0,730300000.0,47.47912,164.03,356.743,32585217,GILLETTE.NS,0.02455277174042848,0.040410781656474305,0.0506170606961168,1
2024-03-31,6179.32437604967,6973.7479259441225,6037.6279184081895,6275.328125,1394906,11518100000.0,3194800000.0,36710500000.0,719600000.0,29308300000.0,730300000.0,47.47912,164.03,356.743,32585217,GILLETTE.NS,0.02455277174042848,0.040410781656474305,0.0506170606961168,1
2024-06-30,6277.83022466173,7699.298762559367,5959.039595681237,6973.4052734375,2174559,6453300000.0,1159700000.0,18307500000.0,500000.0,9712700000.0,4734300000.0,47.47912,164.03,356.743,32585217,GILLETTE.NS,5.147899142360003e-05,0.06334562337839683,0.11940037270789791,1
2024-09-30,7012.050315233961,9201.810632530729,6884.755342054561,8160.78515625,2464641,7818200000.0,1330100000.0,18307500000.0,500000.0,9712700000.0,4734300000.0,47.47912,164.03,356.743,32585217,GILLETTE.NS,5.147899142360003e-05,0.06334562337839683,0.11940037270789791,1
2024-12-31,8143.025841312012,10298.135644663173,7786.888824521594,9235.013671875,3654588,6855500000.0,1259700000.0,19700800000.0,500000.0,10845600000.0,5582200000.0,47.47912,164.03,356.743,32585217,GILLETTE.NS,4.610164490669027e-05,0.06394156582473808,0.11614848417791547,0
2025-03-31,9243.567707274819,9724.64451861354,7164.828461143508,7824.3125,5099655,7674700000.0,1586800000.0,19177000000.0,500000.0,10231100000.0,4154500000.0,47.47912,164.03,356.743,32585217,GILLETTE.NS,4.887060042419681e-05,0.0827449548938833,0.155095737506231,1
2025-06-30,7824.312107681857,10733.105321408519,7375.815377787138,10638.998046875,2426349,7067200000.0,1456900000.0,19177000000.0,500000.0,10231100000.0,4154500000.0,47.47912,164.03,356.743,32585217,GILLETTE.NS,4.887060042419681e-05,0.0827449548938833,0.155095737506231,0
2025-09-30,10638.510493051439,11214.855783850378,9214.70226587223,9287.197265625,1798778,7067200000.0,1456900000.0,19177000000.0,500000.0,10231100000.0,4154500000.0,47.47912,164.03,356.743,32585217,GILLETTE.NS,4.887060042419681e-05,0.0827449548938833,0.155095737506231,0
2025-12-31,9287.197711274484,9730.984690515765,7726.595496928553,8192.4248046875,2072518,7067200000.0,1456900000.0,19177000000.0,500000.0,10231100000.0,4154500000.0,47.47912,164.03,356.743,32585217,GILLETTE.NS,4.887060042419681e-05,0.0827449548938833,0.155095737506231,0
2026-03-31,8207.609706350819,8887.5,7602.178528302939,7788.0,1502146,7067200000.0,1456900000.0,19177000000.0,500000.0,10231100000.0,4154500000.0,47.47912,164.03,356.743,32585217,GILLETTE.NS,4.887060042419681e-05,0.0827449548938833,0.155095737506231,0
2016-03-31,398.2358950965309,432.5829357076265,394.6002451796634,423.6394958496094,4702893,7067200000.0,1456900000.0,19177000000.0,500000.0,10231100000.0,4154500000.0,56.28299,17.81,118.898,1023244581,GODREJCP.NS,4.887060042419681e-05,0.0827449548938833,0.155095737506231,1
2016-06-30,424.8974236286622,498.04316675112284,399.5244976310106,494.1233825683594,47986434,7067200000.0,1456900000.0,19177000000.0,500000.0,10231100000.0,4154500000.0,56.28299,17.81,118.898,1023244581,GODREJCP.NS,4.887060042419681e-05,0.0827449548938833,0.155095737506231,0
2016-09-30,496.32171299608973,527.5822120299405,454.75125006796895,488.0982360839844,40780845,7067200000.0,1456900000.0,19177000000.0,500000.0,10231100000.0,4154500000.0,56.28299,17.81,118.898,1023244581,GODREJCP.NS,4.887060042419681e-05,0.0827449548938833,0.155095737506231,0
2016-12-31,490.6668777767234,513.1237082719452,391.6347595372505,464.82391357421875,38478243,7067200000.0,1456900000.0,19177000000.0,500000.0,10231100000.0,4154500000.0,56.28299,17.81,118.898,1023244581,GODREJCP.NS,4.887060042419681e-05,0.0827449548938833,0.155095737506231,1
2017-03-31,465.3471766406852,539.3699027200656,459.57513920622125,514.85009765625,39341253,7067200000.0,1456900000.0,19177000000.0,500000.0,10231100000.0,4154500000.0,56.28299,17.81,118.898,1023244581,GODREJCP.NS,4.887060042419681e-05,0.0827449548938833,0.155095737506231,1
2017-06-30,514.8502668900171,609.2394144074818,502.43636763381164,600.1574096679688,53463591,7067200000.0,1456900000.0,19177000000.0,500000.0,10231100000.0,4154500000.0,56.28299,17.81,118.898,1023244581,GODREJCP.NS,4.887060042419681e-05,0.0827449548938833,0.155095737506231,0
2017-09-30,593.8960087849866,671.3878107337313,533.1705749118086,570.4053955078125,72392176,7067200000.0,1456900000.0,19177000000.0,500000.0,10231100000.0,4154500000.0,56.28299,17.81,118.898,1023244581,GODREJCP.NS,4.887060042419681e-05,0.0827449548938833,0.155095737506231,1
2017-12-31,573.4771852804989,644.1975027103775,559.3398487921553,620.8707885742188,48444595,7067200000.0,1456900000.0,19177000000.0,500000.0,10231100000.0,4154500000.0,56.28299,17.81,118.898,1023244581,GODREJCP.NS,4.887060042419681e-05,0.0827449548938833,0.155095737506231,1
2018-03-31,626.1512188177145,700.7277151497497,603.1974955235252,680.0435180664062,49787140,7067200000.0,1456900000.0,19177000000.0,500000.0,10231100000.0,4154500000.0,56.28299,17.81,118.898,1023244581,GODREJCP.NS,4.887060042419681e-05,0.0827449548938833,0.155095737506231,1
2018-06-30,686.9457444456009,774.0984459017599,660.9852400160254,767.1201171875,50072957,7067200000.0,1456900000.0,19177000000.0,500000.0,10231100000.0,4154500000.0,56.28299,17.81,118.898,1023244581,GODREJCP.NS,4.887060042419681e-05,0.0827449548938833,0.155095737506231,0
2018-09-30,767.6206892718402,920.1507938524753,694.5789108697545,722.6913452148438,61689441,7067200000.0,1456900000.0,19177000000.0,500000.0,10231100000.0,4154500000.0,56.28299,17.81,118.898,1023244581,GODREJCP.NS,4.887060042419681e-05,0.0827449548938833,0.155095737506231,1
2018-12-31,727.7213417055616,803.722787308232,605.2592425254965,766.6055297851562,62082681,7067200000.0,1456900000.0,19177000000.0,500000.0,10231100000.0,4154500000.0,56.28299,17.81,118.898,1023244581,GODREJCP.NS,4.887060042419681e-05,0.0827449548938833,0.155095737506231,0
2019-03-31,768.8277864305467,779.6084769620456,601.2718649299873,657.7003784179688,70343401,7067200000.0,1456900000.0,19177000000.0,500000.0,10231100000.0,4154500000.0,56.28299,17.81,118.898,1023244581,GODREJCP.NS,4.887060042419681e-05,0.0827449548938833,0.155095737506231,0
2019-06-30,656.2777988540897,680.2125945358521,594.1589766744532,630.8374633789062,81246619,7067200000.0,1456900000.0,19177000000.0,500000.0,10231100000.0,4154500000.0,56.28299,17.81,118.898,1023244581,GODREJCP.NS,4.887060042419681e-05,0.0827449548938833,0.155095737506231,1
2019-09-30,629.7912590273137,691.1421967230907,548.7527059546394,655.9265747070312,66179019,7067200000.0,1456900000.0,19177000000.0,500000.0,10231100000.0,4154500000.0,56.28299,17.81,118.898,1023244581,GODREJCP.NS,4.887060042419681e-05,0.0827449548938833,0.155095737506231,0
2019-12-31,657.4535394003395,729.1255208443993,617.2978586180202,655.098388671875,56246944,7067200000.0,1456900000.0,19177000000.0,500000.0,10231100000.0,4154500000.0,56.28299,17.81,118.898,1023244581,GODREJCP.NS,4.887060042419681e-05,0.0827449548938833,0.155095737506231,0
2020-03-31,655.433502748227,738.7861641985061,408.0577189281956,499.96905517578125,107465176,7067200000.0,1456900000.0,19177000000.0,500000.0,10231100000.0,4154500000.0,56.28299,17.81,118.898,1023244581,GODREJCP.NS,4.887060042419681e-05,0.0827449548938833,0.155095737506231,1
2020-06-30,513.5517288937926,669.7291759380073,464.6443410680729,663.1057739257812,128279282,7067200000.0,1456900000.0,19177000000.0,500000.0,10231100000.0,4154500000.0,56.28299,17.81,118.898,1023244581,GODREJCP.NS,4.887060042419681e-05,0.0827449548938833,0.155095737506231,1
2020-09-30,667.1374791798828,707.4056379642743,615.3022217556852,695.88671875,86548385,7067200000.0,1456900000.0,19177000000.0,500000.0,10231100000.0,4154500000.0,56.28299,17.81,118.898,1023244581,GODREJCP.NS,4.887060042419681e-05,0.0827449548938833,0.155095737506231,1
2020-12-31,699.7742930610497,731.4512650795522,627.397049500714,710.477294921875,102568685,7067200000.0,1456900000.0,19177000000.0,500000.0,10231100000.0,4154500000.0,56.28299,17.81,118.898,1023244581,GODREJCP.NS,4.887060042419681e-05,0.0827449548938833,0.155095737506231,0
2021-03-31,712.2532142469821,775.9432082294103,620.2457668162743,700.3982543945312,99006091,7067200000.0,1456900000.0,19177000000.0,500000.0,10231100000.0,4154500000.0,56.28299,17.81,118.898,1023244581,GODREJCP.NS,4.887060042419681e-05,0.0827449548938833,0.155095737506231,1
2021-06-30,701.4062445979956,904.5710605951335,659.9380222950595,835.361572265625,124887276,7067200000.0,1456900000.0,19177000000.0,500000.0,10231100000.0,4154500000.0,56.28299,17.81,118.898,1023244581,GODREJCP.NS,4.887060042419681e-05,0.0827449548938833,0.155095737506231,1
2021-09-30,836.8494617497369,1092.3775110720665,834.1617256746497,988.611328125,89893478,7067200000.0,1456900000.0,19177000000.0,500000.0,10231100000.0,4154500000.0,56.28299,17.81,118.898,1023244581,GODREJCP.NS,4.887060042419681e-05,0.0827449548938833,0.155095737506231,0
2021-12-31,987.9392098350125,1029.2153307223807,836.2734725565344,929.5286865234375,67342651,7067200000.0,1456900000.0,19177000000.0,500000.0,10231100000.0,4154500000.0,56.28299,17.81,118.898,1023244581,GODREJCP.NS,4.887060042419681e-05,0.0827449548938833,0.155095737506231,0
2022-03-31,934.8561712296123,936.8719583604591,633.5885182870869,717.340576171875,84614678,7067200000.0,1456900000.0,19177000000.0,500000.0,10231100000.0,4154500000.0,56.28299,17.81,118.898,1023244581,GODREJCP.NS,4.887060042419681e-05,0.0827449548938833,0.155095737506231,1
2022-06-30,719.9323433803846,804.5964772794608,680.0962408637657,727.1797485351562,92778190,7067200000.0,1456900000.0,19177000000.0,500000.0,10231100000.0,4154500000.0,56.28299,17.81,118.898,1023244581,GODREJCP.NS,4.887060042419681e-05,0.0827449548938833,0.155095737506231,1
2022-09-30,726.6998069927058,917.6739084750791,720.4603923944397,873.9500122070312,91423467,7067200000.0,1456900000.0,19177000000.0,500000.0,10231100000.0,4154500000.0,56.28299,17.81,118.898,1023244581,GODREJCP.NS,4.887060042419681e-05,0.0827449548938833,0.155095737506231,0
2022-12-31,873.9500347579831,890.7484584171594,762.0243359541641,839.0092163085938,64662917,7067200000.0,1456900000.0,19177000000.0,500000.0,10231100000.0,4154500000.0,56.28299,17.81,118.898,1023244581,GODREJCP.NS,4.887060042419681e-05,0.0827449548938833,0.155095737506231,1
2023-03-31,842.75297698793,933.9922702253223,841.8410507910867,929.3367309570312,64268926,7067200000.0,1456900000.0,19177000000.0,500000.0,10231100000.0,4154500000.0,56.28299,17.81,118.898,1023244581,GODREJCP.NS,4.887060042419681e-05,0.0827449548938833,0.155095737506231,1
2023-06-30,931.1125731282805,1045.341876824844,861.0391109245868,1037.66259765625,70504565,7067200000.0,1456900000.0,19177000000.0,500000.0,10231100000.0,4154500000.0,56.28299,17.81,118.898,1023244581,GODREJCP.NS,4.887060042419681e-05,0.0827449548938833,0.155095737506231,0
2023-09-30,1034.9270888249325,1057.8688410298132,932.6004877017141,951.8466186523438,54941459,7067200000.0,1456900000.0,19177000000.0,500000.0,10231100000.0,4154500000.0,56.28299,17.81,118.898,1023244581,GODREJCP.NS,4.887060042419681e-05,0.0827449548938833,0.155095737506231,1
2023-12-31,951.2706912494066,1098.5544076092326,921.321493283427,1091.222900390625,58129160,7067200000.0,1456900000.0,19177000000.0,500000.0,10231100000.0,4154500000.0,56.28299,17.81,118.898,1023244581,GODREJCP.NS,4.887060042419681e-05,0.0827449548938833,0.155095737506231,1
2024-03-31,1094.6956897854102,1267.8521560664335,1037.5877830855668,1207.560791015625,81276346,7067200000.0,1456900000.0,19177000000.0,500000.0,10231100000.0,4154500000.0,56.28299,17.81,118.898,1023244581,GODREJCP.NS,4.887060042419681e-05,0.0827449548938833,0.155095737506231,1
2024-06-30,1207.7539223045078,1425.9067900413215,1099.7602323630347,1337.2188720703125,75498387,7067200000.0,1456900000.0,19177000000.0,500000.0,10231100000.0,4154500000.0,56.28299,17.81,118.898,1023244581,GODREJCP.NS,4.887060042419681e-05,0.0827449548938833,0.155095737506231,1
2024-09-30,1337.2189138419521,1504.0426480714275,1310.6050360356098,1359.23291015625,74495258,36471100000.0,4913100000.0,189842600000.0,38284700000.0,121702900000.0,2706700000.0,56.28299,17.81,118.898,1023244581,GODREJCP.NS,0.3145750840777007,0.025879860473887316,0.04036962143054931,0
2024-12-31,1360.7937142296394,1380.7910412129422,1033.1529683400495,1059.592529296875,95860778,37491100000.0,4983100000.0,189842600000.0,38284700000.0,121702900000.0,2706700000.0,56.28299,17.81,118.898,1023244581,GODREJCP.NS,0.3145750840777007,0.025879860473887316,0.04036962143054931,1
2025-03-31,1063.460616933641,1189.2936417518385,963.2123263464284,1139.97314453125,88189593,35778100000.0,4119900000.0,196717900000.0,40044900000.0,120039200000.0,4549200000.0,56.28299,17.81,118.898,1023244581,GODREJCP.NS,0.33359852448200256,0.020943188189788523,0.03432128837912948,1
2025-06-30,1131.5655317735125,1291.4539519602415,1106.3419881502705,1163.3155517578125,75082645,36418800000.0,4524500000.0,196717900000.0,40044900000.0,120039200000.0,4549200000.0,56.28299,17.81,118.898,1023244581,GODREJCP.NS,0.33359852448200256,0.020943188189788523,0.03432128837912948,0
2025-09-30,1165.8821623472516,1297.648402126825,1142.009845028957,1156.7806396484375,88191931,36418800000.0,4524500000.0,196717900000.0,40044900000.0,120039200000.0,4549200000.0,56.28299,17.81,118.898,1023244581,GODREJCP.NS,0.33359852448200256,0.020943188189788523,0.03432128837912948,1
2025-12-31,1158.862397018449,1229.2567588241218,1087.7842124031652,1216.910400390625,84532025,40794700000.0,4979100000.0,196717900000.0,40044900000.0,120039200000.0,4549200000.0,56.28299,17.81,118.898,1023244581,GODREJCP.NS,0.33359852448200256,0.020943188189788523,0.03432128837912948,0
2026-03-31,1219.6982863523647,1268.3867311570773,988.0,1002.4000244140625,68881023,40794700000.0,4979100000.0,196717900000.0,40044900000.0,120039200000.0,4549200000.0,56.28299,17.81,118.898,1023244581,GODREJCP.NS,0.33359852448200256,0.020943188189788523,0.03432128837912948,0
2016-03-31,10.399999618530273,11.949999809265137,10.300000190734863,11.399999618530273,1586715,40794700000.0,4979100000.0,196717900000.0,40044900000.0,120039200000.0,4549200000.0,20.271793,1.95,35.969,98995000,GOKUL.NS,0.33359852448200256,0.020943188189788523,0.03432128837912948,1
2016-06-30,11.800000190734863,18.899999618530273,11.600000381469727,15.649999618530273,3717262,40794700000.0,4979100000.0,196717900000.0,40044900000.0,120039200000.0,4549200000.0,20.271793,1.95,35.969,98995000,GOKUL.NS,0.33359852448200256,0.020943188189788523,0.03432128837912948,0
2016-09-30,15.899999618530273,16.649999618530273,11.399999618530273,12.75,790689,40794700000.0,4979100000.0,196717900000.0,40044900000.0,120039200000.0,4549200000.0,20.271793,1.95,35.969,98995000,GOKUL.NS,0.33359852448200256,0.020943188189788523,0.03432128837912948,1
2016-12-31,13.0,27.200000762939453,12.5,21.799999237060547,6636234,40794700000.0,4979100000.0,196717900000.0,40044900000.0,120039200000.0,4549200000.0,20.271793,1.95,35.969,98995000,GOKUL.NS,0.33359852448200256,0.020943188189788523,0.03432128837912948,1
2017-03-31,22.700000762939453,29.299999237060547,19.75,23.600000381469727,2196071,40794700000.0,4979100000.0,196717900000.0,40044900000.0,120039200000.0,4549200000.0,20.271793,1.95,35.969,98995000,GOKUL.NS,0.33359852448200256,0.020943188189788523,0.03432128837912948,1
2017-06-30,24.549999237060547,33.20000076293945,22.549999237060547,24.0,7477823,40794700000.0,4979100000.0,196717900000.0,40044900000.0,120039200000.0,4549200000.0,20.271793,1.95,35.969,98995000,GOKUL.NS,0.33359852448200256,0.020943188189788523,0.03432128837912948,0
2017-09-30,24.299999237060547,27.850000381469727,19.450000762939453,20.100000381469727,2709425,40794700000.0,4979100000.0,196717900000.0,40044900000.0,120039200000.0,4549200000.0,20.271793,1.95,35.969,98995000,GOKUL.NS,0.33359852448200256,0.020943188189788523,0.03432128837912948,1
2017-12-31,20.200000762939453,26.549999237060547,19.0,23.350000381469727,3597821,40794700000.0,4979100000.0,196717900000.0,40044900000.0,120039200000.0,4549200000.0,20.271793,1.95,35.969,98995000,GOKUL.NS,0.33359852448200256,0.020943188189788523,0.03432128837912948,0
2018-03-31,24.200000762939453,24.200000762939453,12.300000190734863,12.399999618530273,3009746,40794700000.0,4979100000.0,196717900000.0,40044900000.0,120039200000.0,4549200000.0,20.271793,1.95,35.969,98995000,GOKUL.NS,0.33359852448200256,0.020943188189788523,0.03432128837912948,1
2018-06-30,13.0,16.799999237060547,12.0,13.5,4026157,40794700000.0,4979100000.0,196717900000.0,40044900000.0,120039200000.0,4549200000.0,20.271793,1.95,35.969,98995000,GOKUL.NS,0.33359852448200256,0.020943188189788523,0.03432128837912948,0
2018-09-30,13.0,15.0,8.800000190734863,9.5,1439910,40794700000.0,4979100000.0,196717900000.0,40044900000.0,120039200000.0,4549200000.0,20.271793,1.95,35.969,98995000,GOKUL.NS,0.33359852448200256,0.020943188189788523,0.03432128837912948,1
2018-12-31,9.199999809265137,18.200000762939453,7.199999809265137,14.899999618530273,4684954,40794700000.0,4979100000.0,196717900000.0,40044900000.0,120039200000.0,4549200000.0,20.271793,1.95,35.969,98995000,GOKUL.NS,0.33359852448200256,0.020943188189788523,0.03432128837912948,0
2019-03-31,14.199999809265137,18.700000762939453,8.25,8.550000190734863,3030469,40794700000.0,4979100000.0,196717900000.0,40044900000.0,120039200000.0,4549200000.0,20.271793,1.95,35.969,98995000,GOKUL.NS,0.33359852448200256,0.020943188189788523,0.03432128837912948,1
2019-06-30,8.5,16.600000381469727,7.199999809265137,12.949999809265137,4759707,40794700000.0,4979100000.0,196717900000.0,40044900000.0,120039200000.0,4549200000.0,20.271793,1.95,35.969,98995000,GOKUL.NS,0.33359852448200256,0.020943188189788523,0.03432128837912948,1
2019-09-30,12.350000381469727,17.25,10.949999809265137,14.600000381469727,830236,40794700000.0,4979100000.0,196717900000.0,40044900000.0,120039200000.0,4549200000.0,20.271793,1.95,35.969,98995000,GOKUL.NS,0.33359852448200256,0.020943188189788523,0.03432128837912948,0
2019-12-31,14.050000190734863,15.699999809265137,10.649999618530273,13.850000381469727,1390709,40794700000.0,4979100000.0,196717900000.0,40044900000.0,120039200000.0,4549200000.0,20.271793,1.95,35.969,98995000,GOKUL.NS,0.33359852448200256,0.020943188189788523,0.03432128837912948,0
2020-03-31,13.850000381469727,14.399999618530273,7.5,8.399999618530273,2825913,40794700000.0,4979100000.0,196717900000.0,40044900000.0,120039200000.0,4549200000.0,20.271793,1.95,35.969,98995000,GOKUL.NS,0.33359852448200256,0.020943188189788523,0.03432128837912948,1
2020-06-30,8.399999618530273,18.899999618530273,7.650000095367432,16.600000381469727,1163671,40794700000.0,4979100000.0,196717900000.0,40044900000.0,120039200000.0,4549200000.0,20.271793,1.95,35.969,98995000,GOKUL.NS,0.33359852448200256,0.020943188189788523,0.03432128837912948,0
2020-09-30,17.399999618530273,19.600000381469727,11.649999618530273,11.75,1928431,40794700000.0,4979100000.0,196717900000.0,40044900000.0,120039200000.0,4549200000.0,20.271793,1.95,35.969,98995000,GOKUL.NS,0.33359852448200256,0.020943188189788523,0.03432128837912948,1
2020-12-31,11.550000190734863,19.0,11.5,17.899999618530273,2444536,40794700000.0,4979100000.0,196717900000.0,40044900000.0,120039200000.0,4549200000.0,20.271793,1.95,35.969,98995000,GOKUL.NS,0.33359852448200256,0.020943188189788523,0.03432128837912948,1
2021-03-31,18.350000381469727,23.799999237060547,17.149999618530273,18.049999237060547,6387526,40794700000.0,4979100000.0,196717900000.0,40044900000.0,120039200000.0,4549200000.0,20.271793,1.95,35.969,98995000,GOKUL.NS,0.33359852448200256,0.020943188189788523,0.03432128837912948,1
2021-06-30,17.950000762939453,38.75,16.350000381469727,30.549999237060547,17395592,40794700000.0,4979100000.0,196717900000.0,40044900000.0,120039200000.0,4549200000.0,20.271793,1.95,35.969,98995000,GOKUL.NS,0.33359852448200256,0.020943188189788523,0.03432128837912948,0
2021-09-30,31.0,35.29999923706055,26.0,28.049999237060547,7531041,40794700000.0,4979100000.0,196717900000.0,40044900000.0,120039200000.0,4549200000.0,20.271793,1.95,35.969,98995000,GOKUL.NS,0.33359852448200256,0.020943188189788523,0.03432128837912948,1
2021-12-31,27.75,47.79999923706055,26.100000381469727,42.0,33576499,40794700000.0,4979100000.0,196717900000.0,40044900000.0,120039200000.0,4549200000.0,20.271793,1.95,35.969,98995000,GOKUL.NS,0.33359852448200256,0.020943188189788523,0.03432128837912948,0
2022-03-31,41.79999923706055,44.099998474121094,28.5,31.799999237060547,14177882,40794700000.0,4979100000.0,196717900000.0,40044900000.0,120039200000.0,4549200000.0,20.271793,1.95,35.969,98995000,GOKUL.NS,0.33359852448200256,0.020943188189788523,0.03432128837912948,0
2022-06-30,31.950000762939453,49.95000076293945,26.450000762939453,30.899999618530273,33096095,40794700000.0,4979100000.0,196717900000.0,40044900000.0,120039200000.0,4549200000.0,20.271793,1.95,35.969,98995000,GOKUL.NS,0.33359852448200256,0.020943188189788523,0.03432128837912948,1
2022-09-30,31.0,37.650001525878906,27.649999618530273,31.700000762939453,14868747,40794700000.0,4979100000.0,196717900000.0,40044900000.0,120039200000.0,4549200000.0,20.271793,1.95,35.969,98995000,GOKUL.NS,0.33359852448200256,0.020943188189788523,0.03432128837912948,1
2022-12-31,31.899999618530273,42.849998474121094,31.0,39.099998474121094,24855778,40794700000.0,4979100000.0,196717900000.0,40044900000.0,120039200000.0,4549200000.0,20.271793,1.95,35.969,98995000,GOKUL.NS,0.33359852448200256,0.020943188189788523,0.03432128837912948,0
2023-03-31,39.45000076293945,44.25,25.0,26.299999237060547,13884351,40794700000.0,4979100000.0,196717900000.0,40044900000.0,120039200000.0,4549200000.0,20.271793,1.95,35.969,98995000,GOKUL.NS,0.33359852448200256,0.020943188189788523,0.03432128837912948,1
2023-06-30,26.649999618530273,32.349998474121094,26.350000381469727,30.299999237060547,4517270,40794700000.0,4979100000.0,196717900000.0,40044900000.0,120039200000.0,4549200000.0,20.271793,1.95,35.969,98995000,GOKUL.NS,0.33359852448200256,0.020943188189788523,0.03432128837912948,1
2023-09-30,30.75,38.0,29.549999237060547,35.95000076293945,14666998,40794700000.0,4979100000.0,196717900000.0,40044900000.0,120039200000.0,4549200000.0,20.271793,1.95,35.969,98995000,GOKUL.NS,0.33359852448200256,0.020943188189788523,0.03432128837912948,1
2023-12-31,35.650001525878906,55.0,33.5,53.95000076293945,50921635,40794700000.0,4979100000.0,196717900000.0,40044900000.0,120039200000.0,4549200000.0,20.271793,1.95,35.969,98995000,GOKUL.NS,0.33359852448200256,0.020943188189788523,0.03432128837912948,0
2024-03-31,55.400001525878906,64.9000015258789,33.900001525878906,34.54999923706055,21646902,40794700000.0,4979100000.0,196717900000.0,40044900000.0,120039200000.0,4549200000.0,20.271793,1.95,35.969,98995000,GOKUL.NS,0.33359852448200256,0.020943188189788523,0.03432128837912948,1
2024-06-30,34.54999923706055,47.79999923706055,34.54999923706055,39.20000076293945,3523793,40794700000.0,4979100000.0,196717900000.0,40044900000.0,120039200000.0,4549200000.0,20.271793,1.95,35.969,98995000,GOKUL.NS,0.33359852448200256,0.020943188189788523,0.03432128837912948,1
2024-09-30,37.2400016784668,58.20000076293945,37.2400016784668,51.38999938964844,13719704,40794700000.0,4979100000.0,9151747500.0,4399216500.0,3365640400.0,611931100.0,20.271793,1.95,35.969,98995000,GOKUL.NS,1.307096414697185,0.020943188189788523,0.03432128837912948,1
2024-12-31,52.79999923706055,71.19999694824219,48.400001525878906,62.33000183105469,17815086,10067593000.0,5796000.0,8501562300.0,4167369900.0,3380440500.0,540879700.0,20.271793,1.95,35.969,98995000,GOKUL.NS,1.2327890107812873,0.0006817570459961223,0.0017145694473841501,0
2025-03-31,62.0,66.2300033569336,40.650001525878906,42.7599983215332,4145111,8557698000.0,66412000.0,7678789000.0,2803788000.0,3445707000.0,82720000.0,20.271793,1.95,35.969,98995000,GOKUL.NS,0.8137047055945268,0.00864875958956549,0.01927383843141625,1
2025-06-30,41.20000076293945,53.54999923706055,39.5099983215332,45.08000183105469,5504755,9264290000.0,38590000.0,7678789000.0,2803788000.0,3445707000.0,82720000.0,20.271793,1.95,35.969,98995000,GOKUL.NS,0.8137047055945268,0.00864875958956549,0.01927383843141625,0
2025-09-30,45.08000183105469,46.08000183105469,39.02000045776367,42.040000915527344,2559833,10626524000.0,35216000.0,9029903000.0,3420899000.0,3518604000.0,648182000.0,20.271793,1.95,35.969,98995000,GOKUL.NS,0.9722318851453587,0.0038999311509769264,0.01000851474050504,0
2025-12-31,42.040000915527344,44.0,36.209999084472656,38.25,1516403,10756136000.0,52491000.0,9029903000.0,3420899000.0,3518604000.0,648182000.0,20.271793,1.95,35.969,98995000,GOKUL.NS,0.9722318851453587,0.0038999311509769264,0.01000851474050504,1
2026-03-31,38.45000076293945,44.38999938964844,31.0,39.529998779296875,4377827,10756136000.0,52491000.0,9029903000.0,3420899000.0,3518604000.0,648182000.0,20.271793,1.95,35.969,98995000,GOKUL.NS,0.9722318851453587,0.0038999311509769264,0.01000851474050504,0
2016-03-31,196.6746668343206,201.0344596819482,196.19027303244684,200.18670654296875,12806,10756136000.0,52491000.0,9029903000.0,3420899000.0,3518604000.0,648182000.0,57.060898,15.6,82.151,222748268,HATSUN.NS,0.9722318851453587,0.0038999311509769264,0.01000851474050504,1
2016-06-30,199.09677284679552,238.1895178986265,198.61236000015202,214.64666748046875,668205,10756136000.0,52491000.0,9029903000.0,3420899000.0,3518604000.0,648182000.0,57.060898,15.6,82.151,222748268,HATSUN.NS,0.9722318851453587,0.0038999311509769264,0.01000851474050504,1
2016-09-30,219.9268187353563,274.25948716809245,208.2377682747233,226.66127014160156,1130170,10756136000.0,52491000.0,9029903000.0,3420899000.0,3518604000.0,648182000.0,57.060898,15.6,82.151,222748268,HATSUN.NS,0.9722318851453587,0.0038999311509769264,0.01000851474050504,1
2016-12-31,226.5592132657102,250.26614644179153,215.9812095744973,247.2050018310547,610834,10756136000.0,52491000.0,9029903000.0,3420899000.0,3518604000.0,648182000.0,57.060898,15.6,82.151,222748268,HATSUN.NS,0.9722318851453587,0.0038999311509769264,0.01000851474050504,1
2017-03-31,247.61313437746188,374.1407248347667,244.85807645521623,348.6651306152344,2316515,10756136000.0,52491000.0,9029903000.0,3420899000.0,3518604000.0,648182000.0,57.060898,15.6,82.151,222748268,HATSUN.NS,0.9722318851453587,0.0038999311509769264,0.01000851474050504,1
2017-06-30,351.012053566,458.8665862314511,347.13459214275656,407.66094970703125,1745487,10756136000.0,52491000.0,9029903000.0,3420899000.0,3518604000.0,648182000.0,57.060898,15.6,82.151,222748268,HATSUN.NS,0.9722318851453587,0.0038999311509769264,0.01000851474050504,1
2017-09-30,410.15606030449806,496.27236355161443,376.3125098635236,476.210693359375,2124785,10756136000.0,52491000.0,9029903000.0,3420899000.0,3518604000.0,648182000.0,57.060898,15.6,82.151,222748268,HATSUN.NS,0.9722318851453587,0.0038999311509769264,0.01000851474050504,1
2017-12-31,477.3746127105256,664.1614652227132,465.59780664422345,567.2075805664062,9585651,10756136000.0,52491000.0,9029903000.0,3420899000.0,3518604000.0,648182000.0,57.060898,15.6,82.151,222748268,HATSUN.NS,0.9722318851453587,0.0038999311509769264,0.01000851474050504,0
2018-03-31,566.2489880647909,605.3112949519866,392.23190494290685,473.4718017578125,2599715,10756136000.0,52491000.0,9029903000.0,3420899000.0,3518604000.0,648182000.0,57.060898,15.6,82.151,222748268,HATSUN.NS,0.9722318851453587,0.0038999311509769264,0.01000851474050504,0
2018-06-30,475.86827430718625,566.2489561218202,401.6116351452156,429.6058654785156,2686652,10756136000.0,52491000.0,9029903000.0,3420899000.0,3518604000.0,648182000.0,57.060898,15.6,82.151,222748268,HATSUN.NS,0.9722318851453587,0.0038999311509769264,0.01000851474050504,1
2018-09-30,437.8682402023624,564.3827951926296,419.2867355850909,493.2640380859375,1480820,10756136000.0,52491000.0,9029903000.0,3420899000.0,3518604000.0,648182000.0,57.060898,15.6,82.151,222748268,HATSUN.NS,0.9722318851453587,0.0038999311509769264,0.01000851474050504,0
2018-12-31,488.0348087976147,488.0696630182586,393.9419248778972,434.2773742675781,1194772,10756136000.0,52491000.0,9029903000.0,3420899000.0,3518604000.0,648182000.0,57.060898,15.6,82.151,222748268,HATSUN.NS,0.9722318851453587,0.0038999311509769264,0.01000851474050504,1
2019-03-31,434.34714464538536,509.816748268905,429.5013097184965,499.67572021484375,1902692,10756136000.0,52491000.0,9029903000.0,3420899000.0,3518604000.0,648182000.0,57.060898,15.6,82.151,222748268,HATSUN.NS,0.9722318851453587,0.0038999311509769264,0.01000851474050504,0
2019-06-30,503.5573019323978,549.0172883297736,476.9079369796152,499.1051330566406,594596,10756136000.0,52491000.0,9029903000.0,3420899000.0,3518604000.0,648182000.0,57.060898,15.6,82.151,222748268,HATSUN.NS,0.9722318851453587,0.0038999311509769264,0.01000851474050504,0
2019-09-30,501.41960397964175,543.5347357155445,402.59903706602773,440.6152038574219,742109,10756136000.0,52491000.0,9029903000.0,3420899000.0,3518604000.0,648182000.0,57.060898,15.6,82.151,222748268,HATSUN.NS,0.9722318851453587,0.0038999311509769264,0.01000851474050504,0
2019-12-31,440.3338488905388,454.2953929816212,385.43718036328596,412.34039306640625,4353914,10756136000.0,52491000.0,9029903000.0,3420899000.0,3518604000.0,648182000.0,57.060898,15.6,82.151,222748268,HATSUN.NS,0.9722318851453587,0.0038999311509769264,0.01000851474050504,0
2020-03-31,412.867933590328,523.7866470257735,268.1662845585131,364.6708679199219,1726166,10756136000.0,52491000.0,9029903000.0,3420899000.0,3518604000.0,648182000.0,57.060898,15.6,82.151,222748268,HATSUN.NS,0.9722318851453587,0.0038999311509769264,0.01000851474050504,1
2020-06-30,374.0214190604218,493.9905328879978,338.73638656029317,462.7633056640625,2185976,10756136000.0,52491000.0,9029903000.0,3420899000.0,3518604000.0,648182000.0,57.060898,15.6,82.151,222748268,HATSUN.NS,0.9722318851453587,0.0038999311509769264,0.01000851474050504,1
2020-09-30,472.81950614996225,627.1259621016774,434.71165054915986,557.0921020507812,4345960,10756136000.0,52491000.0,9029903000.0,3420899000.0,3518604000.0,648182000.0,57.060898,15.6,82.151,222748268,HATSUN.NS,0.9722318851453587,0.0038999311509769264,0.01000851474050504,1
2020-12-31,559.8777020068284,841.8817941673924,544.7352773364828,689.7907104492188,5528387,10756136000.0,52491000.0,9029903000.0,3420899000.0,3518604000.0,648182000.0,57.060898,15.6,82.151,222748268,HATSUN.NS,0.9722318851453587,0.0038999311509769264,0.01000851474050504,1
2021-03-31,689.7906928309521,765.6457895828014,653.4106677320325,690.3145141601562,3656295,10756136000.0,52491000.0,9029903000.0,3420899000.0,3518604000.0,648182000.0,57.060898,15.6,82.151,222748268,HATSUN.NS,0.9722318851453587,0.0038999311509769264,0.01000851474050504,1
2021-06-30,693.7906160051108,931.4031250557442,690.4572991176357,851.1196899414062,5360104,10756136000.0,52491000.0,9029903000.0,3420899000.0,3518604000.0,648182000.0,57.060898,15.6,82.151,222748268,HATSUN.NS,0.9722318851453587,0.0038999311509769264,0.01000851474050504,1
2021-09-30,863.7859017998487,1462.5368991811274,843.1674650827915,1350.7823486328125,14204905,10756136000.0,52491000.0,9029903000.0,3420899000.0,3518604000.0,648182000.0,57.060898,15.6,82.151,222748268,HATSUN.NS,0.9722318851453587,0.0038999311509769264,0.01000851474050504,0
2021-12-31,1341.820997015226,1454.8214453277922,1153.2950144940755,1211.664306640625,3609512,10756136000.0,52491000.0,9029903000.0,3420899000.0,3518604000.0,648182000.0,57.060898,15.6,82.151,222748268,HATSUN.NS,0.9722318851453587,0.0038999311509769264,0.01000851474050504,0
2022-03-31,1223.9323457986911,1230.2101885442528,949.8175286981759,1027.451416015625,3850885,10756136000.0,52491000.0,9029903000.0,3420899000.0,3518604000.0,648182000.0,57.060898,15.6,82.151,222748268,HATSUN.NS,0.9722318851453587,0.0038999311509769264,0.01000851474050504,0
2022-06-30,1034.064767099352,1097.4180013702014,802.7922515916925,844.532470703125,3476710,10756136000.0,52491000.0,9029903000.0,3420899000.0,3518604000.0,648182000.0,57.060898,15.6,82.151,222748268,HATSUN.NS,0.9722318851453587,0.0038999311509769264,0.01000851474050504,1
2022-09-30,838.3505822679585,1105.6742485281652,819.4691785930119,1011.4561767578125,2621465,10756136000.0,52491000.0,9029903000.0,3420899000.0,3518604000.0,648182000.0,57.060898,15.6,82.151,222748268,HATSUN.NS,0.9722318851453587,0.0038999311509769264,0.01000851474050504,0
2022-12-31,1012.1315837438724,1069.6369834599773,825.4805926297628,894.1680908203125,2766330,10756136000.0,52491000.0,9029903000.0,3420899000.0,3518604000.0,648182000.0,57.060898,15.6,82.151,222748268,HATSUN.NS,0.9722318851453587,0.0038999311509769264,0.01000851474050504,0
2023-03-31,898.6401485256649,910.041543075173,771.5056091974839,827.9716796875,1112999,10756136000.0,52491000.0,9029903000.0,3420899000.0,3518604000.0,648182000.0,57.060898,15.6,82.151,222748268,HATSUN.NS,0.9722318851453587,0.0038999311509769264,0.01000851474050504,1
2023-06-30,827.9715922235421,954.8113175427548,802.1220783772083,905.8151245117188,1413830,10756136000.0,52491000.0,9029903000.0,3420899000.0,3518604000.0,648182000.0,57.060898,15.6,82.151,222748268,HATSUN.NS,0.9722318851453587,0.0038999311509769264,0.01000851474050504,1
2023-09-30,910.6312101087913,1219.1340233397104,899.3772572918883,1134.1966552734375,6732175,10756136000.0,52491000.0,9029903000.0,3420899000.0,3518604000.0,648182000.0,57.060898,15.6,82.151,222748268,HATSUN.NS,0.9722318851453587,0.0038999311509769264,0.01000851474050504,0
2023-12-31,1140.1788588821678,1156.1478011708193,1054.2032568801658,1125.890869140625,1529952,10756136000.0,52491000.0,9029903000.0,3420899000.0,3518604000.0,648182000.0,57.060898,15.6,82.151,222748268,HATSUN.NS,0.9722318851453587,0.0038999311509769264,0.01000851474050504,0
2024-03-31,1137.0640550316396,1186.4543778322952,993.8372190955012,1000.16552734375,1342466,10756136000.0,52491000.0,9029903000.0,3420899000.0,3518604000.0,648182000.0,57.060898,15.6,82.151,222748268,HATSUN.NS,0.9722318851453587,0.0038999311509769264,0.01000851474050504,1
2024-06-30,1008.570327255636,1151.3522698285283,949.1931951471139,1014.5030517578125,5080160,10756136000.0,52491000.0,9029903000.0,3420899000.0,3518604000.0,648182000.0,57.060898,15.6,82.151,222748268,HATSUN.NS,0.9722318851453587,0.0038999311509769264,0.01000851474050504,1
2024-09-30,1019.5953194288629,1384.3121471856832,1011.5860489730313,1181.9866943359375,7648594,20721000000.0,643200000.0,44534300000.0,23340000000.0,16334100000.0,369200000.0,57.060898,15.6,82.151,222748268,HATSUN.NS,1.4289125204327144,0.014442800268557045,0.03937774349367275,0
2024-12-31,1193.5143814232792,1199.427247611788,969.0223814599916,998.4379272460938,3217729,20097500000.0,409400000.0,44534300000.0,23340000000.0,16334100000.0,369200000.0,57.060898,15.6,82.151,222748268,HATSUN.NS,1.4289125204327144,0.014442800268557045,0.03937774349367275,0
2025-03-31,998.4379123076999,1122.9568789807327,856.6273017566874,958.1406860351562,5447186,22266800000.0,430100000.0,48649000000.0,25704500000.0,17175600000.0,577300000.0,57.060898,15.6,82.151,222748268,HATSUN.NS,1.4965707165979645,0.008840880593640157,0.02504133771163744,0
2025-06-30,925.7438327959683,997.7422934343901,854.1925578285621,951.1345825195312,2998332,25902800000.0,1351900000.0,48649000000.0,25704500000.0,17175600000.0,577300000.0,57.060898,15.6,82.151,222748268,HATSUN.NS,1.4965707165979645,0.008840880593640157,0.02504133771163744,0
2025-09-30,954.0165123575529,1038.486693426603,876.2000122070312,912.7999877929688,5435290,25902800000.0,1351900000.0,48649000000.0,25704500000.0,17175600000.0,577300000.0,57.060898,15.6,82.151,222748268,HATSUN.NS,1.4965707165979645,0.008840880593640157,0.02504133771163744,1
2025-12-31,909.0,1179.0,867.2000122070312,977.2000122070312,10230135,23637200000.0,605800000.0,48649000000.0,25704500000.0,17175600000.0,577300000.0,57.060898,15.6,82.151,222748268,HATSUN.NS,1.4965707165979645,0.008840880593640157,0.02504133771163744,0
2026-03-31,977.2000122070312,1008.9000244140625,855.2999877929688,890.1500244140625,2153840,23637200000.0,605800000.0,48649000000.0,25704500000.0,17175600000.0,577300000.0,57.060898,15.6,82.151,222748268,HATSUN.NS,1.4965707165979645,0.008840880593640157,0.02504133771163744,0
2016-03-31,125.51585322417321,126.43945291946767,120.80310103988134,121.4070053100586,238170,23637200000.0,605800000.0,48649000000.0,25704500000.0,17175600000.0,577300000.0,17.040182,17.67,112.357,92796000,HERITGFOOD.NS,1.4965707165979645,0.008840880593640157,0.02504133771163744,1
2016-06-30,121.93986036620376,135.58081518557103,116.51662429262778,122.34243774414062,8800877,23637200000.0,605800000.0,48649000000.0,25704500000.0,17175600000.0,577300000.0,17.040182,17.67,112.357,92796000,HERITGFOOD.NS,1.4965707165979645,0.008840880593640157,0.02504133771163744,1
2016-09-30,123.15951272316867,227.4653005876417,122.23591268406321,204.25479125976562,28894002,23637200000.0,605800000.0,48649000000.0,25704500000.0,17175600000.0,577300000.0,17.040182,17.67,112.357,92796000,HERITGFOOD.NS,1.4965707165979645,0.008840880593640157,0.02504133771163744,1
2016-12-31,205.3373956832218,221.9928116351497,171.31278944072966,210.57196044921875,12557557,23637200000.0,605800000.0,48649000000.0,25704500000.0,17175600000.0,577300000.0,17.040182,17.67,112.357,92796000,HERITGFOOD.NS,1.4965707165979645,0.008840880593640157,0.02504133771163744,1
2017-03-31,211.51179119640494,279.4301908070782,203.67186515089887,255.36317443847656,9664445,23637200000.0,605800000.0,48649000000.0,25704500000.0,17175600000.0,577300000.0,17.040182,17.67,112.357,92796000,HERITGFOOD.NS,1.4965707165979645,0.008840880593640157,0.02504133771163744,1
2017-06-30,255.3036901551127,289.7565540607421,247.45181259742222,263.1079406738281,4548129,23637200000.0,605800000.0,48649000000.0,25704500000.0,17175600000.0,577300000.0,17.040182,17.67,112.357,92796000,HERITGFOOD.NS,1.4965707165979645,0.008840880593640157,0.02504133771163744,1
2017-09-30,267.2003484422395,374.7452726157873,250.65203082237844,345.4201354980469,9102095,23637200000.0,605800000.0,48649000000.0,25704500000.0,17175600000.0,577300000.0,17.040182,17.67,112.357,92796000,HERITGFOOD.NS,1.4965707165979645,0.008840880593640157,0.02504133771163744,1
2017-12-31,347.5566515092283,424.3962565671831,311.24941136662466,395.1546630859375,6889329,23637200000.0,605800000.0,48649000000.0,25704500000.0,17175600000.0,577300000.0,17.040182,17.67,112.357,92796000,HERITGFOOD.NS,1.4965707165979645,0.008840880593640157,0.02504133771163744,0
2018-03-31,397.2314551134778,408.1880630686321,312.84864340066457,333.23419189453125,4535075,23637200000.0,605800000.0,48649000000.0,25704500000.0,17175600000.0,577300000.0,17.040182,17.67,112.357,92796000,HERITGFOOD.NS,1.4965707165979645,0.008840880593640157,0.02504133771163744,0
2018-06-30,342.7347518210241,372.238810478344,270.2634462148186,291.412841796875,5318706,23637200000.0,605800000.0,48649000000.0,25704500000.0,17175600000.0,577300000.0,17.040182,17.67,112.357,92796000,HERITGFOOD.NS,1.4965707165979645,0.008840880593640157,0.02504133771163744,0
2018-09-30,291.22192033653357,309.3635603264119,239.89047370834214,244.2974090576172,3300784,23637200000.0,605800000.0,48649000000.0,25704500000.0,17175600000.0,577300000.0,17.040182,17.67,112.357,92796000,HERITGFOOD.NS,1.4965707165979645,0.008840880593640157,0.02504133771163744,1
2018-12-31,246.66854412859917,273.038317970842,200.77896677579278,252.56045532226562,4837444,23637200000.0,605800000.0,48649000000.0,25704500000.0,17175600000.0,577300000.0,17.040182,17.67,112.357,92796000,HERITGFOOD.NS,1.4965707165979645,0.008840880593640157,0.02504133771163744,1
2019-03-31,251.50655640318024,262.5239545323665,207.89232198045195,259.0750427246094,3662799,23637200000.0,605800000.0,48649000000.0,25704500000.0,17175600000.0,577300000.0,17.040182,17.67,112.357,92796000,HERITGFOOD.NS,1.4965707165979645,0.008840880593640157,0.02504133771163744,0
2019-06-30,258.66782129808445,272.55931456488696,185.37863777804415,194.59967041015625,7770691,23637200000.0,605800000.0,48649000000.0,25704500000.0,17175600000.0,577300000.0,17.040182,17.67,112.357,92796000,HERITGFOOD.NS,1.4965707165979645,0.008840880593640157,0.02504133771163744,0
2019-09-30,195.39001536062398,199.70115027084245,150.5804193163399,184.38272094726562,2851289,23637200000.0,605800000.0,48649000000.0,25704500000.0,17175600000.0,577300000.0,17.040182,17.67,112.357,92796000,HERITGFOOD.NS,1.4965707165979645,0.008840880593640157,0.02504133771163744,0
2019-12-31,184.3827225857235,185.51508485679886,138.7749255089064,174.7455596923828,6586388,23637200000.0,605800000.0,48649000000.0,25704500000.0,17175600000.0,577300000.0,17.040182,17.67,112.357,92796000,HERITGFOOD.NS,1.4965707165979645,0.008840880593640157,0.02504133771163744,0
2020-03-31,174.72149023018437,196.57371848563778,70.11025314427921,102.39469909667969,5860498,23637200000.0,605800000.0,48649000000.0,25704500000.0,17175600000.0,577300000.0,17.040182,17.67,112.357,92796000,HERITGFOOD.NS,1.4965707165979645,0.008840880593640157,0.02504133771163744,1
2020-06-30,105.96042724911712,160.9403713576862,99.79265599078241,124.89742279052734,5380421,23637200000.0,605800000.0,48649000000.0,25704500000.0,17175600000.0,577300000.0,17.040182,17.67,112.357,92796000,HERITGFOOD.NS,1.4965707165979645,0.008840880593640157,0.02504133771163744,1
2020-09-30,127.6680899772828,184.38425772010348,116.7058638203455,156.0435791015625,14538515,23637200000.0,605800000.0,48649000000.0,25704500000.0,17175600000.0,577300000.0,17.040182,17.67,112.357,92796000,HERITGFOOD.NS,1.4965707165979645,0.008840880593640157,0.02504133771163744,0
2020-12-31,157.49943729248045,162.9103581532773,125.6889304852545,143.93568420410156,12768043,23637200000.0,605800000.0,48649000000.0,25704500000.0,17175600000.0,577300000.0,17.040182,17.67,112.357,92796000,HERITGFOOD.NS,1.4965707165979645,0.008840880593640157,0.02504133771163744,0
2021-03-31,142.77100345107078,177.83286538071928,130.54180638079734,142.8195343017578,24564269,23637200000.0,605800000.0,48649000000.0,25704500000.0,17175600000.0,577300000.0,17.040182,17.67,112.357,92796000,HERITGFOOD.NS,1.4965707165979645,0.008840880593640157,0.02504133771163744,1
2021-06-30,142.18865728551546,220.12551607854454,141.94601537285925,209.4249725341797,50100859,23637200000.0,605800000.0,48649000000.0,25704500000.0,17175600000.0,577300000.0,17.040182,17.67,112.357,92796000,HERITGFOOD.NS,1.4965707165979645,0.008840880593640157,0.02504133771163744,1
2021-09-30,210.56540415990793,265.38173817810963,206.4162081473993,223.95567321777344,30464185,23637200000.0,605800000.0,48649000000.0,25704500000.0,17175600000.0,577300000.0,17.040182,17.67,112.357,92796000,HERITGFOOD.NS,1.4965707165979645,0.008840880593640157,0.02504133771163744,0
2021-12-31,222.55765934123795,277.1546682036438,193.0175358663946,201.05172729492188,22861797,23637200000.0,605800000.0,48649000000.0,25704500000.0,17175600000.0,577300000.0,17.040182,17.67,112.357,92796000,HERITGFOOD.NS,1.4965707165979645,0.008840880593640157,0.02504133771163744,0
2022-03-31,201.2242500658843,222.76374081096517,141.68256918803527,157.84950256347656,18288523,23637200000.0,605800000.0,48649000000.0,25704500000.0,17175600000.0,577300000.0,17.040182,17.67,112.357,92796000,HERITGFOOD.NS,1.4965707165979645,0.008840880593640157,0.02504133771163744,0
2022-06-30,159.45141617465336,174.4846996993973,123.22366553730147,130.4938507080078,11144409,23637200000.0,605800000.0,48649000000.0,25704500000.0,17175600000.0,577300000.0,17.040182,17.67,112.357,92796000,HERITGFOOD.NS,1.4965707165979645,0.008840880593640157,0.02504133771163744,1
2022-09-30,130.86352956922667,184.9344727725627,129.1384250286171,166.5901641845703,24365043,23637200000.0,605800000.0,48649000000.0,25704500000.0,17175600000.0,577300000.0,17.040182,17.67,112.357,92796000,HERITGFOOD.NS,1.4965707165979645,0.008840880593640157,0.02504133771163744,1
2022-12-31,169.0261528166048,188.91155399348077,149.41415491412585,178.3225860595703,13355981,23637200000.0,605800000.0,48649000000.0,25704500000.0,17175600000.0,577300000.0,17.040182,17.67,112.357,92796000,HERITGFOOD.NS,1.4965707165979645,0.008840880593640157,0.02504133771163744,0
2023-03-31,178.37229347306732,190.1833555158091,132.4911281931806,141.31405639648438,14528227,23637200000.0,605800000.0,48649000000.0,25704500000.0,17175600000.0,577300000.0,17.040182,17.67,112.357,92796000,HERITGFOOD.NS,1.4965707165979645,0.008840880593640157,0.02504133771163744,1
2023-06-30,142.5394743651127,218.2696944826774,141.60816713447207,206.1136474609375,18866656,23637200000.0,605800000.0,48649000000.0,25704500000.0,17175600000.0,577300000.0,17.040182,17.67,112.357,92796000,HERITGFOOD.NS,1.4965707165979645,0.008840880593640157,0.02504133771163744,1
2023-09-30,208.613471189604,281.6968285613043,205.47642954676823,228.8997344970703,28408805,23637200000.0,605800000.0,48649000000.0,25704500000.0,17175600000.0,577300000.0,17.040182,17.67,112.357,92796000,HERITGFOOD.NS,1.4965707165979645,0.008840880593640157,0.02504133771163744,1
2023-12-31,228.65216382821257,311.8344277608461,207.26245403950153,300.3473205566406,42488087,23637200000.0,605800000.0,48649000000.0,25704500000.0,17175600000.0,577300000.0,17.040182,17.67,112.357,92796000,HERITGFOOD.NS,1.4965707165979645,0.008840880593640157,0.02504133771163744,1
2024-03-31,301.53567969568854,351.54405635726425,284.99823851307684,334.5610046386719,38479934,23637200000.0,605800000.0,48649000000.0,25704500000.0,17175600000.0,577300000.0,17.040182,17.67,112.357,92796000,HERITGFOOD.NS,1.4965707165979645,0.008840880593640157,0.02504133771163744,1
2024-06-30,335.89787129022426,720.2691756549368,293.514498931808,555.6871948242188,140898520,23637200000.0,605800000.0,48649000000.0,25704500000.0,17175600000.0,577300000.0,17.040182,17.67,112.357,92796000,HERITGFOOD.NS,1.4965707165979645,0.008840880593640157,0.02504133771163744,1
2024-09-30,555.687188308427,650.5869627939356,513.6503771747977,627.9556884765625,44691041,10195230000.0,486290000.0,13889900000.0,1433000000.0,8914880000.0,803650000.0,17.040182,17.67,112.357,92796000,HERITGFOOD.NS,0.1607424889622743,0.035010331247885156,0.054548126278760906,0
2024-12-31,628.6520934734305,655.5609113530854,450.1385546111446,482.0212707519531,28759215,10339350000.0,430540000.0,13889900000.0,1433000000.0,8914880000.0,803650000.0,17.040182,17.67,112.357,92796000,HERITGFOOD.NS,0.1607424889622743,0.035010331247885156,0.054548126278760906,0
2025-03-31,483.41400720605367,491.72040526946046,353.7939658942686,383.04052734375,21181573,10461530000.0,381620000.0,15583400000.0,1744810000.0,9719600000.0,644760000.0,17.040182,17.67,112.357,92796000,HERITGFOOD.NS,0.17951458907773982,0.024488879191960675,0.03926293263097247,1
2025-06-30,387.26835572318464,498.3854348857534,350.2625094557638,494.8539733886719,26267301,11367550000.0,405720000.0,15583400000.0,1744810000.0,9719600000.0,644760000.0,17.040182,17.67,112.357,92796000,HERITGFOOD.NS,0.17951458907773982,0.024488879191960675,0.03926293263097247,0
2025-09-30,497.34091550057383,540.0,452.4762779565565,482.6000061035156,36696030,11367550000.0,405720000.0,15583400000.0,1744810000.0,9719600000.0,644760000.0,17.040182,17.67,112.357,92796000,HERITGFOOD.NS,0.17951458907773982,0.024488879191960675,0.03926293263097247,0
2025-12-31,480.04998779296875,503.79998779296875,440.25,460.29998779296875,13263710,11191580000.0,345980000.0,15583400000.0,1744810000.0,9719600000.0,644760000.0,17.040182,17.67,112.357,92796000,HERITGFOOD.NS,0.17951458907773982,0.024488879191960675,0.03926293263097247,0
2026-03-31,460.29998779296875,468.04998779296875,294.3999938964844,301.1000061035156,20039049,11191580000.0,345980000.0,15583400000.0,1744810000.0,9719600000.0,644760000.0,17.040182,17.67,112.357,92796000,HERITGFOOD.NS,0.17951458907773982,0.024488879191960675,0.03926293263097247,0
2016-03-31,740.0823862846398,747.6956925321294,727.7476718545029,739.6570434570312,8886136,11191580000.0,345980000.0,15583400000.0,1744810000.0,9719600000.0,644760000.0,47.6038,43.11,207.383,2349591262,HINDUNILVR.NS,0.17951458907773982,0.024488879191960675,0.03926293263097247,1
2016-06-30,737.6152145578291,776.5465212488746,685.767238958908,772.8052368164062,90190261,11191580000.0,345980000.0,15583400000.0,1744810000.0,9719600000.0,644760000.0,47.6038,43.11,207.383,2349591262,HINDUNILVR.NS,0.17951458907773982,0.024488879191960675,0.03926293263097247,0
2016-09-30,772.8481562095291,820.4953592082487,743.9501618766182,746.4013061523438,73358044,11191580000.0,345980000.0,15583400000.0,1744810000.0,9719600000.0,644760000.0,47.6038,43.11,207.383,2349591262,HINDUNILVR.NS,0.17951458907773982,0.024488879191960675,0.03926293263097247,0
2016-12-31,755.1309518322842,765.1936337668805,678.1977465657342,716.70654296875,74735122,11191580000.0,345980000.0,15583400000.0,1744810000.0,9719600000.0,644760000.0,47.6038,43.11,207.383,2349591262,HINDUNILVR.NS,0.17951458907773982,0.024488879191960675,0.03926293263097247,1
2017-03-31,718.1375807226663,801.2263871837761,708.2068568559614,790.7753295898438,69006999,11191580000.0,345980000.0,15583400000.0,1744810000.0,9719600000.0,644760000.0,47.6038,43.11,207.383,2349591262,HINDUNILVR.NS,0.17951458907773982,0.024488879191960675,0.03926293263097247,1
2017-06-30,792.7268341871118,979.1996931644751,779.3266832673039,944.7638549804688,86164351,11191580000.0,345980000.0,15583400000.0,1744810000.0,9719600000.0,644760000.0,47.6038,43.11,207.383,2349591262,HINDUNILVR.NS,0.17951458907773982,0.024488879191960675,0.03926293263097247,1
2017-09-30,956.4902826916028,1126.7858950441043,946.0765061903736,1027.2862548828125,74276884,11191580000.0,345980000.0,15583400000.0,1744810000.0,9719600000.0,644760000.0,47.6038,43.11,207.383,2349591262,HINDUNILVR.NS,0.17951458907773982,0.024488879191960675,0.03926293263097247,1
2017-12-31,1029.5617496652546,1217.969887810424,1024.7486688125907,1204.802001953125,65958451,11191580000.0,345980000.0,15583400000.0,1744810000.0,9719600000.0,644760000.0,47.6038,43.11,207.383,2349591262,HINDUNILVR.NS,0.17951458907773982,0.024488879191960675,0.03926293263097247,0
2018-03-31,1204.0533474049369,1241.9276412694162,1128.3925371448634,1174.414306640625,71085638,11191580000.0,345980000.0,15583400000.0,1744810000.0,9719600000.0,644760000.0,47.6038,43.11,207.383,2349591262,HINDUNILVR.NS,0.17951458907773982,0.024488879191960675,0.03926293263097247,1
2018-06-30,1158.2515390904123,1470.186787622941,1158.2515390904123,1456.431396484375,72671376,11191580000.0,345980000.0,15583400000.0,1744810000.0,9719600000.0,644760000.0,47.6038,43.11,207.383,2349591262,HINDUNILVR.NS,0.17951458907773982,0.024488879191960675,0.03926293263097247,0
2018-09-30,1456.2094908524684,1605.078395629137,1388.053815453383,1427.36767578125,93404127,11191580000.0,345980000.0,15583400000.0,1744810000.0,9719600000.0,644760000.0,47.6038,43.11,207.383,2349591262,HINDUNILVR.NS,0.17951458907773982,0.024488879191960675,0.03926293263097247,1
2018-12-31,1425.6811901197304,1668.5481596648333,1310.934341294059,1624.0565185546875,92561222,11191580000.0,345980000.0,15583400000.0,1744810000.0,9719600000.0,644760000.0,47.6038,43.11,207.383,2349591262,HINDUNILVR.NS,0.17951458907773982,0.024488879191960675,0.03926293263097247,0
2019-03-31,1628.6529268308157,1648.466868453574,1481.5670988542374,1502.8984375,91748853,11191580000.0,345980000.0,15583400000.0,1744810000.0,9719600000.0,644760000.0,47.6038,43.11,207.383,2349591262,HINDUNILVR.NS,0.17951458907773982,0.024488879191960675,0.03926293263097247,1
2019-06-30,1526.19310728897,1664.4874447767552,1472.6420935320098,1606.9827880859375,74163813,11191580000.0,345980000.0,15583400000.0,1744810000.0,9719600000.0,644760000.0,47.6038,43.11,207.383,2349591262,HINDUNILVR.NS,0.17951458907773982,0.024488879191960675,0.03926293263097247,1
2019-09-30,1617.1410820966478,1888.4022749648518,1491.4211291720978,1781.6956787109375,91177939,11191580000.0,345980000.0,15583400000.0,1744810000.0,9719600000.0,644760000.0,47.6038,43.11,207.383,2349591262,HINDUNILVR.NS,0.17951458907773982,0.024488879191960675,0.03926293263097247,0
2019-12-31,1788.0335772163555,1978.9574946975843,1723.5452966114212,1737.6871337890625,89489490,11191580000.0,345980000.0,15583400000.0,1744810000.0,9719600000.0,644760000.0,47.6038,43.11,207.383,2349591262,HINDUNILVR.NS,0.17951458907773982,0.024488879191960675,0.03926293263097247,1
2020-03-31,1744.0124316244267,2090.1036583811456,1587.955338048356,2077.0009765625,133522250,11191580000.0,345980000.0,15583400000.0,1744810000.0,9719600000.0,644760000.0,47.6038,43.11,207.383,2349591262,HINDUNILVR.NS,0.17951458907773982,0.024488879191960675,0.03926293263097247,0
2020-06-30,2072.2121109704517,2362.369056692818,1718.7108903469689,1983.365234375,500261183,11191580000.0,345980000.0,15583400000.0,1744810000.0,9719600000.0,644760000.0,47.6038,43.11,207.383,2349591262,HINDUNILVR.NS,0.17951458907773982,0.024488879191960675,0.03926293263097247,0
2020-09-30,1986.0948025288758,2138.0313428956133,1827.4270608216652,1889.7410888671875,152152780,11191580000.0,345980000.0,15583400000.0,1744810000.0,9719600000.0,644760000.0,47.6038,43.11,207.383,2349591262,HINDUNILVR.NS,0.17951458907773982,0.024488879191960675,0.03926293263097247,1
2020-12-31,1909.613553359002,2223.054215374556,1878.7540384389963,2202.82275390625,146732369,11191580000.0,345980000.0,15583400000.0,1744810000.0,9719600000.0,644760000.0,47.6038,43.11,207.383,2349591262,HINDUNILVR.NS,0.17951458907773982,0.024488879191960675,0.03926293263097247,1
2021-03-31,2202.823016815267,2259.4246920450973,1949.5633638261481,2236.020263671875,146504602,11191580000.0,345980000.0,15583400000.0,1744810000.0,9719600000.0,644760000.0,47.6038,43.11,207.383,2349591262,HINDUNILVR.NS,0.17951458907773982,0.024488879191960675,0.03926293263097247,1
2021-06-30,2250.09072221346,2347.0946730801456,2115.0925401669647,2289.064697265625,101120179,11191580000.0,345980000.0,15583400000.0,1744810000.0,9719600000.0,644760000.0,47.6038,43.11,207.383,2349591262,HINDUNILVR.NS,0.17951458907773982,0.024488879191960675,0.03926293263097247,1
2021-09-30,2300.828063521489,2648.4536953749325,2147.0691536441072,2502.5673828125,91149085,11191580000.0,345980000.0,15583400000.0,1744810000.0,9719600000.0,644760000.0,47.6038,43.11,207.383,2349591262,HINDUNILVR.NS,0.17951458907773982,0.024488879191960675,0.03926293263097247,0
2021-12-31,2506.457527495332,2532.3930950755503,2051.3646411553264,2199.544921875,101438667,11191580000.0,345980000.0,15583400000.0,1744810000.0,9719600000.0,644760000.0,47.6038,43.11,207.383,2349591262,HINDUNILVR.NS,0.17951458907773982,0.024488879191960675,0.03926293263097247,0
2022-03-31,2216.180732504574,2259.9826361507035,1772.15236138721,1909.2423095703125,122993483,11191580000.0,345980000.0,15583400000.0,1744810000.0,9719600000.0,644760000.0,47.6038,43.11,207.383,2349591262,HINDUNILVR.NS,0.17951458907773982,0.024488879191960675,0.03926293263097247,1
2022-06-30,1915.0672329356435,2249.544968174599,1899.690145450972,2097.1650390625,117976136,11191580000.0,345980000.0,15583400000.0,1744810000.0,9719600000.0,644760000.0,47.6038,43.11,207.383,2349591262,HINDUNILVR.NS,0.17951458907773982,0.024488879191960675,0.03926293263097247,1
2022-09-30,2092.8403535281464,2565.7505212379992,2071.7804166278365,2535.147705078125,106806459,11191580000.0,345980000.0,15583400000.0,1744810000.0,9719600000.0,644760000.0,47.6038,43.11,207.383,2349591262,HINDUNILVR.NS,0.17951458907773982,0.024488879191960675,0.03926293263097247,0
2022-12-31,2560.1096540976523,2594.891539145615,2298.167354098633,2424.0029296875,82225245,11191580000.0,345980000.0,15583400000.0,1744810000.0,9719600000.0,644760000.0,47.6038,43.11,207.383,2349591262,HINDUNILVR.NS,0.17951458907773982,0.024488879191960675,0.03926293263097247,0
2023-03-31,2436.16519182867,2549.3652185945693,2264.945642108792,2423.34033203125,93402535,11191580000.0,345980000.0,15583400000.0,1744810000.0,9719600000.0,644760000.0,47.6038,43.11,207.383,2349591262,HINDUNILVR.NS,0.17951458907773982,0.024488879191960675,0.03926293263097247,1
2023-06-30,2432.4740326839024,2591.6734671730474,2289.554396225135,2555.539306640625,80610807,11191580000.0,345980000.0,15583400000.0,1744810000.0,9719600000.0,644760000.0,47.6038,43.11,207.383,2349591262,HINDUNILVR.NS,0.17951458907773982,0.024488879191960675,0.03926293263097247,0
2023-09-30,2563.98430099116,2642.850296475034,2331.0595915476433,2352.720458984375,96301451,11191580000.0,345980000.0,15583400000.0,1744810000.0,9719600000.0,644760000.0,47.6038,43.11,207.383,2349591262,HINDUNILVR.NS,0.17951458907773982,0.024488879191960675,0.03926293263097247,1
2023-12-31,2376.0034833723507,2563.6610299017602,2343.2256089802177,2560.633056640625,93512100,11191580000.0,345980000.0,15583400000.0,1744810000.0,9719600000.0,644760000.0,47.6038,43.11,207.383,2349591262,HINDUNILVR.NS,0.17951458907773982,0.024488879191960675,0.03926293263097247,0
2024-03-31,2560.5372049175576,2565.8717698748246,2145.435754394531,2176.53125,110245115,11191580000.0,345980000.0,15583400000.0,1744810000.0,9719600000.0,644760000.0,47.6038,43.11,207.383,2349591262,HINDUNILVR.NS,0.17951458907773982,0.024488879191960675,0.03926293263097247,1
2024-06-30,2181.9616233862357,2618.306307405162,2087.810850316233,2400.29638671875,144923082,11191580000.0,345980000.0,15583400000.0,1744810000.0,9719600000.0,644760000.0,47.6038,43.11,207.383,2349591262,HINDUNILVR.NS,0.17951458907773982,0.024488879191960675,0.03926293263097247,1
2024-09-30,2388.6494063118025,2945.7145483400527,2378.0215873536727,2871.271240234375,123437336,157290000000.0,25910000000.0,807650000000.0,16510000000.0,507760000000.0,53130000000.0,47.6038,43.11,207.383,2349591262,HINDUNILVR.NS,0.03251536158815188,0.03208072803813533,0.051028044745549075,0
2024-12-31,2875.541649372102,2875.541649372102,2273.285593186901,2284.67529296875,101936500,153530000000.0,29840000000.0,807650000000.0,16510000000.0,507760000000.0,53130000000.0,47.6038,43.11,207.383,2349591262,HINDUNILVR.NS,0.03251536158815188,0.03208072803813533,0.051028044745549075,0
2025-03-31,2282.8588155253287,2554.838028984739,2097.284437084069,2217.90771484375,105154501,154460000000.0,24640000000.0,798800000000.0,16480000000.0,494020000000.0,60710000000.0,47.6038,43.11,207.383,2349591262,HINDUNILVR.NS,0.03335897332091818,0.03084626940410616,0.049876523217683495,1
2025-06-30,2218.0551389367038,2442.3150676159876,2111.0306546602815,2276.702880859375,118891800,163230000000.0,27560000000.0,798800000000.0,16480000000.0,494020000000.0,60710000000.0,47.6038,43.11,207.383,2349591262,HINDUNILVR.NS,0.03335897332091818,0.03084626940410616,0.049876523217683495,1
2025-09-30,2282.060604307341,2728.5509248247226,2268.7652176811503,2494.788330078125,104112062,163230000000.0,27560000000.0,798800000000.0,16480000000.0,494020000000.0,60710000000.0,47.6038,43.11,207.383,2349591262,HINDUNILVR.NS,0.03335897332091818,0.03084626940410616,0.049876523217683495,0
2025-12-31,2495.780641485965,2646.396542743126,2244.699951171875,2315.89990234375,95960098,162350000000.0,66070000000.0,798800000000.0,16480000000.0,494020000000.0,60710000000.0,47.6038,43.11,207.383,2349591262,HINDUNILVR.NS,0.03335897332091818,0.03084626940410616,0.049876523217683495,0
2026-03-31,2322.0,2479.60009765625,2033.300048828125,2052.199951171875,90188472,162350000000.0,66070000000.0,798800000000.0,16480000000.0,494020000000.0,60710000000.0,47.6038,43.11,207.383,2349591262,HINDUNILVR.NS,0.03335897332091818,0.03084626940410616,0.049876523217683495,0
2016-03-31,145.68227652082302,149.04420338297874,142.99273486261475,147.13912963867188,94754475,162350000000.0,66070000000.0,798800000000.0,16480000000.0,494020000000.0,60710000000.0,17.862854,16.26,56.707,12529229381,ITC.NS,0.03335897332091818,0.03084626940410616,0.049876523217683495,1
2016-06-30,146.17534422241462,170.81225023091358,137.1654550538048,169.29576110839844,711545152,162350000000.0,66070000000.0,798800000000.0,16480000000.0,494020000000.0,60710000000.0,17.862854,16.26,56.707,12529229381,ITC.NS,0.03335897332091818,0.03084626940410616,0.049876523217683495,0
2016-09-30,167.71035093426957,183.28884810648785,165.780244957434,166.3661651611328,573916246,162350000000.0,66070000000.0,798800000000.0,16480000000.0,494020000000.0,60710000000.0,17.862854,16.26,56.707,12529229381,ITC.NS,0.03335897332091818,0.03084626940410616,0.049876523217683495,1
2016-12-31,168.330728792993,178.98059499252668,153.02793933301766,166.5729522705078,661663289,162350000000.0,66070000000.0,798800000000.0,16480000000.0,494020000000.0,60710000000.0,17.862854,16.26,56.707,12529229381,ITC.NS,0.03335897332091818,0.03084626940410616,0.049876523217683495,1
2017-03-31,166.8141944345573,201.3833439178379,164.47052480087066,193.2150115966797,718511985,162350000000.0,66070000000.0,798800000000.0,16480000000.0,494020000000.0,60710000000.0,17.862854,16.26,56.707,12529229381,ITC.NS,0.03335897332091818,0.03084626940410616,0.049876523217683495,1
2017-06-30,194.93824248787098,227.33379505720617,186.73541267016273,226.59866333007812,670168726,162350000000.0,66070000000.0,798800000000.0,16480000000.0,494020000000.0,60710000000.0,17.862854,16.26,56.707,12529229381,ITC.NS,0.03335897332091818,0.03084626940410616,0.049876523217683495,0
2017-09-30,242.24664892191387,248.40784211505738,179.79462892892678,180.8448486328125,1008937396,162350000000.0,66070000000.0,798800000000.0,16480000000.0,494020000000.0,60710000000.0,17.862854,16.26,56.707,12529229381,ITC.NS,0.03335897332091818,0.03084626940410616,0.049876523217683495,1
2017-12-31,183.78538991625487,193.2372450867771,175.03366652490215,184.31053161621094,627164356,162350000000.0,66070000000.0,798800000000.0,16480000000.0,494020000000.0,60710000000.0,17.862854,16.26,56.707,12529229381,ITC.NS,0.03335897332091818,0.03084626940410616,0.049876523217683495,0
2018-03-31,184.31052132151393,203.24918405573536,176.7840421110444,178.8844757080078,824913312,162350000000.0,66070000000.0,798800000000.0,16480000000.0,494020000000.0,60710000000.0,17.862854,16.26,56.707,12529229381,ITC.NS,0.03335897332091818,0.03084626940410616,0.049876523217683495,1
2018-06-30,179.9346765156643,202.8290509685904,178.84946408112705,190.0745849609375,613572402,162350000000.0,66070000000.0,798800000000.0,16480000000.0,494020000000.0,60710000000.0,17.862854,16.26,56.707,12529229381,ITC.NS,0.03335897332091818,0.03084626940410616,0.049876523217683495,1
2018-09-30,190.64582684340854,230.59574505503667,185.68333434528117,212.60218811035156,878499156,162350000000.0,66070000000.0,798800000000.0,16480000000.0,494020000000.0,60710000000.0,17.862854,16.26,56.707,12529229381,ITC.NS,0.03335897332091818,0.03084626940410616,0.049876523217683495,0
2018-12-31,214.815701146529,216.31516496117553,188.25383160623974,201.10633850097656,648945002,162350000000.0,66070000000.0,798800000000.0,16480000000.0,494020000000.0,60710000000.0,17.862854,16.26,56.707,12529229381,ITC.NS,0.03335897332091818,0.03084626940410616,0.049876523217683495,1
2019-03-31,201.4990735681513,215.63689941582714,191.68114053643512,214.20883178710938,841447153,162350000000.0,66070000000.0,798800000000.0,16480000000.0,494020000000.0,60710000000.0,17.862854,16.26,56.707,12529229381,ITC.NS,0.03335897332091818,0.03084626940410616,0.049876523217683495,0
2019-06-30,212.06672122956988,222.55175041970722,198.44686809379917,199.42999267578125,718141801,162350000000.0,66070000000.0,798800000000.0,16480000000.0,494020000000.0,60710000000.0,17.862854,16.26,56.707,12529229381,ITC.NS,0.03335897332091818,0.03084626940410616,0.049876523217683495,0
2019-09-30,199.83049943294432,206.02059253469156,170.4458080485696,189.23455810546875,855162068,162350000000.0,66070000000.0,798800000000.0,16480000000.0,494020000000.0,60710000000.0,17.862854,16.26,56.707,12529229381,ITC.NS,0.03335897332091818,0.03084626940410616,0.049876523217683495,0
2019-12-31,188.68837208357465,193.93172349632266,171.13764203261982,173.10389709472656,854589961,162350000000.0,66070000000.0,798800000000.0,16480000000.0,494020000000.0,60710000000.0,17.862854,16.26,56.707,12529229381,ITC.NS,0.03335897332091818,0.03084626940410616,0.049876523217683495,0
2020-03-31,173.75933125034106,177.61904989477335,98.02181296366052,125.03970336914062,1578024006,162350000000.0,66070000000.0,798800000000.0,16480000000.0,494020000000.0,60710000000.0,17.862854,16.26,56.707,12529229381,ITC.NS,0.03335897332091818,0.03084626940410616,0.049876523217683495,1
2020-06-30,125.03971060542071,152.49453067029188,114.4073276201483,141.75296020507812,1925708466,162350000000.0,66070000000.0,798800000000.0,16480000000.0,494020000000.0,60710000000.0,17.862854,16.26,56.707,12529229381,ITC.NS,0.03335897332091818,0.03084626940410616,0.049876523217683495,0
2020-09-30,141.75293632128347,159.34949182937225,127.47194284204969,131.72994995117188,1888156110,162350000000.0,66070000000.0,798800000000.0,16480000000.0,494020000000.0,60710000000.0,17.862854,16.26,56.707,12529229381,ITC.NS,0.03335897332091818,0.03084626940410616,0.049876523217683495,1
2020-12-31,133.87815795007918,167.71207446636245,125.32372277350822,160.3468475341797,1912592692,162350000000.0,66070000000.0,798800000000.0,16480000000.0,494020000000.0,60710000000.0,17.862854,16.26,56.707,12529229381,ITC.NS,0.03335897332091818,0.03084626940410616,0.049876523217683495,1
2021-03-31,161.0373484371302,183.5166209813122,153.63374622728986,171.76548767089844,2712014307,162350000000.0,66070000000.0,798800000000.0,16480000000.0,494020000000.0,60710000000.0,17.862854,16.26,56.707,12529229381,ITC.NS,0.03335897332091818,0.03084626940410616,0.049876523217683495,0
2021-06-30,172.94466090442202,173.4163235749613,156.51492823102993,163.95213317871094,1546949404,162350000000.0,66070000000.0,798800000000.0,16480000000.0,494020000000.0,60710000000.0,17.862854,16.26,56.707,12529229381,ITC.NS,0.03335897332091818,0.03084626940410616,0.049876523217683495,1
2021-09-30,164.11388625535668,198.81320180251942,162.4962271172863,191.00787353515625,1536419353,162350000000.0,66070000000.0,798800000000.0,16480000000.0,494020000000.0,60710000000.0,17.862854,16.26,56.707,12529229381,ITC.NS,0.03335897332091818,0.03084626940410616,0.049876523217683495,0
2021-12-31,190.2394810992708,214.5855748685813,169.6949174743068,176.36785888671875,1533762797,162350000000.0,66070000000.0,798800000000.0,16480000000.0,494020000000.0,60710000000.0,17.862854,16.26,56.707,12529229381,ITC.NS,0.03335897332091818,0.03084626940410616,0.049876523217683495,1
2022-03-31,176.36786301976676,213.69332981133408,169.4927008230772,207.60552978515625,1486882803,162350000000.0,66070000000.0,798800000000.0,16480000000.0,494020000000.0,60710000000.0,17.862854,16.26,56.707,12529229381,ITC.NS,0.03335897332091818,0.03084626940410616,0.049876523217683495,1
2022-06-30,207.0671377739294,234.00621399779703,206.07322515170057,232.0547637939453,1213796845,162350000000.0,66070000000.0,798800000000.0,16480000000.0,494020000000.0,60710000000.0,17.862854,16.26,56.707,12529229381,ITC.NS,0.03335897332091818,0.03084626940410616,0.049876523217683495,1
2022-09-30,232.05477470759297,296.58042306271375,230.10329403382167,281.85955810546875,910082732,162350000000.0,66070000000.0,798800000000.0,16480000000.0,494020000000.0,60710000000.0,17.862854,16.26,56.707,12529229381,ITC.NS,0.03335897332091818,0.03084626940410616,0.049876523217683495,0
2022-12-31,282.4534589234243,306.67709914342777,274.26580276287336,281.30804443359375,724789377,162350000000.0,66070000000.0,798800000000.0,16480000000.0,494020000000.0,60710000000.0,17.862854,16.26,56.707,12529229381,ITC.NS,0.03335897332091818,0.03084626940410616,0.049876523217683495,1
2023-03-31,280.7565672983169,339.77303253424947,276.5990716765669,330.71820068359375,858312416,162350000000.0,66070000000.0,798800000000.0,16480000000.0,494020000000.0,60710000000.0,17.862854,16.26,56.707,12529229381,ITC.NS,0.03335897332091818,0.03084626940410616,0.049876523217683495,1
2023-06-30,331.14934714944366,401.98446453113115,326.40630734351794,398.19305419921875,648715151,162350000000.0,66070000000.0,798800000000.0,16480000000.0,494020000000.0,60710000000.0,17.862854,16.26,56.707,12529229381,ITC.NS,0.03335897332091818,0.03084626940410616,0.049876523217683495,0
2023-09-30,398.1929957052276,440.60463680825757,384.5260624956572,391.844482421875,746813936,162350000000.0,66070000000.0,798800000000.0,16480000000.0,494020000000.0,60710000000.0,17.862854,16.26,56.707,12529229381,ITC.NS,0.03335897332091818,0.03084626940410616,0.049876523217683495,1
2023-12-31,388.8466185022516,412.56533770385613,375.1796894858336,407.4512634277344,617478784,162350000000.0,66070000000.0,798800000000.0,16480000000.0,494020000000.0,60710000000.0,17.862854,16.26,56.707,12529229381,ITC.NS,0.03335897332091818,0.03084626940410616,0.049876523217683495,0
2024-03-31,408.6856996614059,424.51293796394583,357.49598065421884,383.4566650390625,1189718715,162350000000.0,66070000000.0,798800000000.0,16480000000.0,494020000000.0,60710000000.0,17.862854,16.26,56.707,12529229381,ITC.NS,0.03335897332091818,0.03084626940410616,0.049876523217683495,1
2024-06-30,384.127999416165,402.6502400373076,367.2764561221505,387.3793640136719,981400884,162350000000.0,66070000000.0,798800000000.0,16480000000.0,494020000000.0,60710000000.0,17.862854,16.26,56.707,12529229381,ITC.NS,0.03335897332091818,0.03084626940410616,0.049876523217683495,1
2024-09-30,388.65574690083577,481.83094590749664,385.2368534593977,472.3949279785156,954847939,198411300000.0,49928700000.0,940712100000.0,3043400000.0,752661500000.0,7921800000.0,17.862854,16.26,56.707,12529229381,ITC.NS,0.004043517570647628,0.05307543083585297,0.06633619495616555,0
2024-12-31,472.3949331059205,473.85363142974245,411.76718663458706,440.9414367675781,784923734,185803600000.0,49348000000.0,940712100000.0,3043400000.0,752661500000.0,7921800000.0,17.862854,16.26,56.707,12529229381,ITC.NS,0.004043517570647628,0.05307543083585297,0.06633619495616555,0
2025-03-31,443.08393393717887,447.6424042811121,376.23746200174764,394.0779724121094,949673688,185650500000.0,197273700000.0,880906800000.0,2848400000.0,700300500000.0,6200000000.0,17.862854,16.26,56.707,12529229381,ITC.NS,0.004067396781810094,0.22394389508629062,0.28169864222573027,1
2025-06-30,394.1260406660441,427.2103252046928,375.2276160600784,407.9013671875,1342036929,213729300000.0,52442000000.0,880906800000.0,2848400000.0,700300500000.0,6200000000.0,17.862854,16.26,56.707,12529229381,ITC.NS,0.004067396781810094,0.22394389508629062,0.28169864222573027,0
2025-09-30,408.4400629554616,418.2347920060821,388.1160033420702,393.30718994140625,781533723,213729300000.0,52442000000.0,880906800000.0,2848400000.0,700300500000.0,6200000000.0,17.862854,16.26,56.707,12529229381,ITC.NS,0.004067396781810094,0.22394389508629062,0.28169864222573027,1
2025-12-31,394.0907925326749,417.64711075138126,388.0670339898672,394.7274475097656,708330264,199182400000.0,49311900000.0,880906800000.0,2848400000.0,700300500000.0,6200000000.0,17.862854,16.26,56.707,12529229381,ITC.NS,0.004067396781810094,0.22394389508629062,0.28169864222573027,0
2026-03-31,394.4336191525785,394.4336191525785,289.54998779296875,290.45001220703125,1722004566,199182400000.0,49311900000.0,880906800000.0,2848400000.0,700300500000.0,6200000000.0,17.862854,16.26,56.707,12529229381,ITC.NS,0.004067396781810094,0.22394389508629062,0.28169864222573027,0
2016-03-31,195.4382146698113,207.32482295708368,184.24265652250548,205.94265747070312,1773865,199182400000.0,49311900000.0,880906800000.0,2848400000.0,700300500000.0,6200000000.0,10.095575,28.25,239.545,228889892,KRBL.NS,0.004067396781810094,0.22394389508629062,0.28169864222573027,1
2016-06-30,205.34374626046028,281.869595603759,179.77366654504405,267.31085205078125,15975453,199182400000.0,49311900000.0,880906800000.0,2848400000.0,700300500000.0,6200000000.0,10.095575,28.25,239.545,228889892,KRBL.NS,0.004067396781810094,0.22394389508629062,0.28169864222573027,0
2016-09-30,271.8258879590141,271.8258879590141,212.30063458382253,236.16603088378906,10196784,199182400000.0,49311900000.0,880906800000.0,2848400000.0,700300500000.0,6200000000.0,10.095575,28.25,239.545,228889892,KRBL.NS,0.004067396781810094,0.22394389508629062,0.28169864222573027,1
2016-12-31,239.57535630561296,282.6989490121265,200.41400700213194,275.0048828125,7654170,199182400000.0,49311900000.0,880906800000.0,2848400000.0,700300500000.0,6200000000.0,10.095575,28.25,239.545,228889892,KRBL.NS,0.004067396781810094,0.22394389508629062,0.28169864222573027,1
2017-03-31,276.4791652579153,397.97153066027,272.7473295976608,380.8326721191406,10204673,199182400000.0,49311900000.0,880906800000.0,2848400000.0,700300500000.0,6200000000.0,10.095575,28.25,239.545,228889892,KRBL.NS,0.004067396781810094,0.22394389508629062,0.28169864222573027,0
2017-06-30,378.71334056411735,416.21612488847285,341.99379984700266,349.41143798828125,7003129,199182400000.0,49311900000.0,880906800000.0,2848400000.0,700300500000.0,6200000000.0,10.095575,28.25,239.545,228889892,KRBL.NS,0.004067396781810094,0.22394389508629062,0.28169864222573027,1
2017-09-30,348.53608663074175,466.9220300386382,348.53608663074175,453.5020751953125,12651286,199182400000.0,49311900000.0,880906800000.0,2848400000.0,700300500000.0,6200000000.0,10.095575,28.25,239.545,228889892,KRBL.NS,0.004067396781810094,0.22394389508629062,0.28169864222573027,1
2017-12-31,455.35310226583624,624.7222858930571,454.01109503657807,555.5399780273438,6033585,199182400000.0,49311900000.0,880906800000.0,2848400000.0,700300500000.0,6200000000.0,10.095575,28.25,239.545,228889892,KRBL.NS,0.004067396781810094,0.22394389508629062,0.28169864222573027,0
2018-03-31,555.5401340897176,603.3891869446718,396.1201792146675,403.6631164550781,11231092,199182400000.0,49311900000.0,880906800000.0,2848400000.0,700300500000.0,6200000000.0,10.095575,28.25,239.545,228889892,KRBL.NS,0.004067396781810094,0.22394389508629062,0.28169864222573027,0
2018-06-30,404.6349128312269,522.82312298726,275.8033039823764,312.1297302246094,29118436,199182400000.0,49311900000.0,880906800000.0,2848400000.0,700300500000.0,6200000000.0,10.095575,28.25,239.545,228889892,KRBL.NS,0.004067396781810094,0.22394389508629062,0.28169864222573027,0
2018-09-30,305.41974855572374,376.22074864740966,280.66222968579496,304.8058776855469,13105157,199182400000.0,49311900000.0,880906800000.0,2848400000.0,700300500000.0,6200000000.0,10.095575,28.25,239.545,228889892,KRBL.NS,0.004067396781810094,0.22394389508629062,0.28169864222573027,0
2018-12-31,306.5294866566603,340.0707341059313,259.0127508544435,262.4134521484375,8213195,199182400000.0,49311900000.0,880906800000.0,2848400000.0,700300500000.0,6200000000.0,10.095575,28.25,239.545,228889892,KRBL.NS,0.004067396781810094,0.22394389508629062,0.28169864222573027,1
2019-03-31,262.7395764367055,363.1303457353972,259.94444742673653,316.0328369140625,14857968,199182400000.0,49311900000.0,880906800000.0,2848400000.0,700300500000.0,6200000000.0,10.095575,28.25,239.545,228889892,KRBL.NS,0.004067396781810094,0.22394389508629062,0.28169864222573027,0
2019-06-30,316.54530936496485,336.3439451760133,277.739978929145,288.6874694824219,5169288,199182400000.0,49311900000.0,880906800000.0,2848400000.0,700300500000.0,6200000000.0,10.095575,28.25,239.545,228889892,KRBL.NS,0.004067396781810094,0.22394389508629062,0.28169864222573027,0
2019-09-30,292.0881618376701,296.97955551845126,183.35867597193212,205.29917907714844,15443522,199182400000.0,49311900000.0,880906800000.0,2848400000.0,700300500000.0,6200000000.0,10.095575,28.25,239.545,228889892,KRBL.NS,0.004067396781810094,0.22394389508629062,0.28169864222573027,1
2019-12-31,208.64464227326266,276.0253812810231,175.6610853757562,268.9103698730469,14114597,199182400000.0,49311900000.0,880906800000.0,2848400000.0,700300500000.0,6200000000.0,10.095575,28.25,239.545,228889892,KRBL.NS,0.004067396781810094,0.22394389508629062,0.28169864222573027,0
2020-03-31,268.5804896155626,298.5013392208876,87.66780518780789,128.452392578125,19424037,199182400000.0,49311900000.0,880906800000.0,2848400000.0,700300500000.0,6200000000.0,10.095575,28.25,239.545,228889892,KRBL.NS,0.004067396781810094,0.22394389508629062,0.28169864222573027,1
2020-06-30,141.26904296875,252.52139307619007,141.26904296875,234.51138305664062,23392561,199182400000.0,49311900000.0,880906800000.0,2848400000.0,700300500000.0,6200000000.0,10.095575,28.25,239.545,228889892,KRBL.NS,0.004067396781810094,0.22394389508629062,0.28169864222573027,1
2020-09-30,235.84545407078025,323.03683326473214,221.31354896725324,276.2012634277344,29515922,199182400000.0,49311900000.0,880906800000.0,2848400000.0,700300500000.0,6200000000.0,10.095575,28.25,239.545,228889892,KRBL.NS,0.004067396781810094,0.22394389508629062,0.28169864222573027,0
2020-12-31,277.5829297458971,285.30151374656486,214.40494956976426,233.2725830078125,22240324,199182400000.0,49311900000.0,880906800000.0,2848400000.0,700300500000.0,6200000000.0,10.095575,28.25,239.545,228889892,KRBL.NS,0.004067396781810094,0.22394389508629062,0.28169864222573027,0
2021-03-31,234.17785850319115,241.89644577277255,167.71232196003402,171.04750061035156,32198119,199182400000.0,49311900000.0,880906800000.0,2848400000.0,700300500000.0,6200000000.0,10.095575,28.25,239.545,228889892,KRBL.NS,0.004067396781810094,0.22394389508629062,0.28169864222573027,1
2021-06-30,171.90511910015337,252.47374085029077,164.99651982784312,224.41050720214844,75371126,199182400000.0,49311900000.0,880906800000.0,2848400000.0,700300500000.0,6200000000.0,10.095575,28.25,239.545,228889892,KRBL.NS,0.004067396781810094,0.22394389508629062,0.28169864222573027,1
2021-09-30,226.31635164790183,319.89617916770726,215.35789121999468,305.2215881347656,82527803,199182400000.0,49311900000.0,880906800000.0,2848400000.0,700300500000.0,6200000000.0,10.095575,28.25,239.545,228889892,KRBL.NS,0.004067396781810094,0.22394389508629062,0.28169864222573027,0
2021-12-31,303.6286165300786,326.26799964994314,222.67706354851276,234.64842224121094,36290440,199182400000.0,49311900000.0,880906800000.0,2848400000.0,700300500000.0,6200000000.0,10.095575,28.25,239.545,228889892,KRBL.NS,0.004067396781810094,0.22394389508629062,0.28169864222573027,0
2022-03-31,232.18657194067222,260.08756554620925,178.1223279240503,194.63124084472656,38947657,199182400000.0,49311900000.0,880906800000.0,2848400000.0,700300500000.0,6200000000.0,10.095575,28.25,239.545,228889892,KRBL.NS,0.004067396781810094,0.22394389508629062,0.28169864222573027,1
2022-06-30,195.01740851345622,254.68114080425232,189.7075347950655,210.3195037841797,46264961,199182400000.0,49311900000.0,880906800000.0,2848400000.0,700300500000.0,6200000000.0,10.095575,28.25,239.545,228889892,KRBL.NS,0.004067396781810094,0.22394389508629062,0.28169864222573027,1
2022-09-30,209.49890742408056,374.78859807058916,206.36123928281637,358.7331848144531,80150390,199182400000.0,49311900000.0,880906800000.0,2848400000.0,700300500000.0,6200000000.0,10.095575,28.25,239.545,228889892,KRBL.NS,0.004067396781810094,0.22394389508629062,0.28169864222573027,1
2022-12-31,358.7331793285204,434.3253671931124,346.77705889247324,381.76708984375,49444158,199182400000.0,49311900000.0,880906800000.0,2848400000.0,700300500000.0,6200000000.0,10.095575,28.25,239.545,228889892,KRBL.NS,0.004067396781810094,0.22394389508629062,0.28169864222573027,0
2023-03-31,382.6455157761948,399.6769182373245,311.8358268803366,337.50494384765625,15544245,199182400000.0,49311900000.0,880906800000.0,2848400000.0,700300500000.0,6200000000.0,10.095575,28.25,239.545,228889892,KRBL.NS,0.004067396781810094,0.22394389508629062,0.28169864222573027,0
2023-06-30,339.6521767893145,410.9010322311704,329.06245922357726,332.2833251953125,32999023,199182400000.0,49311900000.0,880906800000.0,2848400000.0,700300500000.0,6200000000.0,10.095575,28.25,239.545,228889892,KRBL.NS,0.004067396781810094,0.22394389508629062,0.28169864222573027,1
2023-09-30,330.868085360682,460.7177269914701,327.40321008543947,396.78076171875,44211911,199182400000.0,49311900000.0,880906800000.0,2848400000.0,700300500000.0,6200000000.0,10.095575,28.25,239.545,228889892,KRBL.NS,0.004067396781810094,0.22394389508629062,0.28169864222573027,0
2023-12-31,398.49290283758364,401.13453243327046,334.84950633331243,366.98919677734375,24507375,199182400000.0,49311900000.0,880906800000.0,2848400000.0,700300500000.0,6200000000.0,10.095575,28.25,239.545,228889892,KRBL.NS,0.004067396781810094,0.22394389508629062,0.28169864222573027,0
2024-03-31,368.35892138769077,377.8491772055456,269.5917588280394,271.35284423828125,23299470,199182400000.0,49311900000.0,880906800000.0,2848400000.0,700300500000.0,6200000000.0,10.095575,28.25,239.545,228889892,KRBL.NS,0.004067396781810094,0.22394389508629062,0.28169864222573027,1
2024-06-30,276.73393348420973,316.01574861672975,252.56799287506948,277.5166015625,65236725,199182400000.0,49311900000.0,880906800000.0,2848400000.0,700300500000.0,6200000000.0,10.095575,28.25,239.545,228889892,KRBL.NS,0.004067396781810094,0.22394389508629062,0.28169864222573027,1
2024-09-30,277.5166041913696,341.16004847571344,269.05365390963277,300.4731750488281,94267794,199182400000.0,49311900000.0,57388700000.0,2405000000.0,49548900000.0,2413800000.0,10.095575,28.25,239.545,228889892,KRBL.NS,0.048537909015134544,0.22394389508629062,0.28169864222573027,0
2024-12-31,302.307135892641,327.8835144233765,260.72067694618437,298.0444030761719,35286137,16819000000.0,1326100000.0,57388700000.0,2405000000.0,49548900000.0,2413800000.0,10.095575,28.25,239.545,228889892,KRBL.NS,0.048537909015134544,0.22394389508629062,0.28169864222573027,0
2025-03-31,297.3504802916564,313.1622168288795,239.15919193448377,272.22015380859375,22754328,14212900000.0,1542100000.0,62259500000.0,4066800000.0,52403100000.0,1540900000.0,10.095575,28.25,239.545,228889892,KRBL.NS,0.07760609582257538,0.024768910768637718,0.029427648364314326,1
2025-06-30,272.22017003356035,380.67202919407896,258.83717287581095,362.5306396484375,43157384,15843500000.0,1505800000.0,62259500000.0,4066800000.0,52403100000.0,1540900000.0,10.095575,28.25,239.545,228889892,KRBL.NS,0.07760609582257538,0.024768910768637718,0.029427648364314326,0
2025-09-30,363.76981437529787,490.71004347509864,342.0,344.45001220703125,110077687,15110800000.0,1721100000.0,62581900000.0,709900000.0,54824700000.0,302700000.0,10.095575,28.25,239.545,228889892,KRBL.NS,0.012948543266082623,0.027501561953216506,0.03139278463904043,1
2025-12-31,343.54998779296875,443.8999938964844,340.54998779296875,394.5,49526794,14769300000.0,1699700000.0,62581900000.0,709900000.0,54824700000.0,302700000.0,10.095575,28.25,239.545,228889892,KRBL.NS,0.012948543266082623,0.027501561953216506,0.03139278463904043,0
2026-03-31,394.5,399.95001220703125,274.6499938964844,285.20001220703125,28314074,14769300000.0,1699700000.0,62581900000.0,709900000.0,54824700000.0,302700000.0,10.095575,28.25,239.545,228889892,KRBL.NS,0.012948543266082623,0.027501561953216506,0.03139278463904043,0
2023-12-31,161.12236105023743,231.18844011995733,157.1312536865684,200.24505615234375,90005044,14769300000.0,1699700000.0,62581900000.0,709900000.0,54824700000.0,302700000.0,19.434063,18.73,120.618,347252944,LTFOODS.NS,0.012948543266082623,0.027501561953216506,0.03139278463904043,0
2024-03-31,201.03342023898753,208.42435084630466,157.6732610887097,184.9211883544922,82306159,14769300000.0,1699700000.0,62581900000.0,709900000.0,54824700000.0,302700000.0,19.434063,18.73,120.618,347252944,LTFOODS.NS,0.012948543266082623,0.027501561953216506,0.03139278463904043,1
2024-06-30,186.74430404663087,271.6522511711052,183.3937434636309,253.12059020996094,78045589,14769300000.0,1699700000.0,62581900000.0,709900000.0,54824700000.0,302700000.0,19.434063,18.73,120.618,347252944,LTFOODS.NS,0.012948543266082623,0.027501561953216506,0.03139278463904043,1
2024-09-30,256.29153443390857,444.27046816470937,241.8692375979888,395.2762145996094,103478115,21077854000.0,1483881000.0,58725232000.0,12059840000.0,36538416000.0,2703024000.0,19.434063,18.73,120.618,347252944,LTFOODS.NS,0.33005919030534875,0.025268201579859234,0.04061153061479184,1
2024-12-31,398.5491579690563,447.8904763754347,329.4712443180234,415.6574401855469,50029228,22748119000.0,1432591000.0,58725232000.0,12059840000.0,36538416000.0,2703024000.0,19.434063,18.73,120.618,347252944,LTFOODS.NS,0.33005919030534875,0.025268201579859234,0.04061153061479184,0
2025-03-31,418.6328418801774,438.12137726437913,313.8269914852901,378.3800048828125,34973312,21822534000.0,1605188000.0,74226938000.0,12610389000.0,38536520000.0,1426310000.0,19.434063,18.73,120.618,347252944,LTFOODS.NS,0.32723216834317165,0.02162541044061389,0.04165368331131093,1
2025-06-30,380.11796429392774,495.27064843464257,286.2678260567838,483.1048889160156,84945170,24639167000.0,1685046000.0,74226938000.0,12610389000.0,38536520000.0,1426310000.0,19.434063,18.73,120.618,347252944,LTFOODS.NS,0.32723216834317165,0.02162541044061389,0.04165368331131093,0
2025-09-30,481.6648481366613,514.9841104747879,396.93240409215434,404.51202392578125,57186545,24639167000.0,1685046000.0,74226938000.0,12610389000.0,38536520000.0,1426310000.0,19.434063,18.73,120.618,347252944,LTFOODS.NS,0.32723216834317165,0.02162541044061389,0.04165368331131093,0
2025-12-31,406.5066604098944,432.58651285137887,361.22845575910526,388.4053649902344,39494616,28092011000.0,1573521000.0,74226938000.0,12610389000.0,38536520000.0,1426310000.0,19.434063,18.73,120.618,347252944,LTFOODS.NS,0.32723216834317165,0.02162541044061389,0.04165368331131093,0
2026-03-31,388.7543879094959,471.95001220703125,332.25635910144365,364.0,160452374,28092011000.0,1573521000.0,74226938000.0,12610389000.0,38536520000.0,1426310000.0,19.434063,18.73,120.618,347252944,LTFOODS.NS,0.32723216834317165,0.02162541044061389,0.04165368331131093,0
2016-03-31,224.589257631581,235.7174571546002,215.40084500279005,231.7884063720703,123524,28092011000.0,1573521000.0,74226938000.0,12610389000.0,38536520000.0,1426310000.0,19.434063,18.73,35.722,114462000,MANPASAND.NS,0.32723216834317165,0.02162541044061389,0.04165368331131093,1
2016-06-30,225.8699951171875,291.94250180707587,219.92671130760436,275.2067565917969,5783536,28092011000.0,1573521000.0,74226938000.0,12610389000.0,38536520000.0,1426310000.0,19.434063,18.73,35.722,114462000,MANPASAND.NS,0.32723216834317165,0.02162541044061389,0.04165368331131093,1
2016-09-30,274.03801873696506,382.83261386744476,274.03801873696506,373.55706787109375,16513360,28092011000.0,1573521000.0,74226938000.0,12610389000.0,38536520000.0,1426310000.0,19.434063,18.73,35.722,114462000,MANPASAND.NS,0.32723216834317165,0.02162541044061389,0.04165368331131093,0
2016-12-31,373.5073750115083,386.438340135738,251.7071667594685,274.4856262207031,11469854,28092011000.0,1573521000.0,74226938000.0,12610389000.0,38536520000.0,1426310000.0,19.434063,18.73,35.722,114462000,MANPASAND.NS,0.32723216834317165,0.02162541044061389,0.04165368331131093,1
2017-03-31,274.0379935858481,376.9887650097552,265.06090218274466,350.3807067871094,9187260,28092011000.0,1573521000.0,74226938000.0,12610389000.0,38536520000.0,1426310000.0,19.434063,18.73,35.722,114462000,MANPASAND.NS,0.32723216834317165,0.02162541044061389,0.04165368331131093,1
2017-06-30,360.07899371216735,441.643834936568,334.83863422546216,391.58587646484375,14061684,28092011000.0,1573521000.0,74226938000.0,12610389000.0,38536520000.0,1426310000.0,19.434063,18.73,35.722,114462000,MANPASAND.NS,0.32723216834317165,0.02162541044061389,0.04165368331131093,1
2017-09-30,394.8683890096915,509.9511830473219,365.6990041931547,465.3304443359375,14613840,28092011000.0,1573521000.0,74226938000.0,12610389000.0,38536520000.0,1426310000.0,19.434063,18.73,35.722,114462000,MANPASAND.NS,0.32723216834317165,0.02162541044061389,0.04165368331131093,0
2017-12-31,473.49761627046246,493.01919773299477,347.55364093151866,436.197509765625,9621367,28092011000.0,1573521000.0,74226938000.0,12610389000.0,38536520000.0,1426310000.0,19.434063,18.73,35.722,114462000,MANPASAND.NS,0.32723216834317165,0.02162541044061389,0.04165368331131093,0
2018-03-31,436.2472985554136,496.90358600477106,352.83243046123897,368.3201904296875,10970007,28092011000.0,1573521000.0,74226938000.0,12610389000.0,38536520000.0,1426310000.0,19.434063,18.73,35.722,114462000,MANPASAND.NS,0.32723216834317165,0.02162541044061389,0.04165368331131093,0
2018-06-30,373.1010150076141,456.16725845607164,128.03558977891174,148.05516052246094,62665635,28092011000.0,1573521000.0,74226938000.0,12610389000.0,38536520000.0,1426310000.0,19.434063,18.73,35.722,114462000,MANPASAND.NS,0.32723216834317165,0.02162541044061389,0.04165368331131093,0
2018-09-30,154.28014509683234,179.87730804120002,103.63363569762839,108.05000305175781,55334110,28092011000.0,1573521000.0,74226938000.0,12610389000.0,38536520000.0,1426310000.0,19.434063,18.73,35.722,114462000,MANPASAND.NS,0.32723216834317165,0.02162541044061389,0.04165368331131093,0
2018-12-31,105.0,111.9000015258789,78.0,88.8499984741211,22988790,28092011000.0,1573521000.0,74226938000.0,12610389000.0,38536520000.0,1426310000.0,19.434063,18.73,35.722,114462000,MANPASAND.NS,0.32723216834317165,0.02162541044061389,0.04165368331131093,1
2019-03-31,89.19999694824219,130.0,59.650001525878906,119.5999984741211,32544064,28092011000.0,1573521000.0,74226938000.0,12610389000.0,38536520000.0,1426310000.0,19.434063,18.73,35.722,114462000,MANPASAND.NS,0.32723216834317165,0.02162541044061389,0.04165368331131093,0
2019-06-30,120.0,128.5,25.299999237060547,35.45000076293945,25726525,28092011000.0,1573521000.0,74226938000.0,12610389000.0,38536520000.0,1426310000.0,19.434063,18.73,35.722,114462000,MANPASAND.NS,0.32723216834317165,0.02162541044061389,0.04165368331131093,0
2019-09-30,36.099998474121094,46.400001525878906,7.449999809265137,7.449999809265137,32965765,28092011000.0,1573521000.0,74226938000.0,12610389000.0,38536520000.0,1426310000.0,19.434063,18.73,35.722,114462000,MANPASAND.NS,0.32723216834317165,0.02162541044061389,0.04165368331131093,1
2019-12-31,7.099999904632568,14.399999618530273,4.199999809265137,11.800000190734863,10161663,28092011000.0,1573521000.0,74226938000.0,12610389000.0,38536520000.0,1426310000.0,19.434063,18.73,35.722,114462000,MANPASAND.NS,0.32723216834317165,0.02162541044061389,0.04165368331131093,0
2020-03-31,11.800000190734863,11.800000190734863,6.300000190734863,6.300000190734863,352011,28092011000.0,1573521000.0,74226938000.0,12610389000.0,38536520000.0,1426310000.0,19.434063,18.73,35.722,114462000,MANPASAND.NS,0.32723216834317165,0.02162541044061389,0.04165368331131093,0
2020-06-30,6.300000190734863,6.5,4.800000190734863,5.849999904632568,3537962,28092011000.0,1573521000.0,74226938000.0,12610389000.0,38536520000.0,1426310000.0,19.434063,18.73,35.722,114462000,MANPASAND.NS,0.32723216834317165,0.02162541044061389,0.04165368331131093,0
2020-09-30,5.849999904632568,5.849999904632568,5.849999904632568,5.849999904632568,0,28092011000.0,1573521000.0,74226938000.0,12610389000.0,38536520000.0,1426310000.0,19.434063,18.73,35.722,114462000,MANPASAND.NS,0.32723216834317165,0.02162541044061389,0.04165368331131093,0
2020-12-31,5.849999904632568,5.849999904632568,5.849999904632568,5.849999904632568,0,28092011000.0,1573521000.0,74226938000.0,12610389000.0,38536520000.0,1426310000.0,19.434063,18.73,35.722,114462000,MANPASAND.NS,0.32723216834317165,0.02162541044061389,0.04165368331131093,0
2021-03-31,5.849999904632568,5.849999904632568,5.849999904632568,5.849999904632568,0,28092011000.0,1573521000.0,74226938000.0,12610389000.0,38536520000.0,1426310000.0,19.434063,18.73,35.722,114462000,MANPASAND.NS,0.32723216834317165,0.02162541044061389,0.04165368331131093,0
2021-06-30,5.849999904632568,5.849999904632568,5.849999904632568,5.849999904632568,0,28092011000.0,1573521000.0,74226938000.0,12610389000.0,38536520000.0,1426310000.0,19.434063,18.73,35.722,114462000,MANPASAND.NS,0.32723216834317165,0.02162541044061389,0.04165368331131093,0
2021-09-30,5.849999904632568,5.849999904632568,5.849999904632568,5.849999904632568,0,28092011000.0,1573521000.0,74226938000.0,12610389000.0,38536520000.0,1426310000.0,19.434063,18.73,35.722,114462000,MANPASAND.NS,0.32723216834317165,0.02162541044061389,0.04165368331131093,0
2021-12-31,5.849999904632568,5.849999904632568,5.849999904632568,5.849999904632568,0,28092011000.0,1573521000.0,74226938000.0,12610389000.0,38536520000.0,1426310000.0,19.434063,18.73,35.722,114462000,MANPASAND.NS,0.32723216834317165,0.02162541044061389,0.04165368331131093,0
2022-03-31,5.849999904632568,5.849999904632568,5.849999904632568,5.849999904632568,0,28092011000.0,1573521000.0,74226938000.0,12610389000.0,38536520000.0,1426310000.0,19.434063,18.73,35.722,114462000,MANPASAND.NS,0.32723216834317165,0.02162541044061389,0.04165368331131093,0
2022-06-30,5.849999904632568,5.849999904632568,5.849999904632568,5.849999904632568,0,28092011000.0,1573521000.0,74226938000.0,12610389000.0,38536520000.0,1426310000.0,19.434063,18.73,35.722,114462000,MANPASAND.NS,0.32723216834317165,0.02162541044061389,0.04165368331131093,0
2022-09-30,5.849999904632568,5.849999904632568,5.849999904632568,5.849999904632568,0,28092011000.0,1573521000.0,74226938000.0,12610389000.0,38536520000.0,1426310000.0,19.434063,18.73,35.722,114462000,MANPASAND.NS,0.32723216834317165,0.02162541044061389,0.04165368331131093,0
2022-12-31,5.849999904632568,5.849999904632568,5.849999904632568,5.849999904632568,0,28092011000.0,1573521000.0,74226938000.0,12610389000.0,38536520000.0,1426310000.0,19.434063,18.73,35.722,114462000,MANPASAND.NS,0.32723216834317165,0.02162541044061389,0.04165368331131093,0
2023-03-31,5.849999904632568,5.849999904632568,5.849999904632568,5.849999904632568,0,28092011000.0,1573521000.0,74226938000.0,12610389000.0,38536520000.0,1426310000.0,19.434063,18.73,35.722,114462000,MANPASAND.NS,0.32723216834317165,0.02162541044061389,0.04165368331131093,0
2023-06-30,5.849999904632568,5.849999904632568,5.849999904632568,5.849999904632568,0,28092011000.0,1573521000.0,74226938000.0,12610389000.0,38536520000.0,1426310000.0,19.434063,18.73,35.722,114462000,MANPASAND.NS,0.32723216834317165,0.02162541044061389,0.04165368331131093,0
2023-09-30,5.849999904632568,5.849999904632568,5.849999904632568,5.849999904632568,0,28092011000.0,1573521000.0,74226938000.0,12610389000.0,38536520000.0,1426310000.0,19.434063,18.73,35.722,114462000,MANPASAND.NS,0.32723216834317165,0.02162541044061389,0.04165368331131093,0
2023-12-31,5.849999904632568,5.849999904632568,5.849999904632568,5.849999904632568,0,28092011000.0,1573521000.0,74226938000.0,12610389000.0,38536520000.0,1426310000.0,19.434063,18.73,35.722,114462000,MANPASAND.NS,0.32723216834317165,0.02162541044061389,0.04165368331131093,0
2024-03-31,5.849999904632568,5.849999904632568,5.849999904632568,5.849999904632568,0,28092011000.0,1573521000.0,74226938000.0,12610389000.0,38536520000.0,1426310000.0,19.434063,18.73,35.722,114462000,MANPASAND.NS,0.32723216834317165,0.02162541044061389,0.04165368331131093,0
2024-06-30,5.849999904632568,5.849999904632568,5.849999904632568,5.849999904632568,0,28092011000.0,1573521000.0,74226938000.0,12610389000.0,38536520000.0,1426310000.0,19.434063,18.73,35.722,114462000,MANPASAND.NS,0.32723216834317165,0.02162541044061389,0.04165368331131093,0
2024-09-30,5.849999904632568,5.849999904632568,5.849999904632568,5.849999904632568,0,28092011000.0,1573521000.0,74226938000.0,12610389000.0,38536520000.0,1426310000.0,19.434063,18.73,35.722,114462000,MANPASAND.NS,0.32723216834317165,0.02162541044061389,0.04165368331131093,0
2024-12-31,5.849999904632568,5.849999904632568,5.849999904632568,5.849999904632568,0,28092011000.0,1573521000.0,74226938000.0,12610389000.0,38536520000.0,1426310000.0,19.434063,18.73,35.722,114462000,MANPASAND.NS,0.32723216834317165,0.02162541044061389,0.04165368331131093,0
2025-03-31,5.849999904632568,5.849999904632568,5.849999904632568,5.849999904632568,0,28092011000.0,1573521000.0,74226938000.0,12610389000.0,38536520000.0,1426310000.0,19.434063,18.73,35.722,114462000,MANPASAND.NS,0.32723216834317165,0.02162541044061389,0.04165368331131093,0
2025-06-30,5.849999904632568,5.849999904632568,5.849999904632568,5.849999904632568,0,28092011000.0,1573521000.0,74226938000.0,12610389000.0,38536520000.0,1426310000.0,19.434063,18.73,35.722,114462000,MANPASAND.NS,0.32723216834317165,0.02162541044061389,0.04165368331131093,0
2025-09-30,5.849999904632568,5.849999904632568,5.849999904632568,5.849999904632568,0,28092011000.0,1573521000.0,74226938000.0,12610389000.0,38536520000.0,1426310000.0,19.434063,18.73,35.722,114462000,MANPASAND.NS,0.32723216834317165,0.02162541044061389,0.04165368331131093,0
2016-03-31,212.84787808698601,217.8825926905091,204.29748509555063,212.0666046142578,7157509,28092011000.0,1573521000.0,74226938000.0,12610389000.0,38536520000.0,1426310000.0,54.73962,13.25,31.258,1295319565,MARICO.NS,0.32723216834317165,0.02162541044061389,0.04165368331131093,1
2016-06-30,212.28361924945506,233.7246489009595,208.33396610923398,228.82017517089844,61877936,28092011000.0,1573521000.0,74226938000.0,12610389000.0,38536520000.0,1426310000.0,54.73962,13.25,31.258,1295319565,MARICO.NS,0.32723216834317165,0.02162541044061389,0.04165368331131093,1
2016-09-30,229.9486279466015,266.4070429766015,227.8653127924577,239.1499786376953,76433769,28092011000.0,1573521000.0,74226938000.0,12610389000.0,38536520000.0,1426310000.0,54.73962,13.25,31.258,1295319565,MARICO.NS,0.32723216834317165,0.02162541044061389,0.04165368331131093,0
2016-12-31,240.88612739076007,251.65004903416545,203.82003574933992,227.509765625,83363123,28092011000.0,1573521000.0,74226938000.0,12610389000.0,38536520000.0,1426310000.0,54.73962,13.25,31.258,1295319565,MARICO.NS,0.32723216834317165,0.02162541044061389,0.04165368331131093,1
2017-03-31,227.1167087525868,263.9498189186291,220.6088976880107,259.4619445800781,76338587,28092011000.0,1573521000.0,74226938000.0,12610389000.0,38536520000.0,1426310000.0,54.73962,13.25,31.258,1295319565,MARICO.NS,0.32723216834317165,0.02162541044061389,0.04165368331131093,1
2017-06-30,260.8699397915241,288.6332630668612,257.8779879356855,276.62152099609375,69051783,28092011000.0,1573521000.0,74226938000.0,12610389000.0,38536520000.0,1426310000.0,54.73962,13.25,31.258,1295319565,MARICO.NS,0.32723216834317165,0.02162541044061389,0.04165368331131093,0
2017-09-30,276.3135893701048,306.8487969058298,270.5057379498014,273.45355224609375,79260021,28092011000.0,1573521000.0,74226938000.0,12610389000.0,38536520000.0,1426310000.0,54.73962,13.25,31.258,1295319565,MARICO.NS,0.32723216834317165,0.02162541044061389,0.04165368331131093,1
2017-12-31,277.19352641058117,287.86934775119835,255.08263364553395,285.39154052734375,49863538,28092011000.0,1573521000.0,74226938000.0,12610389000.0,38536520000.0,1426310000.0,54.73962,13.25,31.258,1295319565,MARICO.NS,0.32723216834317165,0.02162541044061389,0.04165368331131093,1
2018-03-31,285.3915477921242,297.7932492286487,251.4543230203382,290.8792419433594,70702209,28092011000.0,1573521000.0,74226938000.0,12610389000.0,38536520000.0,1426310000.0,54.73962,13.25,31.258,1295319565,MARICO.NS,0.32723216834317165,0.02162541044061389,0.04165368331131093,1
2018-06-30,291.9498030229085,314.8329886527052,271.69844707247637,295.87518310546875,95632263,28092011000.0,1573521000.0,74226938000.0,12610389000.0,38536520000.0,1426310000.0,54.73962,13.25,31.258,1295319565,MARICO.NS,0.32723216834317165,0.02162541044061389,0.04165368331131093,1
2018-09-30,295.87515692027756,346.0129677034258,285.48186787821516,297.1241455078125,121660842,28092011000.0,1573521000.0,74226938000.0,12610389000.0,38536520000.0,1426310000.0,54.73962,13.25,31.258,1295319565,MARICO.NS,0.32723216834317165,0.02162541044061389,0.04165368331131093,1
2018-12-31,297.9717104569111,355.9099518658273,252.4283831001169,335.09014892578125,119740449,28092011000.0,1573521000.0,74226938000.0,12610389000.0,38536520000.0,1426310000.0,54.73962,13.25,31.258,1295319565,MARICO.NS,0.32723216834317165,0.02162541044061389,0.04165368331131093,0
2019-03-31,336.88501207173033,351.24337110544144,293.2080539907402,305.27996826171875,99773056,28092011000.0,1573521000.0,74226938000.0,12610389000.0,38536520000.0,1426310000.0,54.73962,13.25,31.258,1295319565,MARICO.NS,0.32723216834317165,0.02162541044061389,0.04165368331131093,1
2019-06-30,314.09662016391775,344.02778956878984,305.23486188994843,335.0755615234375,117420723,28092011000.0,1573521000.0,74226938000.0,12610389000.0,38536520000.0,1426310000.0,54.73962,13.25,31.258,1295319565,MARICO.NS,0.32723216834317165,0.02162541044061389,0.04165368331131093,1
2019-09-30,335.6180935847516,365.3232309769611,316.8546081855843,356.50665283203125,113318733,28092011000.0,1573521000.0,74226938000.0,12610389000.0,38536520000.0,1426310000.0,54.73962,13.25,31.258,1295319565,MARICO.NS,0.32723216834317165,0.02162541044061389,0.04165368331131093,0
2019-12-31,356.28055916892714,362.52005881874453,298.453215291214,311.20758056640625,118821046,28092011000.0,1573521000.0,74226938000.0,12610389000.0,38536520000.0,1426310000.0,54.73962,13.25,31.258,1295319565,MARICO.NS,0.32723216834317165,0.02162541044061389,0.04165368331131093,0
2020-03-31,311.43542452644897,322.45881895011314,216.04943504682169,253.7657928466797,179676629,28092011000.0,1573521000.0,74226938000.0,12610389000.0,38536520000.0,1426310000.0,54.73962,13.25,31.258,1295319565,MARICO.NS,0.32723216834317165,0.02162541044061389,0.04165368331131093,1
2020-06-30,255.79697803237778,327.44419422526323,237.28505896033627,324.9051513671875,226682529,28092011000.0,1573521000.0,74226938000.0,12610389000.0,38536520000.0,1426310000.0,54.73962,13.25,31.258,1295319565,MARICO.NS,0.32723216834317165,0.02162541044061389,0.04165368331131093,1
2020-09-30,327.7672820451521,353.4347170811185,307.4549701384702,335.1535949707031,177730755,28092011000.0,1573521000.0,74226938000.0,12610389000.0,38536520000.0,1426310000.0,54.73962,13.25,31.258,1295319565,MARICO.NS,0.32723216834317165,0.02162541044061389,0.04165368331131093,1
2020-12-31,335.1535925531374,391.6835327505448,319.2269027908078,374.7894592285156,208772205,28092011000.0,1573521000.0,74226938000.0,12610389000.0,38536520000.0,1426310000.0,54.73962,13.25,31.258,1295319565,MARICO.NS,0.32723216834317165,0.02162541044061389,0.04165368331131093,1
2021-03-31,375.67371489700014,403.9237211210043,356.87067940358963,387.18255615234375,144509978,28092011000.0,1573521000.0,74226938000.0,12610389000.0,38536520000.0,1426310000.0,54.73962,13.25,31.258,1295319565,MARICO.NS,0.32723216834317165,0.02162541044061389,0.04165368331131093,1
2021-06-30,387.1825337354677,511.91322651470495,375.60381830284206,499.6755065917969,163958172,28092011000.0,1573521000.0,74226938000.0,12610389000.0,38536520000.0,1426310000.0,54.73962,13.25,31.258,1295319565,MARICO.NS,0.32723216834317165,0.02162541044061389,0.04165368331131093,1
2021-09-30,500.8049677525804,552.909401244736,481.0364340647546,515.396240234375,165106365,28092011000.0,1573521000.0,74226938000.0,12610389000.0,38536520000.0,1426310000.0,54.73962,13.25,31.258,1295319565,MARICO.NS,0.32723216834317165,0.02162541044061389,0.04165368331131093,0
2021-12-31,513.0427383822457,572.0663361222028,462.38942925034496,485.1990051269531,100506593,28092011000.0,1573521000.0,74226938000.0,12610389000.0,38536520000.0,1426310000.0,54.73962,13.25,31.258,1295319565,MARICO.NS,0.32723216834317165,0.02162541044061389,0.04165368331131093,0
2022-03-31,486.05075165323746,512.7449112911435,431.25116756078336,482.7469177246094,95414275,28092011000.0,1573521000.0,74226938000.0,12610389000.0,38536520000.0,1426310000.0,54.73962,13.25,31.258,1295319565,MARICO.NS,0.32723216834317165,0.02162541044061389,0.04165368331131093,0
2022-06-30,486.43671124637683,528.9418794344324,451.45508669287665,458.0201721191406,109525510,28092011000.0,1573521000.0,74226938000.0,12610389000.0,38536520000.0,1426310000.0,54.73962,13.25,31.258,1295319565,MARICO.NS,0.32723216834317165,0.02162541044061389,0.04165368331131093,1
2022-09-30,458.11599313652727,531.289878366345,457.7326383224342,515.476318359375,89794640,28092011000.0,1573521000.0,74226938000.0,12610389000.0,38536520000.0,1426310000.0,54.73962,13.25,31.258,1295319565,MARICO.NS,0.32723216834317165,0.02162541044061389,0.04165368331131093,0
2022-12-31,517.536880449938,519.4536543157639,461.4703778433041,488.6410827636719,87706144,28092011000.0,1573521000.0,74226938000.0,12610389000.0,38536520000.0,1426310000.0,54.73962,13.25,31.258,1295319565,MARICO.NS,0.32723216834317165,0.02162541044061389,0.04165368331131093,0
2023-03-31,488.6411088769635,503.06509095983927,454.53181350086027,464.0092468261719,73278663,28092011000.0,1573521000.0,74226938000.0,12610389000.0,38536520000.0,1426310000.0,54.73962,13.25,31.258,1295319565,MARICO.NS,0.32723216834317165,0.02162541044061389,0.04165368331131093,1
2023-06-30,467.34572100241684,540.3609569079499,447.4720993771178,513.475830078125,88608866,28092011000.0,1573521000.0,74226938000.0,12610389000.0,38536520000.0,1426310000.0,54.73962,13.25,31.258,1295319565,MARICO.NS,0.32723216834317165,0.02162541044061389,0.04165368331131093,1
2023-09-30,517.2475140601103,572.2748864591558,496.40674166615236,543.16552734375,105192147,28092011000.0,1573521000.0,74226938000.0,12610389000.0,38536520000.0,1426310000.0,54.73962,13.25,31.258,1295319565,MARICO.NS,0.32723216834317165,0.02162541044061389,0.04165368331131093,0
2023-12-31,557.4783683809919,575.4178543890129,501.8858152078207,533.4451293945312,91359812,28092011000.0,1573521000.0,74226938000.0,12610389000.0,38536520000.0,1426310000.0,54.73962,13.25,31.258,1295319565,MARICO.NS,0.32723216834317165,0.02162541044061389,0.04165368331131093,0
2024-03-31,534.9040445175629,542.1981504111936,478.95665101004687,489.6921081542969,93353955,28092011000.0,1573521000.0,74226938000.0,12610389000.0,38536520000.0,1426310000.0,54.73962,13.25,31.258,1295319565,MARICO.NS,0.32723216834317165,0.02162541044061389,0.04165368331131093,1
2024-06-30,489.69208536780457,657.1250186793616,483.1424888707849,603.7434692382812,193337460,28092011000.0,1573521000.0,74226938000.0,12610389000.0,38536520000.0,1426310000.0,54.73962,13.25,31.258,1295319565,MARICO.NS,0.32723216834317165,0.02162541044061389,0.04165368331131093,1
2024-09-30,604.925332671213,702.7258371256456,591.924678076626,684.8992309570312,186352966,28092011000.0,1573521000.0,81240000000.0,4980000000.0,46550000000.0,2160000000.0,54.73962,13.25,31.258,1295319565,MARICO.NS,0.10698174006444683,0.02162541044061389,0.04165368331131093,0
2024-12-31,683.5202889422585,708.9799171764478,570.8477879292012,629.84326171875,138778520,27940000000.0,3990000000.0,81240000000.0,4980000000.0,46550000000.0,2160000000.0,54.73962,13.25,31.258,1295319565,MARICO.NS,0.10698174006444683,0.02162541044061389,0.04165368331131093,1
2025-03-31,626.3961329489762,725.7725730931097,572.1512228442679,645.2235107421875,106385462,26320000000.0,3430000000.0,83380000000.0,5540000000.0,39750000000.0,3200000000.0,54.73962,13.25,31.258,1295319565,MARICO.NS,0.13937106918238995,0.04113696330055169,0.08628930817610063,1
2025-06-30,634.6784872819622,732.9001705634498,634.6784872819622,715.2261962890625,151379724,32590000000.0,5040000000.0,83380000000.0,5540000000.0,39750000000.0,3200000000.0,54.73962,13.25,31.258,1295319565,MARICO.NS,0.13937106918238995,0.04113696330055169,0.08628930817610063,0
2025-09-30,716.8104554079764,759.0,683.3933069240197,697.4000244140625,128342871,34820000000.0,4200000000.0,86790000000.0,5750000000.0,40520000000.0,4190000000.0,54.73962,13.25,31.258,1295319565,MARICO.NS,0.14190523198420532,0.04839267196681645,0.10365251727541955,1
2025-12-31,697.0,765.2999877929688,691.2999877929688,750.5999755859375,100749768,35370000000.0,4470000000.0,86790000000.0,5750000000.0,40520000000.0,4190000000.0,54.73962,13.25,31.258,1295319565,MARICO.NS,0.14190523198420532,0.04839267196681645,0.10365251727541955,0
2026-03-31,755.0,813.5,708.2999877929688,725.2999877929688,97633265,35370000000.0,4470000000.0,86790000000.0,5750000000.0,40520000000.0,4190000000.0,54.73962,13.25,31.258,1295319565,MARICO.NS,0.14190523198420532,0.04839267196681645,0.10365251727541955,0
2018-06-30,17.685657895756446,17.934751510620117,12.34398015108367,13.423386573791504,1382400,35370000000.0,4470000000.0,86790000000.0,5750000000.0,40520000000.0,4190000000.0,28.063063,1.11,15.232,37936399,NARMADA.NS,0.14190523198420532,0.04839267196681645,0.10365251727541955,1
2018-09-30,13.423386573791504,19.097189168343768,12.482364244447828,15.194720268249512,2527200,35370000000.0,4470000000.0,86790000000.0,5750000000.0,40520000000.0,4190000000.0,28.063063,1.11,15.232,37936399,NARMADA.NS,0.14190523198420532,0.04839267196681645,0.10365251727541955,0
2018-12-31,14.170668442216193,15.000980377197266,11.070834159851074,11.070834159851074,223200,35370000000.0,4470000000.0,86790000000.0,5750000000.0,40520000000.0,4190000000.0,28.063063,1.11,15.232,37936399,NARMADA.NS,0.14190523198420532,0.04839267196681645,0.10365251727541955,0
2019-03-31,11.070834159851074,12.067209243774414,9.797688484191895,9.797688484191895,720000,35370000000.0,4470000000.0,86790000000.0,5750000000.0,40520000000.0,4190000000.0,28.063063,1.11,15.232,37936399,NARMADA.NS,0.14190523198420532,0.04839267196681645,0.10365251727541955,1
2019-06-30,10.295875549316406,14.25369930267334,9.686980400433729,10.517292022705078,568800,35370000000.0,4470000000.0,86790000000.0,5750000000.0,40520000000.0,4190000000.0,28.063063,1.11,15.232,37936399,NARMADA.NS,0.14190523198420532,0.04839267196681645,0.10365251727541955,1
2019-09-30,10.517292022705078,12.36111068725586,9.991427026841437,12.36111068725586,187200,35370000000.0,4470000000.0,86790000000.0,5750000000.0,40520000000.0,4190000000.0,28.063063,1.11,15.232,37936399,NARMADA.NS,0.14190523198420532,0.04839267196681645,0.10365251727541955,0
2019-12-31,11.75,15.277776718139648,10.583333015441895,11.166666030883789,367200,35370000000.0,4470000000.0,86790000000.0,5750000000.0,40520000000.0,4190000000.0,28.063063,1.11,15.232,37936399,NARMADA.NS,0.14190523198420532,0.04839267196681645,0.10365251727541955,1
2020-03-31,11.166666030883789,15.944443702697754,11.11111068725586,11.75,396000,35370000000.0,4470000000.0,86790000000.0,5750000000.0,40520000000.0,4190000000.0,28.063063,1.11,15.232,37936399,NARMADA.NS,0.14190523198420532,0.04839267196681645,0.10365251727541955,1
2020-06-30,11.75,16.5,11.300000190734863,16.25,252000,35370000000.0,4470000000.0,86790000000.0,5750000000.0,40520000000.0,4190000000.0,28.063063,1.11,15.232,37936399,NARMADA.NS,0.14190523198420532,0.04839267196681645,0.10365251727541955,0
2020-09-30,16.25,16.700000762939453,13.050000190734863,13.699999809265137,158400,35370000000.0,4470000000.0,86790000000.0,5750000000.0,40520000000.0,4190000000.0,28.063063,1.11,15.232,37936399,NARMADA.NS,0.14190523198420532,0.04839267196681645,0.10365251727541955,0
2020-12-31,13.699999809265137,14.300000190734863,12.949999809265137,12.949999809265137,28800,35370000000.0,4470000000.0,86790000000.0,5750000000.0,40520000000.0,4190000000.0,28.063063,1.11,15.232,37936399,NARMADA.NS,0.14190523198420532,0.04839267196681645,0.10365251727541955,0
2021-03-31,12.949999809265137,12.949999809265137,10.149999618530273,10.149999618530273,79200,35370000000.0,4470000000.0,86790000000.0,5750000000.0,40520000000.0,4190000000.0,28.063063,1.11,15.232,37936399,NARMADA.NS,0.14190523198420532,0.04839267196681645,0.10365251727541955,1
2021-06-30,10.149999618530273,15.0,9.5,14.5,388800,35370000000.0,4470000000.0,86790000000.0,5750000000.0,40520000000.0,4190000000.0,28.063063,1.11,15.232,37936399,NARMADA.NS,0.14190523198420532,0.04839267196681645,0.10365251727541955,0
2021-09-30,14.5,15.199999809265137,13.5,13.5,79200,35370000000.0,4470000000.0,86790000000.0,5750000000.0,40520000000.0,4190000000.0,28.063063,1.11,15.232,37936399,NARMADA.NS,0.14190523198420532,0.04839267196681645,0.10365251727541955,0
2021-12-31,13.5,14.149999618530273,12.899999618530273,12.899999618530273,64800,35370000000.0,4470000000.0,86790000000.0,5750000000.0,40520000000.0,4190000000.0,28.063063,1.11,15.232,37936399,NARMADA.NS,0.14190523198420532,0.04839267196681645,0.10365251727541955,1
2022-03-31,12.899999618530273,20.5,12.350000381469727,19.899999618530273,784800,35370000000.0,4470000000.0,86790000000.0,5750000000.0,40520000000.0,4190000000.0,28.063063,1.11,15.232,37936399,NARMADA.NS,0.14190523198420532,0.04839267196681645,0.10365251727541955,1
2022-06-30,19.899999618530273,23.5,19.0,23.0,309600,35370000000.0,4470000000.0,86790000000.0,5750000000.0,40520000000.0,4190000000.0,28.063063,1.11,15.232,37936399,NARMADA.NS,0.14190523198420532,0.04839267196681645,0.10365251727541955,0
2022-09-30,23.0,26.0,22.399999618530273,22.399999618530273,180000,35370000000.0,4470000000.0,86790000000.0,5750000000.0,40520000000.0,4190000000.0,28.063063,1.11,15.232,37936399,NARMADA.NS,0.14190523198420532,0.04839267196681645,0.10365251727541955,1
2022-12-31,22.399999618530273,27.25,19.200000762939453,24.25,1237996,35370000000.0,4470000000.0,86790000000.0,5750000000.0,40520000000.0,4190000000.0,28.063063,1.11,15.232,37936399,NARMADA.NS,0.14190523198420532,0.04839267196681645,0.10365251727541955,0
2023-03-31,24.25,31.299999237060547,18.350000381469727,22.950000762939453,2788345,35370000000.0,4470000000.0,86790000000.0,5750000000.0,40520000000.0,4190000000.0,28.063063,1.11,15.232,37936399,NARMADA.NS,0.14190523198420532,0.04839267196681645,0.10365251727541955,0
2023-06-30,25.850000381469727,30.049999237060547,19.049999237060547,19.950000762939453,2703591,35370000000.0,4470000000.0,86790000000.0,5750000000.0,40520000000.0,4190000000.0,28.063063,1.11,15.232,37936399,NARMADA.NS,0.14190523198420532,0.04839267196681645,0.10365251727541955,0
2023-09-30,19.950000762939453,23.5,18.799999237060547,19.299999237060547,3998118,35370000000.0,4470000000.0,86790000000.0,5750000000.0,40520000000.0,4190000000.0,28.063063,1.11,15.232,37936399,NARMADA.NS,0.14190523198420532,0.04839267196681645,0.10365251727541955,1
2023-12-31,19.350000381469727,25.950000762939453,17.799999237060547,22.25,7781805,35370000000.0,4470000000.0,86790000000.0,5750000000.0,40520000000.0,4190000000.0,28.063063,1.11,15.232,37936399,NARMADA.NS,0.14190523198420532,0.04839267196681645,0.10365251727541955,0
2024-03-31,22.0,34.95000076293945,20.0,20.350000381469727,12058612,35370000000.0,4470000000.0,86790000000.0,5750000000.0,40520000000.0,4190000000.0,28.063063,1.11,15.232,37936399,NARMADA.NS,0.14190523198420532,0.04839267196681645,0.10365251727541955,1
2024-06-30,20.799999237060547,24.799999237060547,18.200000762939453,21.940000534057617,1383145,35370000000.0,4470000000.0,86790000000.0,5750000000.0,40520000000.0,4190000000.0,28.063063,1.11,15.232,37936399,NARMADA.NS,0.14190523198420532,0.04839267196681645,0.10365251727541955,0
2024-09-30,22.350000381469727,26.0,17.04585838317871,17.860000610351562,4212405,35370000000.0,4470000000.0,338968000.0,107554000.0,192114000.0,5773000.0,28.063063,1.11,15.232,37936399,NARMADA.NS,0.5598446755572213,0.04839267196681645,0.10365251727541955,1
2024-12-31,18.110000610351562,22.959999084472656,14.420000076293945,21.3799991607666,23915516,138365000.0,10000000.0,338968000.0,107554000.0,192114000.0,5773000.0,28.063063,1.11,15.232,37936399,NARMADA.NS,0.5598446755572213,0.04839267196681645,0.10365251727541955,0
2025-03-31,21.450000762939453,23.770000457763672,15.319999694824219,16.260000228881836,8577704,292957000.0,7780000.0,664641000.0,94656000.0,558661000.0,3860000.0,28.063063,1.11,15.232,37936399,NARMADA.NS,0.1694336995064986,0.011705567366442937,0.013926155575563714,1
2025-06-30,15.899999618530273,20.049999237060547,14.819999694824219,17.90999984741211,5235016,110819000.0,10190000.0,664641000.0,94656000.0,558661000.0,3860000.0,28.063063,1.11,15.232,37936399,NARMADA.NS,0.1694336995064986,0.011705567366442937,0.013926155575563714,1
2025-09-30,18.219999313354492,26.290000915527344,17.219999313354492,24.6200008392334,18548770,119534000.0,10265000.0,707224000.0,105364000.0,579116000.0,969000.0,28.063063,1.11,15.232,37936399,NARMADA.NS,0.1819393696599645,0.014514496114385258,0.017725291651413535,0
2025-12-31,24.690000534057617,28.25,19.899999618530273,21.440000534057617,5850750,213535000.0,10135000.0,707224000.0,105364000.0,579116000.0,969000.0,28.063063,1.11,15.232,37936399,NARMADA.NS,0.1819393696599645,0.014514496114385258,0.017725291651413535,1
2026-03-31,21.399999618530273,35.9900016784668,21.299999237060547,31.149999618530273,12429667,213535000.0,10135000.0,707224000.0,105364000.0,579116000.0,969000.0,28.063063,1.11,15.232,37936399,NARMADA.NS,0.1819393696599645,0.014514496114385258,0.017725291651413535,0
2016-03-31,234.14897996236925,257.86324282799086,229.69181887936705,253.8226776123047,6261600,213535000.0,10135000.0,707224000.0,105364000.0,579116000.0,969000.0,68.83776,16.95,22.996,1928314320,NESTLEIND.NS,0.1819393696599645,0.014514496114385258,0.017725291651413535,1
2016-06-30,250.85332899888684,297.0581468801977,241.68561019868716,287.63690185546875,50794020,213535000.0,10135000.0,707224000.0,105364000.0,579116000.0,969000.0,68.83776,16.95,22.996,1928314320,NESTLEIND.NS,0.1819393696599645,0.014514496114385258,0.017725291651413535,0
2016-09-30,288.6360290247368,326.47611206393793,275.16985454287635,285.5042419433594,42041500,213535000.0,10135000.0,707224000.0,105364000.0,579116000.0,969000.0,68.83776,16.95,22.996,1928314320,NESTLEIND.NS,0.1819393696599645,0.014514496114385258,0.017725291651413535,0
2016-12-31,285.50652064565895,310.675623760807,251.02816583129183,268.2296142578125,43841660,213535000.0,10135000.0,707224000.0,105364000.0,579116000.0,969000.0,68.83776,16.95,22.996,1928314320,NESTLEIND.NS,0.1819393696599645,0.014514496114385258,0.017725291651413535,1
2017-03-31,268.3029438654121,299.00440552380195,259.3150485164488,297.2535400390625,47712820,213535000.0,10135000.0,707224000.0,105364000.0,579116000.0,969000.0,68.83776,16.95,22.996,1928314320,NESTLEIND.NS,0.1819393696599645,0.014514496114385258,0.017725291651413535,1
2017-06-30,294.20115988732914,311.46283733338885,278.881591491478,301.50653076171875,42370060,213535000.0,10135000.0,707224000.0,105364000.0,579116000.0,969000.0,68.83776,16.95,22.996,1928314320,NESTLEIND.NS,0.1819393696599645,0.014514496114385258,0.017725291651413535,1
2017-09-30,301.94061008036886,332.379530243526,292.9963508832403,323.7000427246094,58656000,213535000.0,10135000.0,707224000.0,105364000.0,579116000.0,969000.0,68.83776,16.95,22.996,1928314320,NESTLEIND.NS,0.1819393696599645,0.014514496114385258,0.017725291651413535,1
2017-12-31,327.44537079970246,362.10445072626766,318.9250725546097,354.53045654296875,57358740,213535000.0,10135000.0,707224000.0,105364000.0,579116000.0,969000.0,68.83776,16.95,22.996,1928314320,NESTLEIND.NS,0.1819393696599645,0.014514496114385258,0.017725291651413535,1
2018-03-31,355.8411797439228,371.60627228679226,310.22364711315197,369.5140075683594,79156800,213535000.0,10135000.0,707224000.0,105364000.0,579116000.0,969000.0,68.83776,16.95,22.996,1928314320,NESTLEIND.NS,0.1819393696599645,0.014514496114385258,0.017725291651413535,1
2018-06-30,369.34736959210267,461.42472369039496,368.0005827022195,443.87359619140625,80351740,213535000.0,10135000.0,707224000.0,105364000.0,579116000.0,969000.0,68.83776,16.95,22.996,1928314320,NESTLEIND.NS,0.1819393696599645,0.014514496114385258,0.017725291651413535,0
2018-09-30,447.4888133310482,530.5864730207978,417.0327747334223,439.6842346191406,75948820,213535000.0,10135000.0,707224000.0,105364000.0,579116000.0,969000.0,68.83776,16.95,22.996,1928314320,NESTLEIND.NS,0.1819393696599645,0.014514496114385258,0.017725291651413535,1
2018-12-31,440.7856965145014,520.3406935182121,410.10194439060905,504.848876953125,92602880,213535000.0,10135000.0,707224000.0,105364000.0,579116000.0,969000.0,68.83776,16.95,22.996,1928314320,NESTLEIND.NS,0.1819393696599645,0.014514496114385258,0.017725291651413535,0
2019-03-31,507.8160574704198,535.1879783206125,456.8818764638367,504.31365966796875,109444800,213535000.0,10135000.0,707224000.0,105364000.0,579116000.0,969000.0,68.83776,16.95,22.996,1928314320,NESTLEIND.NS,0.1819393696599645,0.014514496114385258,0.017725291651413535,1
2019-06-30,500.0736113001444,546.693384663025,462.97608199709003,544.9824829101562,79727380,213535000.0,10135000.0,707224000.0,105364000.0,579116000.0,969000.0,68.83776,16.95,22.996,1928314320,NESTLEIND.NS,0.1819393696599645,0.014514496114385258,0.017725291651413535,1
2019-09-30,548.2488325882109,658.352810397868,515.3557987368276,646.5136108398438,109605420,213535000.0,10135000.0,707224000.0,105364000.0,579116000.0,969000.0,68.83776,16.95,22.996,1928314320,NESTLEIND.NS,0.1819393696599645,0.014514496114385258,0.017725291651413535,1
2019-12-31,646.4834482637982,705.0342430456005,620.7385804190922,690.8751831054688,98477380,213535000.0,10135000.0,707224000.0,105364000.0,579116000.0,969000.0,68.83776,16.95,22.996,1928314320,NESTLEIND.NS,0.1819393696599645,0.014514496114385258,0.017725291651413535,1
2020-03-31,692.4475522599543,786.6561418080529,570.0695233892897,761.67822265625,139640400,213535000.0,10135000.0,707224000.0,105364000.0,579116000.0,969000.0,68.83776,16.95,22.996,1928314320,NESTLEIND.NS,0.1819393696599645,0.014514496114385258,0.017725291651413535,1
2020-06-30,761.661957773339,858.3726970484281,701.1387744753421,805.4822998046875,207705160,213535000.0,10135000.0,707224000.0,105364000.0,579116000.0,969000.0,68.83776,16.95,22.996,1928314320,NESTLEIND.NS,0.1819393696599645,0.014514496114385258,0.017725291651413535,0
2020-09-30,806.9151448615999,833.1603433969702,708.1906070936308,746.5852661132812,172933540,213535000.0,10135000.0,707224000.0,105364000.0,579116000.0,969000.0,68.83776,16.95,22.996,1928314320,NESTLEIND.NS,0.1819393696599645,0.014514496114385258,0.017725291651413535,1
2020-12-31,746.601586313965,890.8090912565475,721.088021928156,869.3590698242188,200890220,213535000.0,10135000.0,707224000.0,105364000.0,579116000.0,969000.0,68.83776,16.95,22.996,1928314320,NESTLEIND.NS,0.1819393696599645,0.014514496114385258,0.017725291651413535,0
2021-03-31,869.333044060684,880.6926201395836,756.4642897454131,811.4474487304688,145754480,213535000.0,10135000.0,707224000.0,105364000.0,579116000.0,969000.0,68.83776,16.95,22.996,1928314320,NESTLEIND.NS,0.1819393696599645,0.014514496114385258,0.017725291651413535,1
2021-06-30,811.4474977749138,864.5373509796952,772.5999417837814,838.0963745117188,92530140,213535000.0,10135000.0,707224000.0,105364000.0,579116000.0,969000.0,68.83776,16.95,22.996,1928314320,NESTLEIND.NS,0.1819393696599645,0.014514496114385258,0.017725291651413535,1
2021-09-30,837.9538323009772,979.5527053565223,825.1325753884545,924.2468872070312,83646860,213535000.0,10135000.0,707224000.0,105364000.0,579116000.0,969000.0,68.83776,16.95,22.996,1928314320,NESTLEIND.NS,0.1819393696599645,0.014514496114385258,0.017725291651413535,1
2021-12-31,924.2207139302064,960.1058208864588,884.2646508984063,942.1549072265625,66013980,213535000.0,10135000.0,707224000.0,105364000.0,579116000.0,969000.0,68.83776,16.95,22.996,1928314320,NESTLEIND.NS,0.1819393696599645,0.014514496114385258,0.017725291651413535,0
2022-03-31,941.6432864229716,957.4211117735038,802.7515857328175,830.986572265625,72294460,213535000.0,10135000.0,707224000.0,105364000.0,579116000.0,969000.0,68.83776,16.95,22.996,1928314320,NESTLEIND.NS,0.1819393696599645,0.014514496114385258,0.017725291651413535,1
2022-06-30,830.9865482924356,896.8358734402827,768.7603161612844,839.3902587890625,91404420,213535000.0,10135000.0,707224000.0,105364000.0,579116000.0,969000.0,68.83776,16.95,22.996,1928314320,NESTLEIND.NS,0.1819393696599645,0.014514496114385258,0.017725291651413535,1
2022-09-30,836.0268210942669,968.1575943549602,832.7139353126038,919.8601684570312,74647960,213535000.0,10135000.0,707224000.0,105364000.0,579116000.0,969000.0,68.83776,16.95,22.996,1928314320,NESTLEIND.NS,0.1819393696599645,0.014514496114385258,0.017725291651413535,1
2022-12-31,918.5484940359559,1011.4002936405464,884.5668318071213,947.6262817382812,72063380,213535000.0,10135000.0,707224000.0,105364000.0,579116000.0,969000.0,68.83776,16.95,22.996,1928314320,NESTLEIND.NS,0.1819393696599645,0.014514496114385258,0.017725291651413535,1
2023-03-31,948.1411462455214,975.804652815381,864.2026322387992,952.3870849609375,67830500,213535000.0,10135000.0,707224000.0,105364000.0,579116000.0,969000.0,68.83776,16.95,22.996,1928314320,NESTLEIND.NS,0.1819393696599645,0.014514496114385258,0.017725291651413535,1
2023-06-30,956.2296300456837,1125.7491345087249,935.9754263470762,1112.101806640625,91799460,213535000.0,10135000.0,707224000.0,105364000.0,579116000.0,969000.0,68.83776,16.95,22.996,1928314320,NESTLEIND.NS,0.1819393696599645,0.014514496114385258,0.017725291651413535,0
2023-09-30,1114.8075540662583,1136.4406826606935,1041.9442677727218,1093.28369140625,70653860,213535000.0,10135000.0,707224000.0,105364000.0,579116000.0,969000.0,68.83776,16.95,22.996,1928314320,NESTLEIND.NS,0.1819393696599645,0.014514496114385258,0.017725291651413535,1
2023-12-31,1093.2838786664888,1302.058567875149,1081.0549729775807,1298.6531982421875,102237260,213535000.0,10135000.0,707224000.0,105364000.0,579116000.0,969000.0,68.83776,16.95,22.996,1928314320,NESTLEIND.NS,0.1819393696599645,0.014514496114385258,0.017725291651413535,0
2024-03-31,1302.058810032524,1353.017384497474,1177.0319030685025,1284.8372802734375,111634432,213535000.0,10135000.0,707224000.0,105364000.0,579116000.0,969000.0,68.83776,16.95,22.996,1928314320,NESTLEIND.NS,0.1819393696599645,0.014514496114385258,0.017725291651413535,0
2024-06-30,1284.8373200938386,1294.758938017835,1140.349046345806,1250.197265625,119146344,213535000.0,10135000.0,707224000.0,105364000.0,579116000.0,969000.0,68.83776,16.95,22.996,1928314320,NESTLEIND.NS,0.1819393696599645,0.014514496114385258,0.017725291651413535,1
2024-09-30,1254.1904180299775,1367.0024108186924,1206.0915981111275,1323.674560546875,120980880,50747600000.0,8994900000.0,109965200000.0,3698400000.0,39034700000.0,1225600000.0,68.83776,16.95,22.996,1928314320,NESTLEIND.NS,0.0947464691671769,0.08179769599837039,0.2304334348669261,0
2024-12-31,1323.6990985903146,1333.5407275761163,1055.7115632552375,1067.8414306640625,121064828,47621300000.0,6880100000.0,109965200000.0,3698400000.0,39034700000.0,1225600000.0,68.83776,16.95,22.996,1928314320,NESTLEIND.NS,0.0947464691671769,0.08179769599837039,0.2304334348669261,1
2025-03-31,1067.816815017431,1174.5984735722411,1044.9411173261835,1114.64501953125,92755178,54476400000.0,8734900000.0,121933200000.0,11668500000.0,40102100000.0,497800000.0,68.83776,16.95,22.996,1928314320,NESTLEIND.NS,0.29096979958655533,0.07163676504840355,0.21781652332421494,1
2025-06-30,1120.1667975044827,1245.5103052891684,1063.7598467679886,1220.897216796875,124147924,50739600000.0,6465900000.0,121933200000.0,11668500000.0,40102100000.0,497800000.0,68.83776,16.95,22.996,1928314320,NESTLEIND.NS,0.29096979958655533,0.07163676504840355,0.21781652332421494,0
2025-09-30,1223.224816319667,1238.3142238709984,1078.874971449518,1146.708740234375,87628934,50739600000.0,6465900000.0,121933200000.0,11668500000.0,40102100000.0,497800000.0,68.83776,16.95,22.996,1928314320,NESTLEIND.NS,0.29096979958655533,0.07163676504840355,0.21781652332421494,1
2025-12-31,1151.6819982950838,1304.5564907785995,1138.8512481595,1281.083251953125,66423578,56435200000.0,9984200000.0,121933200000.0,11668500000.0,40102100000.0,497800000.0,68.83776,16.95,22.996,1928314320,NESTLEIND.NS,0.29096979958655533,0.07163676504840355,0.21781652332421494,0
2026-03-31,1286.0563945991191,1334.800048828125,1164.800048828125,1166.800048828125,60420820,56435200000.0,9984200000.0,121933200000.0,11668500000.0,40102100000.0,497800000.0,68.83776,16.95,22.996,1928314320,NESTLEIND.NS,0.29096979958655533,0.07163676504840355,0.21781652332421494,0
2016-06-30,211.9657956636869,279.69741771978795,196.61653368964693,271.0238952636719,35007248,56435200000.0,9984200000.0,121933200000.0,11668500000.0,40102100000.0,497800000.0,18.694883,10.16,100.968,119204826,PARAGMILK.NS,0.29096979958655533,0.07163676504840355,0.21781652332421494,1
2016-09-30,272.3882143756829,347.91634443403456,266.3947050523028,286.3243713378906,16451231,56435200000.0,9984200000.0,121933200000.0,11668500000.0,40102100000.0,497800000.0,18.694883,10.16,100.968,119204826,PARAGMILK.NS,0.29096979958655533,0.07163676504840355,0.21781652332421494,0
2016-12-31,289.4429762695682,320.33638041234076,243.63886707329235,253.82298278808594,5935751,56435200000.0,9984200000.0,121933200000.0,11668500000.0,40102100000.0,497800000.0,18.694883,10.16,100.968,119204826,PARAGMILK.NS,0.29096979958655533,0.07163676504840355,0.21781652332421494,0
2017-03-31,256.7953173519411,283.20575231841053,196.8601571116728,222.2473602294922,19461891,56435200000.0,9984200000.0,121933200000.0,11668500000.0,40102100000.0,497800000.0,18.694883,10.16,100.968,119204826,PARAGMILK.NS,0.29096979958655533,0.07163676504840355,0.21781652332421494,0
2017-06-30,224.05027300457377,251.1429334072688,200.75839942969313,210.60140991210938,14769854,56435200000.0,9984200000.0,121933200000.0,11668500000.0,40102100000.0,497800000.0,18.694883,10.16,100.968,119204826,PARAGMILK.NS,0.29096979958655533,0.07163676504840355,0.21781652332421494,1
2017-09-30,210.50397242262247,258.2571702311949,209.52938976375737,240.12905883789062,11652172,56435200000.0,9984200000.0,121933200000.0,11668500000.0,40102100000.0,497800000.0,18.694883,10.16,100.968,119204826,PARAGMILK.NS,0.29096979958655533,0.07163676504840355,0.21781652332421494,1
2017-12-31,240.32438538780866,305.6055156514416,225.43226574047696,291.15283203125,47197243,56435200000.0,9984200000.0,121933200000.0,11668500000.0,40102100000.0,497800000.0,18.694883,10.16,100.968,119204826,PARAGMILK.NS,0.29096979958655533,0.07163676504840355,0.21781652332421494,0
2018-03-31,290.9575358559501,310.9275734671204,238.90839121154988,243.7422332763672,27059337,56435200000.0,9984200000.0,121933200000.0,11668500000.0,40102100000.0,497800000.0,18.694883,10.16,100.968,119204826,PARAGMILK.NS,0.29096979958655533,0.07163676504840355,0.21781652332421494,1
2018-06-30,246.1347594111212,360.29126993780073,237.39477948247625,305.9961242675781,53313862,56435200000.0,9984200000.0,121933200000.0,11668500000.0,40102100000.0,497800000.0,18.694883,10.16,100.968,119204826,PARAGMILK.NS,0.29096979958655533,0.07163676504840355,0.21781652332421494,0
2018-09-30,307.9980181558531,336.61034989359166,210.49313518934594,233.9900360107422,33732253,56435200000.0,9984200000.0,121933200000.0,11668500000.0,40102100000.0,497800000.0,18.694883,10.16,100.968,119204826,PARAGMILK.NS,0.29096979958655533,0.07163676504840355,0.21781652332421494,1
2018-12-31,226.40248983184253,273.1515228869429,216.71002164812748,242.50767517089844,11648148,56435200000.0,9984200000.0,121933200000.0,11668500000.0,40102100000.0,497800000.0,18.694883,10.16,100.968,119204826,PARAGMILK.NS,0.29096979958655533,0.07163676504840355,0.21781652332421494,1
2019-03-31,242.50766632028956,256.7037178606512,192.91940516435005,251.75955200195312,10774320,56435200000.0,9984200000.0,121933200000.0,11668500000.0,40102100000.0,497800000.0,18.694883,10.16,100.968,119204826,PARAGMILK.NS,0.29096979958655533,0.07163676504840355,0.21781652332421494,0
2019-06-30,253.57079645047153,263.3611746918025,224.29757746804313,250.6336669921875,11101443,56435200000.0,9984200000.0,121933200000.0,11668500000.0,40102100000.0,497800000.0,18.694883,10.16,100.968,119204826,PARAGMILK.NS,0.29096979958655533,0.07163676504840355,0.21781652332421494,0
2019-09-30,252.05331268890515,270.21441356088445,128.00920128908254,152.78138732910156,16888449,56435200000.0,9984200000.0,121933200000.0,11668500000.0,40102100000.0,497800000.0,18.694883,10.16,100.968,119204826,PARAGMILK.NS,0.29096979958655533,0.07163676504840355,0.21781652332421494,0
2019-12-31,154.70285281143805,161.5511645045339,123.17106031346836,131.9901123046875,15240967,56435200000.0,9984200000.0,121933200000.0,11668500000.0,40102100000.0,497800000.0,18.694883,10.16,100.968,119204826,PARAGMILK.NS,0.29096979958655533,0.07163676504840355,0.21781652332421494,0
2020-03-31,132.97547015159424,160.5165288034611,47.790373790268006,62.91577911376953,36990067,56435200000.0,9984200000.0,121933200000.0,11668500000.0,40102100000.0,497800000.0,18.694883,10.16,100.968,119204826,PARAGMILK.NS,0.29096979958655533,0.07163676504840355,0.21781652332421494,1
2020-06-30,63.01431484744475,108.39052988213768,61.043577893710015,94.44757080078125,27513257,56435200000.0,9984200000.0,121933200000.0,11668500000.0,40102100000.0,497800000.0,18.694883,10.16,100.968,119204826,PARAGMILK.NS,0.29096979958655533,0.07163676504840355,0.21781652332421494,1
2020-09-30,94.54609223118483,119.72226786100546,82.77094611161183,105.31375122070312,68522815,56435200000.0,9984200000.0,121933200000.0,11668500000.0,40102100000.0,497800000.0,18.694883,10.16,100.968,119204826,PARAGMILK.NS,0.29096979958655533,0.07163676504840355,0.21781652332421494,1
2020-12-31,106.25450369206341,124.27715783151064,98.08489006999235,113.23580169677734,44533477,56435200000.0,9984200000.0,121933200000.0,11668500000.0,40102100000.0,497800000.0,18.694883,10.16,100.968,119204826,PARAGMILK.NS,0.29096979958655533,0.07163676504840355,0.21781652332421494,0
2021-03-31,113.23580713101907,128.04013770981854,93.08408994147983,104.52154541015625,38903309,56435200000.0,9984200000.0,121933200000.0,11668500000.0,40102100000.0,497800000.0,18.694883,10.16,100.968,119204826,PARAGMILK.NS,0.29096979958655533,0.07163676504840355,0.21781652332421494,1
2021-06-30,105.46229388141025,156.26244663893368,101.00614246637129,135.26901245117188,67941772,56435200000.0,9984200000.0,121933200000.0,11668500000.0,40102100000.0,497800000.0,18.694883,10.16,100.968,119204826,PARAGMILK.NS,0.29096979958655533,0.07163676504840355,0.21781652332421494,0
2021-09-30,135.36802239764216,147.1520909584606,110.95821619109685,125.193603515625,40566304,56435200000.0,9984200000.0,121933200000.0,11668500000.0,40102100000.0,497800000.0,18.694883,10.16,100.968,119204826,PARAGMILK.NS,0.29096979958655533,0.07163676504840355,0.21781652332421494,0
2021-12-31,124.69660414373242,158.93971297239833,101.48683788311733,111.12858581542969,44852626,56435200000.0,9984200000.0,121933200000.0,11668500000.0,40102100000.0,497800000.0,18.694883,10.16,100.968,119204826,PARAGMILK.NS,0.29096979958655533,0.07163676504840355,0.21781652332421494,0
2022-03-31,111.32738069373968,124.69660548360383,94.42947182451947,96.1689682006836,27004438,56435200000.0,9984200000.0,121933200000.0,11668500000.0,40102100000.0,497800000.0,18.694883,10.16,100.968,119204826,PARAGMILK.NS,0.29096979958655533,0.07163676504840355,0.21781652332421494,0
2022-06-30,96.01986620097075,111.72497961707549,68.63532799922402,73.80409240722656,18061248,56435200000.0,9984200000.0,121933200000.0,11668500000.0,40102100000.0,497800000.0,18.694883,10.16,100.968,119204826,PARAGMILK.NS,0.29096979958655533,0.07163676504840355,0.21781652332421494,1
2022-09-30,68.98321629097558,127.82769827768733,65.10663642239275,110.83038330078125,52375348,56435200000.0,9984200000.0,121933200000.0,11668500000.0,40102100000.0,497800000.0,18.694883,10.16,100.968,119204826,PARAGMILK.NS,0.29096979958655533,0.07163676504840355,0.21781652332421494,0
2022-12-31,110.83037901720017,115.35306260042833,94.42947563168251,102.23233032226562,17293583,56435200000.0,9984200000.0,121933200000.0,11668500000.0,40102100000.0,497800000.0,18.694883,10.16,100.968,119204826,PARAGMILK.NS,0.29096979958655533,0.07163676504840355,0.21781652332421494,0
2023-03-31,103.37542720545996,106.30770792449206,67.6413237099455,72.31310272216797,18709561,56435200000.0,9984200000.0,121933200000.0,11668500000.0,40102100000.0,497800000.0,18.694883,10.16,100.968,119204826,PARAGMILK.NS,0.29096979958655533,0.07163676504840355,0.21781652332421494,1
2023-06-30,74.35079155527438,147.9063805844508,73.9531922389771,146.1171875,102863102,56435200000.0,9984200000.0,121933200000.0,11668500000.0,40102100000.0,497800000.0,18.694883,10.16,100.968,119204826,PARAGMILK.NS,0.29096979958655533,0.07163676504840355,0.21781652332421494,1
2023-09-30,146.91239683066703,217.6350898658186,126.28698956435798,212.6651153564453,130205722,56435200000.0,9984200000.0,121933200000.0,11668500000.0,40102100000.0,497800000.0,18.694883,10.16,100.968,119204826,PARAGMILK.NS,0.29096979958655533,0.07163676504840355,0.21781652332421494,1
2023-12-31,215.19979085984406,261.8181376427167,189.50503226498483,230.9546356201172,51704609,56435200000.0,9984200000.0,121933200000.0,11668500000.0,40102100000.0,497800000.0,18.694883,10.16,100.968,119204826,PARAGMILK.NS,0.29096979958655533,0.07163676504840355,0.21781652332421494,0
2024-03-31,232.79350927224,288.00990428977855,187.2685508642989,206.6514434814453,97635261,56435200000.0,9984200000.0,121933200000.0,11668500000.0,40102100000.0,497800000.0,18.694883,10.16,100.968,119204826,PARAGMILK.NS,0.29096979958655533,0.07163676504840355,0.21781652332421494,0
2024-06-30,210.27953150162082,223.64875922768803,148.90037406597594,174.1378936767578,57532449,56435200000.0,9984200000.0,121933200000.0,11668500000.0,40102100000.0,497800000.0,18.694883,10.16,100.968,119204826,PARAGMILK.NS,0.29096979958655533,0.07163676504840355,0.21781652332421494,1
2024-09-30,174.74422421381405,210.706951544751,172.45804098871864,191.82562255859375,61671819,56435200000.0,9984200000.0,19660200000.0,6484700000.0,9624300000.0,44800000.0,18.694883,10.16,100.968,119204826,PARAGMILK.NS,0.6737840674126949,0.07163676504840355,0.21781652332421494,0
2024-12-31,192.54317467976423,235.89528386831572,181.38124477012389,187.5103302001953,104247979,8847200000.0,360700000.0,19660200000.0,6484700000.0,9624300000.0,44800000.0,18.694883,10.16,100.968,119204826,PARAGMILK.NS,0.6737840674126949,0.07163676504840355,0.21781652332421494,0
2025-03-31,188.15812680448877,191.84555093917325,135.02937258352915,148.94190979003906,31165813,8127100000.0,265400000.0,20326400000.0,6542900000.0,10234000000.0,118900000.0,18.694883,10.16,100.968,119204826,PARAGMILK.NS,0.6393296853625171,0.01305691120906801,0.025933163963259724,1
2025-06-30,150.48664373887428,231.4006137008756,150.48664373887428,221.0459442138672,78287032,8515200000.0,275800000.0,20326400000.0,6542900000.0,10234000000.0,118900000.0,18.694883,10.16,100.968,119204826,PARAGMILK.NS,0.6393296853625171,0.01305691120906801,0.025933163963259724,1
2025-09-30,222.04254226142893,315.32432348947754,210.88062242835397,259.6700134277344,90061446,10079500000.0,456500000.0,22351800000.0,5428900000.0,12034400000.0,24700000.0,18.694883,10.16,100.968,119204826,PARAGMILK.NS,0.4511151366083893,0.02042341108993459,0.03793292561324204,1
2025-12-31,261.1000061035156,376.95001220703125,258.79998779296875,290.45001220703125,84282877,10126900000.0,295700000.0,22351800000.0,5428900000.0,12034400000.0,24700000.0,18.694883,10.16,100.968,119204826,PARAGMILK.NS,0.4511151366083893,0.02042341108993459,0.03793292561324204,0
2026-03-31,290.04998779296875,307.29998779296875,187.60000610351562,189.94000244140625,45020484,10126900000.0,295700000.0,22351800000.0,5428900000.0,12034400000.0,24700000.0,18.694883,10.16,100.968,119204826,PARAGMILK.NS,0.4511151366083893,0.02042341108993459,0.03793292561324204,0
2016-03-31,984.1369833303053,1095.11754394786,969.4483154296875,1072.2685546875,196404,10126900000.0,295700000.0,22351800000.0,5428900000.0,12034400000.0,24700000.0,30.601055,15.14,111.348,1087875298,PATANJALI.NS,0.4511151366083893,0.02042341108993459,0.03793292561324204,0
2016-06-30,1062.4760369194878,1069.0044506649122,581.0161230003449,734.4304809570312,1188137,10126900000.0,295700000.0,22351800000.0,5428900000.0,12034400000.0,24700000.0,30.601055,15.14,111.348,1087875298,PATANJALI.NS,0.4511151366083893,0.02042341108993459,0.03793292561324204,0
2016-09-30,742.5908410545492,822.5622829861111,618.5537203884849,680.5723266601562,1088366,10126900000.0,295700000.0,22351800000.0,5428900000.0,12034400000.0,24700000.0,30.601055,15.14,111.348,1087875298,PATANJALI.NS,0.4511151366083893,0.02042341108993459,0.03793292561324204,0
2016-12-31,687.1006363666266,807.8736041648048,607.1292315699483,618.5537109375,730709,10126900000.0,295700000.0,22351800000.0,5428900000.0,12034400000.0,24700000.0,30.601055,15.14,111.348,1087875298,PATANJALI.NS,0.4511151366083893,0.02042341108993459,0.03793292561324204,1
2017-03-31,626.7140337443466,1037.9951036900543,610.3933358595517,886.2127685546875,2645628,10126900000.0,295700000.0,22351800000.0,5428900000.0,12034400000.0,24700000.0,30.601055,15.14,111.348,1087875298,PATANJALI.NS,0.4511151366083893,0.02042341108993459,0.03793292561324204,0
2017-06-30,897.6373740293585,917.2221922419684,682.2043659144101,693.6287841796875,1121073,10126900000.0,295700000.0,22351800000.0,5428900000.0,12034400000.0,24700000.0,30.601055,15.14,111.348,1087875298,PATANJALI.NS,0.4511151366083893,0.02042341108993459,0.03793292561324204,1
2017-09-30,703.421199858526,889.4769520487366,602.2330487721053,791.5529174804688,2198400,10126900000.0,295700000.0,22351800000.0,5428900000.0,12034400000.0,24700000.0,30.601055,15.14,111.348,1087875298,PATANJALI.NS,0.4511151366083893,0.02042341108993459,0.03793292561324204,0
2017-12-31,789.9208894137053,1101.6457761672787,497.7807106449455,608.7613525390625,11197729,10126900000.0,295700000.0,22351800000.0,5428900000.0,12034400000.0,24700000.0,30.601055,15.14,111.348,1087875298,PATANJALI.NS,0.4511151366083893,0.02042341108993459,0.03793292561324204,0
2018-03-31,616.9216630716306,672.4118932329744,461.87519383201027,520.6296997070312,4224998,10126900000.0,295700000.0,22351800000.0,5428900000.0,12034400000.0,24700000.0,30.601055,15.14,111.348,1087875298,PATANJALI.NS,0.4511151366083893,0.02042341108993459,0.03793292561324204,0
2018-06-30,535.3183254440448,574.487953111184,310.092893723507,362.31903076171875,9851910,10126900000.0,295700000.0,22351800000.0,5428900000.0,12034400000.0,24700000.0,30.601055,15.14,111.348,1087875298,PATANJALI.NS,0.4511151366083893,0.02042341108993459,0.03793292561324204,0
2018-09-30,363.9511128625641,388.4321231834513,195.84813898259944,223.59327697753906,8086052,10126900000.0,295700000.0,22351800000.0,5428900000.0,12034400000.0,24700000.0,30.601055,15.14,111.348,1087875298,PATANJALI.NS,0.4511151366083893,0.02042341108993459,0.03793292561324204,1
2018-12-31,231.75363853058363,292.14013671875,159.94263807894896,292.14013671875,3120173,10126900000.0,295700000.0,22351800000.0,5428900000.0,12034400000.0,24700000.0,30.601055,15.14,111.348,1087875298,PATANJALI.NS,0.4511151366083893,0.02042341108993459,0.03793292561324204,0
2019-03-31,305.19669528238865,305.19669528238865,182.79160840557964,208.90467834472656,2665883,10126900000.0,295700000.0,22351800000.0,5428900000.0,12034400000.0,24700000.0,30.601055,15.14,111.348,1087875298,PATANJALI.NS,0.4511151366083893,0.02042341108993459,0.03793292561324204,0
2019-06-30,215.43298080819116,297.03633605184564,163.20680530121925,174.6312713623047,6999065,10126900000.0,295700000.0,22351800000.0,5428900000.0,12034400000.0,24700000.0,30.601055,15.14,111.348,1087875298,PATANJALI.NS,0.4511151366083893,0.02042341108993459,0.03793292561324204,0
2019-09-30,176.26332361557905,208.90468464778544,109.34853875581075,114.24474334716797,4447381,10126900000.0,295700000.0,22351800000.0,5428900000.0,12034400000.0,24700000.0,30.601055,15.14,111.348,1087875298,PATANJALI.NS,0.4511151366083893,0.02042341108993459,0.03793292561324204,0
2019-12-31,114.24475158221068,137.09369994695885,109.34853919328307,109.34854888916016,1711158,10126900000.0,295700000.0,22351800000.0,5428900000.0,12034400000.0,24700000.0,30.601055,15.14,111.348,1087875298,PATANJALI.NS,0.4511151366083893,0.02042341108993459,0.03793292561324204,0
2020-03-31,109.34854888916016,109.34854888916016,5.287899244000339,56.159446716308594,198489,10126900000.0,295700000.0,22351800000.0,5428900000.0,12034400000.0,24700000.0,30.601055,15.14,111.348,1087875298,PATANJALI.NS,0.4511151366083893,0.02042341108993459,0.03793292561324204,1
2020-06-30,58.966609954833984,496.03436279296875,58.966609954833984,447.6925048828125,6570984,10126900000.0,295700000.0,22351800000.0,5428900000.0,12034400000.0,24700000.0,30.601055,15.14,111.348,1087875298,PATANJALI.NS,0.4511151366083893,0.02042341108993459,0.03793292561324204,0
2020-09-30,425.31689453125,425.31689453125,131.7894673268021,168.5926055908203,11536020,10126900000.0,295700000.0,22351800000.0,5428900000.0,12034400000.0,24700000.0,30.601055,15.14,111.348,1087875298,PATANJALI.NS,0.4511151366083893,0.02042341108993459,0.03793292561324204,1
2020-12-31,175.61048930730925,257.9646379450701,163.53320052211126,220.0843505859375,3941025,10126900000.0,295700000.0,22351800000.0,5428900000.0,12034400000.0,24700000.0,30.601055,15.14,111.348,1087875298,PATANJALI.NS,0.4511151366083893,0.02042341108993459,0.03793292561324204,0
2021-03-31,220.16595081489595,258.8296513066369,187.6878112612827,209.5574951171875,4452294,10126900000.0,295700000.0,22351800000.0,5428900000.0,12034400000.0,24700000.0,30.601055,15.14,111.348,1087875298,PATANJALI.NS,0.4511151366083893,0.02042341108993459,0.03793292561324204,1
2021-06-30,213.80089876248525,449.3735449640853,206.94619516154262,378.8519287109375,19759023,10126900000.0,295700000.0,22351800000.0,5428900000.0,12034400000.0,24700000.0,30.601055,15.14,111.348,1087875298,PATANJALI.NS,0.4511151366083893,0.02042341108993459,0.03793292561324204,0
2021-09-30,380.2718155371329,385.16801293581386,325.8097356672403,345.1986999511719,7547484,10126900000.0,295700000.0,22351800000.0,5428900000.0,12034400000.0,24700000.0,30.601055,15.14,111.348,1087875298,PATANJALI.NS,0.4511151366083893,0.02042341108993459,0.03793292561324204,0
2021-12-31,349.4910041299534,383.4706769692994,244.02676377256856,278.30023193359375,3847962,10126900000.0,295700000.0,22351800000.0,5428900000.0,12034400000.0,24700000.0,30.601055,15.14,111.348,1087875298,PATANJALI.NS,0.4511151366083893,0.02042341108993459,0.03793292561324204,1
2022-03-31,278.46338911831265,373.64566225408663,228.50582947215153,312.6552734375,33776994,10126900000.0,295700000.0,22351800000.0,5428900000.0,12034400000.0,24700000.0,30.601055,15.14,111.348,1087875298,PATANJALI.NS,0.4511151366083893,0.02042341108993459,0.03793292561324204,1
2022-06-30,311.39850734849904,400.81954585195354,233.2225158857857,346.55328369140625,933686880,10126900000.0,295700000.0,22351800000.0,5428900000.0,12034400000.0,24700000.0,30.601055,15.14,111.348,1087875298,PATANJALI.NS,0.4511151366083893,0.02042341108993459,0.03793292561324204,1
2022-09-30,342.2446194651878,488.9890441619099,326.73998933948815,450.6527099609375,74732805,10126900000.0,295700000.0,22351800000.0,5428900000.0,12034400000.0,24700000.0,30.601055,15.14,111.348,1087875298,PATANJALI.NS,0.4511151366083893,0.02042341108993459,0.03793292561324204,0
2022-12-31,447.06638242824465,478.8359275224006,344.61777182111797,390.8637390136719,47220897,10126900000.0,295700000.0,22351800000.0,5428900000.0,12034400000.0,24700000.0,30.601055,15.14,111.348,1087875298,PATANJALI.NS,0.4511151366083893,0.02042341108993459,0.03793292561324204,0
2023-03-31,383.5272870440868,402.22868008053274,279.5393372422202,317.4335021972656,63408297,10126900000.0,295700000.0,22351800000.0,5428900000.0,12034400000.0,24700000.0,30.601055,15.14,111.348,1087875298,PATANJALI.NS,0.4511151366083893,0.02042341108993459,0.03793292561324204,1
2023-06-30,316.0578676334956,393.35288255385865,294.11402930667873,389.3243713378906,36920523,10126900000.0,295700000.0,22351800000.0,5428900000.0,12034400000.0,24700000.0,30.601055,15.14,111.348,1087875298,PATANJALI.NS,0.4511151366083893,0.02042341108993459,0.03793292561324204,1
2023-09-30,382.77393966153943,456.2369307750335,381.5948791503906,407.730712890625,74927943,10126900000.0,295700000.0,22351800000.0,5428900000.0,12034400000.0,24700000.0,30.601055,15.14,111.348,1087875298,PATANJALI.NS,0.4511151366083893,0.02042341108993459,0.03793292561324204,1
2023-12-31,406.36519560809694,547.8527194610853,392.46326007209535,518.239013671875,106650282,10126900000.0,295700000.0,22351800000.0,5428900000.0,12034400000.0,24700000.0,30.601055,15.14,111.348,1087875298,PATANJALI.NS,0.4511151366083893,0.02042341108993459,0.03793292561324204,0
2024-03-31,517.9100543140585,563.9098671334089,421.5011144473044,442.3506774902344,105568062,10126900000.0,295700000.0,22351800000.0,5428900000.0,12034400000.0,24700000.0,30.601055,15.14,111.348,1087875298,PATANJALI.NS,0.4511151366083893,0.02042341108993459,0.03793292561324204,1
2024-06-30,449.48964331590537,531.785853219409,386.67676789875486,525.9689331054688,113921889,10126900000.0,295700000.0,22351800000.0,5428900000.0,12034400000.0,24700000.0,30.601055,15.14,111.348,1087875298,PATANJALI.NS,0.4511151366083893,0.02042341108993459,0.03793292561324204,1
2024-09-30,535.7520131024619,658.4361807017177,509.3279519336551,556.3922119140625,192863466,81015600000.0,3085824000.0,140285556000.0,11167050000.0,108351718000.0,4038853000.0,30.601055,15.14,111.348,1087875298,PATANJALI.NS,0.10306297127656065,0.021996733576762528,0.028479696094897176,1
2024-12-31,554.5908833437592,637.7210426652863,526.7457535773123,591.5601806640625,93590352,89968714000.0,3708801000.0,140285556000.0,11167050000.0,108351718000.0,4038853000.0,30.601055,15.14,111.348,1087875298,PATANJALI.NS,0.10306297127656065,0.021996733576762528,0.028479696094897176,1
2025-03-31,584.4724699109579,632.7414543689158,521.1983849991963,600.3408203125,143732622,97077783000.0,3585190000.0,155171788000.0,7876762000.0,113708889000.0,1091588000.0,30.601055,15.14,111.348,1087875298,PATANJALI.NS,0.06927129505240351,0.023104650956267903,0.03152954911027229,0
2025-06-30,599.2121260573198,667.5986172824748,534.2449606201646,547.9554443359375,168582597,88997053000.0,1803590000.0,155171788000.0,7876762000.0,113708889000.0,1091588000.0,30.601055,15.14,111.348,1087875298,PATANJALI.NS,0.06927129505240351,0.023104650956267903,0.03152954911027229,1
2025-09-30,545.7644061666227,651.2656165336388,537.7638845992628,574.087158203125,151545835,88997053000.0,1803590000.0,155171788000.0,7876762000.0,113708889000.0,1091588000.0,30.601055,15.14,111.348,1087875298,PATANJALI.NS,0.06927129505240351,0.023104650956267903,0.03152954911027229,0
2025-12-31,574.0871581335952,612.223402039934,521.0,545.5,101711360,104837104000.0,5934434000.0,155171788000.0,7876762000.0,113708889000.0,1091588000.0,30.601055,15.14,111.348,1087875298,PATANJALI.NS,0.06927129505240351,0.023104650956267903,0.03152954911027229,0
2026-03-31,549.0999755859375,582.3499755859375,460.3999938964844,463.29998779296875,130763843,104837104000.0,5934434000.0,155171788000.0,7876762000.0,113708889000.0,1091588000.0,30.601055,15.14,111.348,1087875298,PATANJALI.NS,0.06927129505240351,0.023104650956267903,0.03152954911027229,0
2016-03-31,5174.39225606331,5487.223160433151,5146.99849727496,5313.26416015625,15563,104837104000.0,5934434000.0,155171788000.0,7876762000.0,113708889000.0,1091588000.0,42.913544,220.35,286.889,32460736,PGHH.NS,0.06927129505240351,0.023104650956267903,0.03152954911027229,0
2016-06-30,5288.533783348398,5568.85544527971,5158.750717039701,5295.423828125,332041,104837104000.0,5934434000.0,155171788000.0,7876762000.0,113708889000.0,1091588000.0,42.913544,220.35,286.889,32460736,PGHH.NS,0.06927129505240351,0.023104650956267903,0.03152954911027229,1
2016-09-30,5295.467221034565,6020.726941367551,5220.896195931171,5753.7216796875,415528,104837104000.0,5934434000.0,155171788000.0,7876762000.0,113708889000.0,1091588000.0,42.913544,220.35,286.889,32460736,PGHH.NS,0.06927129505240351,0.023104650956267903,0.03152954911027229,1
2016-12-31,5867.651527911786,6131.487081484288,5073.779324556436,6022.55419921875,240685,104837104000.0,5934434000.0,155171788000.0,7876762000.0,113708889000.0,1091588000.0,42.913544,220.35,286.889,32460736,PGHH.NS,0.06927129505240351,0.023104650956267903,0.03152954911027229,1
2017-03-31,6036.114131053184,6491.543627428929,5620.514816468494,6454.51904296875,421537,104837104000.0,5934434000.0,155171788000.0,7876762000.0,113708889000.0,1091588000.0,42.913544,220.35,286.889,32460736,PGHH.NS,0.06927129505240351,0.023104650956267903,0.03152954911027229,1
2017-06-30,6455.2419895445355,7270.2216973343275,6172.351925015267,7142.2109375,364290,104837104000.0,5934434000.0,155171788000.0,7876762000.0,113708889000.0,1091588000.0,42.913544,220.35,286.889,32460736,PGHH.NS,0.06927129505240351,0.023104650956267903,0.03152954911027229,1
2017-09-30,7166.1121656643545,7892.337625959545,6989.408061464153,7538.52734375,188751,104837104000.0,5934434000.0,155171788000.0,7876762000.0,113708889000.0,1091588000.0,42.913544,220.35,286.889,32460736,PGHH.NS,0.06927129505240351,0.023104650956267903,0.03152954911027229,1
2017-12-31,7531.094544390391,8839.959804502614,7467.000122736004,8389.7470703125,306025,104837104000.0,5934434000.0,155171788000.0,7876762000.0,113708889000.0,1091588000.0,42.913544,220.35,286.889,32460736,PGHH.NS,0.06927129505240351,0.023104650956267903,0.03152954911027229,1
2018-03-31,8473.6374443952,8615.835675840295,7906.896662921927,8532.5703125,447244,104837104000.0,5934434000.0,155171788000.0,7876762000.0,113708889000.0,1091588000.0,42.913544,220.35,286.889,32460736,PGHH.NS,0.06927129505240351,0.023104650956267903,0.03152954911027229,1
2018-06-30,8540.829166992473,9241.729962480664,7857.74122438108,8862.060546875,303466,104837104000.0,5934434000.0,155171788000.0,7876762000.0,113708889000.0,1091588000.0,42.913544,220.35,286.889,32460736,PGHH.NS,0.06927129505240351,0.023104650956267903,0.03152954911027229,0
2018-09-30,8839.959452251722,10123.093131502632,8304.204026457764,8678.7861328125,394073,104837104000.0,5934434000.0,155171788000.0,7876762000.0,113708889000.0,1091588000.0,42.913544,220.35,286.889,32460736,PGHH.NS,0.06927129505240351,0.023104650956267903,0.03152954911027229,1
2018-12-31,8527.436387405673,8966.913924801558,7859.303616633732,8862.984375,348560,104837104000.0,5934434000.0,155171788000.0,7876762000.0,113708889000.0,1091588000.0,42.913544,220.35,286.889,32460736,PGHH.NS,0.06927129505240351,0.023104650956267903,0.03152954911027229,1
2019-03-31,8798.378710605093,10123.56267913791,8708.08307027902,9762.509765625,208879,104837104000.0,5934434000.0,155171788000.0,7876762000.0,113708889000.0,1091588000.0,42.913544,220.35,286.889,32460736,PGHH.NS,0.06927129505240351,0.023104650956267903,0.03152954911027229,0
2019-06-30,9838.176617612604,10081.251081723545,8957.710148669128,9646.283203125,388528,104837104000.0,5934434000.0,155171788000.0,7876762000.0,113708889000.0,1091588000.0,42.913544,220.35,286.889,32460736,PGHH.NS,0.06927129505240351,0.023104650956267903,0.03152954911027229,1
2019-09-30,9646.509603274417,11162.478574785124,8755.237295654431,10916.7490234375,387002,104837104000.0,5934434000.0,155171788000.0,7876762000.0,113708889000.0,1091588000.0,42.913544,220.35,286.889,32460736,PGHH.NS,0.06927129505240351,0.023104650956267903,0.03152954911027229,0
2019-12-31,10850.171958532526,11500.889483408175,9722.94203706643,10350.1484375,299938,104837104000.0,5934434000.0,155171788000.0,7876762000.0,113708889000.0,1091588000.0,42.913544,220.35,286.889,32460736,PGHH.NS,0.06927129505240351,0.023104650956267903,0.03152954911027229,0
2020-03-31,10335.047638818121,10705.445222282162,7595.1101264988265,9285.33984375,436633,104837104000.0,5934434000.0,155171788000.0,7876762000.0,113708889000.0,1091588000.0,42.913544,220.35,286.889,32460736,PGHH.NS,0.06927129505240351,0.023104650956267903,0.03152954911027229,0
2020-06-30,9187.642803904419,10470.402302279223,8801.287518941,9178.91796875,349531,104837104000.0,5934434000.0,155171788000.0,7876762000.0,113708889000.0,1091588000.0,42.913544,220.35,286.889,32460736,PGHH.NS,0.06927129505240351,0.023104650956267903,0.03152954911027229,0
2020-09-30,9056.266852893052,10264.929443904604,8762.7702094694,8993.6064453125,554449,104837104000.0,5934434000.0,155171788000.0,7876762000.0,113708889000.0,1091588000.0,42.913544,220.35,286.889,32460736,PGHH.NS,0.06927129505240351,0.023104650956267903,0.03152954911027229,1
2020-12-31,8983.16213915102,10865.50880792595,8843.375414674778,10109.7646484375,705080,104837104000.0,5934434000.0,155171788000.0,7876762000.0,113708889000.0,1091588000.0,42.913544,220.35,286.889,32460736,PGHH.NS,0.06927129505240351,0.023104650956267903,0.03152954911027229,1
2021-03-31,10196.231257678444,12684.820292411174,9998.095484156798,11654.3623046875,650626,104837104000.0,5934434000.0,155171788000.0,7876762000.0,113708889000.0,1091588000.0,42.913544,220.35,286.889,32460736,PGHH.NS,0.06927129505240351,0.023104650956267903,0.03152954911027229,1
2021-06-30,11600.175552877492,13136.443737670646,11261.225104324623,12366.4599609375,434987,104837104000.0,5934434000.0,155171788000.0,7876762000.0,113708889000.0,1091588000.0,42.913544,220.35,286.889,32460736,PGHH.NS,0.06927129505240351,0.023104650956267903,0.03152954911027229,1
2021-09-30,12441.643161050184,13559.095513854942,11439.936532521337,13078.9658203125,567773,104837104000.0,5934434000.0,155171788000.0,7876762000.0,113708889000.0,1091588000.0,42.913544,220.35,286.889,32460736,PGHH.NS,0.06927129505240351,0.023104650956267903,0.03152954911027229,1
2021-12-31,13102.383928521154,15245.96255655453,12603.297214404542,14447.0,696496,104837104000.0,5934434000.0,155171788000.0,7876762000.0,113708889000.0,1091588000.0,42.913544,220.35,286.889,32460736,PGHH.NS,0.06927129505240351,0.023104650956267903,0.03152954911027229,0
2022-03-31,14526.106739725474,15371.561452135971,12885.04184142709,13558.0712890625,926411,104837104000.0,5934434000.0,155171788000.0,7876762000.0,113708889000.0,1091588000.0,42.913544,220.35,286.889,32460736,PGHH.NS,0.06927129505240351,0.023104650956267903,0.03152954911027229,0
2022-06-30,13637.452845202668,13960.799949029024,12039.519495603781,12573.873046875,407487,104837104000.0,5934434000.0,155171788000.0,7876762000.0,113708889000.0,1091588000.0,42.913544,220.35,286.889,32460736,PGHH.NS,0.06927129505240351,0.023104650956267903,0.03152954911027229,1
2022-09-30,12537.051279256393,14577.966878605723,12437.920738962373,13059.177734375,558334,104837104000.0,5934434000.0,155171788000.0,7876762000.0,113708889000.0,1091588000.0,42.913544,220.35,286.889,32460736,PGHH.NS,0.06927129505240351,0.023104650956267903,0.03152954911027229,1
2022-12-31,13019.346946665706,13879.642648788275,12924.119904669222,13735.0732421875,544052,104837104000.0,5934434000.0,155171788000.0,7876762000.0,113708889000.0,1091588000.0,42.913544,220.35,286.889,32460736,PGHH.NS,0.06927129505240351,0.023104650956267903,0.03152954911027229,0
2023-03-31,13640.062007710736,13733.890752091856,12489.3485948129,12679.0166015625,305242,104837104000.0,5934434000.0,155171788000.0,7876762000.0,113708889000.0,1091588000.0,42.913544,220.35,286.889,32460736,PGHH.NS,0.06927129505240351,0.023104650956267903,0.03152954911027229,1
2023-06-30,12741.081467168859,13857.937361407516,12537.299073072296,13615.0439453125,486654,104837104000.0,5934434000.0,155171788000.0,7876762000.0,113708889000.0,1091588000.0,42.913544,220.35,286.889,32460736,PGHH.NS,0.06927129505240351,0.023104650956267903,0.03152954911027229,1
2023-09-30,13683.14398765208,17676.900453714334,13496.756058712419,17063.369140625,464656,104837104000.0,5934434000.0,155171788000.0,7876762000.0,113708889000.0,1091588000.0,42.913544,220.35,286.889,32460736,PGHH.NS,0.06927129505240351,0.023104650956267903,0.03152954911027229,0
2023-12-31,17060.803486199547,18403.13658587854,15801.850020423715,16602.068359375,456546,104837104000.0,5934434000.0,155171788000.0,7876762000.0,113708889000.0,1091588000.0,42.913544,220.35,286.889,32460736,PGHH.NS,0.06927129505240351,0.023104650956267903,0.03152954911027229,0
2024-03-31,16613.06223291823,16780.2663840212,14813.248710087457,16341.3994140625,540246,104837104000.0,5934434000.0,155171788000.0,7876762000.0,113708889000.0,1091588000.0,42.913544,220.35,286.889,32460736,PGHH.NS,0.06927129505240351,0.023104650956267903,0.03152954911027229,0
2024-06-30,16341.400896680221,16473.165797597212,14963.356037955575,16036.841796875,507998,104837104000.0,5934434000.0,155171788000.0,7876762000.0,113708889000.0,1091588000.0,42.913544,220.35,286.889,32460736,PGHH.NS,0.06927129505240351,0.023104650956267903,0.03152954911027229,1
2024-09-30,16081.005427719514,17129.635808233194,15528.021088493768,16096.40234375,454676,104837104000.0,5934434000.0,155171788000.0,7876762000.0,113708889000.0,1091588000.0,42.913544,220.35,286.889,32460736,PGHH.NS,0.06927129505240351,0.023104650956267903,0.03152954911027229,0
2024-12-31,16101.519655408329,16421.088482301475,13994.978437487955,14290.22265625,489749,12462500000.0,2685900000.0,20969500000.0,25700000.0,9457300000.0,7744300000.0,42.913544,220.35,286.889,32460736,PGHH.NS,0.002717477504150233,0.12808602970981664,0.28400283378977087,0
2025-03-31,14283.424590470458,14533.119613293926,11850.021516010416,13313.5078125,509811,9891300000.0,1561000000.0,17547300000.0,23200000.0,7369900000.0,4663700000.0,42.913544,220.35,286.889,32460736,PGHH.NS,0.0031479395921247236,0.08895955503125837,0.2118074872114954,0
2025-06-30,13313.850725261615,14235.962981745257,12872.371425426674,13083.8115234375,559999,9351600000.0,1920600000.0,17547300000.0,23200000.0,7369900000.0,4663700000.0,42.913544,220.35,286.889,32460736,PGHH.NS,0.0031479395921247236,0.08895955503125837,0.2118074872114954,1
2025-09-30,13117.094353669183,14233.025336155379,12625.691886362767,13915.31640625,1007578,11488500000.0,2098600000.0,21334100000.0,20600000.0,9312700000.0,7821000000.0,42.913544,220.35,286.889,32460736,PGHH.NS,0.0022120330301631107,0.09836833988778529,0.22534818044176233,0
2025-12-31,13920.234774232367,14273.405933757616,12268.498720732581,12760.3798828125,385165,12599100000.0,3014600000.0,21334100000.0,20600000.0,9312700000.0,7821000000.0,42.913544,220.35,286.889,32460736,PGHH.NS,0.0022120330301631107,0.09836833988778529,0.22534818044176233,0
2026-03-31,12808.584021226416,12838.096887634772,9402.0,9456.0,515918,12599100000.0,3014600000.0,21334100000.0,20600000.0,9312700000.0,7821000000.0,42.913544,220.35,286.889,32460736,PGHH.NS,0.0022120330301631107,0.09836833988778529,0.22534818044176233,0
2016-03-31,91.85693882949786,93.49722581711931,89.49295429703541,92.00166320800781,1596075,12599100000.0,3014600000.0,21334100000.0,20600000.0,9312700000.0,7821000000.0,67.56351,38.58,222.54,133897933,RADICO.NS,0.0022120330301631107,0.09836833988778529,0.22534818044176233,0
2016-06-30,92.1463834930578,94.4621055976396,80.85726018174364,89.73418426513672,15888228,12599100000.0,3014600000.0,21334100000.0,20600000.0,9312700000.0,7821000000.0,67.56351,38.58,222.54,133897933,RADICO.NS,0.0022120330301631107,0.09836833988778529,0.22534818044176233,1
2016-09-30,90.07189446226933,127.59682778655254,81.31742293858844,116.64743041992188,50992849,12599100000.0,3014600000.0,21334100000.0,20600000.0,9312700000.0,7821000000.0,67.56351,38.58,222.54,133897933,RADICO.NS,0.0022120330301631107,0.09836833988778529,0.22534818044176233,0
2016-12-31,117.76670602356072,146.38106946498536,102.68089017576081,109.00719451904297,51848857,12599100000.0,3014600000.0,21334100000.0,20600000.0,9312700000.0,7821000000.0,67.56351,38.58,222.54,133897933,RADICO.NS,0.0022120330301631107,0.09836833988778529,0.22534818044176233,1
2017-03-31,109.3478383068513,138.93551482036438,107.06063531032673,134.1177978515625,45651006,12599100000.0,3014600000.0,21334100000.0,20600000.0,9312700000.0,7821000000.0,67.56351,38.58,222.54,133897933,RADICO.NS,0.0022120330301631107,0.09836833988778529,0.22534818044176233,0
2017-06-30,130.41933012594612,132.17123454560965,103.70282962902559,118.20468139648438,36885006,12599100000.0,3014600000.0,21334100000.0,20600000.0,9312700000.0,7821000000.0,67.56351,38.58,222.54,133897933,RADICO.NS,0.0022120330301631107,0.09836833988778529,0.22534818044176233,1
2017-09-30,119.6159283951909,179.56988431281496,116.35544692546456,163.0201873779297,56010999,12599100000.0,3014600000.0,21334100000.0,20600000.0,9312700000.0,7821000000.0,67.56351,38.58,222.54,133897933,RADICO.NS,0.0022120330301631107,0.09836833988778529,0.22534818044176233,1
2017-12-31,164.68264752101777,302.0811860461527,160.8687440562489,287.412353515625,145628545,12599100000.0,3014600000.0,21334100000.0,20600000.0,9312700000.0,7821000000.0,67.56351,38.58,222.54,133897933,RADICO.NS,0.0022120330301631107,0.09836833988778529,0.22534818044176233,1
2018-03-31,287.02113371998246,408.7728984984051,281.2514387489995,324.915771484375,129583286,12599100000.0,3014600000.0,21334100000.0,20600000.0,9312700000.0,7821000000.0,67.56351,38.58,222.54,133897933,RADICO.NS,0.0022120330301631107,0.09836833988778529,0.22534818044176233,1
2018-06-30,327.36058160749764,484.85553060706263,326.9694173518066,404.7145080566406,83830626,12599100000.0,3014600000.0,21334100000.0,20600000.0,9312700000.0,7821000000.0,67.56351,38.58,222.54,133897933,RADICO.NS,0.0022120330301631107,0.09836833988778529,0.22534818044176233,0
2018-09-30,404.71448063725427,489.10423192542567,313.18065433265326,340.06964111328125,33466373,12599100000.0,3014600000.0,21334100000.0,20600000.0,9312700000.0,7821000000.0,67.56351,38.58,222.54,133897933,RADICO.NS,0.0022120330301631107,0.09836833988778529,0.22534818044176233,1
2018-12-31,333.45341919155965,444.996620584851,291.11015521067014,392.5085754394531,31063060,12599100000.0,3014600000.0,21334100000.0,20600000.0,9312700000.0,7821000000.0,67.56351,38.58,222.54,133897933,RADICO.NS,0.0022120330301631107,0.09836833988778529,0.22534818044176233,1
2019-03-31,394.0278904127038,440.0957907128066,342.0789197579101,393.2437438964844,33364919,12599100000.0,3014600000.0,21334100000.0,20600000.0,9312700000.0,7821000000.0,67.56351,38.58,222.54,133897933,RADICO.NS,0.0022120330301631107,0.09836833988778529,0.22534818044176233,0
2019-06-30,388.44091198095583,396.8703702620309,256.7552202330428,309.3412780761719,33689442,12599100000.0,3014600000.0,21334100000.0,20600000.0,9312700000.0,7821000000.0,67.56351,38.58,222.54,133897933,RADICO.NS,0.0022120330301631107,0.09836833988778529,0.22534818044176233,1
2019-09-30,311.15462824234703,332.86537179511794,270.7226327655619,309.9894104003906,22414290,12599100000.0,3014600000.0,21334100000.0,20600000.0,9312700000.0,7821000000.0,67.56351,38.58,222.54,133897933,RADICO.NS,0.0022120330301631107,0.09836833988778529,0.22534818044176233,0
2019-12-31,310.48148904219346,333.0171865666045,285.4362756446549,308.5133056640625,19866983,12599100000.0,3014600000.0,21334100000.0,20600000.0,9312700000.0,7821000000.0,67.56351,38.58,222.54,133897933,RADICO.NS,0.0022120330301631107,0.09836833988778529,0.22534818044176233,0
2020-03-31,309.79255712315256,432.16463903519184,216.50052849768826,263.9338684082031,44443240,12599100000.0,3014600000.0,21334100000.0,20600000.0,9312700000.0,7821000000.0,67.56351,38.58,222.54,133897933,RADICO.NS,0.0022120330301631107,0.09836833988778529,0.22534818044176233,1
2020-06-30,266.68932912247584,387.43756004113993,254.8802059766222,367.5588684082031,53053489,12599100000.0,3014600000.0,21334100000.0,20600000.0,9312700000.0,7821000000.0,67.56351,38.58,222.54,133897933,RADICO.NS,0.0022120330301631107,0.09836833988778529,0.22534818044176233,1
2020-09-30,369.5270679583091,466.8104932863279,354.76569182154975,401.8328552246094,32716104,12599100000.0,3014600000.0,21334100000.0,20600000.0,9312700000.0,7821000000.0,67.56351,38.58,222.54,133897933,RADICO.NS,0.0022120330301631107,0.09836833988778529,0.22534818044176233,1
2020-12-31,405.73941903067106,479.6675684380779,379.7780276880141,452.2720947265625,19081050,12599100000.0,3014600000.0,21334100000.0,20600000.0,9312700000.0,7821000000.0,67.56351,38.58,222.54,133897933,RADICO.NS,0.0022120330301631107,0.09836833988778529,0.22534818044176233,1
2021-03-31,453.9533784329434,642.8534780242369,447.7720960468739,553.892333984375,27773540,12599100000.0,3014600000.0,21334100000.0,20600000.0,9312700000.0,7821000000.0,67.56351,38.58,222.54,133897933,RADICO.NS,0.0022120330301631107,0.09836833988778529,0.22534818044176233,1
2021-06-30,554.8318828617465,815.9293857804722,488.5685649606837,750.75390625,39832768,12599100000.0,3014600000.0,21334100000.0,20600000.0,9312700000.0,7821000000.0,67.56351,38.58,222.54,133897933,RADICO.NS,0.0022120330301631107,0.09836833988778529,0.22534818044176233,1
2021-09-30,746.9955790329537,956.8731437639022,728.4023987778183,873.5806274414062,37874854,12599100000.0,3014600000.0,21334100000.0,20600000.0,9312700000.0,7821000000.0,67.56351,38.58,222.54,133897933,RADICO.NS,0.0022120330301631107,0.09836833988778529,0.22534818044176233,1
2021-12-31,872.4898830052605,1274.1782855899053,856.7733286087811,1225.73974609375,40553198,12599100000.0,3014600000.0,21334100000.0,20600000.0,9312700000.0,7821000000.0,67.56351,38.58,222.54,133897933,RADICO.NS,0.0022120330301631107,0.09836833988778529,0.22534818044176233,0
2022-03-31,1215.6753190698068,1283.10241995541,802.8315370416609,880.4721069335938,32123171,12599100000.0,3014600000.0,21334100000.0,20600000.0,9312700000.0,7821000000.0,67.56351,38.58,222.54,133897933,RADICO.NS,0.0022120330301631107,0.09836833988778529,0.22534818044176233,0
2022-06-30,884.2896218152821,928.1174087377331,717.1095842698879,865.1522216796875,15598786,12599100000.0,3014600000.0,21334100000.0,20600000.0,9312700000.0,7821000000.0,67.56351,38.58,222.54,133897933,RADICO.NS,0.0022120330301631107,0.09836833988778529,0.22534818044176233,1
2022-09-30,864.6564185916333,1134.1676204128692,853.0053716668034,1038.885009765625,17904982,12599100000.0,3014600000.0,21334100000.0,20600000.0,9312700000.0,7821000000.0,67.56351,38.58,222.54,133897933,RADICO.NS,0.0022120330301631107,0.09836833988778529,0.22534818044176233,0
2022-12-31,1038.089483820845,1143.4893682104007,924.038793930706,1006.6683959960938,13826625,12599100000.0,3014600000.0,21334100000.0,20600000.0,9312700000.0,7821000000.0,67.56351,38.58,222.54,133897933,RADICO.NS,0.0022120330301631107,0.09836833988778529,0.22534818044176233,1
2023-03-31,1018.2026726646568,1223.0363707848628,1002.4424147855987,1187.8369140625,13435892,12599100000.0,3014600000.0,21334100000.0,20600000.0,9312700000.0,7821000000.0,67.56351,38.58,222.54,133897933,RADICO.NS,0.0022120330301631107,0.09836833988778529,0.22534818044176233,1
2023-06-30,1193.206382971668,1232.9797951813807,1062.5004858870964,1201.757568359375,10804660,12599100000.0,3014600000.0,21334100000.0,20600000.0,9312700000.0,7821000000.0,67.56351,38.58,222.54,133897933,RADICO.NS,0.0022120330301631107,0.09836833988778529,0.22534818044176233,0
2023-09-30,1208.1213945872069,1469.6324083722268,1151.3151309967761,1200.0091552734375,19833378,12599100000.0,3014600000.0,21334100000.0,20600000.0,9312700000.0,7821000000.0,67.56351,38.58,222.54,133897933,RADICO.NS,0.0022120330301631107,0.09836833988778529,0.22534818044176233,1
2023-12-31,1201.155649848903,1879.0858484288,1137.6090160317424,1652.9595947265625,21370532,12599100000.0,3014600000.0,21334100000.0,20600000.0,9312700000.0,7821000000.0,67.56351,38.58,222.54,133897933,RADICO.NS,0.0022120330301631107,0.09836833988778529,0.22534818044176233,1
2024-03-31,1663.9743374022007,1814.1934678498967,1468.6495321405066,1722.23779296875,11064666,12599100000.0,3014600000.0,21334100000.0,20600000.0,9312700000.0,7821000000.0,67.56351,38.58,222.54,133897933,RADICO.NS,0.0022120330301631107,0.09836833988778529,0.22534818044176233,1
2024-06-30,1736.4423295566462,1862.0403353848071,1425.2882957609047,1780.75048828125,15309081,12599100000.0,3014600000.0,21334100000.0,20600000.0,9312700000.0,7821000000.0,67.56351,38.58,222.54,133897933,RADICO.NS,0.0022120330301631107,0.09836833988778529,0.22534818044176233,1
2024-09-30,1780.4017192177696,2329.321856078334,1625.6423851888462,2042.48779296875,23055864,11162961000.0,806634000.0,44122781000.0,9032256000.0,25641528000.0,561717000.0,67.56351,38.58,222.54,133897933,RADICO.NS,0.3522510826967878,0.01828157658512051,0.03145810967271529,1
2024-12-31,2027.0602526371085,2625.991756670068,1924.9583654273574,2602.126220703125,20914259,12942374000.0,954891000.0,44122781000.0,9032256000.0,25641528000.0,561717000.0,67.56351,38.58,222.54,133897933,RADICO.NS,0.3522510826967878,0.01828157658512051,0.03145810967271529,0
2025-03-31,2602.1261789403557,2633.8801766563934,1842.827461398725,2425.432373046875,14280238,12624978000.0,920749000.0,46389561000.0,11025691000.0,27537110000.0,401693000.0,67.56351,38.58,222.54,133897933,RADICO.NS,0.4003939048070041,0.019848193864132495,0.0334366605645981,1
2025-06-30,2425.5325138323774,2782.864098186379,2196.8141386093193,2613.409912109375,15756182,15060406000.0,1305214000.0,46389561000.0,11025691000.0,27537110000.0,401693000.0,67.56351,38.58,222.54,133897933,RADICO.NS,0.4003939048070041,0.019848193864132495,0.0334366605645981,1
2025-09-30,2636.176764581706,3067.0,2498.3767025484863,2887.89990234375,18363105,15060406000.0,1305214000.0,46389561000.0,11025691000.0,27537110000.0,401693000.0,67.56351,38.58,222.54,133897933,RADICO.NS,0.4003939048070041,0.019848193864132495,0.0334366605645981,1
2025-12-31,2884.800048828125,3591.89990234375,2854.199951171875,3298.39990234375,24603044,15467455000.0,1549330000.0,46389561000.0,11025691000.0,27537110000.0,401693000.0,67.56351,38.58,222.54,133897933,RADICO.NS,0.4003939048070041,0.019848193864132495,0.0334366605645981,0
2026-03-31,3282.0,3307.800048828125,2500.0,2606.60009765625,24790040,15467455000.0,1549330000.0,46389561000.0,11025691000.0,27537110000.0,401693000.0,67.56351,38.58,222.54,133897933,RADICO.NS,0.4003939048070041,0.019848193864132495,0.0334366605645981,0
2017-03-31,4791.786378448328,5340.789063751807,4204.299498424084,4691.70849609375,7264,15467455000.0,1549330000.0,46389561000.0,11025691000.0,27537110000.0,401693000.0,46.55197,138.63,1242.238,2566000,TASTYBITE.NS,0.4003939048070041,0.019848193864132495,0.0334366605645981,1
2017-06-30,4691.957409901242,5802.741896620924,4592.081317869457,4741.4228515625,132288,15467455000.0,1549330000.0,46389561000.0,11025691000.0,27537110000.0,401693000.0,46.55197,138.63,1242.238,2566000,TASTYBITE.NS,0.4003939048070041,0.019848193864132495,0.0334366605645981,1
2017-09-30,4859.619069940167,6089.498346683041,4741.772297441005,5388.8486328125,190362,15467455000.0,1549330000.0,46389561000.0,11025691000.0,27537110000.0,401693000.0,46.55197,138.63,1242.238,2566000,TASTYBITE.NS,0.4003939048070041,0.019848193864132495,0.0334366605645981,1
2017-12-31,5482.519590535711,8273.661382737655,5204.199097531635,7881.646484375,156028,15467455000.0,1549330000.0,46389561000.0,11025691000.0,27537110000.0,401693000.0,46.55197,138.63,1242.238,2566000,TASTYBITE.NS,0.4003939048070041,0.019848193864132495,0.0334366605645981,0
2018-03-31,7846.894181182005,11084.877815722604,7026.413518469892,7299.09130859375,122694,15467455000.0,1549330000.0,46389561000.0,11025691000.0,27537110000.0,401693000.0,46.55197,138.63,1242.238,2566000,TASTYBITE.NS,0.4003939048070041,0.019848193864132495,0.0334366605645981,1
2018-06-30,7515.346759483348,9511.022141190822,7190.2398297705995,7449.13671875,90193,15467455000.0,1549330000.0,46389561000.0,11025691000.0,27537110000.0,401693000.0,46.55197,138.63,1242.238,2566000,TASTYBITE.NS,0.4003939048070041,0.019848193864132495,0.0334366605645981,1
2018-09-30,7624.59721295609,11369.462665040912,6990.562368093804,8418.3681640625,106721,15467455000.0,1549330000.0,46389561000.0,11025691000.0,27537110000.0,401693000.0,46.55197,138.63,1242.238,2566000,TASTYBITE.NS,0.4003939048070041,0.019848193864132495,0.0334366605645981,1
2018-12-31,8390.797239897067,9464.562935291773,7517.710200098196,8911.9716796875,54773,15467455000.0,1549330000.0,46389561000.0,11025691000.0,27537110000.0,401693000.0,46.55197,138.63,1242.238,2566000,TASTYBITE.NS,0.4003939048070041,0.019848193864132495,0.0334366605645981,0
2019-03-31,8964.06447143649,9842.645948484358,7491.738370121746,8500.9755859375,50742,15467455000.0,1549330000.0,46389561000.0,11025691000.0,27537110000.0,401693000.0,46.55197,138.63,1242.238,2566000,TASTYBITE.NS,0.4003939048070041,0.019848193864132495,0.0334366605645981,1
2019-06-30,8506.318590358687,9589.426444833625,7480.751062399024,9380.7548828125,35580,15467455000.0,1549330000.0,46389561000.0,11025691000.0,27537110000.0,401693000.0,46.55197,138.63,1242.238,2566000,TASTYBITE.NS,0.4003939048070041,0.019848193864132495,0.0334366605645981,1
2019-09-30,9384.65150108662,10268.675996001568,8024.985272280828,9688.1796875,28654,15467455000.0,1549330000.0,46389561000.0,11025691000.0,27537110000.0,401693000.0,46.55197,138.63,1242.238,2566000,TASTYBITE.NS,0.4003939048070041,0.019848193864132495,0.0334366605645981,0
2019-12-31,9639.672559058696,10689.656262950464,8004.002451890898,8307.9365234375,37581,15467455000.0,1549330000.0,46389561000.0,11025691000.0,27537110000.0,401693000.0,46.55197,138.63,1242.238,2566000,TASTYBITE.NS,0.4003939048070041,0.019848193864132495,0.0334366605645981,1
2020-03-31,8367.633480426204,13288.38323647416,7450.436982077536,8965.712890625,143114,15467455000.0,1549330000.0,46389561000.0,11025691000.0,27537110000.0,401693000.0,46.55197,138.63,1242.238,2566000,TASTYBITE.NS,0.4003939048070041,0.019848193864132495,0.0334366605645981,1
2020-06-30,9341.833712677628,12588.994655190023,8512.557871020392,12408.7509765625,108087,15467455000.0,1549330000.0,46389561000.0,11025691000.0,27537110000.0,401693000.0,46.55197,138.63,1242.238,2566000,TASTYBITE.NS,0.4003939048070041,0.019848193864132495,0.0334366605645981,0
2020-09-30,12204.330346062274,13728.00016665555,9794.121311134257,10697.7861328125,117660,15467455000.0,1549330000.0,46389561000.0,11025691000.0,27537110000.0,401693000.0,46.55197,138.63,1242.238,2566000,TASTYBITE.NS,0.4003939048070041,0.019848193864132495,0.0334366605645981,1
2020-12-31,10790.220948726985,12791.015461619692,9943.016687764492,11980.2353515625,120442,15467455000.0,1549330000.0,46389561000.0,11025691000.0,27537110000.0,401693000.0,46.55197,138.63,1242.238,2566000,TASTYBITE.NS,0.4003939048070041,0.019848193864132495,0.0334366605645981,1
2021-03-31,11916.629959766784,16113.583190726687,11421.976896782926,14264.0302734375,180178,15467455000.0,1549330000.0,46389561000.0,11025691000.0,27537110000.0,401693000.0,46.55197,138.63,1242.238,2566000,TASTYBITE.NS,0.4003939048070041,0.019848193864132495,0.0334366605645981,1
2021-06-30,14263.931077752786,17587.647579473698,13902.384579366404,17071.958984375,131139,15467455000.0,1549330000.0,46389561000.0,11025691000.0,27537110000.0,401693000.0,46.55197,138.63,1242.238,2566000,TASTYBITE.NS,0.4003939048070041,0.019848193864132495,0.0334366605645981,1
2021-09-30,17018.045913838192,21471.919571378003,16490.138888447367,17749.884765625,337138,15467455000.0,1549330000.0,46389561000.0,11025691000.0,27537110000.0,401693000.0,46.55197,138.63,1242.238,2566000,TASTYBITE.NS,0.4003939048070041,0.019848193864132495,0.0334366605645981,0
2021-12-31,17760.278691825297,19088.58344989133,12020.612209705754,13826.681640625,177868,15467455000.0,1549330000.0,46389561000.0,11025691000.0,27537110000.0,401693000.0,46.55197,138.63,1242.238,2566000,TASTYBITE.NS,0.4003939048070041,0.019848193864132495,0.0334366605645981,0
2022-03-31,13642.841848380893,14431.370129321507,10445.003201023474,10816.0322265625,108478,15467455000.0,1549330000.0,46389561000.0,11025691000.0,27537110000.0,401693000.0,46.55197,138.63,1242.238,2566000,TASTYBITE.NS,0.4003939048070041,0.019848193864132495,0.0334366605645981,0
2022-06-30,10992.426246222674,12103.76245615944,8045.189451215787,9402.6767578125,74428,15467455000.0,1549330000.0,46389561000.0,11025691000.0,27537110000.0,401693000.0,46.55197,138.63,1242.238,2566000,TASTYBITE.NS,0.4003939048070041,0.019848193864132495,0.0334366605645981,1
2022-09-30,9344.411547539768,13692.837564354051,9294.441432312284,11918.716796875,226189,15467455000.0,1549330000.0,46389561000.0,11025691000.0,27537110000.0,401693000.0,46.55197,138.63,1242.238,2566000,TASTYBITE.NS,0.4003939048070041,0.019848193864132495,0.0334366605645981,0
2022-12-31,11939.955948118457,12768.022444313156,10237.295429444259,10502.5068359375,59992,15467455000.0,1549330000.0,46389561000.0,11025691000.0,27537110000.0,401693000.0,46.55197,138.63,1242.238,2566000,TASTYBITE.NS,0.4003939048070041,0.019848193864132495,0.0334366605645981,0
2023-03-31,10594.458545375095,10654.775980972478,7956.838272185457,8018.15673828125,65114,15467455000.0,1549330000.0,46389561000.0,11025691000.0,27537110000.0,401693000.0,46.55197,138.63,1242.238,2566000,TASTYBITE.NS,0.4003939048070041,0.019848193864132495,0.0334366605645981,1
2023-06-30,8046.790846383978,14006.473940666927,8045.791369195257,13605.6337890625,205130,15467455000.0,1549330000.0,46389561000.0,11025691000.0,27537110000.0,401693000.0,46.55197,138.63,1242.238,2566000,TASTYBITE.NS,0.4003939048070041,0.019848193864132495,0.0334366605645981,1
2023-09-30,13605.633885741974,19784.512181673792,12946.134019842952,16313.3681640625,224875,15467455000.0,1549330000.0,46389561000.0,11025691000.0,27537110000.0,401693000.0,46.55197,138.63,1242.238,2566000,TASTYBITE.NS,0.4003939048070041,0.019848193864132495,0.0334366605645981,0
2023-12-31,16493.74911313792,17569.24527606286,13126.16546202133,13303.94921875,134919,15467455000.0,1549330000.0,46389561000.0,11025691000.0,27537110000.0,401693000.0,46.55197,138.63,1242.238,2566000,TASTYBITE.NS,0.4003939048070041,0.019848193864132495,0.0334366605645981,0
2024-03-31,13427.95255361711,15492.176440382867,12080.458484042292,12358.2548828125,175739,15467455000.0,1549330000.0,46389561000.0,11025691000.0,27537110000.0,401693000.0,46.55197,138.63,1242.238,2566000,TASTYBITE.NS,0.4003939048070041,0.019848193864132495,0.0334366605645981,0
2024-06-30,12393.341994611337,12870.161531132362,9946.311508212888,10638.2509765625,140762,15467455000.0,1549330000.0,46389561000.0,11025691000.0,27537110000.0,401693000.0,46.55197,138.63,1242.238,2566000,TASTYBITE.NS,0.4003939048070041,0.019848193864132495,0.0334366605645981,1
2024-09-30,10645.897618162568,15196.331121939807,9098.402507336208,12657.0771484375,858406,15467455000.0,1549330000.0,4582550000.0,856580000.0,2894160000.0,87490000.0,46.55197,138.63,1242.238,2566000,TASTYBITE.NS,0.29596843298228154,0.019848193864132495,0.0334366605645981,0
2024-12-31,12747.761218609967,13581.565343306813,9863.267878680348,9924.8564453125,223072,1783570000.0,130310000.0,4582550000.0,856580000.0,2894160000.0,87490000.0,46.55197,138.63,1242.238,2566000,TASTYBITE.NS,0.29596843298228154,0.019848193864132495,0.0334366605645981,0
2025-03-31,9928.25599229145,10798.103877402727,8100.4270376114955,8217.7568359375,227014,1335260000.0,61940000.0,4550270000.0,724720000.0,3113120000.0,153480000.0,46.55197,138.63,1242.238,2566000,TASTYBITE.NS,0.23279539497353138,0.01361237904563905,0.019896438299840676,1
2025-06-30,8255.700334049292,11464.986674355203,7542.075343824971,11109.048828125,270228,1209230000.0,81890000.0,4550270000.0,724720000.0,3113120000.0,153480000.0,46.55197,138.63,1242.238,2566000,TASTYBITE.NS,0.23279539497353138,0.01361237904563905,0.019896438299840676,0
2025-09-30,11160.039711767711,11958.0,8778.0,8865.0,211486,1326660000.0,36200000.0,4690480000.0,660910000.0,3187030000.0,577640000.0,46.55197,138.63,1242.238,2566000,TASTYBITE.NS,0.20737489135652942,0.007717760229230271,0.01135853757259894,0
2025-12-31,8952.5,9320.0,7700.0,7833.0,69382,1767070000.0,174850000.0,4690480000.0,660910000.0,3187030000.0,577640000.0,46.55197,138.63,1242.238,2566000,TASTYBITE.NS,0.20737489135652942,0.007717760229230271,0.01135853757259894,0
2026-03-31,7805.0,8800.0,6430.0,6453.5,114074,1767070000.0,174850000.0,4690480000.0,660910000.0,3187030000.0,577640000.0,46.55197,138.63,1242.238,2566000,TASTYBITE.NS,0.20737489135652942,0.007717760229230271,0.01135853757259894,0
2016-03-31,108.78197903294644,111.82359118109876,105.91929513764471,108.46888732910156,9750702,1767070000.0,174850000.0,4690480000.0,660910000.0,3187030000.0,577640000.0,69.115456,14.81,205.423,989561780,TATACONSUM.NS,0.20737489135652942,0.007717760229230271,0.01135853757259894,1
2016-06-30,109.13981707134104,118.04097478089545,102.87771104295334,117.37003326416016,82903711,1767070000.0,174850000.0,4690480000.0,660910000.0,3187030000.0,577640000.0,69.115456,14.81,205.423,989561780,TATACONSUM.NS,0.20737489135652942,0.007717760229230271,0.01135853757259894,1
2016-09-30,118.08571367814201,135.59428153979056,115.22303450178782,126.91226959228516,136058373,1767070000.0,174850000.0,4690480000.0,660910000.0,3187030000.0,577640000.0,69.115456,14.81,205.423,989561780,TATACONSUM.NS,0.20737489135652942,0.007717760229230271,0.01135853757259894,0
2016-12-31,128.13954056067215,143.36716254342647,103.86621747465215,110.9118423461914,145436603,1767070000.0,174850000.0,4690480000.0,660910000.0,3187030000.0,577640000.0,69.115456,14.81,205.423,989561780,TATACONSUM.NS,0.20737489135652942,0.007717760229230271,0.01135853757259894,1
2017-03-31,111.63913354585642,139.91254109795292,110.32091489225704,136.8670196533203,110930476,1767070000.0,174850000.0,4690480000.0,660910000.0,3187030000.0,577640000.0,69.115456,14.81,205.423,989561780,TATACONSUM.NS,0.20737489135652942,0.007717760229230271,0.01135853757259894,1
2017-06-30,136.9579380023289,147.95819650614985,127.45771036058058,136.95794677734375,113513785,1767070000.0,174850000.0,4690480000.0,660910000.0,3187030000.0,577640000.0,69.115456,14.81,205.423,989561780,TATACONSUM.NS,0.20737489135652942,0.007717760229230271,0.01135853757259894,1
2017-09-30,138.63980608253956,206.13454189169258,136.13972354898377,192.6543426513672,341894691,1767070000.0,174850000.0,4690480000.0,660910000.0,3187030000.0,577640000.0,69.115456,14.81,205.423,989561780,TATACONSUM.NS,0.20737489135652942,0.007717760229230271,0.01135853757259894,1
2017-12-31,194.01175015467587,297.68750173011716,189.65876895389715,296.189697265625,350498768,1767070000.0,174850000.0,4690480000.0,660910000.0,3187030000.0,577640000.0,69.115456,14.81,205.423,989561780,TATACONSUM.NS,0.20737489135652942,0.007717760229230271,0.01135853757259894,0
2018-03-31,297.4534773215573,307.75081693572525,234.03106154670283,242.22216796875,219083772,1767070000.0,174850000.0,4690480000.0,660910000.0,3187030000.0,577640000.0,69.115456,14.81,205.423,989561780,TATACONSUM.NS,0.20737489135652942,0.007717760229230271,0.01135853757259894,1
2018-06-30,242.7838211225843,280.83725431655637,222.0954554789557,254.498291015625,208632983,1767070000.0,174850000.0,4690480000.0,660910000.0,3187030000.0,577640000.0,69.115456,14.81,205.423,989561780,TATACONSUM.NS,0.20737489135652942,0.007717760229230271,0.01135853757259894,0
2018-09-30,256.05729641850934,268.8129027560088,200.92465208731167,220.86123657226562,190768320,1767070000.0,174850000.0,4690480000.0,660910000.0,3187030000.0,577640000.0,69.115456,14.81,205.423,989561780,TATACONSUM.NS,0.20737489135652942,0.007717760229230271,0.01135853757259894,0
2018-12-31,221.61711624697438,227.52252463105722,184.24788990925063,207.302490234375,129827478,1767070000.0,174850000.0,4690480000.0,660910000.0,3187030000.0,577640000.0,69.115456,14.81,205.423,989561780,TATACONSUM.NS,0.20737489135652942,0.007717760229230271,0.01135853757259894,0
2019-03-31,207.8221661376483,208.86151896496864,167.28763862516502,187.98008728027344,101842866,1767070000.0,174850000.0,4690480000.0,660910000.0,3187030000.0,577640000.0,69.115456,14.81,205.423,989561780,TATACONSUM.NS,0.20737489135652942,0.007717760229230271,0.01135853757259894,1
2019-06-30,193.27129040408514,264.9452079150689,184.34238533126089,257.5909423828125,223550313,1767070000.0,174850000.0,4690480000.0,660910000.0,3187030000.0,577640000.0,69.115456,14.81,205.423,989561780,TATACONSUM.NS,0.20737489135652942,0.007717760229230271,0.01135853757259894,1
2019-09-30,257.97296917579155,274.7827586045463,234.57298247485505,263.6080627441406,143958929,1767070000.0,174850000.0,4690480000.0,660910000.0,3187030000.0,577640000.0,69.115456,14.81,205.423,989561780,TATACONSUM.NS,0.20737489135652942,0.007717760229230271,0.01135853757259894,1
2019-12-31,263.6080602490185,315.2313093870937,250.8574489599129,306.92193603515625,196085295,1767070000.0,174850000.0,4690480000.0,660910000.0,3187030000.0,577640000.0,69.115456,14.81,205.423,989561780,TATACONSUM.NS,0.20737489135652942,0.007717760229230271,0.01135853757259894,0
2020-03-31,306.92193812502853,389.68147398198624,204.10522283293096,281.6117248535156,368388253,1767070000.0,174850000.0,4690480000.0,660910000.0,3187030000.0,577640000.0,69.115456,14.81,205.423,989561780,TATACONSUM.NS,0.20737489135652942,0.007717760229230271,0.01135853757259894,1
2020-06-30,279.70152904899527,379.91087552056484,252.14684627125223,372.7436828613281,310876244,1767070000.0,174850000.0,4690480000.0,660910000.0,3187030000.0,577640000.0,69.115456,14.81,205.423,989561780,TATACONSUM.NS,0.20737489135652942,0.007717760229230271,0.01135853757259894,1
2020-09-30,370.38669184373475,569.4815474483623,366.05749674426255,480.9735412597656,330227216,1767070000.0,174850000.0,4690480000.0,660910000.0,3187030000.0,577640000.0,69.115456,14.81,205.423,989561780,TATACONSUM.NS,0.20737489135652942,0.007717760229230271,0.01135853757259894,1
2020-12-31,489.24713417642556,592.7148177440273,441.52978148124663,567.5093383789062,270697496,1767070000.0,174850000.0,4690480000.0,660910000.0,3187030000.0,577640000.0,69.115456,14.81,205.423,989561780,TATACONSUM.NS,0.20737489135652942,0.007717760229230271,0.01135853757259894,1
2021-03-31,570.4916990158068,629.176343965447,533.2125507931245,614.6494750976562,264910169,1767070000.0,174850000.0,4690480000.0,660910000.0,3187030000.0,577640000.0,69.115456,14.81,205.423,989561780,TATACONSUM.NS,0.20737489135652942,0.007717760229230271,0.01135853757259894,1
2021-06-30,616.6698136641764,746.852021694922,590.6945944393382,729.9198608398438,200484580,1767070000.0,174850000.0,4690480000.0,660910000.0,3187030000.0,577640000.0,69.115456,14.81,205.423,989561780,TATACONSUM.NS,0.20737489135652942,0.007717760229230271,0.01135853757259894,1
2021-09-30,731.2743478285274,860.1520791141601,715.213076454816,787.1987915039062,134931026,1767070000.0,174850000.0,4690480000.0,660910000.0,3187030000.0,577640000.0,69.115456,14.81,205.423,989561780,TATACONSUM.NS,0.20737489135652942,0.007717760229230271,0.01135853757259894,0
2021-12-31,786.5215558422988,834.995783479278,673.9954210763432,719.3251953125,113402845,1767070000.0,174850000.0,4690480000.0,660910000.0,3187030000.0,577640000.0,69.115456,14.81,205.423,989561780,TATACONSUM.NS,0.20737489135652942,0.007717760229230271,0.01135853757259894,1
2022-03-31,722.7599279230292,757.3498505023157,629.1011641021693,752.1734619140625,160128429,1767070000.0,174850000.0,4690480000.0,660910000.0,3187030000.0,577640000.0,69.115456,14.81,205.423,989561780,TATACONSUM.NS,0.20737489135652942,0.007717760229230271,0.01135853757259894,0
2022-06-30,754.640736375819,809.6943075474495,675.3500187267437,688.8657836914062,101663730,1767070000.0,174850000.0,4690480000.0,660910000.0,3187030000.0,577640000.0,69.115456,14.81,205.423,989561780,TATACONSUM.NS,0.20737489135652942,0.007717760229230271,0.01135853757259894,1
2022-09-30,682.6730048340387,839.834042662978,679.74726338475,782.9771118164062,125397871,1767070000.0,174850000.0,4690480000.0,660910000.0,3187030000.0,577640000.0,69.115456,14.81,205.423,989561780,TATACONSUM.NS,0.20737489135652942,0.007717760229230271,0.01135853757259894,0
2022-12-31,782.9771611283837,801.6043909395773,720.5125711133392,747.9657592773438,84263830,1767070000.0,174850000.0,4690480000.0,660910000.0,3187030000.0,577640000.0,69.115456,14.81,205.423,989561780,TATACONSUM.NS,0.20737489135652942,0.007717760229230271,0.01135853757259894,0
2023-03-31,750.8428224338402,761.6680171615986,669.6046312850254,691.3038940429688,67665933,1767070000.0,174850000.0,4690480000.0,660910000.0,3187030000.0,577640000.0,69.115456,14.81,205.423,989561780,TATACONSUM.NS,0.20737489135652942,0.007717760229230271,0.01135853757259894,1
2023-06-30,692.4254837805486,864.7843751703997,679.2108513499638,848.715087890625,86102211,1767070000.0,174850000.0,4690480000.0,660910000.0,3187030000.0,577640000.0,69.115456,14.81,205.423,989561780,TATACONSUM.NS,0.20737489135652942,0.007717760229230271,0.01135853757259894,1
2023-09-30,854.6794215179477,897.0215544036736,810.3656263375581,864.4886474609375,88328042,1767070000.0,174850000.0,4690480000.0,660910000.0,3187030000.0,577640000.0,69.115456,14.81,205.423,989561780,TATACONSUM.NS,0.20737489135652942,0.007717760229230271,0.01135853757259894,1
2023-12-31,857.6862552248094,1078.5157692866705,842.8985579822339,1071.417724609375,92030354,1767070000.0,174850000.0,4690480000.0,660910000.0,3187030000.0,577640000.0,69.115456,14.81,205.423,989561780,TATACONSUM.NS,0.20737489135652942,0.007717760229230271,0.01135853757259894,1
2024-03-31,1078.3678858031128,1251.0389347936634,1059.7847539807738,1080.6846923828125,108180859,1767070000.0,174850000.0,4690480000.0,660910000.0,3187030000.0,577640000.0,69.115456,14.81,205.423,989561780,TATACONSUM.NS,0.20737489135652942,0.007717760229230271,0.01135853757259894,1
2024-06-30,1084.43091976143,1163.20001686924,1021.3305117722734,1089.3760986328125,123198688,1767070000.0,174850000.0,4690480000.0,660910000.0,3187030000.0,577640000.0,69.115456,14.81,205.423,989561780,TATACONSUM.NS,0.20737489135652942,0.007717760229230271,0.01135853757259894,1
2024-09-30,1082.080224074989,1237.9242791425263,1072.0545284219456,1188.1441650390625,111479462,42144500000.0,3644200000.0,309698100000.0,29546500000.0,191318300000.0,19571100000.0,69.115456,14.81,205.423,989561780,TATACONSUM.NS,0.154436350312542,0.01176694335548071,0.019047838079263718,0
2024-12-31,1188.1441425403955,1196.581609120937,876.4046328021277,907.9706420898438,99966850,44435600000.0,2788800000.0,309698100000.0,29546500000.0,191318300000.0,19571100000.0,69.115456,14.81,205.423,989561780,TATACONSUM.NS,0.154436350312542,0.01176694335548071,0.019047838079263718,1
2025-03-31,906.283136542537,1067.0913844954212,904.2978503726739,994.5291748046875,108220996,44983300000.0,3448500000.0,319776800000.0,23926800000.0,200010800000.0,27259300000.0,69.115456,14.81,205.423,989561780,TATACONSUM.NS,0.11962754011283391,0.01078408439886821,0.017241568955276416,1
2025-06-30,995.6210478006307,1171.8151939523157,981.9722049220078,1098.9000244140625,91006899,47789100000.0,3341500000.0,319776800000.0,23926800000.0,200010800000.0,27259300000.0,69.115456,14.81,205.423,989561780,TATACONSUM.NS,0.11962754011283391,0.01078408439886821,0.017241568955276416,1
2025-09-30,1098.9000244140625,1147.0999755859375,1037.699951171875,1129.300048828125,69141373,47789100000.0,3341500000.0,319776800000.0,23926800000.0,200010800000.0,27259300000.0,69.115456,14.81,205.423,989561780,TATACONSUM.NS,0.11962754011283391,0.01078408439886821,0.017241568955276416,1
2025-12-31,1129.0999755859375,1202.800048828125,1108.4000244140625,1192.0,79344248,51120000000.0,3846100000.0,319776800000.0,23926800000.0,200010800000.0,27259300000.0,69.115456,14.81,205.423,989561780,TATACONSUM.NS,0.11962754011283391,0.01078408439886821,0.017241568955276416,0
2026-03-31,1192.0,1220.9000244140625,1019.5999755859375,1023.5999755859375,69438741,51120000000.0,3846100000.0,319776800000.0,23926800000.0,200010800000.0,27259300000.0,69.115456,14.81,205.423,989561780,TATACONSUM.NS,0.11962754011283391,0.01078408439886821,0.017241568955276416,0
2016-03-31,833.0140914012152,838.009193025393,782.7239804764217,802.4617919921875,1784453,51120000000.0,3846100000.0,319776800000.0,23926800000.0,200010800000.0,27259300000.0,100.31552,15.53,164.32,264405149,UBL.NS,0.11962754011283391,0.01078408439886821,0.017241568955276416,0
2016-06-30,804.062116099305,816.6710515749273,669.2435001123405,728.166015625,31450089,51120000000.0,3846100000.0,319776800000.0,23926800000.0,200010800000.0,27259300000.0,100.31552,15.53,164.32,264405149,UBL.NS,0.11962754011283391,0.01078408439886821,0.017241568955276416,1
2016-09-30,728.8450147517381,905.724353963706,725.9837443337144,878.042724609375,19859928,51120000000.0,3846100000.0,319776800000.0,23926800000.0,200010800000.0,27259300000.0,100.31552,15.53,164.32,264405149,UBL.NS,0.11962754011283391,0.01078408439886821,0.017241568955276416,0
2016-12-31,877.9940633169866,949.3835856306958,721.6656112628889,757.1661376953125,18891929,51120000000.0,3846100000.0,319776800000.0,23926800000.0,200010800000.0,27259300000.0,100.31552,15.53,164.32,264405149,UBL.NS,0.11962754011283391,0.01078408439886821,0.017241568955276416,0
2017-03-31,785.7704633939076,822.5822640323673,741.7711743147161,748.6673583984375,11691208,51120000000.0,3846100000.0,319776800000.0,23926800000.0,200010800000.0,27259300000.0,100.31552,15.53,164.32,264405149,UBL.NS,0.11962754011283391,0.01078408439886821,0.017241568955276416,1
2017-06-30,741.0913553483981,853.1777033581077,696.6064456918255,759.205810546875,15525004,51120000000.0,3846100000.0,319776800000.0,23926800000.0,200010800000.0,27259300000.0,100.31552,15.53,164.32,264405149,UBL.NS,0.11962754011283391,0.01078408439886821,0.017241568955276416,1
2017-09-30,762.993816096771,843.3466227070282,752.9895900527196,799.0392456054688,14785410,51120000000.0,3846100000.0,319776800000.0,23926800000.0,200010800000.0,27259300000.0,100.31552,15.53,164.32,264405149,UBL.NS,0.11962754011283391,0.01078408439886821,0.017241568955276416,1
2017-12-31,803.465185065738,1157.9236703168965,800.3524279918388,1049.5628662109375,28787414,51120000000.0,3846100000.0,319776800000.0,23926800000.0,200010800000.0,27259300000.0,100.31552,15.53,164.32,264405149,UBL.NS,0.11962754011283391,0.01078408439886821,0.017241568955276416,0
2018-03-31,1049.5629520360287,1209.0888311348194,883.5684886315051,921.9908447265625,26224591,51120000000.0,3846100000.0,319776800000.0,23926800000.0,200010800000.0,27259300000.0,100.31552,15.53,164.32,264405149,UBL.NS,0.11962754011283391,0.01078408439886821,0.017241568955276416,1
2018-06-30,924.0822970667335,1278.1516536059578,916.7869105109436,1119.9876708984375,32790771,51120000000.0,3846100000.0,319776800000.0,23926800000.0,200010800000.0,27259300000.0,100.31552,15.53,164.32,264405149,UBL.NS,0.11962754011283391,0.01078408439886821,0.017241568955276416,1
2018-09-30,1126.6995795780163,1429.0610595591127,1003.6506729776718,1322.2918701171875,48013486,51120000000.0,3846100000.0,319776800000.0,23926800000.0,200010800000.0,27259300000.0,100.31552,15.53,164.32,264405149,UBL.NS,0.11962754011283391,0.01078408439886821,0.017241568955276416,1
2018-12-31,1324.8731939476656,1375.432943708678,1055.0278935857182,1341.434326171875,41898830,51120000000.0,3846100000.0,319776800000.0,23926800000.0,200010800000.0,27259300000.0,100.31552,15.53,164.32,264405149,UBL.NS,0.11962754011283391,0.01078408439886821,0.017241568955276416,0
2019-03-31,1337.0505918623253,1452.8794591979167,1258.6295467591538,1339.3885498046875,35354763,51120000000.0,3846100000.0,319776800000.0,23926800000.0,200010800000.0,27259300000.0,100.31552,15.53,164.32,264405149,UBL.NS,0.11962754011283391,0.01078408439886821,0.017241568955276416,0
2019-06-30,1370.659346595099,1445.3782668920546,1260.5780433014284,1304.41552734375,25926161,51120000000.0,3846100000.0,319776800000.0,23926800000.0,200010800000.0,27259300000.0,100.31552,15.53,164.32,264405149,UBL.NS,0.11962754011283391,0.01078408439886821,0.017241568955276416,1
2019-09-30,1306.364076881961,1401.345677364045,1188.939767045797,1314.73876953125,23064185,51120000000.0,3846100000.0,319776800000.0,23926800000.0,200010800000.0,27259300000.0,100.31552,15.53,164.32,264405149,UBL.NS,0.11962754011283391,0.01078408439886821,0.017241568955276416,0
2019-12-31,1321.472534620266,1332.1593309807747,1156.4898169701535,1239.4935302734375,34461128,51120000000.0,3846100000.0,319776800000.0,23926800000.0,200010800000.0,27259300000.0,100.31552,15.53,164.32,264405149,UBL.NS,0.11962754011283391,0.01078408439886821,0.017241568955276416,0
2020-03-31,1241.1037660580037,1323.3757067898362,731.4676522351505,896.7431640625,28773774,51120000000.0,3846100000.0,319776800000.0,23926800000.0,200010800000.0,27259300000.0,100.31552,15.53,164.32,264405149,UBL.NS,0.11962754011283391,0.01078408439886821,0.017241568955276416,1
2020-06-30,905.1851702134447,1061.2379611591186,838.5282943364186,1012.7826538085938,50180740,51120000000.0,3846100000.0,319776800000.0,23926800000.0,200010800000.0,27259300000.0,100.31552,15.53,164.32,264405149,UBL.NS,0.11962754011283391,0.01078408439886821,0.017241568955276416,0
2020-09-30,1010.0987101761398,1141.7608579624991,895.3854398981975,935.6978149414062,47290042,51120000000.0,3846100000.0,319776800000.0,23926800000.0,200010800000.0,27259300000.0,100.31552,15.53,164.32,264405149,UBL.NS,0.11962754011283391,0.01078408439886821,0.017241568955276416,1
2020-12-31,949.1026725296955,1169.2552969935214,877.6754069312661,1160.7916259765625,46191679,51120000000.0,3846100000.0,319776800000.0,23926800000.0,200010800000.0,27259300000.0,100.31552,15.53,164.32,264405149,UBL.NS,0.11962754011283391,0.01078408439886821,0.017241568955276416,1
2021-03-31,1159.4707648752394,1301.00467369624,1128.4538198682278,1214.7047119140625,32442951,51120000000.0,3846100000.0,319776800000.0,23926800000.0,200010800000.0,27259300000.0,100.31552,15.53,164.32,264405149,UBL.NS,0.11962754011283391,0.01078408439886821,0.017241568955276416,1
2021-06-30,1215.2429781440928,1466.657264669117,1028.7491305167348,1415.1414794921875,51574692,51120000000.0,3846100000.0,319776800000.0,23926800000.0,200010800000.0,27259300000.0,100.31552,15.53,164.32,264405149,UBL.NS,0.11962754011283391,0.01078408439886821,0.017241568955276416,1
2021-09-30,1404.5703845837022,1650.248044576491,1336.2016824024506,1538.1759033203125,39042043,51120000000.0,3846100000.0,319776800000.0,23926800000.0,200010800000.0,27259300000.0,100.31552,15.53,164.32,264405149,UBL.NS,0.11962754011283391,0.01078408439886821,0.017241568955276416,1
2021-12-31,1536.7077826452683,1747.9316710663988,1412.4008943543517,1552.41748046875,24704110,51120000000.0,3846100000.0,319776800000.0,23926800000.0,200010800000.0,27259300000.0,100.31552,15.53,164.32,264405149,UBL.NS,0.11962754011283391,0.01078408439886821,0.017241568955276416,0
2022-03-31,1551.4875920188672,1646.8711521494743,1247.4739407143359,1457.9637451171875,20874460,51120000000.0,3846100000.0,319776800000.0,23926800000.0,200010800000.0,27259300000.0,100.31552,15.53,164.32,264405149,UBL.NS,0.11962754011283391,0.01078408439886821,0.017241568955276416,0
2022-06-30,1457.9638157622448,1580.7536577411427,1376.8217054589165,1421.9931640625,20005917,51120000000.0,3846100000.0,319776800000.0,23926800000.0,200010800000.0,27259300000.0,100.31552,15.53,164.32,264405149,UBL.NS,0.11962754011283391,0.01078408439886821,0.017241568955276416,1
2022-09-30,1422.9717843402432,1707.9255446850161,1409.4643696715145,1681.62109375,16093007,51120000000.0,3846100000.0,319776800000.0,23926800000.0,200010800000.0,27259300000.0,100.31552,15.53,164.32,264405149,UBL.NS,0.11962754011283391,0.01078408439886821,0.017241568955276416,0
2022-12-31,1663.7891684256624,1779.696612599503,1568.0779941240403,1674.626220703125,14256321,51120000000.0,3846100000.0,319776800000.0,23926800000.0,200010800000.0,27259300000.0,100.31552,15.53,164.32,264405149,UBL.NS,0.11962754011283391,0.01078408439886821,0.017241568955276416,0
2023-03-31,1672.8527890031196,1683.886870012878,1377.2957157978792,1403.35400390625,12421210,51120000000.0,3846100000.0,319776800000.0,23926800000.0,200010800000.0,27259300000.0,100.31552,15.53,164.32,264405149,UBL.NS,0.11962754011283391,0.01078408439886821,0.017241568955276416,1
2023-06-30,1403.9451396954075,1503.3508205080068,1333.4548619733364,1489.55810546875,17762430,51120000000.0,3846100000.0,319776800000.0,23926800000.0,200010800000.0,27259300000.0,100.31552,15.53,164.32,264405149,UBL.NS,0.11962754011283391,0.01078408439886821,0.017241568955276416,1
2023-09-30,1498.3755743005406,1670.0458765804183,1448.2786210390402,1541.352294921875,16698451,51120000000.0,3846100000.0,319776800000.0,23926800000.0,200010800000.0,27259300000.0,100.31552,15.53,164.32,264405149,UBL.NS,0.11962754011283391,0.01078408439886821,0.017241568955276416,1
2023-12-31,1547.2920209992756,1771.020634098218,1524.3252383976671,1767.2093505859375,16715384,51120000000.0,3846100000.0,319776800000.0,23926800000.0,200010800000.0,27259300000.0,100.31552,15.53,164.32,264405149,UBL.NS,0.11962754011283391,0.01078408439886821,0.017241568955276416,0
2024-03-31,1775.1784467229231,1888.8247979136122,1630.6952497694465,1718.50390625,12854795,51120000000.0,3846100000.0,319776800000.0,23926800000.0,200010800000.0,27259300000.0,100.31552,15.53,164.32,264405149,UBL.NS,0.11962754011283391,0.01078408439886821,0.017241568955276416,1
2024-06-30,1742.3120777134206,2160.516439655852,1718.5532766536924,1966.09033203125,22468875,51120000000.0,3846100000.0,319776800000.0,23926800000.0,200010800000.0,27259300000.0,100.31552,15.53,164.32,264405149,UBL.NS,0.11962754011283391,0.01078408439886821,0.017241568955276416,1
2024-09-30,1977.8707437492585,2193.6008889108557,1878.3249425885542,2164.3017578125,21702180,21167200000.0,1321700000.0,70694000000.0,1265300000.0,42255200000.0,493800000.0,100.31552,15.53,164.32,264405149,UBL.NS,0.029944243548722996,0.018696070387868843,0.03127899051477688,0
2024-12-31,2169.8233706673745,2175.1956009767696,1800.7246747585205,2026.5614013671875,11973453,20002600000.0,384000000.0,70694000000.0,1265300000.0,42255200000.0,493800000.0,100.31552,15.53,164.32,264405149,UBL.NS,0.029944243548722996,0.018696070387868843,0.03127899051477688,0
2025-03-31,2036.510237711584,2287.915053435736,1838.5299206565214,1989.0048828125,19219800,20009700000.0,975700000.0,82227900000.0,6199800000.0,43639200000.0,3419200000.0,100.31552,15.53,164.32,264405149,UBL.NS,0.1420695154814937,0.011865802239872355,0.022358338374672312,0
2025-06-30,1989.0048654562086,2283.1397847268786,1863.4516156279556,1941.1015625,9081377,28643200000.0,1838700000.0,82227900000.0,6199800000.0,43639200000.0,3419200000.0,100.31552,15.53,164.32,264405149,UBL.NS,0.1420695154814937,0.011865802239872355,0.022358338374672312,0
2025-09-30,1958.4123489111562,2099.1873394040654,1761.300048828125,1800.800048828125,11329801,28643200000.0,1838700000.0,82227900000.0,6199800000.0,43639200000.0,3419200000.0,100.31552,15.53,164.32,264405149,UBL.NS,0.1420695154814937,0.011865802239872355,0.022358338374672312,0
2025-12-31,1800.800048828125,1844.0,1574.0999755859375,1621.699951171875,8698093,20727200000.0,810000000.0,82227900000.0,6199800000.0,43639200000.0,3419200000.0,100.31552,15.53,164.32,264405149,UBL.NS,0.1420695154814937,0.011865802239872355,0.022358338374672312,0
2026-03-31,1629.699951171875,1779.0999755859375,1401.0999755859375,1557.9000244140625,6781780,20727200000.0,810000000.0,82227900000.0,6199800000.0,43639200000.0,3419200000.0,100.31552,15.53,164.32,264405149,UBL.NS,0.1420695154814937,0.011865802239872355,0.022358338374672312,0
2016-12-31,24.783644157700614,27.18996244374254,20.23036903256024,21.93352699279785,364161505,20727200000.0,810000000.0,82227900000.0,6199800000.0,43639200000.0,3419200000.0,42.51391,8.99,57.891,3382094394,VBL.NS,0.1420695154814937,0.011865802239872355,0.022358338374672312,1
2017-03-31,22.24764594140793,24.207278549700458,19.596370844038134,23.339853286743164,62718597,20727200000.0,810000000.0,82227900000.0,6199800000.0,43639200000.0,3419200000.0,42.51391,8.99,57.891,3382094394,VBL.NS,0.1420695154814937,0.011865802239872355,0.022358338374672312,1
2017-06-30,23.273569563534,32.33689124651335,23.05455111736363,30.826818466186523,139570096,20727200000.0,810000000.0,82227900000.0,6199800000.0,43639200000.0,3419200000.0,42.51391,8.99,57.891,3382094394,VBL.NS,0.1420695154814937,0.011865802239872355,0.022358338374672312,0
2017-09-30,30.61356406474126,33.21021438868557,27.440678221458327,29.570064544677734,102280615,20727200000.0,810000000.0,82227900000.0,6199800000.0,43639200000.0,3419200000.0,42.51391,8.99,57.891,3382094394,VBL.NS,0.1420695154814937,0.011865802239872355,0.022358338374672312,1
2017-12-31,29.53820721306765,38.45759365172211,28.125006213769254,37.8349723815918,73461790,20727200000.0,810000000.0,82227900000.0,6199800000.0,43639200000.0,3419200000.0,42.51391,8.99,57.891,3382094394,VBL.NS,0.1420695154814937,0.011865802239872355,0.022358338374672312,0
2018-03-31,37.75099451414667,43.94822113361582,34.16586266438486,36.45362854003906,228002588,20727200000.0,810000000.0,82227900000.0,6199800000.0,43639200000.0,3419200000.0,42.51391,8.99,57.891,3382094394,VBL.NS,0.1420695154814937,0.011865802239872355,0.022358338374672312,1
2018-06-30,36.86483822715183,46.044849480148926,36.21615584688244,43.64704132080078,115531591,20727200000.0,810000000.0,82227900000.0,6199800000.0,43639200000.0,3419200000.0,42.51391,8.99,57.891,3382094394,VBL.NS,0.1420695154814937,0.011865802239872355,0.022358338374672312,0
2018-09-30,43.954013759138725,48.7965538164002,38.61975148454109,42.93085861206055,99683854,20727200000.0,810000000.0,82227900000.0,6199800000.0,43639200000.0,3419200000.0,42.51391,8.99,57.891,3382094394,VBL.NS,0.1420695154814937,0.011865802239872355,0.022358338374672312,1
2018-12-31,42.07962240134196,49.101604518583606,39.67407520187711,45.577545166015625,59706219,20727200000.0,810000000.0,82227900000.0,6199800000.0,43639200000.0,3419200000.0,42.51391,8.99,57.891,3382094394,VBL.NS,0.1420695154814937,0.011865802239872355,0.022358338374672312,1
2019-03-31,45.90293254543287,49.27301870084215,42.710059747954276,47.23643112182617,113121129,20727200000.0,810000000.0,82227900000.0,6199800000.0,43639200000.0,3419200000.0,42.51391,8.99,57.891,3382094394,VBL.NS,0.1420695154814937,0.011865802239872355,0.022358338374672312,1
2019-06-30,50.71691723820472,55.89406745444741,46.027854630673374,55.0137825012207,135541767,20727200000.0,810000000.0,82227900000.0,6199800000.0,43639200000.0,3419200000.0,42.51391,8.99,57.891,3382094394,VBL.NS,0.1420695154814937,0.011865802239872355,0.022358338374672312,0
2019-09-30,55.3159293887443,58.74412349441976,44.9964936612705,54.608131408691406,99366004,20727200000.0,810000000.0,82227900000.0,6199800000.0,43639200000.0,3419200000.0,42.51391,8.99,57.891,3382094394,VBL.NS,0.1420695154814937,0.011865802239872355,0.022358338374672312,1
2019-12-31,55.032500493035634,69.03671084854534,51.55441540911375,62.00179672241211,215546736,20727200000.0,810000000.0,82227900000.0,6199800000.0,43639200000.0,3419200000.0,42.51391,8.99,57.891,3382094394,VBL.NS,0.1420695154814937,0.011865802239872355,0.022358338374672312,0
2020-03-31,61.77429745731989,76.12414503117498,42.19201952572722,46.326351165771484,185426072,20727200000.0,810000000.0,82227900000.0,6199800000.0,43639200000.0,3419200000.0,42.51391,8.99,57.891,3382094394,VBL.NS,0.1420695154814937,0.011865802239872355,0.022358338374672312,1
2020-06-30,46.803219219255645,64.66614236914413,43.74950075706779,59.58245086669922,208200119,20727200000.0,810000000.0,82227900000.0,6199800000.0,43639200000.0,3419200000.0,42.51391,8.99,57.891,3382094394,VBL.NS,0.1420695154814937,0.011865802239872355,0.022358338374672312,1
2020-09-30,60.01119733345185,69.7192185593367,57.86747191480073,61.299400329589844,177281738,20727200000.0,810000000.0,82227900000.0,6199800000.0,43639200000.0,3419200000.0,42.51391,8.99,57.891,3382094394,VBL.NS,0.1420695154814937,0.011865802239872355,0.022358338374672312,1
2020-12-31,62.1070134233297,87.76181985932934,56.73903370196921,80.41432189941406,275408436,20727200000.0,810000000.0,82227900000.0,6199800000.0,43639200000.0,3419200000.0,42.51391,8.99,57.891,3382094394,VBL.NS,0.1420695154814937,0.011865802239872355,0.022358338374672312,1
2021-03-31,80.05879481902882,99.19564818902636,74.97174068960081,88.04271697998047,266110866,20727200000.0,810000000.0,82227900000.0,6199800000.0,43639200000.0,3419200000.0,42.51391,8.99,57.891,3382094394,VBL.NS,0.1420695154814937,0.011865802239872355,0.022358338374672312,1
2021-06-30,88.67037706484635,120.93089666725491,76.67471543412402,96.07054901123047,263080634,20727200000.0,810000000.0,82227900000.0,6199800000.0,43639200000.0,3419200000.0,42.51391,8.99,57.891,3382094394,VBL.NS,0.1420695154814937,0.011865802239872355,0.022358338374672312,1
2021-09-30,96.78159818501052,125.77099299553004,93.35802988245912,118.58406829833984,277560329,20727200000.0,810000000.0,82227900000.0,6199800000.0,43639200000.0,3419200000.0,42.51391,8.99,57.891,3382094394,VBL.NS,0.1420695154814937,0.011865802239872355,0.022358338374672312,0
2021-12-31,118.92095440673457,134.2261783978287,106.85248850840873,117.3554458618164,201323990,20727200000.0,810000000.0,82227900000.0,6199800000.0,43639200000.0,3419200000.0,42.51391,8.99,57.891,3382094394,VBL.NS,0.1420695154814937,0.011865802239872355,0.022358338374672312,1
2022-03-31,117.24973861176944,134.06764762504784,110.39309341746514,124.35738372802734,213584700,20727200000.0,810000000.0,82227900000.0,6199800000.0,43639200000.0,3419200000.0,42.51391,8.99,57.891,3382094394,VBL.NS,0.1420695154814937,0.011865802239872355,0.022358338374672312,1
2022-06-30,123.52507121190717,159.64460063439208,123.09570497442085,156.6621551513672,452688828,20727200000.0,810000000.0,82227900000.0,6199800000.0,43639200000.0,3419200000.0,42.51391,8.99,57.891,3382094394,VBL.NS,0.1420695154814937,0.011865802239872355,0.022358338374672312,1
2022-09-30,156.55316318630798,237.34357817262853,154.68046785834542,207.44467163085938,478667415,20727200000.0,810000000.0,82227900000.0,6199800000.0,43639200000.0,3419200000.0,42.51391,8.99,57.891,3382094394,VBL.NS,0.1420695154814937,0.011865802239872355,0.022358338374672312,1
2022-12-31,207.60360482130415,284.5759048047226,191.73039201459096,262.74273681640625,789126750,20727200000.0,810000000.0,82227900000.0,6199800000.0,43639200000.0,3419200000.0,42.51391,8.99,57.891,3382094394,VBL.NS,0.1420695154814937,0.011865802239872355,0.022358338374672312,1
2023-03-31,266.1001571780682,277.12603481656043,218.53014615024074,275.5466613769531,455149060,20727200000.0,810000000.0,82227900000.0,6199800000.0,43639200000.0,3419200000.0,42.51391,8.99,57.891,3382094394,VBL.NS,0.1420695154814937,0.011865802239872355,0.022358338374672312,1
2023-06-30,277.1359448053559,347.30705225345315,273.3527216853256,319.09710693359375,455899902,20727200000.0,810000000.0,82227900000.0,6199800000.0,43639200000.0,3419200000.0,42.51391,8.99,57.891,3382094394,VBL.NS,0.1420695154814937,0.011865802239872355,0.022358338374672312,1
2023-09-30,319.0970014426726,389.82800162169235,312.0793524882294,376.5682678222656,276889443,20727200000.0,810000000.0,82227900000.0,6199800000.0,43639200000.0,3419200000.0,42.51391,8.99,57.891,3382094394,VBL.NS,0.1420695154814937,0.011865802239872355,0.022358338374672312,1
2023-12-31,377.00624803147076,549.5021412705335,329.76103159767024,492.52117919921875,339180807,20727200000.0,810000000.0,82227900000.0,6199800000.0,43639200000.0,3419200000.0,42.51391,8.99,57.891,3382094394,VBL.NS,0.1420695154814937,0.011865802239872355,0.022358338374672312,1
2024-03-31,494.472244833137,621.9528100054811,476.3944629513604,556.908447265625,311485967,20727200000.0,810000000.0,82227900000.0,6199800000.0,43639200000.0,3419200000.0,42.51391,8.99,57.891,3382094394,VBL.NS,0.1420695154814937,0.011865802239872355,0.022358338374672312,1
2024-06-30,560.6515335203239,666.3380049268085,526.0761829026397,649.4005126953125,328836751,20727200000.0,810000000.0,82227900000.0,6199800000.0,43639200000.0,3419200000.0,42.51391,8.99,57.891,3382094394,VBL.NS,0.1420695154814937,0.011865802239872355,0.022358338374672312,0
2024-09-30,649.5997686673298,678.6125976980742,547.6576818074835,604.5753173828125,354340056,48046830000.0,6196130000.0,82227900000.0,6199800000.0,43639200000.0,3419200000.0,42.51391,8.99,57.891,3382094394,VBL.NS,0.1420695154814937,0.011865802239872355,0.022358338374672312,1
2024-12-31,606.2705728103308,660.1168486718012,535.3228797236362,636.6837768554688,381160142,36887920000.0,1851460000.0,231439100000.0,28262540000.0,166098290000.0,2607810000.0,42.51391,8.99,57.891,3382094394,VBL.NS,0.17015551454503233,0.007999771862230711,0.011146773395439532,0
2025-03-31,636.683750806253,661.7123156427454,418.35654030450183,538.114990234375,537966758,55669350000.0,7264880000.0,231439100000.0,28262540000.0,166098290000.0,2607810000.0,42.51391,8.99,57.891,3382094394,VBL.NS,0.17015551454503233,0.007999771862230711,0.011146773395439532,0
2025-06-30,548.4355287485498,567.4039204686974,445.7231255976642,457.1122131347656,478916767,70173710000.0,13170240000.0,247156500000.0,21382520000.0,183633240000.0,19738030000.0,42.51391,8.99,57.891,3382094394,VBL.NS,0.11644144600400233,0.05328704687111203,0.07172034866890112,0
2025-09-30,458.5608521918696,533.6889239505066,441.04998779296875,443.70001220703125,430905591,70173710000.0,13170240000.0,247156500000.0,21382520000.0,183633240000.0,19738030000.0,42.51391,8.99,57.891,3382094394,VBL.NS,0.11644144600400233,0.05328704687111203,0.07172034866890112,1
2025-12-31,444.8999938964844,501.70001220703125,431.6499938964844,489.8500061035156,342288357,42044230000.0,2517870000.0,255651560000.0,25081830000.0,195787040000.0,17841770000.0,42.51391,8.99,57.891,3382094394,VBL.NS,0.12810771336039403,0.009848834875093271,0.012860248563949891,0
2026-03-31,490.04998779296875,511.6499938964844,381.0,382.20001220703125,310491388,42044230000.0,2517870000.0,255651560000.0,25081830000.0,195787040000.0,17841770000.0,42.51391,8.99,57.891,3382094394,VBL.NS,0.12810771336039403,0.009848834875093271,0.012860248563949891,0
2016-03-31,105.77138501059075,110.64808524400013,104.189760495057,109.08951568603516,91454,42044230000.0,2517870000.0,255651560000.0,25081830000.0,195787040000.0,17841770000.0,15.725316,13.47,74.755,169543660,VSTIND.NS,0.12810771336039403,0.009848834875093271,0.012860248563949891,1
2016-06-30,109.00053315641108,121.91717340594757,103.79434003160996,112.04188537597656,4548093,42044230000.0,2517870000.0,255651560000.0,25081830000.0,195787040000.0,17841770000.0,15.725316,13.47,74.755,169543660,VSTIND.NS,0.12810771336039403,0.009848834875093271,0.012860248563949891,1
2016-09-30,112.03200056089892,172.20444523249702,111.70249568542599,154.75552368164062,3460248,42044230000.0,2517870000.0,255651560000.0,25081830000.0,195787040000.0,17841770000.0,15.725316,13.47,74.755,169543660,VSTIND.NS,0.12810771336039403,0.009848834875093271,0.012860248563949891,1
2016-12-31,155.15452583117988,171.8634507001628,140.94507599546122,164.03411865234375,2119689,42044230000.0,2517870000.0,255651560000.0,25081830000.0,195787040000.0,17841770000.0,15.725316,13.47,74.755,169543660,VSTIND.NS,0.12810771336039403,0.009848834875093271,0.012860248563949891,1
2017-03-31,164.70247285585566,211.41253832581555,161.04014272742285,195.63108825683594,2344067,42044230000.0,2517870000.0,255651560000.0,25081830000.0,195787040000.0,17841770000.0,15.725316,13.47,74.755,169543660,VSTIND.NS,0.12810771336039403,0.009848834875093271,0.012860248563949891,1
2017-06-30,203.2353653094493,248.92920483165014,191.65845499494412,243.28907775878906,1571768,42044230000.0,2517870000.0,255651560000.0,25081830000.0,195787040000.0,17841770000.0,15.725316,13.47,74.755,169543660,VSTIND.NS,0.12810771336039403,0.009848834875093271,0.012860248563949891,0
2017-09-30,249.13382374287335,264.2741806043003,180.70333706531738,198.8573455810547,2870208,42044230000.0,2517870000.0,255651560000.0,25081830000.0,195787040000.0,17841770000.0,15.725316,13.47,74.755,169543660,VSTIND.NS,0.12810771336039403,0.009848834875093271,0.012860248563949891,1
2017-12-31,201.27743779680162,247.9353019709573,195.31094223610026,223.66830444335938,1540990,42044230000.0,2517870000.0,255651560000.0,25081830000.0,195787040000.0,17841770000.0,15.725316,13.47,74.755,169543660,VSTIND.NS,0.12810771336039403,0.009848834875093271,0.012860248563949891,0
2018-03-31,223.51838363485007,237.1251657946827,191.86568629506647,204.7506103515625,1470733,42044230000.0,2517870000.0,255651560000.0,25081830000.0,195787040000.0,17841770000.0,15.725316,13.47,74.755,169543660,VSTIND.NS,0.12810771336039403,0.009848834875093271,0.012860248563949891,0
2018-06-30,206.43838232636583,223.52533961905561,200.85897766943637,202.4281768798828,1766083,42044230000.0,2517870000.0,255651560000.0,25081830000.0,195787040000.0,17841770000.0,15.725316,13.47,74.755,169543660,VSTIND.NS,0.12810771336039403,0.009848834875093271,0.012860248563949891,0
2018-09-30,206.99634486067924,240.21827998875932,172.26446343463803,199.97962951660156,4316730,42044230000.0,2517870000.0,255651560000.0,25081830000.0,195787040000.0,17841770000.0,15.725316,13.47,74.755,169543660,VSTIND.NS,0.12810771336039403,0.009848834875093271,0.012860248563949891,1
2018-12-31,193.30398972898664,237.73675837704744,177.68821380687945,233.797119140625,3004331,42044230000.0,2517870000.0,255651560000.0,25081830000.0,195787040000.0,17841770000.0,15.725316,13.47,74.755,169543660,VSTIND.NS,0.12810771336039403,0.009848834875093271,0.012860248563949891,1
2019-03-31,231.80763214029088,251.8023853840281,217.25983357151384,245.85536193847656,3220976,42044230000.0,2517870000.0,255651560000.0,25081830000.0,195787040000.0,17841770000.0,15.725316,13.47,74.755,169543660,VSTIND.NS,0.12810771336039403,0.009848834875093271,0.012860248563949891,0
2019-06-30,244.4659508850003,262.52481326258055,236.5223490716662,245.794677734375,1600060,42044230000.0,2517870000.0,255651560000.0,25081830000.0,195787040000.0,17841770000.0,15.725316,13.47,74.755,169543660,VSTIND.NS,0.12810771336039403,0.009848834875093271,0.012860248563949891,1
2019-09-30,248.23772793567898,280.9907907265002,225.02842417480363,277.2809753417969,5801675,42044230000.0,2517870000.0,255651560000.0,25081830000.0,195787040000.0,17841770000.0,15.725316,13.47,74.755,169543660,VSTIND.NS,0.12810771336039403,0.009848834875093271,0.012860248563949891,1
2019-12-31,279.1469154829465,343.5140099291858,265.79157285551815,309.6004333496094,4088755,42044230000.0,2517870000.0,255651560000.0,25081830000.0,195787040000.0,17841770000.0,15.725316,13.47,74.755,169543660,VSTIND.NS,0.12810771336039403,0.009848834875093271,0.012860248563949891,0
2020-03-31,308.6895109567894,356.14203303593524,186.30243242552515,203.63201904296875,6536596,42044230000.0,2517870000.0,255651560000.0,25081830000.0,195787040000.0,17841770000.0,15.725316,13.47,74.755,169543660,VSTIND.NS,0.12810771336039403,0.009848834875093271,0.012860248563949891,1
2020-06-30,205.6889411063822,253.70346080155448,196.1425944620209,230.18106079101562,11333564,42044230000.0,2517870000.0,255651560000.0,25081830000.0,195787040000.0,17841770000.0,15.725316,13.47,74.755,169543660,VSTIND.NS,0.12810771336039403,0.009848834875093271,0.012860248563949891,1
2020-09-30,231.4041945203802,288.4026671225617,227.73109875878765,247.5437469482422,11367532,42044230000.0,2517870000.0,255651560000.0,25081830000.0,195787040000.0,17841770000.0,15.725316,13.47,74.755,169543660,VSTIND.NS,0.12810771336039403,0.009848834875093271,0.012860248563949891,1
2020-12-31,249.23689647737078,343.7954308737189,247.44148325952665,280.6301574707031,5506578,42044230000.0,2517870000.0,255651560000.0,25081830000.0,195787040000.0,17841770000.0,15.725316,13.47,74.755,169543660,VSTIND.NS,0.12810771336039403,0.009848834875093271,0.012860248563949891,0
2021-03-31,283.7058347258717,287.8724587182607,242.4188893542294,256.7442932128906,6244480,42044230000.0,2517870000.0,255651560000.0,25081830000.0,195787040000.0,17841770000.0,15.725316,13.47,74.755,169543660,VSTIND.NS,0.12810771336039403,0.009848834875093271,0.012860248563949891,1
2021-06-30,259.08516678694644,281.24376813790957,237.87353699154195,273.64544677734375,7317310,42044230000.0,2517870000.0,255651560000.0,25081830000.0,195787040000.0,17841770000.0,15.725316,13.47,74.755,169543660,VSTIND.NS,0.12810771336039403,0.009848834875093271,0.012860248563949891,0
2021-09-30,274.99010012456836,284.68318064546463,259.6404406122595,265.67822265625,6919231,42044230000.0,2517870000.0,255651560000.0,25081830000.0,195787040000.0,17841770000.0,15.725316,13.47,74.755,169543660,VSTIND.NS,0.12810771336039403,0.009848834875093271,0.012860248563949891,0
2021-12-31,265.6782451684694,304.62666615347905,237.36635824655647,247.91683959960938,5444120,42044230000.0,2517870000.0,255651560000.0,25081830000.0,195787040000.0,17841770000.0,15.725316,13.47,74.755,169543660,VSTIND.NS,0.12810771336039403,0.009848834875093271,0.012860248563949891,0
2022-03-31,249.09778505283543,257.36846175249667,218.51781658564434,239.728271484375,5137308,42044230000.0,2517870000.0,255651560000.0,25081830000.0,195787040000.0,17841770000.0,15.725316,13.47,74.755,169543660,VSTIND.NS,0.12810771336039403,0.009848834875093271,0.012860248563949891,0
2022-06-30,240.651158406112,263.9537410114301,223.64444127968014,238.8797149658203,3804031,42044230000.0,2517870000.0,255651560000.0,25081830000.0,195787040000.0,17841770000.0,15.725316,13.47,74.755,169543660,VSTIND.NS,0.12810771336039403,0.009848834875093271,0.012860248563949891,1
2022-09-30,240.0763298935924,287.07621252504345,236.8345592740252,264.0611267089844,4212780,42044230000.0,2517870000.0,255651560000.0,25081830000.0,195787040000.0,17841770000.0,15.725316,13.47,74.755,169543660,VSTIND.NS,0.12810771336039403,0.009848834875093271,0.012860248563949891,1
2022-12-31,262.16630595112866,316.88233087534746,257.2660160283644,270.1334228515625,6479957,42044230000.0,2517870000.0,255651560000.0,25081830000.0,195787040000.0,17841770000.0,15.725316,13.47,74.755,169543660,VSTIND.NS,0.12810771336039403,0.009848834875093271,0.012860248563949891,0
2023-03-31,270.33348760378544,272.4528779716816,237.66478166798456,256.902587890625,4197864,42044230000.0,2517870000.0,255651560000.0,25081830000.0,195787040000.0,17841770000.0,15.725316,13.47,74.755,169543660,VSTIND.NS,0.12810771336039403,0.009848834875093271,0.012860248563949891,1
2023-06-30,260.1245132343456,290.7473444526594,256.9025616757667,282.6332702636719,3240391,42044230000.0,2517870000.0,255651560000.0,25081830000.0,195787040000.0,17841770000.0,15.725316,13.47,74.755,169543660,VSTIND.NS,0.12810771336039403,0.009848834875093271,0.012860248563949891,1
2023-09-30,282.6332802927661,315.4163298698034,281.97991373129514,293.2667236328125,4613521,42044230000.0,2517870000.0,255651560000.0,25081830000.0,195787040000.0,17841770000.0,15.725316,13.47,74.755,169543660,VSTIND.NS,0.12810771336039403,0.009848834875093271,0.012860248563949891,0
2023-12-31,291.97363843497885,294.2621029652874,268.7445335580642,289.8213195800781,4014142,42044230000.0,2517870000.0,255651560000.0,25081830000.0,195787040000.0,17841770000.0,15.725316,13.47,74.755,169543660,VSTIND.NS,0.12810771336039403,0.009848834875093271,0.012860248563949891,1
2024-03-31,289.8213163782514,367.9137574406094,287.04793138447644,303.70941162109375,13352526,42044230000.0,2517870000.0,255651560000.0,25081830000.0,195787040000.0,17841770000.0,15.725316,13.47,74.755,169543660,VSTIND.NS,0.12810771336039403,0.009848834875093271,0.012860248563949891,1
2024-06-30,303.71365400200364,384.74110957376746,302.9480052151191,351.7085876464844,17221193,42044230000.0,2517870000.0,255651560000.0,25081830000.0,195787040000.0,17841770000.0,15.725316,13.47,74.755,169543660,VSTIND.NS,0.12810771336039403,0.009848834875093271,0.012860248563949891,1
2024-09-30,356.1673055077532,470.7508870230557,336.783201271092,363.50897216796875,84269557,3589500000.0,475600000.0,16782400000.0,25081830000.0,11329700000.0,253400000.0,15.725316,13.47,74.755,169543660,VSTIND.NS,0.12810771336039403,0.028339212508342072,0.04197816358773842,0
2024-12-31,358.61894221428565,372.3207156448264,291.51404828078773,325.5506591796875,19175904,3663400000.0,1362600000.0,16782400000.0,25081830000.0,11329700000.0,253400000.0,15.725316,13.47,74.755,169543660,VSTIND.NS,0.12810771336039403,0.028339212508342072,0.04197816358773842,0
2025-03-31,325.5506545977061,335.9117170611913,234.38291986825107,254.91139221191406,22680227,3486515000.0,529949000.0,18159980000.0,25081830000.0,13226894000.0,63388000.0,15.725316,13.47,74.755,169543660,VSTIND.NS,0.12810771336039403,0.029182245795424885,0.0400660200346355,1
2025-06-30,257.33220891753535,324.04972654818243,244.98605737512975,297.7597351074219,25117817,2959200000.0,561300000.0,18159980000.0,25081830000.0,13226894000.0,63388000.0,15.725316,13.47,74.755,169543660,VSTIND.NS,0.12810771336039403,0.029182245795424885,0.0400660200346355,0
2025-09-30,307.63665544503186,308.99230912014474,256.0,258.45001220703125,20814249,2959200000.0,561300000.0,18159980000.0,25081830000.0,13226894000.0,63388000.0,15.725316,13.47,74.755,169543660,VSTIND.NS,0.12810771336039403,0.029182245795424885,0.0400660200346355,0
2025-12-31,260.29998779296875,281.0,239.39999389648438,257.54998779296875,17088271,3729700000.0,602300000.0,18159980000.0,25081830000.0,13226894000.0,63388000.0,15.725316,13.47,74.755,169543660,VSTIND.NS,0.12810771336039403,0.029182245795424885,0.0400660200346355,0
2026-03-31,260.25,260.70001220703125,210.97000122070312,211.82000732421875,17674679,3729700000.0,602300000.0,18159980000.0,25081830000.0,13226894000.0,63388000.0,15.725316,13.47,74.755,169543660,VSTIND.NS,0.12810771336039403,0.029182245795424885,0.0400660200346355,0
2016-03-31,5862.721416129932,6235.80382923981,5773.892303764326,6166.61572265625,31250,3729700000.0,602300000.0,18159980000.0,25081830000.0,13226894000.0,63388000.0,50.80848,262.22,1798.401,18967584,ZFCVINDIA.NS,0.12810771336039403,0.029182245795424885,0.0400660200346355,0
2016-06-30,6110.553741463856,6180.432439046518,5232.0839262506615,5746.05859375,319856,3729700000.0,602300000.0,18159980000.0,25081830000.0,13226894000.0,63388000.0,50.80848,262.22,1798.401,18967584,ZFCVINDIA.NS,0.12810771336039403,0.029182245795424885,0.0400660200346355,1
2016-09-30,5716.64583702568,6446.909435213822,5455.686297116482,6148.12744140625,454067,3729700000.0,602300000.0,18159980000.0,25081830000.0,13226894000.0,63388000.0,50.80848,262.22,1798.401,18967584,ZFCVINDIA.NS,0.12810771336039403,0.029182245795424885,0.0400660200346355,0
2016-12-31,6224.601098322065,6242.3856103559365,4722.79264966422,5145.2255859375,470339,3729700000.0,602300000.0,18159980000.0,25081830000.0,13226894000.0,63388000.0,50.80848,262.22,1798.401,18967584,ZFCVINDIA.NS,0.12810771336039403,0.029182245795424885,0.0400660200346355,1
2017-03-31,5153.574512666566,6301.668139553296,5019.202532580433,5756.37353515625,993638,3729700000.0,602300000.0,18159980000.0,25081830000.0,13226894000.0,63388000.0,50.80848,262.22,1798.401,18967584,ZFCVINDIA.NS,0.12810771336039403,0.029182245795424885,0.0400660200346355,0
2017-06-30,5765.2157252178695,6219.66071005566,5374.8944538403875,5450.8740234375,418776,3729700000.0,602300000.0,18159980000.0,25081830000.0,13226894000.0,63388000.0,50.80848,262.22,1798.401,18967584,ZFCVINDIA.NS,0.12810771336039403,0.029182245795424885,0.0400660200346355,1
2017-09-30,5505.611083439457,6419.749546763044,5167.554591352431,5924.71728515625,328290,3729700000.0,602300000.0,18159980000.0,25081830000.0,13226894000.0,63388000.0,50.80848,262.22,1798.401,18967584,ZFCVINDIA.NS,0.12810771336039403,0.029182245795424885,0.0400660200346355,1
2017-12-31,6033.972016156547,7418.817735479157,5856.909558633265,7257.92822265625,491596,3729700000.0,602300000.0,18159980000.0,25081830000.0,13226894000.0,63388000.0,50.80848,262.22,1798.401,18967584,ZFCVINDIA.NS,0.12810771336039403,0.029182245795424885,0.0400660200346355,1
2018-03-31,7182.404384089758,8444.592236645458,6638.35739642025,7844.95361328125,423964,3729700000.0,602300000.0,18159980000.0,25081830000.0,13226894000.0,63388000.0,50.80848,262.22,1798.401,18967584,ZFCVINDIA.NS,0.12810771336039403,0.029182245795424885,0.0400660200346355,0
2018-06-30,7912.415885327838,8257.58884962329,6836.242839105447,6949.94873046875,259921,3729700000.0,602300000.0,18159980000.0,25081830000.0,13226894000.0,63388000.0,50.80848,262.22,1798.401,18967584,ZFCVINDIA.NS,0.12810771336039403,0.029182245795424885,0.0400660200346355,0
2018-09-30,6934.122115337508,7373.912040530953,6479.654509435338,6823.49365234375,247541,3729700000.0,602300000.0,18159980000.0,25081830000.0,13226894000.0,63388000.0,50.80848,262.22,1798.401,18967584,ZFCVINDIA.NS,0.12810771336039403,0.029182245795424885,0.0400660200346355,1
2018-12-31,6917.275675234822,6982.240943625444,5932.008338922322,6898.36083984375,236542,3729700000.0,602300000.0,18159980000.0,25081830000.0,13226894000.0,63388000.0,50.80848,262.22,1798.401,18967584,ZFCVINDIA.NS,0.12810771336039403,0.029182245795424885,0.0400660200346355,0
2019-03-31,6921.236644856261,6921.236644856261,5783.559859932676,6275.3515625,323489,3729700000.0,602300000.0,18159980000.0,25081830000.0,13226894000.0,63388000.0,50.80848,262.22,1798.401,18967584,ZFCVINDIA.NS,0.12810771336039403,0.029182245795424885,0.0400660200346355,0
2019-06-30,6674.747478890752,6674.747478890752,5992.417641637123,6067.1865234375,303961,3729700000.0,602300000.0,18159980000.0,25081830000.0,13226894000.0,63388000.0,50.80848,262.22,1798.401,18967584,ZFCVINDIA.NS,0.12810771336039403,0.029182245795424885,0.0400660200346355,1
2019-09-30,6052.827244156754,6346.4691059481365,5861.483466926426,6234.6455078125,263770,3729700000.0,602300000.0,18159980000.0,25081830000.0,13226894000.0,63388000.0,50.80848,262.22,1798.401,18967584,ZFCVINDIA.NS,0.12810771336039403,0.029182245795424885,0.0400660200346355,1
2019-12-31,6238.364700521402,6446.640582925008,6005.342575375141,6427.9453125,242310,3729700000.0,602300000.0,18159980000.0,25081830000.0,13226894000.0,63388000.0,50.80848,262.22,1798.401,18967584,ZFCVINDIA.NS,0.12810771336039403,0.029182245795424885,0.0400660200346355,0
2020-03-31,6421.845681901994,6875.094139739598,4969.863920686873,6101.0830078125,493987,3729700000.0,602300000.0,18159980000.0,25081830000.0,13226894000.0,63388000.0,50.80848,262.22,1798.401,18967584,ZFCVINDIA.NS,0.12810771336039403,0.029182245795424885,0.0400660200346355,1
2020-06-30,6144.496718839122,6924.355236361637,6079.326394610765,6835.0947265625,523901,3729700000.0,602300000.0,18159980000.0,25081830000.0,13226894000.0,63388000.0,50.80848,262.22,1798.401,18967584,ZFCVINDIA.NS,0.12810771336039403,0.029182245795424885,0.0400660200346355,0
2020-09-30,6825.010798681093,7619.77191506617,5369.604398708297,5762.01806640625,616173,3729700000.0,602300000.0,18159980000.0,25081830000.0,13226894000.0,63388000.0,50.80848,262.22,1798.401,18967584,ZFCVINDIA.NS,0.12810771336039403,0.029182245795424885,0.0400660200346355,0
2020-12-31,5796.788640097571,6401.75146435047,4718.943180813825,5500.64111328125,400051,3729700000.0,602300000.0,18159980000.0,25081830000.0,13226894000.0,63388000.0,50.80848,262.22,1798.401,18967584,ZFCVINDIA.NS,0.12810771336039403,0.029182245795424885,0.0400660200346355,1
2021-03-31,5598.098370494452,6854.665570143614,5227.541603205315,6546.89404296875,1848454,3729700000.0,602300000.0,18159980000.0,25081830000.0,13226894000.0,63388000.0,50.80848,262.22,1798.401,18967584,ZFCVINDIA.NS,0.12810771336039403,0.029182245795424885,0.0400660200346355,1
2021-06-30,6546.893964615247,7820.400490527428,5911.03580933173,6853.22509765625,742569,3729700000.0,602300000.0,18159980000.0,25081830000.0,13226894000.0,63388000.0,50.80848,262.22,1798.401,18967584,ZFCVINDIA.NS,0.12810771336039403,0.029182245795424885,0.0400660200346355,1
2021-09-30,6853.820762519245,7798.593527921543,6773.351812570808,7244.79833984375,918923,3729700000.0,602300000.0,18159980000.0,25081830000.0,13226894000.0,63388000.0,50.80848,262.22,1798.401,18967584,ZFCVINDIA.NS,0.12810771336039403,0.029182245795424885,0.0400660200346355,1
2021-12-31,7175.5501330973775,8681.540110287408,7086.055896519589,8452.7041015625,594381,3729700000.0,602300000.0,18159980000.0,25081830000.0,13226894000.0,63388000.0,50.80848,262.22,1798.401,18967584,ZFCVINDIA.NS,0.12810771336039403,0.029182245795424885,0.0400660200346355,0
2022-03-31,8556.377262761787,8735.615213633151,6865.079397702214,7593.0771484375,301361,3729700000.0,602300000.0,18159980000.0,25081830000.0,13226894000.0,63388000.0,50.80848,262.22,1798.401,18967584,ZFCVINDIA.NS,0.12810771336039403,0.029182245795424885,0.0400660200346355,1
2022-06-30,7677.944939145317,8357.488133872308,6841.698723304891,7677.546875,572838,3729700000.0,602300000.0,18159980000.0,25081830000.0,13226894000.0,63388000.0,50.80848,262.22,1798.401,18967584,ZFCVINDIA.NS,0.12810771336039403,0.029182245795424885,0.0400660200346355,1
2022-09-30,7708.788191090848,10386.913157139687,7487.215057923756,9909.8662109375,692082,3729700000.0,602300000.0,18159980000.0,25081830000.0,13226894000.0,63388000.0,50.80848,262.22,1798.401,18967584,ZFCVINDIA.NS,0.12810771336039403,0.029182245795424885,0.0400660200346355,0
2022-12-31,9909.617206697912,10885.183979311967,8607.814880248028,8928.76953125,331956,3729700000.0,602300000.0,18159980000.0,25081830000.0,13226894000.0,63388000.0,50.80848,262.22,1798.401,18967584,ZFCVINDIA.NS,0.12810771336039403,0.029182245795424885,0.0400660200346355,1
2023-03-31,9013.716718360762,10759.682157124349,8724.149434284844,10371.8173828125,283938,3729700000.0,602300000.0,18159980000.0,25081830000.0,13226894000.0,63388000.0,50.80848,262.22,1798.401,18967584,ZFCVINDIA.NS,0.12810771336039403,0.029182245795424885,0.0400660200346355,1
2023-06-30,10426.3722386778,12554.175123513205,9884.657115186372,12119.177734375,602531,3729700000.0,602300000.0,18159980000.0,25081830000.0,13226894000.0,63388000.0,50.80848,262.22,1798.401,18967584,ZFCVINDIA.NS,0.12810771336039403,0.029182245795424885,0.0400660200346355,1
2023-09-30,12185.739718853685,16724.2151466239,11654.930953153584,15511.9443359375,704407,3729700000.0,602300000.0,18159980000.0,25081830000.0,13226894000.0,63388000.0,50.80848,262.22,1798.401,18967584,ZFCVINDIA.NS,0.12810771336039403,0.029182245795424885,0.0400660200346355,1
2023-12-31,15561.120962215096,16902.768703542857,14583.564271100613,15967.0078125,382582,3729700000.0,602300000.0,18159980000.0,25081830000.0,13226894000.0,63388000.0,50.80848,262.22,1798.401,18967584,ZFCVINDIA.NS,0.12810771336039403,0.029182245795424885,0.0400660200346355,0
2024-03-31,15820.572879009464,17655.887796813942,13756.430023739136,15143.1162109375,583406,3729700000.0,602300000.0,18159980000.0,25081830000.0,13226894000.0,63388000.0,50.80848,262.22,1798.401,18967584,ZFCVINDIA.NS,0.12810771336039403,0.029182245795424885,0.0400660200346355,1
2024-06-30,15246.905948492931,18204.51640588228,12942.663181164211,15512.4423828125,2629907,3729700000.0,602300000.0,18159980000.0,25081830000.0,13226894000.0,63388000.0,50.80848,262.22,1798.401,18967584,ZFCVINDIA.NS,0.12810771336039403,0.029182245795424885,0.0400660200346355,1
2024-09-30,15740.673333232475,17275.36900138465,14813.928460522236,15865.279296875,677615,9109129000.0,1091213000.0,35944514000.0,630172000.0,29635036000.0,633815000.0,50.80848,262.22,1798.401,18967584,ZFCVINDIA.NS,0.021264424986694803,0.03035826273795217,0.03682172007484654,0
2024-12-31,16047.119584506441,16134.994290383018,11338.93251205059,12026.802734375,2796617,9624143000.0,1254607000.0,35944514000.0,630172000.0,29635036000.0,633815000.0,50.80848,262.22,1798.401,18967584,ZFCVINDIA.NS,0.021264424986694803,0.03035826273795217,0.03682172007484654,1
2025-03-31,11927.992849248589,13546.086199276302,9547.387315786316,12975.0498046875,1442745,10101175000.0,1267163000.0,37851891000.0,660832000.0,32145404000.0,1295982000.0,50.80848,262.22,1798.401,18967584,ZFCVINDIA.NS,0.020557588885801528,0.03347687437861427,0.0394197254450434,1
2025-06-30,12780.428026123704,14229.711566343873,11982.91467555332,13372.9326171875,874310,9755550000.0,1223757000.0,37851891000.0,660832000.0,32145404000.0,1295982000.0,50.80848,262.22,1798.401,18967584,ZFCVINDIA.NS,0.020557588885801528,0.03347687437861427,0.0394197254450434,0
2025-09-30,13450.821570459773,15081.0,12335.0,12905.0,661469,9755550000.0,1223757000.0,37851891000.0,660832000.0,32145404000.0,1295982000.0,50.80848,262.22,1798.401,18967584,ZFCVINDIA.NS,0.020557588885801528,0.03347687437861427,0.0394197254450434,1
2025-12-31,13199.0,15848.0,12302.0,14878.0,1484946,10749109000.0,1401743000.0,37851891000.0,660832000.0,32145404000.0,1295982000.0,50.80848,262.22,1798.401,18967584,ZFCVINDIA.NS,0.020557588885801528,0.03347687437861427,0.0394197254450434,0
2026-03-31,14960.0,16665.0,12952.0,13323.0,1239470,10749109000.0,1401743000.0,37851891000.0,660832000.0,32145404000.0,1295982000.0,50.80848,262.22,1798.401,18967584,ZFCVINDIA.NS,0.020557588885801528,0.03347687437861427,0.0394197254450434,0
