Date,open,high,low,close,volume,Revenue,NetIncome,TotalAssets,TotalDebt,Equity,Cash,PE,EPS,BookValue,SharesOutstanding,Ticker,Debt_Equity,ROA,ROE,Label
2016-03-31,36.58982743416756,39.97926248737186,35.78918084973067,39.39211654663086,34232282,,,,,,,16.57024,110.62,445.61,1154180729,ADANIENT.NS,,,,1
2016-06-30,39.25867037428876,47.39864503284315,36.56314220085252,46.304412841796875,402983852,,,,,,,16.57024,110.62,445.61,1154180729,ADANIENT.NS,,,,0
2016-09-30,46.46454970113065,46.57130521027485,33.78754472184175,35.06858825683594,407598697,,,,,,,16.57024,110.62,445.61,1154180729,ADANIENT.NS,,,,1
2016-12-31,35.22871923891886,41.180240596878136,31.14539055383985,40.859981536865234,252029078,,,,,,,16.57024,110.62,445.61,1154180729,ADANIENT.NS,,,,1
2017-03-31,41.52718110169781,58.821283972196326,40.459654909278726,57.94056701660156,508713701,,,,,,,16.57024,110.62,445.61,1154180729,ADANIENT.NS,,,,1
2017-06-30,58.10069373357802,85.77658566492441,56.87303144950806,70.77769470214844,1457046752,,,,,,,16.57024,110.62,445.61,1154180729,ADANIENT.NS,,,,0
2017-09-30,70.67094940108325,77.17859735440544,56.227440228298356,62.397438049316406,589702317,,,,,,,16.57024,110.62,445.61,1154180729,ADANIENT.NS,,,,1
2017-12-31,62.531572652749105,90.85989043046763,59.20513627637161,89.25032043457031,657769683,,,,,,,16.57024,110.62,445.61,1154180729,ADANIENT.NS,,,,0
2018-03-31,88.95524292667693,119.91253393244217,79.78072263650212,83.91194915771484,960577768,,,,,,,16.57024,110.62,445.61,1154180729,ADANIENT.NS,,,,0
2018-06-30,84.39480683077629,97.70074250157211,68.67165115054615,71.48296356201172,682710412,,,,,,,16.57024,110.62,445.61,1154180729,ADANIENT.NS,,,,1
2018-09-30,71.26184683690306,168.5407453931962,63.71238657624166,128.9857940673828,1608323550,,,,,,,16.57024,110.62,445.61,1154180729,ADANIENT.NS,,,,1
2018-12-31,125.43026494855783,177.281339257613,119.85008215561345,159.0100555419922,377624165,,,,,,,16.57024,110.62,445.61,1154180729,ADANIENT.NS,,,,0
2019-03-31,158.91126099384326,160.34335096908617,113.38107599493812,136.09678649902344,289908657,,,,,,,16.57024,110.62,445.61,1154180729,ADANIENT.NS,,,,1
2019-06-30,145.6274894001427,178.5653068306869,111.60330501766256,148.6398162841797,438857470,,,,,,,16.57024,110.62,445.61,1154180729,ADANIENT.NS,,,,0
2019-09-30,148.78795775344182,159.80012181949232,120.00553580525717,144.47219848632812,318273888,,,,,,,16.57024,110.62,445.61,1154180729,ADANIENT.NS,,,,1
2019-12-31,144.7198518306398,219.4075458299766,132.83319991678601,206.3817901611328,263117000,,,,,,,16.57024,110.62,445.61,1154180729,ADANIENT.NS,,,,0
2020-03-31,207.02565069538525,258.5344410905719,116.11793384690893,137.26658630371094,251555263,,,,,,,16.57024,110.62,445.61,1154180729,ADANIENT.NS,,,,1
2020-06-30,138.613296087031,168.78999349515323,126.9915298416592,155.87136840820312,240263400,,,,,,,16.57024,110.62,445.61,1154180729,ADANIENT.NS,,,,1
2020-09-30,156.76920166891418,321.61877087028836,144.848153326976,296.3800964355469,485167057,,,,,,,16.57024,110.62,445.61,1154180729,ADANIENT.NS,,,,1
2020-12-31,299.0735172916953,505.77147441773974,295.28273756793664,478.38800048828125,357175373,,,,,,,16.57024,110.62,445.61,1154180729,ADANIENT.NS,,,,1
2021-03-31,475.84416288477144,1090.3515149599677,475.84416288477144,1028.6513671875,483808250,,,,,,,16.57024,110.62,445.61,1154180729,ADANIENT.NS,,,,1
2021-06-30,1040.8716419475809,1713.03892823534,1032.4919725976833,1503.89697265625,693874802,,,,,,,16.57024,110.62,445.61,1154180729,ADANIENT.NS,,,,0
2021-09-30,1506.8612528217457,1625.5493430523898,1330.376123299329,1465.4849853515625,262826139,,,,,,,16.57024,110.62,445.61,1154180729,ADANIENT.NS,,,,1
2021-12-31,1462.390511620823,1785.7135648032404,1365.2636929339717,1706.4049072265625,147748716,,,,,,,16.57024,110.62,445.61,1154180729,ADANIENT.NS,,,,1
2022-03-31,1709.9486765130011,2038.362716203352,1526.076912140834,2011.1612548828125,102641483,,,,,,,16.57024,110.62,445.61,1154180729,ADANIENT.NS,,,,1
2022-06-30,2014.4054304070803,2416.637784566066,1902.8046540796172,2186.997314453125,114572846,,,,,,,16.57024,110.62,445.61,1154180729,ADANIENT.NS,,,,1
2022-09-30,2185.9994139958085,3879.6779591931067,2134.4415066524,3451.01611328125,155048916,,,,,,,16.57024,110.62,445.61,1154180729,ADANIENT.NS,,,,1
2022-12-31,3435.287799131802,4184.260452459323,3105.939518930543,3853.064453125,135002226,,,,,,,16.57024,110.62,445.61,1154180729,ADANIENT.NS,,,,0
2023-03-31,3864.698584649178,3874.6846686364,1016.056318620326,1748.0521240234375,617052958,,,,,,,16.57024,110.62,445.61,1154180729,ADANIENT.NS,,,,1
2023-06-30,1748.0520847523933,2755.6697758713185,1669.2603523511136,2384.77880859375,352713719,,,,,,,16.57024,110.62,445.61,1154180729,ADANIENT.NS,,,,1
2023-09-30,2401.705465290787,2719.9874884350265,2337.9262792131854,2411.760986328125,257934516,,,,,,,16.57024,110.62,445.61,1154180729,ADANIENT.NS,,,,1
2023-12-31,2415.857272153825,3151.7545876274644,2140.10168359758,2846.42529296875,173221691,,,,,,,16.57024,110.62,445.61,1154180729,ADANIENT.NS,,,,1
2024-03-31,2849.7725963628636,3347.0314371497675,2801.9149761221724,3194.26708984375,143543944,,,,,,,16.57024,110.62,445.61,1154180729,ADANIENT.NS,,,,0
2024-06-30,3227.3375219645736,3740.582510241281,2731.52743572212,3175.57568359375,169089629,,,,,,,16.57024,110.62,445.61,1154180729,ADANIENT.NS,,,,0
2024-09-30,3178.374222253659,3256.3855689423226,2884.919973927393,3134.29638671875,98506209,226080700000.0,17417500000.0,1817675800000.0,804272500000.0,418957100000.0,12450200000.0,16.57024,110.62,445.61,1154180729,ADANIENT.NS,1.9197013250282666,0.009582291847644118,0.04157346897808869,0
2024-12-31,3134.7461099187017,3209.4090123903175,2023.9965853186013,2527.39697265625,180631530,228484200000.0,578300000.0,1817675800000.0,804272500000.0,418957100000.0,12450200000.0,16.57024,110.62,445.61,1154180729,ADANIENT.NS,1.9197013250282666,0.009582291847644118,0.04157346897808869,0
2025-03-31,2534.7434706468416,2642.8898112451134,2025.545846214616,2314.652587890625,84266128,267821900000.0,38449200000.0,1981355400000.0,918191700000.0,503139700000.0,31057800000.0,16.57024,110.62,445.61,1154180729,ADANIENT.NS,1.8249239724076634,0.019405503929279925,0.07641853743602423,1
2025-06-30,2310.8545366194735,2681.60009765625,2143.937111086028,2619.39990234375,68068146,219612000000.0,7344100000.0,1981355400000.0,918191700000.0,503139700000.0,31057800000.0,16.57024,110.62,445.61,1154180729,ADANIENT.NS,1.8249239724076634,0.019405503929279925,0.07641853743602423,0
2025-09-30,2624.89990234375,2695.0,2164.800048828125,2505.89990234375,65565097,219612000000.0,7344100000.0,1981355400000.0,918191700000.0,503139700000.0,31057800000.0,16.57024,110.62,445.61,1154180729,ADANIENT.NS,1.8249239724076634,0.019405503929279925,0.07641853743602423,0
2025-12-31,2518.39990234375,2617.300048828125,2172.199951171875,2239.699951171875,77264590,248195900000.0,56270200000.0,1981355400000.0,918191700000.0,503139700000.0,31057800000.0,16.57024,110.62,445.61,1154180729,ADANIENT.NS,1.8249239724076634,0.019405503929279925,0.07641853743602423,0
2026-03-31,2249.0,2303.89990234375,1820.5,1833.0,84636183,248195900000.0,56270200000.0,1981355400000.0,918191700000.0,503139700000.0,31057800000.0,16.57024,110.62,445.61,1154180729,ADANIENT.NS,1.8249239724076634,0.019405503929279925,0.07641853743602423,0
2016-03-31,228.15862514726524,237.91309229374468,221.44947990926894,235.7242889404297,13959821,248195900000.0,56270200000.0,1981355400000.0,918191700000.0,503139700000.0,31057800000.0,22.569252,57.76,310.464,2303959098,ADANIPORTS.NS,1.8249239724076634,0.019405503929279925,0.07641853743602423,0
2016-06-30,236.00980532699478,237.3896678928437,161.49538840789324,196.84927368164062,361148930,248195900000.0,56270200000.0,1981355400000.0,918191700000.0,503139700000.0,31057800000.0,22.569252,57.76,310.464,2303959098,ADANIPORTS.NS,1.8249239724076634,0.019405503929279925,0.07641853743602423,1
2016-09-30,195.1838863656429,266.1771545419933,193.94673551055604,244.3367462158203,317517282,248195900000.0,56270200000.0,1981355400000.0,918191700000.0,503139700000.0,31057800000.0,22.569252,57.76,310.464,2303959098,ADANIPORTS.NS,1.8249239724076634,0.019405503929279925,0.07641853743602423,1
2016-12-31,248.0957689696821,301.6737390766481,233.29754444577438,255.47108459472656,274134953,248195900000.0,56270200000.0,1981355400000.0,918191700000.0,503139700000.0,31057800000.0,22.569252,57.76,310.464,2303959098,ADANIPORTS.NS,1.8249239724076634,0.019405503929279925,0.07641853743602423,1
2017-03-31,256.755829022087,326.13124971838624,254.091213679009,323.1811218261719,213717164,248195900000.0,56270200000.0,1981355400000.0,918191700000.0,503139700000.0,31057800000.0,22.569252,57.76,310.464,2303959098,ADANIPORTS.NS,1.8249239724076634,0.019405503929279925,0.07641853743602423,1
2017-06-30,324.13279370287535,359.43909438671335,302.2447877603292,345.4974060058594,266997044,248195900000.0,56270200000.0,1981355400000.0,918191700000.0,503139700000.0,31057800000.0,22.569252,57.76,310.464,2303959098,ADANIPORTS.NS,1.8249239724076634,0.019405503929279925,0.07641853743602423,1
2017-09-30,347.2579407201341,402.44342762976436,342.1190237791642,359.7166442871094,200215996,248195900000.0,56270200000.0,1981355400000.0,918191700000.0,503139700000.0,31057800000.0,22.569252,57.76,310.464,2303959098,ADANIPORTS.NS,1.8249239724076634,0.019405503929279925,0.07641853743602423,1
2017-12-31,360.48050353596744,423.25785779309473,357.13871247704975,387.3100280761719,237685473,248195900000.0,56270200000.0,1981355400000.0,918191700000.0,503139700000.0,31057800000.0,22.569252,57.76,310.464,2303959098,ADANIPORTS.NS,1.8249239724076634,0.019405503929279925,0.07641853743602423,0
2018-03-31,388.3126387700346,431.89870166439243,334.60567463647766,338.0906982421875,216500127,248195900000.0,56270200000.0,1981355400000.0,918191700000.0,503139700000.0,31057800000.0,22.569252,57.76,310.464,2303959098,ADANIPORTS.NS,1.8249239724076634,0.019405503929279925,0.07641853743602423,1
2018-06-30,339.90482445170306,396.85793351874366,339.09319610101477,356.2794189453125,205553269,248195900000.0,56270200000.0,1981355400000.0,918191700000.0,503139700000.0,31057800000.0,22.569252,57.76,310.464,2303959098,ADANIPORTS.NS,1.8249239724076634,0.019405503929279925,0.07641853743602423,0
2018-09-30,354.226649299349,389.9821128931834,303.76191544986915,315.613037109375,158637783,248195900000.0,56270200000.0,1981355400000.0,918191700000.0,503139700000.0,31057800000.0,22.569252,57.76,310.464,2303959098,ADANIPORTS.NS,1.8249239724076634,0.019405503929279925,0.07641853743602423,1
2018-12-31,314.7493855144648,374.9643971758085,282.2188912589538,372.0376281738281,246864570,248195900000.0,56270200000.0,1981355400000.0,918191700000.0,503139700000.0,31057800000.0,22.569252,57.76,310.464,2303959098,ADANIPORTS.NS,1.8249239724076634,0.019405503929279925,0.07641853743602423,0
2019-03-31,370.6941586755561,386.4316870949862,280.2997141571927,365.89617919921875,266204852,248195900000.0,56270200000.0,1981355400000.0,918191700000.0,503139700000.0,31057800000.0,22.569252,57.76,310.464,2303959098,ADANIPORTS.NS,1.8249239724076634,0.019405503929279925,0.07641853743602423,1
2019-06-30,365.5602992013545,413.20449969494643,344.5930157511139,393.628662109375,240225543,248195900000.0,56270200000.0,1981355400000.0,918191700000.0,503139700000.0,31057800000.0,22.569252,57.76,310.464,2303959098,ADANIPORTS.NS,1.8249239724076634,0.019405503929279925,0.07641853743602423,1
2019-09-30,395.35597859478975,404.4721024408803,326.1001930087058,397.4361877441406,167398400,248195900000.0,56270200000.0,1981355400000.0,918191700000.0,503139700000.0,31057800000.0,22.569252,57.76,310.464,2303959098,ADANIPORTS.NS,1.8249239724076634,0.019405503929279925,0.07641853743602423,0
2019-12-31,398.6362728426722,411.74177512233,343.0940826085183,351.3990173339844,224237701,248195900000.0,56270200000.0,1981355400000.0,918191700000.0,503139700000.0,31057800000.0,22.569252,57.76,310.464,2303959098,ADANIPORTS.NS,1.8249239724076634,0.019405503929279925,0.07641853743602423,0
2020-03-31,353.31923601405595,378.8580820700542,197.05561138288024,243.94126892089844,278641192,248195900000.0,56270200000.0,1981355400000.0,918191700000.0,503139700000.0,31057800000.0,22.569252,57.76,310.464,2303959098,ADANIPORTS.NS,1.8249239724076634,0.019405503929279925,0.07641853743602423,1
2020-06-30,238.8450190635956,349.45827721964525,228.16712767114197,333.8297119140625,269489568,248195900000.0,56270200000.0,1981355400000.0,918191700000.0,503139700000.0,31057800000.0,22.569252,57.76,310.464,2303959098,ADANIPORTS.NS,1.8249239724076634,0.019405503929279925,0.07641853743602423,0
2020-09-30,335.771117290781,367.2709210129194,289.27379773771963,331.7426452636719,279695132,248195900000.0,56270200000.0,1981355400000.0,918191700000.0,503139700000.0,31057800000.0,22.569252,57.76,310.464,2303959098,ADANIPORTS.NS,1.8249239724076634,0.019405503929279925,0.07641853743602423,1
2020-12-31,335.3828834128276,478.5151480007059,331.160226252795,469.5845642089844,463904006,248195900000.0,56270200000.0,1981355400000.0,918191700000.0,503139700000.0,31057800000.0,22.569252,57.76,310.464,2303959098,ADANIPORTS.NS,1.8249239724076634,0.019405503929279925,0.07641853743602423,1
2021-03-31,470.79791912336145,745.3168062876823,468.4196497441921,681.8319091796875,741401505,248195900000.0,56270200000.0,1981355400000.0,918191700000.0,503139700000.0,31057800000.0,22.569252,57.76,310.464,2303959098,ADANIPORTS.NS,1.8249239724076634,0.019405503929279925,0.07641853743602423,1
2021-06-30,692.6067941973287,874.6163503638558,619.4147824800434,687.8794555664062,1508749806,248195900000.0,56270200000.0,1981355400000.0,918191700000.0,503139700000.0,31057800000.0,22.569252,57.76,310.464,2303959098,ADANIPORTS.NS,1.8249239724076634,0.019405503929279925,0.07641853743602423,1
2021-09-30,690.1276725994588,768.3291797705409,639.4922773641489,721.310546875,515969572,248195900000.0,56270200000.0,1981355400000.0,918191700000.0,503139700000.0,31057800000.0,22.569252,57.76,310.464,2303959098,ADANIPORTS.NS,1.8249239724076634,0.019405503929279925,0.07641853743602423,0
2021-12-31,719.3065491920988,811.2422187257326,664.4189831521301,713.88134765625,305674244,248195900000.0,56270200000.0,1981355400000.0,918191700000.0,503139700000.0,31057800000.0,22.569252,57.76,310.464,2303959098,ADANIPORTS.NS,1.8249239724076634,0.019405503929279925,0.07641853743602423,1
2022-03-31,715.5431143044502,777.126747435561,637.2928581711546,756.79443359375,298044407,248195900000.0,56270200000.0,1981355400000.0,918191700000.0,503139700000.0,31057800000.0,22.569252,57.76,310.464,2303959098,ADANIPORTS.NS,1.8249239724076634,0.019405503929279925,0.07641853743602423,0
2022-06-30,757.0876400371361,903.8620166200716,638.4169851867746,656.9409790039062,407118402,248195900000.0,56270200000.0,1981355400000.0,918191700000.0,503139700000.0,31057800000.0,22.569252,57.76,310.464,2303959098,ADANIPORTS.NS,1.8249239724076634,0.019405503929279925,0.07641853743602423,1
2022-09-30,654.937008371693,972.3306790278057,641.2517574504934,807.7574462890625,401839807,248195900000.0,56270200000.0,1981355400000.0,918191700000.0,503139700000.0,31057800000.0,22.569252,57.76,310.464,2303959098,ADANIPORTS.NS,1.8249239724076634,0.019405503929279925,0.07641853743602423,0
2022-12-31,808.1019490165046,901.6094732122824,759.527288512797,805.2474975585938,386664296,248195900000.0,56270200000.0,1981355400000.0,918191700000.0,503139700000.0,31057800000.0,22.569252,57.76,310.464,2303959098,ADANIPORTS.NS,1.8249239724076634,0.019405503929279925,0.07641853743602423,0
2023-03-31,810.0704845841136,813.761571239266,388.89290379616364,621.9727172851562,1091589028,248195900000.0,56270200000.0,1981355400000.0,918191700000.0,503139700000.0,31057800000.0,22.569252,57.76,310.464,2303959098,ADANIPORTS.NS,1.8249239724076634,0.019405503929279925,0.07641853743602423,1
2023-06-30,628.5182492994104,773.3072707508229,612.3759323805562,727.63623046875,381900549,248195900000.0,56270200000.0,1981355400000.0,918191700000.0,503139700000.0,31057800000.0,22.569252,57.76,310.464,2303959098,ADANIPORTS.NS,1.8249239724076634,0.019405503929279925,0.07641853743602423,1
2023-09-30,732.8037410228909,881.411670774768,696.8772260118097,817.6468505859375,385706314,248195900000.0,56270200000.0,1981355400000.0,918191700000.0,503139700000.0,31057800000.0,22.569252,57.76,310.464,2303959098,ADANIPORTS.NS,1.8249239724076634,0.019405503929279925,0.07641853743602423,1
2023-12-31,818.489105364413,1092.3758091377147,747.6392428772244,1015.0354614257812,359285161,248195900000.0,56270200000.0,1981355400000.0,918191700000.0,503139700000.0,31057800000.0,22.569252,57.76,310.464,2303959098,ADANIPORTS.NS,1.8249239724076634,0.019405503929279925,0.07641853743602423,1
2024-03-31,1017.2155328204377,1346.3451950491976,1013.6977649197279,1329.6484375,311978409,248195900000.0,56270200000.0,1981355400000.0,918191700000.0,503139700000.0,31057800000.0,22.569252,57.76,310.464,2303959098,ADANIPORTS.NS,1.8249239724076634,0.019405503929279925,0.07641853743602423,1
2024-06-30,1344.4624968187563,1606.6564095419903,1150.046530935174,1470.943603515625,386790848,248195900000.0,56270200000.0,1981355400000.0,918191700000.0,503139700000.0,31057800000.0,22.569252,57.76,310.464,2303959098,ADANIPORTS.NS,1.8249239724076634,0.019405503929279925,0.07641853743602423,0
2024-09-30,1475.8198077440181,1597.1794434732692,1387.6985305182914,1441.1883544921875,162360218,70670200000.0,24450000000.0,1260150500000.0,504850200000.0,571764500000.0,7143000000.0,22.569252,57.76,310.464,2303959098,ADANIPORTS.NS,0.8829687747315547,0.01940244439057081,0.04276236107698187,0
2024-12-31,1441.1882924664976,1465.7189704062484,990.8294504575306,1225.139404296875,290554867,79635500000.0,25202600000.0,1260150500000.0,504850200000.0,571764500000.0,7143000000.0,22.569252,57.76,310.464,2303959098,ADANIPORTS.NS,0.8829687747315547,0.01940244439057081,0.04276236107698187,0
2025-03-31,1217.0786679941784,1231.6080138743773,1005.8562813251075,1177.2225341796875,183284825,84884400000.0,30142200000.0,1353322300000.0,513048200000.0,624353900000.0,34063200000.0,22.569252,57.76,310.464,2303959098,ADANIPORTS.NS,0.8217265880776912,0.0222727431595563,0.04827742727321796,1
2025-06-30,1173.2916787897027,1486.766578842527,1036.457477184288,1450.199951171875,182474312,91261400000.0,33145900000.0,1353322300000.0,513048200000.0,624353900000.0,34063200000.0,22.569252,57.76,310.464,2303959098,ADANIPORTS.NS,0.8217265880776912,0.0222727431595563,0.04827742727321796,0
2025-09-30,1450.300048828125,1474.0,1290.5,1403.5,117625936,91261400000.0,33145900000.0,1353322300000.0,513048200000.0,624353900000.0,34063200000.0,22.569252,57.76,310.464,2303959098,ADANIPORTS.NS,0.8217265880776912,0.0222727431595563,0.04827742727321796,1
2025-12-31,1406.0,1549.0,1386.0,1469.800048828125,119995505,97045900000.0,30536100000.0,1353322300000.0,513048200000.0,624353900000.0,34063200000.0,22.569252,57.76,310.464,2303959098,ADANIPORTS.NS,0.8217265880776912,0.0222727431595563,0.04827742727321796,0
2026-03-31,1472.800048828125,1584.0,1292.0,1303.5999755859375,143298491,97045900000.0,30536100000.0,1353322300000.0,513048200000.0,624353900000.0,34063200000.0,22.569252,57.76,310.464,2303959098,ADANIPORTS.NS,0.8217265880776912,0.0222727431595563,0.04827742727321796,0
2016-03-31,124.22467192220675,125.1472965045008,109.92400740332188,112.62598419189453,1033617,97045900000.0,30536100000.0,1353322300000.0,513048200000.0,624353900000.0,34063200000.0,1.0510185,101.14,149.948,280723217,ASHOKA.NS,0.8217265880776912,0.0222727431595563,0.04827742727321796,0
2016-06-30,112.72482401556051,115.13024739198124,73.34857494528332,104.6189193725586,60910127,97045900000.0,30536100000.0,1353322300000.0,513048200000.0,624353900000.0,34063200000.0,1.0510185,101.14,149.948,280723217,ASHOKA.NS,0.8217265880776912,0.0222727431595563,0.04827742727321796,1
2016-09-30,105.44269906956937,117.7004012885428,96.7436733385009,112.32941436767578,18011812,97045900000.0,30536100000.0,1353322300000.0,513048200000.0,624353900000.0,34063200000.0,1.0510185,101.14,149.948,280723217,ASHOKA.NS,0.8217265880776912,0.0222727431595563,0.04827742727321796,0
2016-12-31,112.42827485280283,116.44827975266661,85.73808983488041,104.19055938720703,11698216,97045900000.0,30536100000.0,1353322300000.0,513048200000.0,624353900000.0,34063200000.0,1.0510185,101.14,149.948,280723217,ASHOKA.NS,0.8217265880776912,0.0222727431595563,0.04827742727321796,1
2017-03-31,104.84957732437336,133.0161779731069,101.4226863440975,130.3690948486328,13316147,97045900000.0,30536100000.0,1353322300000.0,513048200000.0,624353900000.0,34063200000.0,1.0510185,101.14,149.948,280723217,ASHOKA.NS,0.8217265880776912,0.0222727431595563,0.04827742727321796,0
2017-06-30,130.2367383214104,152.8031595828895,118.29175247846396,122.16311645507812,22133683,97045900000.0,30536100000.0,1353322300000.0,513048200000.0,624353900000.0,34063200000.0,1.0510185,101.14,149.948,280723217,ASHOKA.NS,0.8217265880776912,0.0222727431595563,0.04827742727321796,1
2017-09-30,121.46825722882703,135.59709994757617,113.56008472957315,124.72355651855469,17834798,97045900000.0,30536100000.0,1353322300000.0,513048200000.0,624353900000.0,34063200000.0,1.0510185,101.14,149.948,280723217,ASHOKA.NS,0.8217265880776912,0.0222727431595563,0.04827742727321796,1
2017-12-31,124.39131941703003,178.71284534217253,121.0356755745767,162.56590270996094,42649660,97045900000.0,30536100000.0,1353322300000.0,513048200000.0,624353900000.0,34063200000.0,1.0510185,101.14,149.948,280723217,ASHOKA.NS,0.8217265880776912,0.0222727431595563,0.04827742727321796,1
2018-03-31,162.7984606884001,174.8920614718915,136.98328307765195,165.63333129882812,27091885,97045900000.0,30536100000.0,1353322300000.0,513048200000.0,624353900000.0,34063200000.0,1.0510185,101.14,149.948,280723217,ASHOKA.NS,0.8217265880776912,0.0222727431595563,0.04827742727321796,0
2018-06-30,166.6666717529297,196.53334045410156,138.6999969482422,152.36666870117188,22987439,97045900000.0,30536100000.0,1353322300000.0,513048200000.0,624353900000.0,34063200000.0,1.0510185,101.14,149.948,280723217,ASHOKA.NS,0.8217265880776912,0.0222727431595563,0.04827742727321796,0
2018-09-30,152.36666870117188,189.39999389648438,93.44999694824219,104.3499984741211,15385822,97045900000.0,30536100000.0,1353322300000.0,513048200000.0,624353900000.0,34063200000.0,1.0510185,101.14,149.948,280723217,ASHOKA.NS,0.8217265880776912,0.0222727431595563,0.04827742727321796,1
2018-12-31,106.0,138.0,94.5999984741211,124.4000015258789,18479841,97045900000.0,30536100000.0,1353322300000.0,513048200000.0,624353900000.0,34063200000.0,1.0510185,101.14,149.948,280723217,ASHOKA.NS,0.8217265880776912,0.0222727431595563,0.04827742727321796,1
2019-03-31,126.5,150.0,106.69999694824219,129.8000030517578,16418885,97045900000.0,30536100000.0,1353322300000.0,513048200000.0,624353900000.0,34063200000.0,1.0510185,101.14,149.948,280723217,ASHOKA.NS,0.8217265880776912,0.0222727431595563,0.04827742727321796,1
2019-06-30,128.3000030517578,155.0,110.05000305175781,140.64999389648438,17395766,97045900000.0,30536100000.0,1353322300000.0,513048200000.0,624353900000.0,34063200000.0,1.0510185,101.14,149.948,280723217,ASHOKA.NS,0.8217265880776912,0.0222727431595563,0.04827742727321796,0
2019-09-30,141.10000610351562,150.39999389648438,87.80000305175781,97.4000015258789,23979771,97045900000.0,30536100000.0,1353322300000.0,513048200000.0,624353900000.0,34063200000.0,1.0510185,101.14,149.948,280723217,ASHOKA.NS,0.8217265880776912,0.0222727431595563,0.04827742727321796,1
2019-12-31,98.6500015258789,114.4000015258789,89.25,102.44999694824219,40402777,97045900000.0,30536100000.0,1353322300000.0,513048200000.0,624353900000.0,34063200000.0,1.0510185,101.14,149.948,280723217,ASHOKA.NS,0.8217265880776912,0.0222727431595563,0.04827742727321796,0
2020-03-31,102.69999694824219,121.75,39.79999923706055,41.349998474121094,43531545,97045900000.0,30536100000.0,1353322300000.0,513048200000.0,624353900000.0,34063200000.0,1.0510185,101.14,149.948,280723217,ASHOKA.NS,0.8217265880776912,0.0222727431595563,0.04827742727321796,1
2020-06-30,40.79999923706055,69.9000015258789,37.04999923706055,61.599998474121094,80356390,97045900000.0,30536100000.0,1353322300000.0,513048200000.0,624353900000.0,34063200000.0,1.0510185,101.14,149.948,280723217,ASHOKA.NS,0.8217265880776912,0.0222727431595563,0.04827742727321796,1
2020-09-30,62.29999923706055,79.0,50.0,64.44999694824219,136411319,97045900000.0,30536100000.0,1353322300000.0,513048200000.0,624353900000.0,34063200000.0,1.0510185,101.14,149.948,280723217,ASHOKA.NS,0.8217265880776912,0.0222727431595563,0.04827742727321796,1
2020-12-31,65.0,105.0,59.75,92.6500015258789,95039157,97045900000.0,30536100000.0,1353322300000.0,513048200000.0,624353900000.0,34063200000.0,1.0510185,101.14,149.948,280723217,ASHOKA.NS,0.8217265880776912,0.0222727431595563,0.04827742727321796,1
2021-03-31,92.5,118.5999984741211,85.1500015258789,101.9000015258789,96892625,97045900000.0,30536100000.0,1353322300000.0,513048200000.0,624353900000.0,34063200000.0,1.0510185,101.14,149.948,280723217,ASHOKA.NS,0.8217265880776912,0.0222727431595563,0.04827742727321796,1
2021-06-30,102.30000305175781,112.5,78.4000015258789,110.6500015258789,147135771,97045900000.0,30536100000.0,1353322300000.0,513048200000.0,624353900000.0,34063200000.0,1.0510185,101.14,149.948,280723217,ASHOKA.NS,0.8217265880776912,0.0222727431595563,0.04827742727321796,0
2021-09-30,111.5999984741211,117.6500015258789,94.5,98.44999694824219,106958845,97045900000.0,30536100000.0,1353322300000.0,513048200000.0,624353900000.0,34063200000.0,1.0510185,101.14,149.948,280723217,ASHOKA.NS,0.8217265880776912,0.0222727431595563,0.04827742727321796,1
2021-12-31,96.6500015258789,125.0,87.55000305175781,100.55000305175781,147323494,97045900000.0,30536100000.0,1353322300000.0,513048200000.0,624353900000.0,34063200000.0,1.0510185,101.14,149.948,280723217,ASHOKA.NS,0.8217265880776912,0.0222727431595563,0.04827742727321796,0
2022-03-31,100.8499984741211,108.5999984741211,80.1500015258789,85.80000305175781,64295644,97045900000.0,30536100000.0,1353322300000.0,513048200000.0,624353900000.0,34063200000.0,1.0510185,101.14,149.948,280723217,ASHOKA.NS,0.8217265880776912,0.0222727431595563,0.04827742727321796,0
2022-06-30,86.5,94.9000015258789,69.0,73.1500015258789,52583159,97045900000.0,30536100000.0,1353322300000.0,513048200000.0,624353900000.0,34063200000.0,1.0510185,101.14,149.948,280723217,ASHOKA.NS,0.8217265880776912,0.0222727431595563,0.04827742727321796,1
2022-09-30,73.5,95.75,71.80000305175781,78.19999694824219,64139674,97045900000.0,30536100000.0,1353322300000.0,513048200000.0,624353900000.0,34063200000.0,1.0510185,101.14,149.948,280723217,ASHOKA.NS,0.8217265880776912,0.0222727431595563,0.04827742727321796,1
2022-12-31,78.19999694824219,91.94999694824219,70.1500015258789,89.6500015258789,68070208,97045900000.0,30536100000.0,1353322300000.0,513048200000.0,624353900000.0,34063200000.0,1.0510185,101.14,149.948,280723217,ASHOKA.NS,0.8217265880776912,0.0222727431595563,0.04827742727321796,0
2023-03-31,89.6500015258789,92.30000305175781,71.6500015258789,74.0,58969311,97045900000.0,30536100000.0,1353322300000.0,513048200000.0,624353900000.0,34063200000.0,1.0510185,101.14,149.948,280723217,ASHOKA.NS,0.8217265880776912,0.0222727431595563,0.04827742727321796,1
2023-06-30,74.75,90.94999694824219,74.6500015258789,79.8499984741211,75509189,97045900000.0,30536100000.0,1353322300000.0,513048200000.0,624353900000.0,34063200000.0,1.0510185,101.14,149.948,280723217,ASHOKA.NS,0.8217265880776912,0.0222727431595563,0.04827742727321796,1
2023-09-30,80.30000305175781,123.30000305175781,79.94999694824219,122.3499984741211,227218454,97045900000.0,30536100000.0,1353322300000.0,513048200000.0,624353900000.0,34063200000.0,1.0510185,101.14,149.948,280723217,ASHOKA.NS,0.8217265880776912,0.0222727431595563,0.04827742727321796,1
2023-12-31,122.5,153.0500030517578,119.0,139.25,193378955,97045900000.0,30536100000.0,1353322300000.0,513048200000.0,624353900000.0,34063200000.0,1.0510185,101.14,149.948,280723217,ASHOKA.NS,0.8217265880776912,0.0222727431595563,0.04827742727321796,1
2024-03-31,139.25,195.5,135.10000610351562,156.60000610351562,209926949,97045900000.0,30536100000.0,1353322300000.0,513048200000.0,624353900000.0,34063200000.0,1.0510185,101.14,149.948,280723217,ASHOKA.NS,0.8217265880776912,0.0222727431595563,0.04827742727321796,1
2024-06-30,155.64999389648438,249.0,149.0500030517578,224.55999755859375,162798173,97045900000.0,30536100000.0,1353322300000.0,513048200000.0,624353900000.0,34063200000.0,1.0510185,101.14,149.948,280723217,ASHOKA.NS,0.8217265880776912,0.0222727431595563,0.04827742727321796,1
2024-09-30,224.55999755859375,284.739990234375,209.02999877929688,228.6199951171875,127090695,97045900000.0,30536100000.0,192389436000.0,55420763000.0,28274666000.0,1637072000.0,1.0510185,101.14,149.948,280723217,ASHOKA.NS,1.9600855055193225,0.0222727431595563,0.04827742727321796,1
2024-12-31,230.1999969482422,319.0,211.00999450683594,311.1700134277344,170308492,23878880000.0,6545066000.0,192389436000.0,55420763000.0,28274666000.0,1637072000.0,1.0510185,101.14,149.948,280723217,ASHOKA.NS,1.9600855055193225,0.0222727431595563,0.04827742727321796,0
2025-03-31,309.8999938964844,313.6000061035156,159.33999633789062,192.50999450683594,154377971,16316772000.0,4322287000.0,207696234000.0,22259558000.0,39152529000.0,1673124000.0,1.0510185,101.14,149.948,280723217,ASHOKA.NS,0.5685343595556752,0.020810618068308355,0.11039611259849906,1
2025-06-30,192.0,230.8000030517578,170.1999969482422,212.89999389648438,96593605,18870672000.0,2173932000.0,207696234000.0,22259558000.0,39152529000.0,1673124000.0,1.0510185,101.14,149.948,280723217,ASHOKA.NS,0.5685343595556752,0.020810618068308355,0.11039611259849906,0
2025-09-30,212.89999389648438,218.44000244140625,172.19000244140625,184.74000549316406,46512560,18511802000.0,780628000.0,191892977000.0,19889036000.0,42105641000.0,12517963000.0,1.0510185,101.14,149.948,280723217,ASHOKA.NS,0.4723603661561642,0.004068038404552971,0.018539748628930743,0
2025-12-31,184.74000549316406,214.5,159.22999572753906,168.4600067138672,66527271,18273333000.0,21114102000.0,191892977000.0,19889036000.0,42105641000.0,12517963000.0,1.0510185,101.14,149.948,280723217,ASHOKA.NS,0.4723603661561642,0.004068038404552971,0.018539748628930743,0
2026-03-31,168.0,171.6999969482422,105.5,106.30000305175781,60728324,18273333000.0,21114102000.0,191892977000.0,19889036000.0,42105641000.0,12517963000.0,1.0510185,101.14,149.948,280723217,ASHOKA.NS,0.4723603661561642,0.004068038404552971,0.018539748628930743,0
2016-03-31,14.100000381469727,14.100000381469727,12.149999618530273,13.300000190734863,862806,18273333000.0,21114102000.0,191892977000.0,19889036000.0,42105641000.0,12517963000.0,4631.0,0.01,23.183,225440000,BLKASHYAP.NS,0.4723603661561642,0.004068038404552971,0.018539748628930743,1
2016-06-30,13.5,21.899999618530273,13.050000190734863,18.899999618530273,14515684,18273333000.0,21114102000.0,191892977000.0,19889036000.0,42105641000.0,12517963000.0,4631.0,0.01,23.183,225440000,BLKASHYAP.NS,0.4723603661561642,0.004068038404552971,0.018539748628930743,1
2016-09-30,18.850000381469727,26.5,16.100000381469727,20.200000762939453,31926807,18273333000.0,21114102000.0,191892977000.0,19889036000.0,42105641000.0,12517963000.0,4631.0,0.01,23.183,225440000,BLKASHYAP.NS,0.4723603661561642,0.004068038404552971,0.018539748628930743,0
2016-12-31,20.700000762939453,28.0,17.149999618530273,20.149999618530273,13548717,18273333000.0,21114102000.0,191892977000.0,19889036000.0,42105641000.0,12517963000.0,4631.0,0.01,23.183,225440000,BLKASHYAP.NS,0.4723603661561642,0.004068038404552971,0.018539748628930743,1
2017-03-31,20.149999618530273,25.200000762939453,19.5,21.350000381469727,13440597,18273333000.0,21114102000.0,191892977000.0,19889036000.0,42105641000.0,12517963000.0,4631.0,0.01,23.183,225440000,BLKASHYAP.NS,0.4723603661561642,0.004068038404552971,0.018539748628930743,1
2017-06-30,21.950000762939453,43.900001525878906,21.450000762939453,42.349998474121094,40493273,18273333000.0,21114102000.0,191892977000.0,19889036000.0,42105641000.0,12517963000.0,4631.0,0.01,23.183,225440000,BLKASHYAP.NS,0.4723603661561642,0.004068038404552971,0.018539748628930743,1
2017-09-30,43.5,51.5,34.5,42.900001525878906,30067159,18273333000.0,21114102000.0,191892977000.0,19889036000.0,42105641000.0,12517963000.0,4631.0,0.01,23.183,225440000,BLKASHYAP.NS,0.4723603661561642,0.004068038404552971,0.018539748628930743,1
2017-12-31,43.099998474121094,71.9000015258789,40.599998474121094,65.75,41845959,18273333000.0,21114102000.0,191892977000.0,19889036000.0,42105641000.0,12517963000.0,4631.0,0.01,23.183,225440000,BLKASHYAP.NS,0.4723603661561642,0.004068038404552971,0.018539748628930743,0
2018-03-31,65.9000015258789,68.19999694824219,34.849998474121094,42.75,27161066,18273333000.0,21114102000.0,191892977000.0,19889036000.0,42105641000.0,12517963000.0,4631.0,0.01,23.183,225440000,BLKASHYAP.NS,0.4723603661561642,0.004068038404552971,0.018539748628930743,0
2018-06-30,43.70000076293945,51.45000076293945,35.5,38.650001525878906,12702615,18273333000.0,21114102000.0,191892977000.0,19889036000.0,42105641000.0,12517963000.0,4631.0,0.01,23.183,225440000,BLKASHYAP.NS,0.4723603661561642,0.004068038404552971,0.018539748628930743,0
2018-09-30,38.650001525878906,40.25,28.100000381469727,29.299999237060547,15350936,18273333000.0,21114102000.0,191892977000.0,19889036000.0,42105641000.0,12517963000.0,4631.0,0.01,23.183,225440000,BLKASHYAP.NS,0.4723603661561642,0.004068038404552971,0.018539748628930743,0
2018-12-31,29.5,29.549999237060547,17.450000762939453,21.649999618530273,9913079,18273333000.0,21114102000.0,191892977000.0,19889036000.0,42105641000.0,12517963000.0,4631.0,0.01,23.183,225440000,BLKASHYAP.NS,0.4723603661561642,0.004068038404552971,0.018539748628930743,0
2019-03-31,21.5,24.299999237060547,17.399999618530273,19.799999237060547,31985509,18273333000.0,21114102000.0,191892977000.0,19889036000.0,42105641000.0,12517963000.0,4631.0,0.01,23.183,225440000,BLKASHYAP.NS,0.4723603661561642,0.004068038404552971,0.018539748628930743,0
2019-06-30,20.149999618530273,21.350000381469727,7.25,8.100000381469727,9207774,18273333000.0,21114102000.0,191892977000.0,19889036000.0,42105641000.0,12517963000.0,4631.0,0.01,23.183,225440000,BLKASHYAP.NS,0.4723603661561642,0.004068038404552971,0.018539748628930743,1
2019-09-30,8.5,12.199999809265137,8.300000190734863,9.949999809265137,4907161,18273333000.0,21114102000.0,191892977000.0,19889036000.0,42105641000.0,12517963000.0,4631.0,0.01,23.183,225440000,BLKASHYAP.NS,0.4723603661561642,0.004068038404552971,0.018539748628930743,0
2019-12-31,10.350000381469727,11.300000190734863,7.150000095367432,8.5,3508032,18273333000.0,21114102000.0,191892977000.0,19889036000.0,42105641000.0,12517963000.0,4631.0,0.01,23.183,225440000,BLKASHYAP.NS,0.4723603661561642,0.004068038404552971,0.018539748628930743,0
2020-03-31,9.25,9.899999618530273,3.299999952316284,4.699999809265137,7084278,18273333000.0,21114102000.0,191892977000.0,19889036000.0,42105641000.0,12517963000.0,4631.0,0.01,23.183,225440000,BLKASHYAP.NS,0.4723603661561642,0.004068038404552971,0.018539748628930743,1
2020-06-30,4.900000095367432,6.300000190734863,3.799999952316284,6.0,5852555,18273333000.0,21114102000.0,191892977000.0,19889036000.0,42105641000.0,12517963000.0,4631.0,0.01,23.183,225440000,BLKASHYAP.NS,0.4723603661561642,0.004068038404552971,0.018539748628930743,1
2020-09-30,6.199999809265137,8.199999809265137,5.050000190734863,6.599999904632568,8060851,18273333000.0,21114102000.0,191892977000.0,19889036000.0,42105641000.0,12517963000.0,4631.0,0.01,23.183,225440000,BLKASHYAP.NS,0.4723603661561642,0.004068038404552971,0.018539748628930743,1
2020-12-31,6.599999904632568,10.5,4.900000095367432,10.5,7498547,18273333000.0,21114102000.0,191892977000.0,19889036000.0,42105641000.0,12517963000.0,4631.0,0.01,23.183,225440000,BLKASHYAP.NS,0.4723603661561642,0.004068038404552971,0.018539748628930743,1
2021-03-31,10.949999809265137,21.600000381469727,9.0,18.5,29585753,18273333000.0,21114102000.0,191892977000.0,19889036000.0,42105641000.0,12517963000.0,4631.0,0.01,23.183,225440000,BLKASHYAP.NS,0.4723603661561642,0.004068038404552971,0.018539748628930743,1
2021-06-30,19.100000381469727,29.899999618530273,13.5,25.049999237060547,34038918,18273333000.0,21114102000.0,191892977000.0,19889036000.0,42105641000.0,12517963000.0,4631.0,0.01,23.183,225440000,BLKASHYAP.NS,0.4723603661561642,0.004068038404552971,0.018539748628930743,1
2021-09-30,25.049999237060547,29.950000762939453,22.350000381469727,27.899999618530273,36073316,18273333000.0,21114102000.0,191892977000.0,19889036000.0,42105641000.0,12517963000.0,4631.0,0.01,23.183,225440000,BLKASHYAP.NS,0.4723603661561642,0.004068038404552971,0.018539748628930743,1
2021-12-31,27.850000381469727,33.0,22.649999618530273,29.049999237060547,36960212,18273333000.0,21114102000.0,191892977000.0,19889036000.0,42105641000.0,12517963000.0,4631.0,0.01,23.183,225440000,BLKASHYAP.NS,0.4723603661561642,0.004068038404552971,0.018539748628930743,0
2022-03-31,29.799999237060547,31.25,20.549999237060547,26.549999237060547,19557693,18273333000.0,21114102000.0,191892977000.0,19889036000.0,42105641000.0,12517963000.0,4631.0,0.01,23.183,225440000,BLKASHYAP.NS,0.4723603661561642,0.004068038404552971,0.018539748628930743,0
2022-06-30,27.149999618530273,29.200000762939453,16.600000381469727,19.200000762939453,11242267,18273333000.0,21114102000.0,191892977000.0,19889036000.0,42105641000.0,12517963000.0,4631.0,0.01,23.183,225440000,BLKASHYAP.NS,0.4723603661561642,0.004068038404552971,0.018539748628930743,1
2022-09-30,19.5,27.950000762939453,18.75,23.799999237060547,17359618,18273333000.0,21114102000.0,191892977000.0,19889036000.0,42105641000.0,12517963000.0,4631.0,0.01,23.183,225440000,BLKASHYAP.NS,0.4723603661561642,0.004068038404552971,0.018539748628930743,1
2022-12-31,24.0,38.349998474121094,23.600000381469727,32.29999923706055,34976482,18273333000.0,21114102000.0,191892977000.0,19889036000.0,42105641000.0,12517963000.0,4631.0,0.01,23.183,225440000,BLKASHYAP.NS,0.4723603661561642,0.004068038404552971,0.018539748628930743,0
2023-03-31,32.349998474121094,34.5,27.100000381469727,31.0,15850605,18273333000.0,21114102000.0,191892977000.0,19889036000.0,42105641000.0,12517963000.0,4631.0,0.01,23.183,225440000,BLKASHYAP.NS,0.4723603661561642,0.004068038404552971,0.018539748628930743,1
2023-06-30,31.5,45.5,29.5,43.54999923706055,46027465,18273333000.0,21114102000.0,191892977000.0,19889036000.0,42105641000.0,12517963000.0,4631.0,0.01,23.183,225440000,BLKASHYAP.NS,0.4723603661561642,0.004068038404552971,0.018539748628930743,1
2023-09-30,43.75,64.4000015258789,38.79999923706055,62.79999923706055,52384453,18273333000.0,21114102000.0,191892977000.0,19889036000.0,42105641000.0,12517963000.0,4631.0,0.01,23.183,225440000,BLKASHYAP.NS,0.4723603661561642,0.004068038404552971,0.018539748628930743,1
2023-12-31,63.0,76.69999694824219,58.900001525878906,63.95000076293945,55635530,18273333000.0,21114102000.0,191892977000.0,19889036000.0,42105641000.0,12517963000.0,4631.0,0.01,23.183,225440000,BLKASHYAP.NS,0.4723603661561642,0.004068038404552971,0.018539748628930743,1
2024-03-31,63.5,88.80000305175781,60.29999923706055,68.5999984741211,128165222,18273333000.0,21114102000.0,191892977000.0,19889036000.0,42105641000.0,12517963000.0,4631.0,0.01,23.183,225440000,BLKASHYAP.NS,0.4723603661561642,0.004068038404552971,0.018539748628930743,1
2024-06-30,69.05000305175781,98.80000305175781,60.5,90.19000244140625,101479714,18273333000.0,21114102000.0,191892977000.0,19889036000.0,42105641000.0,12517963000.0,4631.0,0.01,23.183,225440000,BLKASHYAP.NS,0.4723603661561642,0.004068038404552971,0.018539748628930743,1
2024-09-30,90.19999694824219,120.66000366210938,89.22000122070312,93.02999877929688,110731100,2672767000.0,93785000.0,14283942000.0,2824727000.0,5254216000.0,465687000.0,4631.0,0.01,23.183,225440000,BLKASHYAP.NS,0.5376115104517972,0.006565764548749918,0.017849475544971887,0
2024-12-31,93.0999984741211,94.7699966430664,68.0,77.22000122070312,31250373,2418638000.0,11151000.0,14283942000.0,2824727000.0,5254216000.0,465687000.0,4631.0,0.01,23.183,225440000,BLKASHYAP.NS,0.5376115104517972,0.006565764548749918,0.017849475544971887,0
2025-03-31,77.0,84.69000244140625,45.20000076293945,51.290000915527344,41872882,2681756000.0,-32640000.0,15156673000.0,3164803000.0,5236075000.0,218817000.0,4631.0,0.01,23.183,225440000,BLKASHYAP.NS,0.6044227785125309,-0.0021535069074855675,-0.006233676943130112,1
2025-06-30,50.88999938964844,76.63999938964844,45.0,66.27999877929688,32363171,3364235000.0,108515000.0,15156673000.0,3164803000.0,5236075000.0,218817000.0,4631.0,0.01,23.183,225440000,BLKASHYAP.NS,0.6044227785125309,-0.0021535069074855675,-0.006233676943130112,0
2025-09-30,66.9000015258789,80.01000213623047,58.5,59.790000915527344,38781586,3551272000.0,-86174000.0,16083283000.0,3088558000.0,5257355000.0,93854000.0,4631.0,0.01,23.183,225440000,BLKASHYAP.NS,0.5874737391711231,-0.005357985679913734,-0.016391132042633604,0
2025-12-31,60.400001525878906,63.790000915527344,45.11000061035156,53.15999984741211,33835939,3551272000.0,-86174000.0,16083283000.0,3088558000.0,5257355000.0,93854000.0,4631.0,0.01,23.183,225440000,BLKASHYAP.NS,0.5874737391711231,-0.005357985679913734,-0.016391132042633604,0
2026-03-31,53.15999984741211,60.29999923706055,45.0,46.310001373291016,40638366,3551272000.0,-86174000.0,16083283000.0,3088558000.0,5257355000.0,93854000.0,4631.0,0.01,23.183,225440000,BLKASHYAP.NS,0.5874737391711231,-0.005357985679913734,-0.016391132042633604,0
2017-09-30,395.72981238303674,395.72981238303674,325.95639719201097,335.7752380371094,31892893,3551272000.0,-86174000.0,16083283000.0,3088558000.0,5257355000.0,93854000.0,8.836272,23.82,223.018,84604043,CAPACITE.NS,0.5874737391711231,-0.005357985679913734,-0.016391132042633604,1
2017-12-31,339.6433124263455,433.8646787502326,321.4437018960277,392.60565185546875,48140881,3551272000.0,-86174000.0,16083283000.0,3088558000.0,5257355000.0,93854000.0,8.836272,23.82,223.018,84604043,CAPACITE.NS,0.5874737391711231,-0.005357985679913734,-0.016391132042633604,0
2018-03-31,393.7462169888222,420.32653277134347,287.7223717156766,300.0702819824219,18356690,3551272000.0,-86174000.0,16083283000.0,3088558000.0,5257355000.0,93854000.0,8.836272,23.82,223.018,84604043,CAPACITE.NS,0.5874737391711231,-0.005357985679913734,-0.016391132042633604,0
2018-06-30,303.9383713383455,370.53799981264456,253.9018406480278,268.6301574707031,14917278,3551272000.0,-86174000.0,16083283000.0,3088558000.0,5257355000.0,93854000.0,8.836272,23.82,223.018,84604043,CAPACITE.NS,0.5874737391711231,-0.005357985679913734,-0.016391132042633604,0
2018-09-30,271.06004211578886,292.2846571176489,218.5696443671921,219.21673583984375,6207981,3551272000.0,-86174000.0,16083283000.0,3088558000.0,5257355000.0,93854000.0,8.836272,23.82,223.018,84604043,CAPACITE.NS,0.5874737391711231,-0.005357985679913734,-0.016391132042633604,1
2018-12-31,213.641751310653,264.7126602694099,170.3359945178776,247.7388153076172,2709679,3551272000.0,-86174000.0,16083283000.0,3088558000.0,5257355000.0,93854000.0,8.836272,23.82,223.018,84604043,CAPACITE.NS,0.5874737391711231,-0.005357985679913734,-0.016391132042633604,0
2019-03-31,245.94685606563687,255.8524260303165,187.21030891114884,223.74642944335938,2991177,3551272000.0,-86174000.0,16083283000.0,3088558000.0,5257355000.0,93854000.0,8.836272,23.82,223.018,84604043,CAPACITE.NS,0.5874737391711231,-0.005357985679913734,-0.016391132042633604,1
2019-06-30,228.1765486484465,278.2519639401846,219.01764187282987,270.1881103515625,3939404,3551272000.0,-86174000.0,16083283000.0,3088558000.0,5257355000.0,93854000.0,8.836272,23.82,223.018,84604043,CAPACITE.NS,0.5874737391711231,-0.005357985679913734,-0.016391132042633604,0
2019-09-30,269.59078507349926,283.1300784118222,155.64999389648438,197.85000610351562,7064020,3551272000.0,-86174000.0,16083283000.0,3088558000.0,5257355000.0,93854000.0,8.836272,23.82,223.018,84604043,CAPACITE.NS,0.5874737391711231,-0.005357985679913734,-0.016391132042633604,0
2019-12-31,196.10000610351562,245.89999389648438,168.0,182.0,2658534,3551272000.0,-86174000.0,16083283000.0,3088558000.0,5257355000.0,93854000.0,8.836272,23.82,223.018,84604043,CAPACITE.NS,0.5874737391711231,-0.005357985679913734,-0.016391132042633604,0
2020-03-31,184.89999389648438,217.85000610351562,71.0,73.4000015258789,4517971,3551272000.0,-86174000.0,16083283000.0,3088558000.0,5257355000.0,93854000.0,8.836272,23.82,223.018,84604043,CAPACITE.NS,0.5874737391711231,-0.005357985679913734,-0.016391132042633604,1
2020-06-30,75.0,126.0,70.19999694824219,111.80000305175781,5333569,3551272000.0,-86174000.0,16083283000.0,3088558000.0,5257355000.0,93854000.0,8.836272,23.82,223.018,84604043,CAPACITE.NS,0.5874737391711231,-0.005357985679913734,-0.016391132042633604,1
2020-09-30,111.0,160.5,90.0,118.3499984741211,6638465,3551272000.0,-86174000.0,16083283000.0,3088558000.0,5257355000.0,93854000.0,8.836272,23.82,223.018,84604043,CAPACITE.NS,0.5874737391711231,-0.005357985679913734,-0.016391132042633604,1
2020-12-31,119.8499984741211,204.4499969482422,115.9000015258789,181.75,8901799,3551272000.0,-86174000.0,16083283000.0,3088558000.0,5257355000.0,93854000.0,8.836272,23.82,223.018,84604043,CAPACITE.NS,0.5874737391711231,-0.005357985679913734,-0.016391132042633604,1
2021-03-31,182.6999969482422,228.4499969482422,161.60000610351562,201.75,13249198,3551272000.0,-86174000.0,16083283000.0,3088558000.0,5257355000.0,93854000.0,8.836272,23.82,223.018,84604043,CAPACITE.NS,0.5874737391711231,-0.005357985679913734,-0.016391132042633604,0
2021-06-30,202.8000030517578,222.6999969482422,180.4499969482422,194.0,12818754,3551272000.0,-86174000.0,16083283000.0,3088558000.0,5257355000.0,93854000.0,8.836272,23.82,223.018,84604043,CAPACITE.NS,0.5874737391711231,-0.005357985679913734,-0.016391132042633604,0
2021-09-30,194.64999389648438,252.0,134.25,162.6999969482422,38516308,3551272000.0,-86174000.0,16083283000.0,3088558000.0,5257355000.0,93854000.0,8.836272,23.82,223.018,84604043,CAPACITE.NS,0.5874737391711231,-0.005357985679913734,-0.016391132042633604,1
2021-12-31,163.5500030517578,208.25,157.9499969482422,173.3000030517578,18981715,3551272000.0,-86174000.0,16083283000.0,3088558000.0,5257355000.0,93854000.0,8.836272,23.82,223.018,84604043,CAPACITE.NS,0.5874737391711231,-0.005357985679913734,-0.016391132042633604,0
2022-03-31,173.0,176.0,107.0,109.5,13466803,3551272000.0,-86174000.0,16083283000.0,3088558000.0,5257355000.0,93854000.0,8.836272,23.82,223.018,84604043,CAPACITE.NS,0.5874737391711231,-0.005357985679913734,-0.016391132042633604,1
2022-06-30,110.05000305175781,147.5,98.19999694824219,114.9000015258789,12280768,3551272000.0,-86174000.0,16083283000.0,3088558000.0,5257355000.0,93854000.0,8.836272,23.82,223.018,84604043,CAPACITE.NS,0.5874737391711231,-0.005357985679913734,-0.016391132042633604,1
2022-09-30,113.5,192.35000610351562,105.0999984741211,159.89999389648438,32103414,3551272000.0,-86174000.0,16083283000.0,3088558000.0,5257355000.0,93854000.0,8.836272,23.82,223.018,84604043,CAPACITE.NS,0.5874737391711231,-0.005357985679913734,-0.016391132042633604,0
2022-12-31,160.0,174.3000030517578,124.1500015258789,153.0,13810455,3551272000.0,-86174000.0,16083283000.0,3088558000.0,5257355000.0,93854000.0,8.836272,23.82,223.018,84604043,CAPACITE.NS,0.5874737391711231,-0.005357985679913734,-0.016391132042633604,0
2023-03-31,152.0,166.0,108.9000015258789,118.94999694824219,19783350,3551272000.0,-86174000.0,16083283000.0,3088558000.0,5257355000.0,93854000.0,8.836272,23.82,223.018,84604043,CAPACITE.NS,0.5874737391711231,-0.005357985679913734,-0.016391132042633604,1
2023-06-30,119.75,211.89999389648438,118.9000015258789,206.8000030517578,71916455,3551272000.0,-86174000.0,16083283000.0,3088558000.0,5257355000.0,93854000.0,8.836272,23.82,223.018,84604043,CAPACITE.NS,0.5874737391711231,-0.005357985679913734,-0.016391132042633604,0
2023-09-30,207.4499969482422,248.39999389648438,192.60000610351562,206.6999969482422,69915607,3551272000.0,-86174000.0,16083283000.0,3088558000.0,5257355000.0,93854000.0,8.836272,23.82,223.018,84604043,CAPACITE.NS,0.5874737391711231,-0.005357985679913734,-0.016391132042633604,1
2023-12-31,206.6999969482422,283.3500061035156,187.3000030517578,250.3000030517578,79120551,3551272000.0,-86174000.0,16083283000.0,3088558000.0,5257355000.0,93854000.0,8.836272,23.82,223.018,84604043,CAPACITE.NS,0.5874737391711231,-0.005357985679913734,-0.016391132042633604,1
2024-03-31,252.60000610351562,294.75,210.10000610351562,261.8500061035156,104030862,3551272000.0,-86174000.0,16083283000.0,3088558000.0,5257355000.0,93854000.0,8.836272,23.82,223.018,84604043,CAPACITE.NS,0.5874737391711231,-0.005357985679913734,-0.016391132042633604,1
2024-06-30,264.8500061035156,333.0,251.1999969482422,310.54998779296875,111982134,3551272000.0,-86174000.0,16083283000.0,3088558000.0,5257355000.0,93854000.0,8.836272,23.82,223.018,84604043,CAPACITE.NS,0.5874737391711231,-0.005357985679913734,-0.016391132042633604,1
2024-09-30,314.0,415.0,270.25,387.75,115520543,3551272000.0,-86174000.0,32843899000.0,3456159000.0,16138943000.0,228785000.0,8.836272,23.82,223.018,84604043,CAPACITE.NS,0.2141502699402309,-0.005357985679913734,-0.016391132042633604,1
2024-12-31,387.0,465.0,329.5,435.0,69376373,5904856000.0,520233000.0,32843899000.0,3456159000.0,16138943000.0,228785000.0,8.836272,23.82,223.018,84604043,CAPACITE.NS,0.2141502699402309,-0.005357985679913734,-0.016391132042633604,0
2025-03-31,434.95001220703125,453.79998779296875,287.5,350.5,41433494,6540581000.0,525324000.0,35000776000.0,4255877000.0,17186635000.0,641033000.0,8.836272,23.82,223.018,84604043,CAPACITE.NS,0.24762712421599692,0.01500892437356246,0.030565843750100005,0
2025-06-30,350.0,396.45001220703125,301.0,333.79998779296875,29192592,5893583000.0,456853000.0,35000776000.0,4255877000.0,17186635000.0,641033000.0,8.836272,23.82,223.018,84604043,CAPACITE.NS,0.24762712421599692,0.01500892437356246,0.030565843750100005,0
2025-09-30,334.79998779296875,338.6499938964844,276.0,289.1000061035156,22606684,6461596000.0,490951000.0,37445610000.0,4196548000.0,18127664000.0,417809000.0,8.836272,23.82,223.018,84604043,CAPACITE.NS,0.23149965709867526,0.013111042923322654,0.02708297108772537,0
2025-12-31,292.0,314.25,247.3000030517578,254.39999389648438,16203361,6754175000.0,500246000.0,37445610000.0,4196548000.0,18127664000.0,417809000.0,8.836272,23.82,223.018,84604043,CAPACITE.NS,0.23149965709867526,0.013111042923322654,0.02708297108772537,0
2026-03-31,253.0,274.0,180.0,210.47999572753906,46971219,6754175000.0,500246000.0,37445610000.0,4196548000.0,18127664000.0,417809000.0,8.836272,23.82,223.018,84604043,CAPACITE.NS,0.23149965709867526,0.013111042923322654,0.02708297108772537,0
2021-09-30,1689.871690336748,2016.0081082557892,1519.6388146998504,1838.388671875,25069725,6754175000.0,500246000.0,37445610000.0,4196548000.0,18127664000.0,417809000.0,7.4307084,113.65,923.319,96760529,GRINFRA.NS,0.23149965709867526,0.013111042923322654,0.02708297108772537,0
2021-12-31,1841.638614032797,2233.317369006618,1605.3215845233651,1715.0350341796875,3772270,6754175000.0,500246000.0,37445610000.0,4196548000.0,18127664000.0,417809000.0,7.4307084,113.65,923.319,96760529,GRINFRA.NS,0.23149965709867526,0.013111042923322654,0.02708297108772537,0
2022-03-31,1718.5804664191785,1948.052830526461,1230.2868060052608,1510.627197265625,4386184,6754175000.0,500246000.0,37445610000.0,4196548000.0,18127664000.0,417809000.0,7.4307084,113.65,923.319,96760529,GRINFRA.NS,0.23149965709867526,0.013111042923322654,0.02708297108772537,0
2022-06-30,1480.8352630942736,1785.354120008876,1062.5159915213671,1083.8875732421875,1901300,6754175000.0,500246000.0,37445610000.0,4196548000.0,18127664000.0,417809000.0,7.4307084,113.65,923.319,96760529,GRINFRA.NS,0.23149965709867526,0.013111042923322654,0.02708297108772537,1
2022-09-30,1088.8119189037423,1424.1074578245912,1062.7622313156803,1206.60107421875,3747367,6754175000.0,500246000.0,37445610000.0,4196548000.0,18127664000.0,417809000.0,7.4307084,113.65,923.319,96760529,GRINFRA.NS,0.23149965709867526,0.013111042923322654,0.02708297108772537,0
2022-12-31,1206.4533742730637,1256.5334566801948,1073.497274856143,1122.6417236328125,1328718,6754175000.0,500246000.0,37445610000.0,4196548000.0,18127664000.0,417809000.0,7.4307084,113.65,923.319,96760529,GRINFRA.NS,0.23149965709867526,0.013111042923322654,0.02708297108772537,0
2023-03-31,1139.4827681821878,1240.8249910596571,915.9196725177278,989.3901977539062,4568921,6754175000.0,500246000.0,37445610000.0,4196548000.0,18127664000.0,417809000.0,7.4307084,113.65,923.319,96760529,GRINFRA.NS,0.23149965709867526,0.013111042923322654,0.02708297108772537,1
2023-06-30,1004.5569800319012,1299.0301670700806,947.4351853441664,1261.9993896484375,3070846,6754175000.0,500246000.0,37445610000.0,4196548000.0,18127664000.0,417809000.0,7.4307084,113.65,923.319,96760529,GRINFRA.NS,0.23149965709867526,0.013111042923322654,0.02708297108772537,0
2023-09-30,1261.9994217313542,1360.0914619813377,1158.490683911917,1189.1197509765625,2754482,6754175000.0,500246000.0,37445610000.0,4196548000.0,18127664000.0,417809000.0,7.4307084,113.65,923.319,96760529,GRINFRA.NS,0.23149965709867526,0.013111042923322654,0.02708297108772537,0
2023-12-31,1195.5705855047152,1254.71149785943,1009.4320697474031,1126.8765869140625,5182645,6754175000.0,500246000.0,37445610000.0,4196548000.0,18127664000.0,417809000.0,7.4307084,113.65,923.319,96760529,GRINFRA.NS,0.23149965709867526,0.013111042923322654,0.02708297108772537,1
2024-03-31,1132.5888351500444,1349.3072241940092,1061.6789730761554,1288.3936767578125,10629620,6754175000.0,500246000.0,37445610000.0,4196548000.0,18127664000.0,417809000.0,7.4307084,113.65,923.319,96760529,GRINFRA.NS,0.23149965709867526,0.013111042923322654,0.02708297108772537,1
2024-06-30,1289.18157694625,1831.8393596778005,1270.4691762304885,1713.7054443359375,7783826,6754175000.0,500246000.0,37445610000.0,4196548000.0,18127664000.0,417809000.0,7.4307084,113.65,923.319,96760529,GRINFRA.NS,0.23149965709867526,0.013111042923322654,0.02708297108772537,0
2024-09-30,1716.6107453481552,1816.9187209243228,1458.5773836530643,1667.3677978515625,5032766,6754175000.0,500246000.0,135537491000.0,43135557000.0,79447623000.0,2131670000.0,7.4307084,113.65,923.319,96760529,GRINFRA.NS,0.5429433300981201,0.013111042923322654,0.02708297108772537,0
2024-12-31,1667.3183385557384,1722.5197780450678,1416.9178348909384,1448.6795654296875,3083160,16945002000.0,2617093000.0,135537491000.0,43135557000.0,79447623000.0,2131670000.0,7.4307084,113.65,923.319,96760529,GRINFRA.NS,0.5429433300981201,0.013111042923322654,0.02708297108772537,0
2025-03-31,1435.5317356060557,1462.516920335464,898.6996622754955,1040.2872314453125,11393962,14722994000.0,4038962000.0,149293335000.0,49707624000.0,84915369000.0,6594899000.0,7.4307084,113.65,923.319,96760529,GRINFRA.NS,0.5853784136532457,0.027053866805239496,0.04756455807193159,1
2025-06-30,1036.9956677057728,1440.7122847359974,918.3493710138342,1315.1337890625,3614740,19877899000.0,2440562000.0,149293335000.0,49707624000.0,84915369000.0,6594899000.0,7.4307084,113.65,923.319,96760529,GRINFRA.NS,0.5853784136532457,0.027053866805239496,0.04756455807193159,0
2025-09-30,1311.6426388534828,1341.5660703794995,1197.3352262047606,1218.0821533203125,1447625,16021396000.0,1926168000.0,163309912000.0,55922465000.0,89325333000.0,1690699000.0,7.4307084,113.65,923.319,96760529,GRINFRA.NS,0.6260538093935794,0.011794556597397468,0.02156351323089946,0
2025-12-31,1217.5834035694074,1306.4560020406548,987.4724528268356,996.1502075195312,1968701,23082768000.0,2592034000.0,163309912000.0,55922465000.0,89325333000.0,1690699000.0,7.4307084,113.65,923.319,96760529,GRINFRA.NS,0.6260538093935794,0.011794556597397468,0.02156351323089946,0
2026-03-31,996.1501971770418,1034.302533780629,822.0499877929688,844.5,3476270,23082768000.0,2592034000.0,163309912000.0,55922465000.0,89325333000.0,1690699000.0,7.4307084,113.65,923.319,96760529,GRINFRA.NS,0.6260538093935794,0.011794556597397468,0.02156351323089946,0
2018-03-31,266.87886726956407,307.40491960609546,249.18579284280162,297.0262451171875,24375334,23082768000.0,2592034000.0,163309912000.0,55922465000.0,89325333000.0,1690699000.0,7.7726064,60.16,470.352,65171111,HGINFRA.NS,0.6260538093935794,0.011794556597397468,0.02156351323089946,0
2018-06-30,300.83175366686737,350.89626362046005,227.93432405199263,230.8502197265625,6576480,23082768000.0,2592034000.0,163309912000.0,55922465000.0,89325333000.0,1690699000.0,7.7726064,60.16,470.352,65171111,HGINFRA.NS,0.6260538093935794,0.011794556597397468,0.02156351323089946,0
2018-09-30,231.04789429352323,274.588635774167,188.20434283728068,204.2017059326172,4952053,23082768000.0,2592034000.0,163309912000.0,55922465000.0,89325333000.0,1690699000.0,7.7726064,60.16,470.352,65171111,HGINFRA.NS,0.6260538093935794,0.011794556597397468,0.02156351323089946,1
2018-12-31,205.2417548011549,248.13256284942202,168.39334485051066,204.94461059570312,3947678,23082768000.0,2592034000.0,163309912000.0,55922465000.0,89325333000.0,1690699000.0,7.7726064,60.16,470.352,65171111,HGINFRA.NS,0.6260538093935794,0.011794556597397468,0.02156351323089946,1
2019-03-31,205.34082224229948,285.2781692113787,171.0678139172363,283.4951171875,3713421,23082768000.0,2592034000.0,163309912000.0,55922465000.0,89325333000.0,1690699000.0,7.7726064,60.16,470.352,65171111,HGINFRA.NS,0.6260538093935794,0.011794556597397468,0.02156351323089946,0
2019-06-30,275.37262778517373,304.9405445548809,233.0266751382902,282.55413818359375,1651060,23082768000.0,2592034000.0,163309912000.0,55922465000.0,89325333000.0,1690699000.0,7.7726064,60.16,470.352,65171111,HGINFRA.NS,0.6260538093935794,0.011794556597397468,0.02156351323089946,0
2019-09-30,282.5541431285823,300.4335430736258,180.9995341161207,210.62844848632812,2483464,23082768000.0,2592034000.0,163309912000.0,55922465000.0,89325333000.0,1690699000.0,7.7726064,60.16,470.352,65171111,HGINFRA.NS,0.6260538093935794,0.011794556597397468,0.02156351323089946,1
2019-12-31,212.01810301201732,268.69523421433865,178.6669323979592,257.3796081542969,4409239,23082768000.0,2592034000.0,163309912000.0,55922465000.0,89325333000.0,1690699000.0,7.7726064,60.16,470.352,65171111,HGINFRA.NS,0.6260538093935794,0.011794556597397468,0.02156351323089946,0
2020-03-31,262.04482153089623,292.7159892810557,125.41425586753817,172.2646942138672,2489544,23082768000.0,2592034000.0,163309912000.0,55922465000.0,89325333000.0,1690699000.0,7.7726064,60.16,470.352,65171111,HGINFRA.NS,0.6260538093935794,0.011794556597397468,0.02156351323089946,1
2020-06-30,171.52025136423137,222.04328289291217,148.64095454225713,203.03512573242188,1739079,23082768000.0,2592034000.0,163309912000.0,55922465000.0,89325333000.0,1690699000.0,7.7726064,60.16,470.352,65171111,HGINFRA.NS,0.6260538093935794,0.011794556597397468,0.02156351323089946,0
2020-09-30,201.84400032419686,242.19293472527247,174.74617749347527,187.35211181640625,4056250,23082768000.0,2592034000.0,163309912000.0,55922465000.0,89325333000.0,1690699000.0,7.7726064,60.16,470.352,65171111,HGINFRA.NS,0.6260538093935794,0.011794556597397468,0.02156351323089946,1
2020-12-31,188.09654720409927,241.64699230738242,172.90986835820743,213.35809326171875,3856964,23082768000.0,2592034000.0,163309912000.0,55922465000.0,89325333000.0,1690699000.0,7.7726064,60.16,470.352,65171111,HGINFRA.NS,0.6260538093935794,0.011794556597397468,0.02156351323089946,1
2021-03-31,214.40032393453745,328.0523222493227,205.02031057282335,295.8922424316406,10956026,23082768000.0,2592034000.0,163309912000.0,55922465000.0,89325333000.0,1690699000.0,7.7726064,60.16,470.352,65171111,HGINFRA.NS,0.6260538093935794,0.011794556597397468,0.02156351323089946,1
2021-06-30,297.4804343589076,432.5228304205493,250.13369937636557,402.6457214355469,15189405,23082768000.0,2592034000.0,163309912000.0,55922465000.0,89325333000.0,1690699000.0,7.7726064,60.16,470.352,65171111,HGINFRA.NS,0.6260538093935794,0.011794556597397468,0.02156351323089946,1
2021-09-30,405.9709693711309,675.9499326267214,394.1590690304113,643.2457885742188,30465504,23082768000.0,2592034000.0,163309912000.0,55922465000.0,89325333000.0,1690699000.0,7.7726064,60.16,470.352,65171111,HGINFRA.NS,0.6260538093935794,0.011794556597397468,0.02156351323089946,0
2021-12-31,637.6792310678317,825.0565080029073,546.724160064554,566.2572021484375,8187071,23082768000.0,2592034000.0,163309912000.0,55922465000.0,89325333000.0,1690699000.0,7.7726064,60.16,470.352,65171111,HGINFRA.NS,0.6260538093935794,0.011794556597397468,0.02156351323089946,0
2022-03-31,575.452123454472,680.9201209551607,479.12921314258006,554.6268920898438,9607905,23082768000.0,2592034000.0,163309912000.0,55922465000.0,89325333000.0,1690699000.0,7.7726064,60.16,470.352,65171111,HGINFRA.NS,0.6260538093935794,0.011794556597397468,0.02156351323089946,0
2022-06-30,557.3604590825944,670.9797282056574,505.02408658643486,516.6046752929688,8109622,23082768000.0,2592034000.0,163309912000.0,55922465000.0,89325333000.0,1690699000.0,7.7726064,60.16,470.352,65171111,HGINFRA.NS,0.6260538093935794,0.011794556597397468,0.02156351323089946,1
2022-09-30,520.3323092126342,658.1859669114124,507.95645010414705,589.429931640625,5820810,23082768000.0,2592034000.0,163309912000.0,55922465000.0,89325333000.0,1690699000.0,7.7726064,60.16,470.352,65171111,HGINFRA.NS,0.6260538093935794,0.011794556597397468,0.02156351323089946,1
2022-12-31,588.4840042997714,632.2966047108876,529.3867025628581,617.260986328125,6023266,23082768000.0,2592034000.0,163309912000.0,55922465000.0,89325333000.0,1690699000.0,7.7726064,60.16,470.352,65171111,HGINFRA.NS,0.6260538093935794,0.011794556597397468,0.02156351323089946,1
2023-03-31,627.2681929737751,820.4920219566976,613.3775686710474,779.3678588867188,14417879,23082768000.0,2592034000.0,163309912000.0,55922465000.0,89325333000.0,1690699000.0,7.7726064,60.16,470.352,65171111,HGINFRA.NS,0.6260538093935794,0.011794556597397468,0.02156351323089946,1
2023-06-30,796.2955353053937,973.8364806377672,781.7078788655275,851.7584228515625,10107998,23082768000.0,2592034000.0,163309912000.0,55922465000.0,89325333000.0,1690699000.0,7.7726064,60.16,470.352,65171111,HGINFRA.NS,0.6260538093935794,0.011794556597397468,0.02156351323089946,1
2023-09-30,852.3060327713828,1015.9825351622783,848.4723866568299,939.5595092773438,8293234,23082768000.0,2592034000.0,163309912000.0,55922465000.0,89325333000.0,1690699000.0,7.7726064,60.16,470.352,65171111,HGINFRA.NS,0.6260538093935794,0.011794556597397468,0.02156351323089946,0
2023-12-31,944.1458844177928,969.6202130631176,802.7158841858399,845.0402221679688,6251656,23082768000.0,2592034000.0,163309912000.0,55922465000.0,89325333000.0,1690699000.0,7.7726064,60.16,470.352,65171111,HGINFRA.NS,0.6260538093935794,0.011794556597397468,0.02156351323089946,1
2024-03-31,852.4681881954673,988.9628228833317,841.1518219687925,906.2086181640625,9201608,23082768000.0,2592034000.0,163309912000.0,55922465000.0,89325333000.0,1690699000.0,7.7726064,60.16,470.352,65171111,HGINFRA.NS,0.6260538093935794,0.011794556597397468,0.02156351323089946,1
2024-06-30,923.7564843428983,1864.3629008876046,917.2757318893323,1758.1282958984375,25908411,23082768000.0,2592034000.0,163309912000.0,55922465000.0,89325333000.0,1690699000.0,7.7726064,60.16,470.352,65171111,HGINFRA.NS,0.6260538093935794,0.011794556597397468,0.02156351323089946,0
2024-09-30,1774.6293356020935,1874.333190053669,1437.1069738011781,1545.5386962890625,13866970,23082768000.0,2592034000.0,66602280000.0,24474170000.0,26902150000.0,114220000.0,7.7726064,60.16,470.352,65171111,HGINFRA.NS,0.9097477339171777,0.011794556597397468,0.02156351323089946,0
2024-12-31,1546.8859393226473,1560.8578123229809,1175.3339600596848,1514.2017822265625,8055461,12648410000.0,1151840000.0,66602280000.0,24474170000.0,26902150000.0,114220000.0,7.7726064,60.16,470.352,65171111,HGINFRA.NS,0.9097477339171777,0.011794556597397468,0.02156351323089946,0
2025-03-31,1516.9462319764955,1555.8679628503346,926.6845029326829,1054.6768798828125,5635127,11043310000.0,1469760000.0,87727120000.0,41704610000.0,29496650000.0,870890000.0,7.7726064,60.16,470.352,65171111,HGINFRA.NS,1.4138761520376042,0.016753770099827738,0.04982803131881078,1
2025-06-30,1055.076029631274,1272.4384807253166,936.8141074568774,1075.834228515625,7026154,14822020000.0,988150000.0,87727120000.0,41704610000.0,29496650000.0,870890000.0,7.7726064,60.16,470.352,65171111,HGINFRA.NS,1.4138761520376042,0.016753770099827738,0.04982803131881078,0
2025-09-30,1081.9219742016446,1140.7036391791837,925.9500122070312,929.7999877929688,6241864,9045030000.0,521780000.0,103943990000.0,56691030000.0,30870470000.0,620580000.0,7.7726064,60.16,470.352,65171111,HGINFRA.NS,1.8364161608164695,0.005019818846669249,0.016902236992180554,0
2025-12-31,929.0499877929688,976.4500122070312,720.2000122070312,753.9000244140625,6632851,14211600000.0,942840000.0,103943990000.0,56691030000.0,30870470000.0,620580000.0,7.7726064,60.16,470.352,65171111,HGINFRA.NS,1.8364161608164695,0.005019818846669249,0.016902236992180554,0
2026-03-31,759.8499755859375,767.8499755859375,458.0,467.6000061035156,23138810,14211600000.0,942840000.0,103943990000.0,56691030000.0,30870470000.0,620580000.0,7.7726064,60.16,470.352,65171111,HGINFRA.NS,1.8364161608164695,0.005019818846669249,0.016902236992180554,0
2016-03-31,20.699180080165412,20.867250820930376,19.695184897369092,20.584192276000977,43495770,14211600000.0,942840000.0,103943990000.0,56691030000.0,30870470000.0,620580000.0,31.685041,1.27,33.286,6039000000,IRB.NS,1.8364161608164695,0.005019818846669249,0.016902236992180554,0
2016-06-30,20.65495081120154,21.19454552594418,17.27585869637765,18.8769474029541,648333920,14211600000.0,942840000.0,103943990000.0,56691030000.0,30870470000.0,620580000.0,31.685041,1.27,33.286,6039000000,IRB.NS,1.8364161608164695,0.005019818846669249,0.016902236992180554,1
2016-09-30,19.014056329785692,23.5652239851936,17.92160052323998,21.68548583984375,1296882410,14211600000.0,942840000.0,103943990000.0,56691030000.0,30870470000.0,620580000.0,31.685041,1.27,33.286,6039000000,IRB.NS,1.8364161608164695,0.005019818846669249,0.016902236992180554,0
2016-12-31,21.94201850433901,23.140624618563354,15.696878693075684,17.3377742767334,1101901640,14211600000.0,942840000.0,103943990000.0,56691030000.0,30870470000.0,620580000.0,31.685041,1.27,33.286,6039000000,IRB.NS,1.8364161608164695,0.005019818846669249,0.016902236992180554,1
2017-03-31,17.558923542720535,22.248757217452557,17.337778414190563,21.08903694152832,1024755530,14211600000.0,942840000.0,103943990000.0,56691030000.0,30870470000.0,620580000.0,31.685041,1.27,33.286,6039000000,IRB.NS,1.8364161608164695,0.005019818846669249,0.016902236992180554,0
2017-06-30,21.222849054600058,24.32286633114124,18.38961893223692,18.89566993713379,1776194090,14211600000.0,942840000.0,103943990000.0,56691030000.0,30870470000.0,620580000.0,31.685041,1.27,33.286,6039000000,IRB.NS,1.8364161608164695,0.005019818846669249,0.016902236992180554,1
2017-09-30,18.886637842083363,21.519668613803848,17.832539869981083,19.449941635131836,1312009660,14211600000.0,942840000.0,103943990000.0,56691030000.0,30870470000.0,620580000.0,31.685041,1.27,33.286,6039000000,IRB.NS,1.8364161608164695,0.005019818846669249,0.016902236992180554,1
2017-12-31,19.62812922143647,22.958878612812263,17.681762884402584,21.74811363220215,1526403780,14211600000.0,942840000.0,103943990000.0,56691030000.0,30870470000.0,620580000.0,31.685041,1.27,33.286,6039000000,IRB.NS,1.8364161608164695,0.005019818846669249,0.016902236992180554,0
2018-03-31,21.780095563316856,23.758442073625726,19.130117124737477,20.602495193481445,877738330,14211600000.0,942840000.0,103943990000.0,56691030000.0,30870470000.0,620580000.0,31.685041,1.27,33.286,6039000000,IRB.NS,1.8364161608164695,0.005019818846669249,0.016902236992180554,0
2018-06-30,20.972049663217863,26.44141044307779,18.56996441312615,19.484601974487305,1896581420,14211600000.0,942840000.0,103943990000.0,56691030000.0,30870470000.0,620580000.0,31.685041,1.27,33.286,6039000000,IRB.NS,1.8364161608164695,0.005019818846669249,0.016902236992180554,0
2018-09-30,19.58161114340088,19.94192467179957,12.26934945077854,12.835341453552246,1284474490,14211600000.0,942840000.0,103943990000.0,56691030000.0,30870470000.0,620580000.0,31.685041,1.27,33.286,6039000000,IRB.NS,1.8364161608164695,0.005019818846669249,0.016902236992180554,1
2018-12-31,12.769853944789174,15.857072390162124,10.983009958116025,15.356572151184082,1354944220,14211600000.0,942840000.0,103943990000.0,56691030000.0,30870470000.0,620580000.0,31.685041,1.27,33.286,6039000000,IRB.NS,1.8364161608164695,0.005019818846669249,0.016902236992180554,0
2019-03-31,15.450119716053514,15.482862789171618,10.225238857421331,13.4714937210083,1358014680,14211600000.0,942840000.0,103943990000.0,56691030000.0,30870470000.0,620580000.0,31.685041,1.27,33.286,6039000000,IRB.NS,1.8364161608164695,0.005019818846669249,0.016902236992180554,0
2019-06-30,13.602467911992198,14.99171552081388,7.839661940041595,8.971641540527344,2558750640,14211600000.0,942840000.0,103943990000.0,56691030000.0,30870470000.0,620580000.0,31.685041,1.27,33.286,6039000000,IRB.NS,1.8364161608164695,0.005019818846669249,0.016902236992180554,0
2019-09-30,9.02309589609586,9.897807737282479,6.314763791386438,6.960272312164307,683025990,14211600000.0,942840000.0,103943990000.0,56691030000.0,30870470000.0,620580000.0,31.685041,1.27,33.286,6039000000,IRB.NS,1.8364161608164695,0.005019818846669249,0.016902236992180554,1
2019-12-31,6.94156163584799,8.363552720669375,5.252947535771233,6.969627380371094,842682440,14211600000.0,942840000.0,103943990000.0,56691030000.0,30870470000.0,620580000.0,31.685041,1.27,33.286,6039000000,IRB.NS,1.8364161608164695,0.005019818846669249,0.016902236992180554,0
2020-03-31,7.0070475519790705,11.226246227622406,4.265973090806237,4.981646537780762,1460591670,14211600000.0,942840000.0,103943990000.0,56691030000.0,30870470000.0,620580000.0,31.685041,1.27,33.286,6039000000,IRB.NS,1.8364161608164695,0.005019818846669249,0.016902236992180554,1
2020-06-30,4.967613807569459,8.87341085788666,4.686957924879368,8.28403377532959,1316661760,14211600000.0,942840000.0,103943990000.0,56691030000.0,30870470000.0,620580000.0,31.685041,1.27,33.286,6039000000,IRB.NS,1.8364161608164695,0.005019818846669249,0.016902236992180554,1
2020-09-30,8.312099752063036,13.576082575956367,8.139028069180137,11.046438217163086,2027220390,14211600000.0,942840000.0,103943990000.0,56691030000.0,30870470000.0,620580000.0,31.685041,1.27,33.286,6039000000,IRB.NS,1.8364161608164695,0.005019818846669249,0.016902236992180554,1
2020-12-31,11.222242241403428,12.101271182851875,9.513024662039177,11.57873821258545,388518050,14211600000.0,942840000.0,103943990000.0,56691030000.0,30870470000.0,620580000.0,31.685041,1.27,33.286,6039000000,IRB.NS,1.8364161608164695,0.005019818846669249,0.016902236992180554,0
2021-03-31,11.544553979239726,12.87286144177376,10.011138800410391,10.60692310333252,1093813000,14211600000.0,942840000.0,103943990000.0,56691030000.0,30870470000.0,620580000.0,31.685041,1.27,33.286,6039000000,IRB.NS,1.8364161608164695,0.005019818846669249,0.016902236992180554,1
2021-06-30,10.743663240674124,16.69662844960577,9.825567785624052,15.76388168334961,2883571290,14211600000.0,942840000.0,103943990000.0,56691030000.0,30870470000.0,620580000.0,31.685041,1.27,33.286,6039000000,IRB.NS,1.8364161608164695,0.005019818846669249,0.016902236992180554,1
2021-09-30,15.744348465992218,21.106412576488182,14.459992864463473,19.885541915893555,2180114450,14211600000.0,942840000.0,103943990000.0,56691030000.0,30870470000.0,620580000.0,31.685041,1.27,33.286,6039000000,IRB.NS,1.8364161608164695,0.005019818846669249,0.016902236992180554,1
2021-12-31,19.924609916556275,33.779049396334656,19.32394181164559,22.210081100463867,3095623640,14211600000.0,942840000.0,103943990000.0,56691030000.0,30870470000.0,620580000.0,31.685041,1.27,33.286,6039000000,IRB.NS,1.8364161608164695,0.005019818846669249,0.016902236992180554,1
2022-03-31,22.37123300842326,29.589022624144096,19.543698296864015,24.539505004882812,1584490410,14211600000.0,942840000.0,103943990000.0,56691030000.0,30870470000.0,620580000.0,31.685041,1.27,33.286,6039000000,IRB.NS,1.8364161608164695,0.005019818846669249,0.016902236992180554,0
2022-06-30,24.788559601143366,26.370806844077535,17.47310291558871,19.753690719604492,866340020,14211600000.0,942840000.0,103943990000.0,56691030000.0,30870470000.0,620580000.0,31.685041,1.27,33.286,6039000000,IRB.NS,1.8364161608164695,0.005019818846669249,0.016902236992180554,1
2022-09-30,19.826941562937836,26.37080983702286,18.918613013132166,20.501489639282227,788314450,14211600000.0,942840000.0,103943990000.0,56691030000.0,30870470000.0,620580000.0,31.685041,1.27,33.286,6039000000,IRB.NS,1.8364161608164695,0.005019818846669249,0.016902236992180554,1
2022-12-31,20.609446909059756,32.327385547662544,20.216886389929098,28.54408073425293,2226291790,14211600000.0,942840000.0,103943990000.0,56691030000.0,30870470000.0,620580000.0,31.685041,1.27,33.286,6039000000,IRB.NS,1.8364161608164695,0.005019818846669249,0.016902236992180554,0
2023-03-31,28.755085387782984,34.250946170049545,22.081547913230036,24.68226432800293,1899171770,14211600000.0,942840000.0,103943990000.0,56691030000.0,30870470000.0,620580000.0,31.685041,1.27,33.286,6039000000,IRB.NS,1.8364161608164695,0.005019818846669249,0.016902236992180554,1
2023-06-30,24.976686902162328,29.687417663660504,24.33877397048782,26.42258071899414,528563812,14211600000.0,942840000.0,103943990000.0,56691030000.0,30870470000.0,620580000.0,31.685041,1.27,33.286,6039000000,IRB.NS,1.8364161608164695,0.005019818846669249,0.016902236992180554,1
2023-09-30,26.373372889520947,34.44283640099024,24.552825976209977,31.09696388244629,1282076901,14211600000.0,942840000.0,103943990000.0,56691030000.0,30870470000.0,620580000.0,31.685041,1.27,33.286,6039000000,IRB.NS,1.8364161608164695,0.005019818846669249,0.016902236992180554,1
2023-12-31,31.096966093281736,42.93197150290892,29.916066994738184,41.0074348449707,2218504769,14211600000.0,942840000.0,103943990000.0,56691030000.0,30870470000.0,620580000.0,31.685041,1.27,33.286,6039000000,IRB.NS,1.8364161608164695,0.005019818846669249,0.016902236992180554,1
2024-03-31,41.007434575368734,71.05980247002863,40.51396389914702,57.86943054199219,2051819963,14211600000.0,942840000.0,103943990000.0,56691030000.0,30870470000.0,620580000.0,31.685041,1.27,33.286,6039000000,IRB.NS,1.8364161608164695,0.005019818846669249,0.016902236992180554,1
2024-06-30,58.11653373094791,77.35908918672524,57.66048093117018,64.2135009765625,4029063507,14211600000.0,942840000.0,103943990000.0,56691030000.0,30870470000.0,620580000.0,31.685041,1.27,33.286,6039000000,IRB.NS,1.8364161608164695,0.005019818846669249,0.016902236992180554,0
2024-09-30,64.54015237531084,71.27133158940015,57.501741437471836,60.535457611083984,2244321657,14211600000.0,942840000.0,448221390000.0,188382840000.0,139356920000.0,1399320000.0,31.685041,1.27,33.286,6039000000,IRB.NS,1.3518011161555523,0.005019818846669249,0.016902236992180554,0
2024-12-31,60.77339569281081,61.575475420827104,44.75868674278112,56.857242584228516,1096408076,17805700000.0,60261090000.0,448221390000.0,188382840000.0,139356920000.0,1399320000.0,31.685041,1.27,33.286,6039000000,IRB.NS,1.3518011161555523,0.005019818846669249,0.016902236992180554,0
2025-03-31,57.3141647657275,60.54243132588984,40.84058716475749,44.94056701660156,1100387874,18324540000.0,2147220000.0,538959710000.0,205993200000.0,198265790000.0,18392850000.0,31.685041,1.27,33.286,6039000000,IRB.NS,1.0389750042102575,0.003984008377917525,0.010830007536852424,1
2025-06-30,45.01022918493302,54.016251022978835,40.760972977012905,49.36894607543945,991727836,18659040000.0,2024820000.0,538959710000.0,205993200000.0,198265790000.0,18392850000.0,31.685041,1.27,33.286,6039000000,IRB.NS,1.0389750042102575,0.003984008377917525,0.010830007536852424,0
2025-09-30,49.45850671267933,49.90632596685391,40.37988656121971,41.057701110839844,578288580,14476060000.0,1408240000.0,543460170000.0,208515830000.0,203804190000.0,3894750000.0,31.685041,1.27,33.286,6039000000,IRB.NS,1.0231184648362726,0.002591247855385612,0.006909769617592258,1
2025-12-31,41.0577039734987,45.80241711935627,40.48338104151469,41.980918884277344,565756113,14898800000.0,2107900000.0,543460170000.0,208515830000.0,203804190000.0,3894750000.0,31.685041,1.27,33.286,6039000000,IRB.NS,1.0231184648362726,0.002591247855385612,0.006909769617592258,0
2026-03-31,42.12068970173189,44.85618941007459,38.29999923706055,40.2400016784668,416947441,14898800000.0,2107900000.0,543460170000.0,208515830000.0,203804190000.0,3894750000.0,31.685041,1.27,33.286,6039000000,IRB.NS,1.0231184648362726,0.002591247855385612,0.006909769617592258,0
2018-09-30,30.685261286673448,34.63263649047841,30.469272119160234,30.931039810180664,56754790,14898800000.0,2107900000.0,543460170000.0,208515830000.0,203804190000.0,3894750000.0,17.64778,6.53,68.467,940515740,IRCON.NS,1.0231184648362726,0.002591247855385612,0.006909769617592258,1
2018-12-31,31.13958366992274,35.07951501227594,25.173832567988406,33.184024810791016,107582380,14898800000.0,2107900000.0,543460170000.0,208515830000.0,203804190000.0,3894750000.0,17.64778,6.53,68.467,940515740,IRCON.NS,1.0231184648362726,0.002591247855385612,0.006909769617592258,0
2019-03-31,33.318084421686706,33.73516379306482,27.434244508037185,30.425891876220703,30470630,14898800000.0,2107900000.0,543460170000.0,208515830000.0,203804190000.0,3894750000.0,17.64778,6.53,68.467,940515740,IRCON.NS,1.0231184648362726,0.002591247855385612,0.006909769617592258,1
2019-06-30,31.02728390235509,33.245158240540796,28.65235268758229,30.759136199951172,23426200,14898800000.0,2107900000.0,543460170000.0,208515830000.0,203804190000.0,3894750000.0,17.64778,6.53,68.467,940515740,IRCON.NS,1.0231184648362726,0.002591247855385612,0.006909769617592258,0
2019-09-30,30.789785671738766,31.743582148247008,26.315726369908983,29.685956954956055,25224240,14898800000.0,2107900000.0,543460170000.0,208515830000.0,203804190000.0,3894750000.0,17.64778,6.53,68.467,940515740,IRCON.NS,1.0231184648362726,0.002591247855385612,0.006909769617592258,1
2019-12-31,29.820381944159347,36.455044127444765,28.056938833598004,31.785478591918945,70748560,14898800000.0,2107900000.0,543460170000.0,208515830000.0,203804190000.0,3894750000.0,17.64778,6.53,68.467,940515740,IRCON.NS,1.0231184648362726,0.002591247855385612,0.006909769617592258,0
2020-03-31,32.18482423511771,47.55145059125628,23.468216959097223,30.836429595947266,322594320,14898800000.0,2107900000.0,543460170000.0,208515830000.0,203804190000.0,3894750000.0,17.64778,6.53,68.467,940515740,IRCON.NS,1.0231184648362726,0.002591247855385612,0.006909769617592258,1
2020-06-30,31.23699851481618,39.77458625486369,30.23353185781844,35.60695266723633,119887776,14898800000.0,2107900000.0,543460170000.0,208515830000.0,203804190000.0,3894750000.0,17.64778,6.53,68.467,940515740,IRCON.NS,1.0231184648362726,0.002591247855385612,0.006909769617592258,0
2020-09-30,35.60695161527246,42.66764680300966,32.08069787631183,32.9505500793457,207286812,14898800000.0,2107900000.0,543460170000.0,208515830000.0,203804190000.0,3894750000.0,17.64778,6.53,68.467,940515740,IRCON.NS,1.0231184648362726,0.002591247855385612,0.006909769617592258,1
2020-12-31,33.17836380004883,39.76433307963602,30.133907064236062,36.243526458740234,104759340,14898800000.0,2107900000.0,543460170000.0,208515830000.0,203804190000.0,3894750000.0,17.64778,6.53,68.467,940515740,IRCON.NS,1.0231184648362726,0.002591247855385612,0.006909769617592258,1
2021-03-31,36.24353213584842,44.94198006878071,33.3220162295478,37.08045959472656,588209492,14898800000.0,2107900000.0,543460170000.0,208515830000.0,203804190000.0,3894750000.0,17.64778,6.53,68.467,940515740,IRCON.NS,1.0231184648362726,0.002591247855385612,0.006909769617592258,1
2021-06-30,37.37441711299473,45.35321543036411,35.778649988826416,40.985870361328125,309833935,14898800000.0,2107900000.0,543460170000.0,208515830000.0,203804190000.0,3894750000.0,17.64778,6.53,68.467,940515740,IRCON.NS,1.0231184648362726,0.002591247855385612,0.006909769617592258,0
2021-09-30,41.153846859314285,41.40580854625104,34.084417154965315,39.852352142333984,149583365,14898800000.0,2107900000.0,543460170000.0,208515830000.0,203804190000.0,3894750000.0,17.64778,6.53,68.467,940515740,IRCON.NS,1.0231184648362726,0.002591247855385612,0.006909769617592258,1
2021-12-31,39.852350162563276,47.08220435181709,39.1621797400705,40.41536331176758,203734752,14898800000.0,2107900000.0,543460170000.0,208515830000.0,203804190000.0,3894750000.0,17.64778,6.53,68.467,940515740,IRCON.NS,1.0231184648362726,0.002591247855385612,0.006909769617592258,0
2022-03-31,40.59439468383789,43.19028336944144,35.57967172247061,36.216651916503906,77614516,14898800000.0,2107900000.0,543460170000.0,208515830000.0,203804190000.0,3894750000.0,17.64778,6.53,68.467,940515740,IRCON.NS,1.0231184648362726,0.002591247855385612,0.006909769617592258,0
2022-06-30,36.21664555201359,40.17500182088886,31.666813617718745,32.80427551269531,45587560,14898800000.0,2107900000.0,543460170000.0,208515830000.0,203804190000.0,3894750000.0,17.64778,6.53,68.467,940515740,IRCON.NS,1.0231184648362726,0.002591247855385612,0.006909769617592258,1
2022-09-30,32.7132802959036,40.10885979570622,32.57678399947101,36.50460433959961,65753675,14898800000.0,2107900000.0,543460170000.0,208515830000.0,203804190000.0,3894750000.0,17.64778,6.53,68.467,940515740,IRCON.NS,1.0231184648362726,0.002591247855385612,0.006909769617592258,1
2022-12-31,36.27356559666588,61.68816255382749,36.22735793793215,55.218990325927734,754762701,14898800000.0,2107900000.0,543460170000.0,208515830000.0,203804190000.0,3894750000.0,17.64778,6.53,68.467,940515740,IRCON.NS,1.0231184648362726,0.002591247855385612,0.006909769617592258,0
2023-03-31,55.45003636123443,59.33153177884912,47.8243837169329,53.45640182495117,313273856,14898800000.0,2107900000.0,543460170000.0,208515830000.0,203804190000.0,3894750000.0,17.64778,6.53,68.467,940515740,IRCON.NS,1.0231184648362726,0.002591247855385612,0.006909769617592258,1
2023-06-30,53.504124761863615,87.53485523792249,53.26548013434287,79.70731353759766,1274172112,14898800000.0,2107900000.0,543460170000.0,208515830000.0,203804190000.0,3894750000.0,17.64778,6.53,68.467,940515740,IRCON.NS,1.0231184648362726,0.002591247855385612,0.006909769617592258,1
2023-09-30,80.13686863433959,168.10405156573358,75.41169521303799,139.58082580566406,1307970709,14898800000.0,2107900000.0,543460170000.0,208515830000.0,203804190000.0,3894750000.0,17.64778,6.53,68.467,940515740,IRCON.NS,1.0231184648362726,0.002591247855385612,0.006909769617592258,1
2023-12-31,139.72536892715578,174.9939857887371,122.62104945274825,165.16497802734375,1163414210,14898800000.0,2107900000.0,543460170000.0,208515830000.0,203804190000.0,3894750000.0,17.64778,6.53,68.467,940515740,IRCON.NS,1.0231184648362726,0.002591247855385612,0.006909769617592258,1
2024-03-31,165.93590390467773,270.6335681819337,163.6231993812356,213.3155517578125,1491778935,14898800000.0,2107900000.0,543460170000.0,208515830000.0,203804190000.0,3894750000.0,17.64778,6.53,68.467,940515740,IRCON.NS,1.0231184648362726,0.002591247855385612,0.006909769617592258,1
2024-06-30,215.30644041596818,292.75654905726543,205.8861674784338,261.87359619140625,841538086,14898800000.0,2107900000.0,543460170000.0,208515830000.0,203804190000.0,3894750000.0,17.64778,6.53,68.467,940515740,IRCON.NS,1.0231184648362726,0.002591247855385612,0.006909769617592258,0
2024-09-30,261.9222021451743,341.46027871069504,212.93887783164325,222.50477600097656,908381211,14898800000.0,2107900000.0,178725000000.0,33846000000.0,61780500000.0,14248700000.0,17.64778,6.53,68.467,940515740,IRCON.NS,0.5478427659212859,0.002591247855385612,0.006909769617592258,0
2024-12-31,223.09045296674785,232.021872800962,178.5699714245683,209.87388610839844,323205101,26128600000.0,865900000.0,178725000000.0,33846000000.0,61780500000.0,14248700000.0,17.64778,6.53,68.467,940515740,IRCON.NS,0.5478427659212859,0.002591247855385612,0.006909769617592258,0
2025-03-31,208.78064611070448,224.01776435805834,132.41684302795784,154.35479736328125,547042943,31922900000.0,2108500000.0,195212800000.0,43067700000.0,63263500000.0,22798400000.0,17.64778,6.53,68.467,940515740,IRCON.NS,0.68076695092747,0.010801033538784342,0.03332885471085223,1
2025-06-30,153.8615786334819,222.45714112414248,133.69917155636938,200.18380737304688,583717168,17862800000.0,1645600000.0,195212800000.0,43067700000.0,63263500000.0,22798400000.0,17.64778,6.53,68.467,940515740,IRCON.NS,0.68076695092747,0.010801033538784342,0.03332885471085223,0
2025-09-30,201.11104240369502,202.87672519282728,157.84672579636973,169.6398468017578,203727370,19767500000.0,1386500000.0,202192700000.0,51375500000.0,64578200000.0,45876800000.0,17.64778,6.53,68.467,940515740,IRCON.NS,0.7955548466820073,0.006857319774650618,0.021470093622925384,1
2025-12-31,170.29467882450842,184.9786885339383,142.018071379697,176.257568359375,276833867,21190400000.0,1006600000.0,202192700000.0,51375500000.0,64578200000.0,45876800000.0,17.64778,6.53,68.467,940515740,IRCON.NS,0.7955548466820073,0.006857319774650618,0.021470093622925384,0
2026-03-31,176.20798018346355,180.94058138345258,114.5,115.23999786376953,236404602,21190400000.0,1006600000.0,202192700000.0,51375500000.0,64578200000.0,45876800000.0,17.64778,6.53,68.467,940515740,IRCON.NS,0.7955548466820073,0.006857319774650618,0.021470093622925384,0
2021-03-31,20.721097904702393,23.157838992052987,19.847316456002964,19.86196517944336,1494305094,21190400000.0,1006600000.0,202192700000.0,51375500000.0,64578200000.0,45876800000.0,16.688433,5.36,43.36,13068506000,IRFC.NS,0.7955548466820073,0.006857319774650618,0.021470093622925384,1
2021-06-30,19.948699584748923,22.94100350570892,18.040559430963278,21.55327033996582,1288591646,21190400000.0,1006600000.0,202192700000.0,51375500000.0,64578200000.0,45876800000.0,16.688433,5.36,43.36,13068506000,IRFC.NS,0.7955548466820073,0.006857319774650618,0.021470093622925384,0
2021-09-30,21.640002410978884,21.683368486227447,19.29820000595298,19.818599700927734,678430923,21190400000.0,1006600000.0,202192700000.0,51375500000.0,64578200000.0,45876800000.0,16.688433,5.36,43.36,13068506000,IRFC.NS,0.7955548466820073,0.006857319774650618,0.021470093622925384,1
2021-12-31,19.818598748017926,22.89764166646143,19.73186494487084,20.427064895629883,913597965,21190400000.0,1006600000.0,202192700000.0,51375500000.0,64578200000.0,45876800000.0,16.688433,5.36,43.36,13068506000,IRFC.NS,0.7955548466820073,0.006857319774650618,0.021470093622925384,0
2022-03-31,20.51646286382516,21.768009393441158,18.683834824821265,19.175518035888672,446647028,21190400000.0,1006600000.0,202192700000.0,51375500000.0,64578200000.0,45876800000.0,16.688433,5.36,43.36,13068506000,IRFC.NS,0.7955548466820073,0.006857319774650618,0.021470093622925384,0
2022-06-30,19.13081815461953,20.24827424397767,17.253493844749755,17.566377639770508,308591828,21190400000.0,1006600000.0,202192700000.0,51375500000.0,64578200000.0,45876800000.0,16.688433,5.36,43.36,13068506000,IRFC.NS,0.7955548466820073,0.006857319774650618,0.021470093622925384,1
2022-09-30,17.611080971758117,20.73043975846594,17.521684284089805,19.535335540771484,256410858,21190400000.0,1006600000.0,202192700000.0,51375500000.0,64578200000.0,45876800000.0,16.688433,5.36,43.36,13068506000,IRFC.NS,0.7955548466820073,0.006857319774650618,0.021470093622925384,1
2022-12-31,19.48937074675923,35.14980188225838,19.443404199302485,30.83897590637207,4750696473,21190400000.0,1006600000.0,202192700000.0,51375500000.0,64578200000.0,45876800000.0,16.688433,5.36,43.36,13068506000,IRFC.NS,0.7955548466820073,0.006857319774650618,0.021470093622925384,0
2023-03-31,30.98109997128165,32.78122049192565,24.064826918066125,25.20174789428711,1809807758,21190400000.0,1006600000.0,202192700000.0,51375500000.0,64578200000.0,45876800000.0,16.688433,5.36,43.36,13068506000,IRFC.NS,0.7955548466820073,0.006857319774650618,0.021470093622925384,1
2023-06-30,25.43860561680798,35.43403418848707,25.296490865066797,30.981094360351562,3651883229,21190400000.0,1006600000.0,202192700000.0,51375500000.0,64578200000.0,45876800000.0,16.688433,5.36,43.36,13068506000,IRFC.NS,0.7955548466820073,0.006857319774650618,0.021470093622925384,1
2023-09-30,31.123207230734078,87.4955308989999,30.649490348623097,73.15634155273438,7883728637,21190400000.0,1006600000.0,202192700000.0,51375500000.0,64578200000.0,45876800000.0,16.688433,5.36,43.36,13068506000,IRFC.NS,0.7955548466820073,0.006857319774650618,0.021470093622925384,1
2023-12-31,73.44304896499429,100.56342149911121,62.83513521635203,95.97479248046875,4757686428,21190400000.0,1006600000.0,202192700000.0,51375500000.0,64578200000.0,45876800000.0,16.688433,5.36,43.36,13068506000,IRFC.NS,0.7955548466820073,0.006857319774650618,0.021470093622925384,1
2024-03-31,96.60270057765307,186.25001077613237,94.4774503052584,137.5139617919922,5841215937,21190400000.0,1006600000.0,202192700000.0,51375500000.0,64578200000.0,45876800000.0,16.688433,5.36,43.36,13068506000,IRFC.NS,0.7955548466820073,0.006857319774650618,0.021470093622925384,1
2024-06-30,140.267142276914,193.20542545857327,130.70347441235015,167.90518188476562,3495585398,21190400000.0,1006600000.0,202192700000.0,51375500000.0,64578200000.0,45876800000.0,16.688433,5.36,43.36,13068506000,IRFC.NS,0.7955548466820073,0.006857319774650618,0.021470093622925384,0
2024-09-30,167.8858384656962,221.22019365795316,147.1167457851442,153.92465209960938,3489261417,68993400000.0,16126500000.0,4943483800000.0,4031111100000.0,514641200000.0,120641400000.0,16.688433,5.36,43.36,13068506000,IRFC.NS,7.83285733827762,0.0032621731257620385,0.031335423592203655,0
2024-12-31,153.90526061555033,162.74076234031057,128.78775651789715,145.3258514404297,1456002087,67634300000.0,16306600000.0,4814352800000.0,4065280300000.0,520462600000.0,236400000.0,16.688433,5.36,43.36,13068506000,IRFC.NS,7.810898035709002,0.003387080398428632,0.03133097363768309,0
2025-03-31,145.9694150326879,152.8924885133628,105.34759582505835,122.07929992675781,1472202118,66361500000.0,16818700000.0,4888346800000.0,4121326900000.0,526678500000.0,56802900000.0,16.688433,5.36,43.36,13068506000,IRFC.NS,7.825128422747464,0.0034405701330355695,0.03193352301261586,1
2025-06-30,120.49959080406954,146.14781952380937,110.87414702158829,139.0538330078125,1217861117,69010700000.0,17456900000.0,4807428700000.0,4048128700000.0,544239600000.0,1724800000.0,16.688433,5.36,43.36,13068506000,IRFC.NS,7.438136989664111,0.003631234302029274,0.032075762219434235,0
2025-09-30,139.38744458804968,140.4569349918225,115.12268338310787,121.1864242553711,588997189,69010700000.0,17456900000.0,4807428700000.0,4048128700000.0,544239600000.0,1724800000.0,16.688433,5.36,43.36,13068506000,IRFC.NS,7.438136989664111,0.003631234302029274,0.032075762219434235,1
2025-12-31,121.17661519489262,135.7285614195044,108.54722494395348,123.31044006347656,756721196,66571200000.0,18021900000.0,4983229800000.0,4179412200000.0,566254100000.0,2532100000.0,16.688433,5.36,43.36,13068506000,IRFC.NS,7.380806955746546,0.0036165099189284827,0.03182652452317784,0
2026-03-31,123.99318799577601,128.38653011877676,89.19999694824219,89.44999694824219,929973795,66571200000.0,18021900000.0,4983229800000.0,4179412200000.0,566254100000.0,2532100000.0,16.688433,5.36,43.36,13068506000,IRFC.NS,7.380806955746546,0.0036165099189284827,0.03182652452317784,0
2016-03-31,112.56691626201348,114.95100587685945,106.63002339634187,114.34329986572266,1132786,66571200000.0,18021900000.0,4983229800000.0,4179412200000.0,566254100000.0,2532100000.0,19.847725,25.94,212.025,266200000,KEC.NS,7.380806955746546,0.0036165099189284827,0.03182652452317784,1
2016-06-30,119.11148637939928,136.40791941813563,114.43678885632542,134.72503662109375,24821160,66571200000.0,18021900000.0,4983229800000.0,4179412200000.0,566254100000.0,2532100000.0,19.847725,25.94,212.025,266200000,KEC.NS,7.380806955746546,0.0036165099189284827,0.03182652452317784,0
2016-09-30,135.8469162356971,138.46477231840348,109.52833725299647,117.75581359863281,20655573,66571200000.0,18021900000.0,4983229800000.0,4179412200000.0,566254100000.0,2532100000.0,19.847725,25.94,212.025,266200000,KEC.NS,7.380806955746546,0.0036165099189284827,0.03182652452317784,1
2016-12-31,116.86763290371916,137.34284627065063,103.07724942540275,131.3124542236328,24418750,66571200000.0,18021900000.0,4983229800000.0,4179412200000.0,566254100000.0,2532100000.0,19.847725,25.94,212.025,266200000,KEC.NS,7.380806955746546,0.0036165099189284827,0.03182652452317784,1
2017-03-31,132.57463780172523,199.04894421110413,128.92835931049655,195.02870178222656,37349777,66571200000.0,18021900000.0,4983229800000.0,4179412200000.0,566254100000.0,2532100000.0,19.847725,25.94,212.025,266200000,KEC.NS,7.380806955746546,0.0036165099189284827,0.03182652452317784,1
2017-06-30,194.42099348250997,264.9155479237815,189.83978792639812,240.9810333251953,43532044,66571200000.0,18021900000.0,4983229800000.0,4179412200000.0,566254100000.0,2532100000.0,19.847725,25.94,212.025,266200000,KEC.NS,7.380806955746546,0.0036165099189284827,0.03182652452317784,1
2017-09-30,244.95455030961472,317.3273904743201,237.98921928147453,288.5179138183594,45610317,66571200000.0,18021900000.0,4983229800000.0,4179412200000.0,566254100000.0,2532100000.0,19.847725,25.94,212.025,266200000,KEC.NS,7.380806955746546,0.0036165099189284827,0.03182652452317784,1
2017-12-31,290.6797720386136,367.9437596571494,267.5100062010631,360.37713623046875,38011304,66571200000.0,18021900000.0,4983229800000.0,4179412200000.0,566254100000.0,2532100000.0,19.847725,25.94,212.025,266200000,KEC.NS,7.380806955746546,0.0036165099189284827,0.03182652452317784,1
2018-03-31,361.693033345614,411.5574382231082,300.3612271428711,366.3458251953125,41587806,66571200000.0,18021900000.0,4983229800000.0,4179412200000.0,566254100000.0,2532100000.0,19.847725,25.94,212.025,266200000,KEC.NS,7.380806955746546,0.0036165099189284827,0.03182652452317784,0
2018-06-30,369.40062638300236,416.7741741822036,291.7607709446776,314.8365173339844,37864391,66571200000.0,18021900000.0,4983229800000.0,4179412200000.0,566254100000.0,2532100000.0,19.847725,25.94,212.025,266200000,KEC.NS,7.380806955746546,0.0036165099189284827,0.03182652452317784,0
2018-09-30,316.9044052267877,335.9155885526395,263.8457470369005,280.32421875,34123866,66571200000.0,18021900000.0,4983229800000.0,4179412200000.0,566254100000.0,2532100000.0,19.847725,25.94,212.025,266200000,KEC.NS,7.380806955746546,0.0036165099189284827,0.03182652452317784,1
2018-12-31,279.377204824367,300.1647750107303,227.28992633511388,285.4856262207031,23724528,66571200000.0,18021900000.0,4983229800000.0,4179412200000.0,566254100000.0,2532100000.0,19.847725,25.94,212.025,266200000,KEC.NS,7.380806955746546,0.0036165099189284827,0.03182652452317784,1
2019-03-31,284.2071615570817,297.18158828827285,220.94476474199735,288.5635070800781,24260728,66571200000.0,18021900000.0,4983229800000.0,4179412200000.0,566254100000.0,2532100000.0,19.847725,25.94,212.025,266200000,KEC.NS,7.380806955746546,0.0036165099189284827,0.03182652452317784,1
2019-06-30,286.6694344157974,318.8688445339662,256.3167281868004,304.5685119628906,22391862,66571200000.0,18021900000.0,4983229800000.0,4179412200000.0,566254100000.0,2532100000.0,19.847725,25.94,212.025,266200000,KEC.NS,7.380806955746546,0.0036165099189284827,0.03182652452317784,0
2019-09-30,307.7884859153022,322.8938204760624,219.6374761862833,261.0343933105469,19287247,66571200000.0,18021900000.0,4983229800000.0,4179412200000.0,566254100000.0,2532100000.0,19.847725,25.94,212.025,266200000,KEC.NS,7.380806955746546,0.0036165099189284827,0.03182652452317784,1
2019-12-31,263.4694437404161,294.5052305342206,247.13987072222554,288.4413146972656,17966449,66571200000.0,18021900000.0,4983229800000.0,4179412200000.0,566254100000.0,2532100000.0,19.847725,25.94,212.025,266200000,KEC.NS,7.380806955746546,0.0036165099189284827,0.03182652452317784,0
2020-03-31,288.48908113688844,342.7299966529208,156.04694015099443,178.90423583984375,22031150,66571200000.0,18021900000.0,4983229800000.0,4179412200000.0,566254100000.0,2532100000.0,19.847725,25.94,212.025,266200000,KEC.NS,7.380806955746546,0.0036165099189284827,0.03182652452317784,1
2020-06-30,182.08691188092982,265.12546495413613,148.57249584620425,261.0265808105469,34860971,66571200000.0,18021900000.0,4983229800000.0,4179412200000.0,566254100000.0,2532100000.0,19.847725,25.94,212.025,266200000,KEC.NS,7.380806955746546,0.0036165099189284827,0.03182652452317784,1
2020-09-30,258.5672986329856,346.71737779571527,248.82637334527084,332.250732421875,30616285,66571200000.0,18021900000.0,4983229800000.0,4179412200000.0,566254100000.0,2532100000.0,19.847725,25.94,212.025,266200000,KEC.NS,7.380806955746546,0.0036165099189284827,0.03182652452317784,1
2020-12-31,342.37740746758783,371.2624880721104,301.002798973817,351.0091857910156,27170829,66571200000.0,18021900000.0,4983229800000.0,4179412200000.0,566254100000.0,2532100000.0,19.847725,25.94,212.025,266200000,KEC.NS,7.380806955746546,0.0036165099189284827,0.03182652452317784,1
2021-03-31,350.86452410302735,468.71944299711146,325.644308762631,396.2415466308594,24922047,66571200000.0,18021900000.0,4983229800000.0,4179412200000.0,566254100000.0,2532100000.0,19.847725,25.94,212.025,266200000,KEC.NS,7.380806955746546,0.0036165099189284827,0.03182652452317784,1
2021-06-30,398.074051830851,446.9230207118075,354.7222498364368,436.699951171875,30688760,66571200000.0,18021900000.0,4983229800000.0,4179412200000.0,566254100000.0,2532100000.0,19.847725,25.94,212.025,266200000,KEC.NS,7.380806955746546,0.0036165099189284827,0.03182652452317784,0
2021-09-30,438.82171596330556,462.3468439183099,360.29555772935834,431.4783020019531,27163818,66571200000.0,18021900000.0,4983229800000.0,4179412200000.0,566254100000.0,2532100000.0,19.847725,25.94,212.025,266200000,KEC.NS,7.380806955746546,0.0036165099189284827,0.03182652452317784,1
2021-12-31,426.51203734332563,535.5745599672175,409.9579565739797,466.5340881347656,30295943,66571200000.0,18021900000.0,4983229800000.0,4179412200000.0,566254100000.0,2532100000.0,19.847725,25.94,212.025,266200000,KEC.NS,7.380806955746546,0.0036165099189284827,0.03182652452317784,0
2022-03-31,466.63148128178244,535.0875925456388,366.1382123914646,369.0108642578125,15899898,66571200000.0,18021900000.0,4983229800000.0,4179412200000.0,566254100000.0,2532100000.0,19.847725,25.94,212.025,266200000,KEC.NS,7.380806955746546,0.0036165099189284827,0.03182652452317784,1
2022-06-30,370.0332972324181,418.37601392693216,336.4381413247951,385.1520080566406,17618284,66571200000.0,18021900000.0,4983229800000.0,4179412200000.0,566254100000.0,2532100000.0,19.847725,25.94,212.025,266200000,KEC.NS,7.380806955746546,0.0036165099189284827,0.03182652452317784,1
2022-09-30,387.02240833983797,472.32191685394275,375.2586678697571,442.740234375,48706516,66571200000.0,18021900000.0,4983229800000.0,4179412200000.0,566254100000.0,2532100000.0,19.847725,25.94,212.025,266200000,KEC.NS,7.380806955746546,0.0036165099189284827,0.03182652452317784,1
2022-12-31,445.0536452754909,502.0511984362228,398.98300901652607,486.74359130859375,35599128,66571200000.0,18021900000.0,4983229800000.0,4179412200000.0,566254100000.0,2532100000.0,19.847725,25.94,212.025,266200000,KEC.NS,7.380806955746546,0.0036165099189284827,0.03182652452317784,0
2023-03-31,486.3005764760588,517.7526419393696,428.7615818217364,449.2373962402344,18126320,66571200000.0,18021900000.0,4983229800000.0,4179412200000.0,566254100000.0,2532100000.0,19.847725,25.94,212.025,266200000,KEC.NS,7.380806955746546,0.0036165099189284827,0.03182652452317784,1
2023-06-30,449.8772552331135,577.0143296008725,437.0798665492392,542.559814453125,51983375,66571200000.0,18021900000.0,4983229800000.0,4179412200000.0,566254100000.0,2532100000.0,19.847725,25.94,212.025,266200000,KEC.NS,7.380806955746546,0.0036165099189284827,0.03182652452317784,1
2023-09-30,542.5598460457879,739.5284887008614,541.4277458164429,655.2595825195312,44280571,66571200000.0,18021900000.0,4983229800000.0,4179412200000.0,566254100000.0,2532100000.0,19.847725,25.94,212.025,266200000,KEC.NS,7.380806955746546,0.0036165099189284827,0.03182652452317784,0
2023-12-31,652.341884798394,682.4096567758797,544.038573936667,582.7606811523438,23673440,66571200000.0,18021900000.0,4983229800000.0,4179412200000.0,566254100000.0,2532100000.0,19.847725,25.94,212.025,266200000,KEC.NS,7.380806955746546,0.0036165099189284827,0.03182652452317784,1
2024-03-31,589.2391218980598,761.0902009707232,581.5738206899861,686.66259765625,35450540,66571200000.0,18021900000.0,4983229800000.0,4179412200000.0,566254100000.0,2532100000.0,19.847725,25.94,212.025,266200000,KEC.NS,7.380806955746546,0.0036165099189284827,0.03182652452317784,1
2024-06-30,697.295132628864,939.617558317741,663.71616659499,877.2072143554688,63497098,66571200000.0,18021900000.0,4983229800000.0,4179412200000.0,566254100000.0,2532100000.0,19.847725,25.94,212.025,266200000,KEC.NS,7.380806955746546,0.0036165099189284827,0.03182652452317784,1
2024-09-30,880.026029134059,1061.3045084970242,802.285062853849,1032.0391845703125,92802009,66571200000.0,18021900000.0,196596200000.0,43119400000.0,50562000000.0,4704400000.0,19.847725,25.94,212.025,266200000,KEC.NS,0.8528024999011115,0.0036165099189284827,0.03182652452317784,1
2024-12-31,1030.051669364823,1305.016918729457,873.886850087385,1191.2845458984375,56842777,53493800000.0,1295600000.0,196596200000.0,43119400000.0,50562000000.0,4704400000.0,19.847725,25.94,212.025,266200000,KEC.NS,0.8528024999011115,0.0036165099189284827,0.03182652452317784,0
2025-03-31,1192.4769059252296,1234.7602078658874,644.5337731992095,777.8427734375,104959142,65620100000.0,2681900000.0,221799200000.0,39574800000.0,53474500000.0,5422100000.0,19.847725,25.94,212.025,266200000,KEC.NS,0.7400686308427381,0.012091567507908053,0.050152876604736836,1
2025-06-30,779.1843119170111,941.0630394730608,623.516411503891,912.6920776367188,94086624,50228800000.0,1246000000.0,221799200000.0,39574800000.0,53474500000.0,5422100000.0,19.847725,25.94,212.025,266200000,KEC.NS,0.7400686308427381,0.012091567507908053,0.050152876604736836,0
2025-09-30,912.6920479582338,937.7999877929688,775.2999877929688,872.9500122070312,55774214,60915600000.0,1607500000.0,236127700000.0,53080300000.0,56428900000.0,3077600000.0,19.847725,25.94,212.025,266200000,KEC.NS,0.9406580670542931,0.0068077569891207175,0.0284871758974568,0
2025-12-31,862.9000244140625,893.0,668.7000122070312,737.9000244140625,66534005,60013500000.0,1274600000.0,236127700000.0,53080300000.0,56428900000.0,3077600000.0,19.847725,25.94,212.025,266200000,KEC.NS,0.9406580670542931,0.0068077569891207175,0.0284871758974568,0
2026-03-31,738.6500244140625,759.0,511.8999938964844,514.8499755859375,38302765,60013500000.0,1274600000.0,236127700000.0,53080300000.0,56428900000.0,3077600000.0,19.847725,25.94,212.025,266200000,KEC.NS,0.9406580670542931,0.0068077569891207175,0.0284871758974568,0
2016-03-31,50.91181326521141,52.30835311588426,49.347500271267364,50.275230407714844,541280,60013500000.0,1274600000.0,236127700000.0,53080300000.0,56428900000.0,3077600000.0,6.825853,16.71,169.28,281234600,KNRCON.NS,0.9406580670542931,0.0068077569891207175,0.0284871758974568,1
2016-06-30,51.22270922627787,57.93396289759776,48.65662937440211,55.0816764831543,7785060,60013500000.0,1274600000.0,236127700000.0,53080300000.0,56428900000.0,3077600000.0,6.825853,16.71,169.28,281234600,KNRCON.NS,0.9406580670542931,0.0068077569891207175,0.0284871758974568,1
2016-09-30,53.89240734607743,77.81606952888683,53.89240734607743,74.80585479736328,11699460,60013500000.0,1274600000.0,236127700000.0,53080300000.0,56428900000.0,3077600000.0,6.825853,16.71,169.28,281234600,KNRCON.NS,0.9406580670542931,0.0068077569891207175,0.0284871758974568,1
2016-12-31,73.6856973777874,92.47720717773028,56.25614419372482,85.24781036376953,8435328,60013500000.0,1274600000.0,236127700000.0,53080300000.0,56428900000.0,3077600000.0,6.825853,16.71,169.28,281234600,KNRCON.NS,0.9406580670542931,0.0068077569891207175,0.0284871758974568,1
2017-03-31,85.37116425458123,99.63259367306006,81.67011125285359,95.11730194091797,10656656,60013500000.0,1274600000.0,236127700000.0,53080300000.0,56428900000.0,3077600000.0,6.825853,16.71,169.28,281234600,KNRCON.NS,0.9406580670542931,0.0068077569891207175,0.0284871758974568,1
2017-06-30,95.11730969028028,106.83734373873301,91.4655829951782,102.05062866210938,9855212,60013500000.0,1274600000.0,236127700000.0,53080300000.0,56428900000.0,3077600000.0,6.825853,16.71,169.28,281234600,KNRCON.NS,0.9406580670542931,0.0068077569891207175,0.0284871758974568,1
2017-09-30,103.53106060422438,116.23922390808322,95.36403362273332,102.537841796875,12963592,60013500000.0,1274600000.0,236127700000.0,53080300000.0,56428900000.0,3077600000.0,6.825853,16.71,169.28,281234600,KNRCON.NS,0.9406580670542931,0.0068077569891207175,0.0284871758974568,1
2017-12-31,103.67550106588752,172.62761228872213,99.9657330222248,160.4348907470703,36258698,60013500000.0,1274600000.0,236127700000.0,53080300000.0,56428900000.0,3077600000.0,6.825853,16.71,169.28,281234600,KNRCON.NS,0.9406580670542931,0.0068077569891207175,0.0284871758974568,0
2018-03-31,161.96824721642903,168.07696590467344,134.61491035899928,140.47634887695312,23355452,60013500000.0,1274600000.0,236127700000.0,53080300000.0,56428900000.0,3077600000.0,6.825853,16.71,169.28,281234600,KNRCON.NS,0.9406580670542931,0.0068077569891207175,0.0284871758974568,0
2018-06-30,141.96025337524298,168.02750991452504,99.59475580182568,107.03900909423828,31158252,60013500000.0,1274600000.0,236127700000.0,53080300000.0,56428900000.0,3077600000.0,6.825853,16.71,169.28,281234600,KNRCON.NS,0.9406580670542931,0.0068077569891207175,0.0284871758974568,0
2018-09-30,107.70677216552642,124.12865119543969,86.13670063363833,88.34215545654297,17291950,60013500000.0,1274600000.0,236127700000.0,53080300000.0,56428900000.0,3077600000.0,6.825853,16.71,169.28,281234600,KNRCON.NS,0.9406580670542931,0.0068077569891207175,0.0284871758974568,1
2018-12-31,88.71387247129233,111.01624028349875,81.77535902654175,105.63888549804688,16013920,60013500000.0,1274600000.0,236127700000.0,53080300000.0,56428900000.0,3077600000.0,6.825853,16.71,169.28,281234600,KNRCON.NS,0.9406580670542931,0.0068077569891207175,0.0284871758974568,1
2019-03-31,105.63888342676884,134.08680065912344,96.64359745356525,129.0316162109375,15108220,60013500000.0,1274600000.0,236127700000.0,53080300000.0,56428900000.0,3077600000.0,6.825853,16.71,169.28,281234600,KNRCON.NS,0.9406580670542931,0.0068077569891207175,0.0284871758974568,1
2019-06-30,129.8493573768914,150.34274708234722,110.5206299841998,138.72073364257812,11520102,60013500000.0,1274600000.0,236127700000.0,53080300000.0,56428900000.0,3077600000.0,6.825853,16.71,169.28,281234600,KNRCON.NS,0.9406580670542931,0.0068077569891207175,0.0284871758974568,0
2019-09-30,138.57204964932524,143.57768853906833,102.09528827624706,114.7904281616211,12919596,60013500000.0,1274600000.0,236127700000.0,53080300000.0,56428900000.0,3077600000.0,6.825853,16.71,169.28,281234600,KNRCON.NS,0.9406580670542931,0.0068077569891207175,0.0284871758974568,1
2019-12-31,114.96421138447822,142.99154024214474,106.49891233444214,123.8763427734375,18570112,60013500000.0,1274600000.0,236127700000.0,53080300000.0,56428900000.0,3077600000.0,6.825853,16.71,169.28,281234600,KNRCON.NS,0.9406580670542931,0.0068077569891207175,0.0284871758974568,0
2020-03-31,123.03231020722714,154.8081847812306,85.09022665086793,97.77912139892578,27370892,60013500000.0,1274600000.0,236127700000.0,53080300000.0,56428900000.0,3077600000.0,6.825853,16.71,169.28,281234600,KNRCON.NS,0.9406580670542931,0.0068077569891207175,0.0284871758974568,1
2020-06-30,98.32649529381163,121.91289683126512,89.71794489931635,104.14845275878906,39700084,60013500000.0,1274600000.0,236127700000.0,53080300000.0,56428900000.0,3077600000.0,6.825853,16.71,169.28,281234600,KNRCON.NS,0.9406580670542931,0.0068077569891207175,0.0284871758974568,1
2020-09-30,104.12357330322266,139.62758966153308,99.79441234945376,127.51094818115234,30854326,60013500000.0,1274600000.0,236127700000.0,53080300000.0,56428900000.0,3077600000.0,6.825853,16.71,169.28,281234600,KNRCON.NS,0.9406580670542931,0.0068077569891207175,0.0284871758974568,1
2020-12-31,128.38176548857825,172.96705771118644,118.42968036384434,161.42262268066406,34926084,60013500000.0,1274600000.0,236127700000.0,53080300000.0,56428900000.0,3077600000.0,6.825853,16.71,169.28,281234600,KNRCON.NS,0.9406580670542931,0.0068077569891207175,0.0284871758974568,1
2021-03-31,161.67143009531898,240.84017483286857,161.2733532317372,212.37722778320312,65922661,60013500000.0,1274600000.0,236127700000.0,53080300000.0,56428900000.0,3077600000.0,6.825853,16.71,169.28,281234600,KNRCON.NS,0.9406580670542931,0.0068077569891207175,0.0284871758974568,1
2021-06-30,213.87007663514333,258.65437480365654,187.0989698311379,237.40670776367188,54523106,60013500000.0,1274600000.0,236127700000.0,53080300000.0,56428900000.0,3077600000.0,6.825853,16.71,169.28,281234600,KNRCON.NS,0.9406580670542931,0.0068077569891207175,0.0284871758974568,1
2021-09-30,237.75503196530133,342.2518267428392,234.42110054870767,285.6200866699219,81074963,60013500000.0,1274600000.0,236127700000.0,53080300000.0,56428900000.0,3077600000.0,6.825853,16.71,169.28,281234600,KNRCON.NS,0.9406580670542931,0.0068077569891207175,0.0284871758974568,1
2021-12-31,284.8730337136609,314.1073860999276,241.39503440180903,298.66845703125,29434199,60013500000.0,1274600000.0,236127700000.0,53080300000.0,56428900000.0,3077600000.0,6.825853,16.71,169.28,281234600,KNRCON.NS,0.9406580670542931,0.0068077569891207175,0.0284871758974568,0
2022-03-31,302.60290257952573,328.5502333372945,266.5455409118522,283.0303039550781,39079634,60013500000.0,1274600000.0,236127700000.0,53080300000.0,56428900000.0,3077600000.0,6.825853,16.71,169.28,281234600,KNRCON.NS,0.9406580670542931,0.0068077569891207175,0.0284871758974568,0
2022-06-30,285.66985543002755,295.8296543797999,206.6823778742984,232.13169860839844,17487393,60013500000.0,1274600000.0,236127700000.0,53080300000.0,56428900000.0,3077600000.0,6.825853,16.71,169.28,281234600,KNRCON.NS,0.9406580670542931,0.0068077569891207175,0.0284871758974568,0
2022-09-30,229.59173475438757,268.33844707104197,222.30161188064662,228.08474731445312,13947059,60013500000.0,1274600000.0,236127700000.0,53080300000.0,56428900000.0,3077600000.0,6.825853,16.71,169.28,281234600,KNRCON.NS,0.9406580670542931,0.0068077569891207175,0.0284871758974568,1
2022-12-31,228.084751769425,277.7398780804624,202.1104883176601,254.10885620117188,16938733,60013500000.0,1274600000.0,236127700000.0,53080300000.0,56428900000.0,3077600000.0,6.825853,16.71,169.28,281234600,KNRCON.NS,0.9406580670542931,0.0068077569891207175,0.0284871758974568,0
2023-03-31,259.0444199020992,279.98331247644717,237.1084203301503,252.96218872070312,21067288,60013500000.0,1274600000.0,236127700000.0,53080300000.0,56428900000.0,3077600000.0,6.825853,16.71,169.28,281234600,KNRCON.NS,0.9406580670542931,0.0068077569891207175,0.0284871758974568,0
2023-06-30,254.2584012593451,257.94765297856014,225.64187838101657,241.2962188720703,18749848,60013500000.0,1274600000.0,236127700000.0,53080300000.0,56428900000.0,3077600000.0,6.825853,16.71,169.28,281234600,KNRCON.NS,0.9406580670542931,0.0068077569891207175,0.0284871758974568,1
2023-09-30,243.19067677704706,290.41854225257157,237.00870838460304,283.4325256347656,51208157,60013500000.0,1274600000.0,236127700000.0,53080300000.0,56428900000.0,3077600000.0,6.825853,16.71,169.28,281234600,KNRCON.NS,0.9406580670542931,0.0068077569891207175,0.0284871758974568,0
2023-12-31,282.9834148378237,304.8895572585451,251.34676543817193,255.9375762939453,62631556,60013500000.0,1274600000.0,236127700000.0,53080300000.0,56428900000.0,3077600000.0,6.825853,16.71,169.28,281234600,KNRCON.NS,0.9406580670542931,0.0068077569891207175,0.0284871758974568,0
2024-03-31,256.536366398398,291.4165352313472,236.27694642552703,245.807861328125,65477589,60013500000.0,1274600000.0,236127700000.0,53080300000.0,56428900000.0,3077600000.0,6.825853,16.71,169.28,281234600,KNRCON.NS,0.9406580670542931,0.0068077569891207175,0.0284871758974568,1
2024-06-30,248.30286141758307,406.1867284116038,240.31884467796596,348.00323486328125,151095331,60013500000.0,1274600000.0,236127700000.0,53080300000.0,56428900000.0,3077600000.0,6.825853,16.71,169.28,281234600,KNRCON.NS,0.9406580670542931,0.0068077569891207175,0.0284871758974568,0
2024-09-30,345.2587498241695,414.5699789437638,314.34849059888614,343.3115234375,112538822,60013500000.0,1274600000.0,67954683000.0,14035636000.0,41614689000.0,3474092000.0,6.825853,16.71,169.28,281234600,KNRCON.NS,0.3372760036726455,0.0068077569891207175,0.0284871758974568,1
2024-12-31,344.5100084328136,358.3922688076206,273.9500932368926,345.70843505859375,84923994,8480992000.0,2485850000.0,67954683000.0,14035636000.0,41614689000.0,3474092000.0,6.825853,16.71,169.28,281234600,KNRCON.NS,0.3372760036726455,0.0068077569891207175,0.0284871758974568,0
2025-03-31,346.7571356035154,356.49467205155094,204.9382365783118,227.83900451660156,74737632,-5620290000.0,1392362000.0,71313604000.0,18494748000.0,45411785000.0,1033301000.0,6.825853,16.71,169.28,281234600,KNRCON.NS,0.4072675848350819,0.01952449353141653,0.030660807541478496,0
2025-06-30,228.70788299244487,247.48390742830225,192.30439086005518,222.45587158203125,102546705,6127228000.0,1234075000.0,71313604000.0,18494748000.0,45411785000.0,1033301000.0,6.825853,16.71,169.28,281234600,KNRCON.NS,0.4072675848350819,0.01952449353141653,0.030660807541478496,0
2025-09-30,223.29480411553612,227.70915896173227,189.75763802776638,198.3300018310547,132828832,6465048000.0,1046593000.0,76936516000.0,23206191000.0,47625583000.0,814759000.0,6.825853,16.71,169.28,281234600,KNRCON.NS,0.4872631375452139,0.013603332389004982,0.021975437025096366,0
2025-12-31,199.75,204.60000610351562,141.5,162.77999877929688,100464133,7431951000.0,1028023000.0,76936516000.0,23206191000.0,47625583000.0,814759000.0,6.825853,16.71,169.28,281234600,KNRCON.NS,0.4872631375452139,0.013603332389004982,0.021975437025096366,0
2026-03-31,162.25,165.0,111.0,114.05999755859375,73868506,7431951000.0,1028023000.0,76936516000.0,23206191000.0,47625583000.0,814759000.0,6.825853,16.71,169.28,281234600,KNRCON.NS,0.4872631375452139,0.013603332389004982,0.021975437025096366,0
2016-03-31,707.0806935715699,712.2127307373172,678.5693588330444,693.79443359375,16678733,7431951000.0,1028023000.0,76936516000.0,23206191000.0,47625583000.0,814759000.0,26.159506,127.77,736.989,1375611529,LT.NS,0.4872631375452139,0.013603332389004982,0.021975437025096366,1
2016-06-30,691.1143798291405,865.0334368828586,671.612689562629,853.34375,178879036,7431951000.0,1028023000.0,76936516000.0,23206191000.0,47625583000.0,814759000.0,26.159506,127.77,736.989,1375611529,LT.NS,0.4872631375452139,0.013603332389004982,0.021975437025096366,0
2016-09-30,858.0765977488664,920.9155910384169,814.7710989394282,827.268310546875,141318058,7431951000.0,1028023000.0,76936516000.0,23206191000.0,47625583000.0,814759000.0,26.159506,127.77,736.989,1375611529,LT.NS,0.4872631375452139,0.013603332389004982,0.021975437025096366,0
2016-12-31,830.0966743074965,877.4012851626067,747.5806337012361,778.75146484375,138170301,7431951000.0,1028023000.0,76936516000.0,23206191000.0,47625583000.0,814759000.0,26.159506,127.77,736.989,1375611529,LT.NS,0.4872631375452139,0.013603332389004982,0.021975437025096366,1
2017-03-31,782.7632168376002,919.9148817628114,778.7802976390795,909.0916748046875,118031131,7431951000.0,1028023000.0,76936516000.0,23206191000.0,47625583000.0,814759000.0,26.159506,127.77,736.989,1375611529,LT.NS,0.4872631375452139,0.013603332389004982,0.021975437025096366,1
2017-06-30,913.1324272102435,1058.6252250799787,910.0730740086409,974.1464233398438,142463270,7431951000.0,1028023000.0,76936516000.0,23206191000.0,47625583000.0,814759000.0,26.159506,127.77,736.989,1375611529,LT.NS,0.4872631375452139,0.013603332389004982,0.021975437025096366,1
2017-09-30,974.3773252709557,1109.4004892096732,964.5643389477268,1013.1875,122849563,7431951000.0,1028023000.0,76936516000.0,23206191000.0,47625583000.0,814759000.0,26.159506,127.77,736.989,1375611529,LT.NS,0.4872631375452139,0.013603332389004982,0.021975437025096366,1
2017-12-31,1025.163980582506,1131.9788170452941,996.4643560664102,1116.2760009765625,138431424,7431951000.0,1028023000.0,76936516000.0,23206191000.0,47625583000.0,814759000.0,26.159506,127.77,736.989,1375611529,LT.NS,0.4872631375452139,0.013603332389004982,0.021975437025096366,1
2018-03-31,1118.7156558498184,1304.1333598898048,1102.6137650775227,1162.985107421875,162844093,7431951000.0,1028023000.0,76936516000.0,23206191000.0,47625583000.0,814759000.0,26.159506,127.77,736.989,1375611529,LT.NS,0.4872631375452139,0.013603332389004982,0.021975437025096366,0
2018-06-30,1164.8483347468803,1264.166573323903,1069.9215828070587,1131.224609375,121060562,7431951000.0,1028023000.0,76936516000.0,23206191000.0,47625583000.0,814759000.0,26.159506,127.77,736.989,1375611529,LT.NS,0.4872631375452139,0.013603332389004982,0.021975437025096366,1
2018-09-30,1133.7086972583306,1248.906054759148,1101.553006503578,1142.9735107421875,146090008,7431951000.0,1028023000.0,76936516000.0,23206191000.0,47625583000.0,814759000.0,26.159506,127.77,736.989,1375611529,LT.NS,0.4872631375452139,0.013603332389004982,0.021975437025096366,1
2018-12-31,1144.6807951735232,1311.531240840907,1062.4687483924072,1291.629638671875,142427420,7431951000.0,1028023000.0,76936516000.0,23206191000.0,47625583000.0,814759000.0,26.159506,127.77,736.989,1375611529,LT.NS,0.4872631375452139,0.013603332389004982,0.021975437025096366,0
2019-03-31,1298.3232721345034,1298.3232721345034,1079.1806422296522,1245.941162109375,190650989,7431951000.0,1028023000.0,76936516000.0,23206191000.0,47625583000.0,814759000.0,26.159506,127.77,736.989,1375611529,LT.NS,0.4872631375452139,0.013603332389004982,0.021975437025096366,1
2019-06-30,1248.9960939944415,1443.8791410870763,1154.833983474889,1395.5400390625,169077016,7431951000.0,1028023000.0,76936516000.0,23206191000.0,47625583000.0,814759000.0,26.159506,127.77,736.989,1375611529,LT.NS,0.4872631375452139,0.013603332389004982,0.021975437025096366,0
2019-09-30,1404.749827619763,1430.0872365597495,1159.4882911181014,1341.7386474609375,198753233,7431951000.0,1028023000.0,76936516000.0,23206191000.0,47625583000.0,814759000.0,26.159506,127.77,736.989,1375611529,LT.NS,0.4872631375452139,0.013603332389004982,0.021975437025096366,0
2019-12-31,1346.9719976607325,1361.9433649522202,1142.1957873336921,1181.5126953125,187807592,7431951000.0,1028023000.0,76936516000.0,23206191000.0,47625583000.0,814759000.0,26.159506,127.77,736.989,1375611529,LT.NS,0.4872631375452139,0.013603332389004982,0.021975437025096366,0
2020-03-31,1190.7961735217846,1253.2300183306045,610.0118900389988,746.1339721679688,269094150,7431951000.0,1028023000.0,76936516000.0,23206191000.0,47625583000.0,814759000.0,26.159506,127.77,736.989,1375611529,LT.NS,0.4872631375452139,0.013603332389004982,0.021975437025096366,1
2020-06-30,744.6112425289538,918.2478144861346,703.9591920227468,870.8588256835938,357613296,7431951000.0,1028023000.0,76936516000.0,23206191000.0,47625583000.0,814759000.0,26.159506,127.77,736.989,1375611529,LT.NS,0.4872631375452139,0.013603332389004982,0.021975437025096366,0
2020-09-30,868.4131495732458,954.1462308408251,784.7654384612167,839.3173217773438,311192715,7431951000.0,1028023000.0,76936516000.0,23206191000.0,47625583000.0,814759000.0,26.159506,127.77,736.989,1375611529,LT.NS,0.4872631375452139,0.013603332389004982,0.021975437025096366,1
2020-12-31,847.0904865293609,1270.159550107845,815.5322868809858,1221.8582763671875,396599987,7431951000.0,1028023000.0,76936516000.0,23206191000.0,47625583000.0,814759000.0,26.159506,127.77,736.989,1375611529,LT.NS,0.4872631375452139,0.013603332389004982,0.021975437025096366,1
2021-03-31,1217.4931264155261,1511.6653325279894,1217.4931264155261,1346.4544677734375,245557470,7431951000.0,1028023000.0,76936516000.0,23206191000.0,47625583000.0,814759000.0,26.159506,127.77,736.989,1375611529,LT.NS,0.4872631375452139,0.013603332389004982,0.021975437025096366,1
2021-06-30,1358.8856330608257,1502.1758775386925,1239.31899993349,1423.9356689453125,169612489,7431951000.0,1028023000.0,76936516000.0,23206191000.0,47625583000.0,814759000.0,26.159506,127.77,736.989,1375611529,LT.NS,0.4872631375452139,0.013603332389004982,0.021975437025096366,1
2021-09-30,1420.6616656105157,1737.0271298034452,1400.1645975968834,1634.29296875,145247612,7431951000.0,1028023000.0,76936516000.0,23206191000.0,47625583000.0,814759000.0,26.159506,127.77,736.989,1375611529,LT.NS,0.4872631375452139,0.013603332389004982,0.021975437025096366,1
2021-12-31,1629.0627251410958,1901.8526370935524,1616.154968967262,1819.464111328125,158696179,7431951000.0,1028023000.0,76936516000.0,23206191000.0,47625583000.0,814759000.0,26.159506,127.77,736.989,1375611529,LT.NS,0.4872631375452139,0.013603332389004982,0.021975437025096366,0
2022-03-31,1818.600230561389,1994.7501324995194,1530.6952277831294,1696.3843994140625,143789388,7431951000.0,1028023000.0,76936516000.0,23206191000.0,47625583000.0,814759000.0,26.159506,127.77,736.989,1375611529,LT.NS,0.4872631375452139,0.013603332389004982,0.021975437025096366,0
2022-06-30,1688.0831894086527,1783.0919920480364,1397.6349785101822,1495.4267578125,136519873,7431951000.0,1028023000.0,76936516000.0,23206191000.0,47625583000.0,814759000.0,26.159506,127.77,736.989,1375611529,LT.NS,0.4872631375452139,0.013603332389004982,0.021975437025096366,1
2022-09-30,1498.0179537069541,1939.0864219939524,1472.7303162155404,1795.914794921875,123277776,7431951000.0,1028023000.0,76936516000.0,23206191000.0,47625583000.0,814759000.0,26.159506,127.77,736.989,1375611529,LT.NS,0.4872631375452139,0.013603332389004982,0.021975437025096366,1
2022-12-31,1800.0942654129112,2149.615814477438,1763.1592858850006,2027.341796875,111726607,7431951000.0,1028023000.0,76936516000.0,23206191000.0,47625583000.0,814759000.0,26.159506,127.77,736.989,1375611529,LT.NS,0.4872631375452139,0.013603332389004982,0.021975437025096366,1
2023-03-31,2034.2422976425796,2233.25393940443,2000.3208538690078,2103.544189453125,135716059,7431951000.0,1028023000.0,76936516000.0,23206191000.0,47625583000.0,814759000.0,26.159506,127.77,736.989,1375611529,LT.NS,0.4872631375452139,0.013603332389004982,0.021975437025096366,1
2023-06-30,2118.901422825279,2413.8953520825203,2094.60209458187,2406.168212890625,122889831,7431951000.0,1028023000.0,76936516000.0,23206191000.0,47625583000.0,814759000.0,26.159506,127.77,736.989,1375611529,LT.NS,0.4872631375452139,0.013603332389004982,0.021975437025096366,1
2023-09-30,2408.7438085644108,3006.4571329344913,2352.1751605747054,2972.24755859375,117159625,7431951000.0,1028023000.0,76936516000.0,23206191000.0,47625583000.0,814759000.0,26.159506,127.77,736.989,1375611529,LT.NS,0.4872631375452139,0.013603332389004982,0.021975437025096366,1
2023-12-31,2988.909937748808,3499.546139234552,2807.687715240719,3466.172119140625,108820895,7431951000.0,1028023000.0,76936516000.0,23206191000.0,47625583000.0,814759000.0,26.159506,127.77,736.989,1375611529,LT.NS,0.4872631375452139,0.013603332389004982,0.021975437025096366,1
2024-03-31,3477.968451638937,3748.646542546278,3207.683716009988,3700.035400390625,150434931,7431951000.0,1028023000.0,76936516000.0,23206191000.0,47625583000.0,814759000.0,26.159506,127.77,736.989,1375611529,LT.NS,0.4872631375452139,0.013603332389004982,0.021975437025096366,0
2024-06-30,3716.697970808546,3853.3883999506247,3121.1770874117606,3515.66162109375,198037708,7431951000.0,1028023000.0,76936516000.0,23206191000.0,47625583000.0,814759000.0,26.159506,127.77,736.989,1375611529,LT.NS,0.4872631375452139,0.013603332389004982,0.021975437025096366,1
2024-09-30,3502.5340870656305,3803.477389028954,3428.02905604963,3641.58740234375,152279193,615545800000.0,33952900000.0,3566076300000.0,1261834900000.0,892298700000.0,102053600000.0,26.159506,127.77,736.989,1375611529,LT.NS,1.4141395700789432,0.00952108063419731,0.03805104725581243,0
2024-12-31,3633.116469278175,3926.8766708182884,3232.403703251498,3574.314697265625,125595625,646677800000.0,33588400000.0,3566076300000.0,1261834900000.0,892298700000.0,102053600000.0,26.159506,127.77,736.989,1375611529,LT.NS,1.4141395700789432,0.00952108063419731,0.03805104725581243,0
2025-03-31,3566.7355253067485,3689.6889189264243,3111.976762791947,3460.03076171875,130359548,728664700000.0,54972600000.0,3795241000000.0,1324089200000.0,976556000000.0,121870000000.0,26.159506,127.77,736.989,1375611529,LT.NS,1.3558763655130888,0.014484613757071026,0.0562923170816625,1
2025-06-30,3447.8442336234234,3731.39990234375,2937.900120111403,3669.800048828125,127816991,636789200000.0,36171900000.0,3795241000000.0,1324089200000.0,976556000000.0,121870000000.0,26.159506,127.77,736.989,1375611529,LT.NS,1.3558763655130888,0.014484613757071026,0.0562923170816625,0
2025-09-30,3669.800048828125,3794.89990234375,3405.10009765625,3659.0,104776476,636789200000.0,36171900000.0,3795241000000.0,1324089200000.0,976556000000.0,121870000000.0,26.159506,127.77,736.989,1375611529,LT.NS,1.3558763655130888,0.014484613757071026,0.0562923170816625,1
2025-12-31,3658.89990234375,4140.0,3615.0,4083.5,97390711,714497000000.0,32151100000.0,3795241000000.0,1324089200000.0,976556000000.0,121870000000.0,26.159506,127.77,736.989,1375611529,LT.NS,1.3558763655130888,0.014484613757071026,0.0562923170816625,0
2026-03-31,4090.0,4440.0,3288.10009765625,3342.39990234375,162715242,714497000000.0,32151100000.0,3795241000000.0,1324089200000.0,976556000000.0,121870000000.0,26.159506,127.77,736.989,1375611529,LT.NS,1.3558763655130888,0.014484613757071026,0.0562923170816625,0
2016-03-31,38.249612096247915,38.73873408848098,34.72790970112712,37.1246223449707,915112,714497000000.0,32151100000.0,3795241000000.0,1324089200000.0,976556000000.0,121870000000.0,26.159506,-46.14,-73.085,183446051,MEP.NS,1.3558763655130888,0.014484613757071026,0.0562923170816625,1
2016-06-30,38.10287832732232,45.928885287745594,34.727912955448545,41.33110046386719,20365467,714497000000.0,32151100000.0,3795241000000.0,1324089200000.0,976556000000.0,121870000000.0,26.159506,-46.14,-73.085,183446051,MEP.NS,1.3558763655130888,0.014484613757071026,0.0562923170816625,0
2016-09-30,42.45609109522971,49.21867595379466,35.39430101385751,40.05145263671875,22262066,714497000000.0,32151100000.0,3795241000000.0,1324089200000.0,976556000000.0,121870000000.0,26.159506,-46.14,-73.085,183446051,MEP.NS,1.3558763655130888,0.014484613757071026,0.0562923170816625,0
2016-12-31,40.14949645319147,43.924233155530786,32.64904371447599,35.34528350830078,10423517,714497000000.0,32151100000.0,3795241000000.0,1324089200000.0,976556000000.0,121870000000.0,26.159506,-46.14,-73.085,183446051,MEP.NS,1.3558763655130888,0.014484613757071026,0.0562923170816625,1
2017-03-31,35.590396488419884,53.75572369383026,35.44333097532038,51.839385986328125,18094639,714497000000.0,32151100000.0,3795241000000.0,1324089200000.0,976556000000.0,121870000000.0,26.159506,-46.14,-73.085,183446051,MEP.NS,1.3558763655130888,0.014484613757071026,0.0562923170816625,1
2017-06-30,51.888522848276615,119.89393507076144,51.888522848276615,108.78900909423828,133828157,714497000000.0,32151100000.0,3795241000000.0,1324089200000.0,976556000000.0,121870000000.0,26.159506,-46.14,-73.085,183446051,MEP.NS,1.3558763655130888,0.014484613757071026,0.0562923170816625,0
2017-09-30,113.01477924520377,139.45039521983594,86.82767466242349,99.32299041748047,181591141,714497000000.0,32151100000.0,3795241000000.0,1324089200000.0,976556000000.0,121870000000.0,26.159506,-46.14,-73.085,183446051,MEP.NS,1.3558763655130888,0.014484613757071026,0.0562923170816625,0
2017-12-31,102.22545364862992,115.7046340461029,85.49943944833365,91.5011215209961,61677644,714497000000.0,32151100000.0,3795241000000.0,1324089200000.0,976556000000.0,121870000000.0,26.159506,-46.14,-73.085,183446051,MEP.NS,1.3558763655130888,0.014484613757071026,0.0562923170816625,0
2018-03-31,92.28822608590885,103.79965950253452,70.34763741260242,75.26705169677734,61103649,714497000000.0,32151100000.0,3795241000000.0,1324089200000.0,976556000000.0,121870000000.0,26.159506,-46.14,-73.085,183446051,MEP.NS,1.3558763655130888,0.014484613757071026,0.0562923170816625,0
2018-06-30,76.25093079109895,85.30265639207515,63.46045174996837,67.10081481933594,35667100,714497000000.0,32151100000.0,3795241000000.0,1324089200000.0,976556000000.0,121870000000.0,26.159506,-46.14,-73.085,183446051,MEP.NS,1.3558763655130888,0.014484613757071026,0.0562923170816625,0
2018-09-30,67.59275944801398,67.59275944801398,42.27762226690483,46.67845153808594,24524639,714497000000.0,32151100000.0,3795241000000.0,1324089200000.0,976556000000.0,121870000000.0,26.159506,-46.14,-73.085,183446051,MEP.NS,1.3558763655130888,0.014484613757071026,0.0562923170816625,0
2018-12-31,46.431215827067376,48.35967018943101,36.591158595229636,45.04668426513672,20816120,714497000000.0,32151100000.0,3795241000000.0,1324089200000.0,976556000000.0,121870000000.0,26.159506,-46.14,-73.085,183446051,MEP.NS,1.3558763655130888,0.014484613757071026,0.0562923170816625,0
2019-03-31,44.74999973480714,49.447512441379075,35.20662688316656,40.89309310913086,19280835,714497000000.0,32151100000.0,3795241000000.0,1324089200000.0,976556000000.0,121870000000.0,26.159506,-46.14,-73.085,183446051,MEP.NS,1.3558763655130888,0.014484613757071026,0.0562923170816625,0
2019-06-30,41.04143629983665,44.7005524309133,29.915746045534355,34.514366149902344,35124310,714497000000.0,32151100000.0,3795241000000.0,1324089200000.0,976556000000.0,121870000000.0,26.159506,-46.14,-73.085,183446051,MEP.NS,1.3558763655130888,0.014484613757071026,0.0562923170816625,0
2019-09-30,33.27817889474768,38.47016681370317,24.476518701115765,29.899999618530273,21722860,714497000000.0,32151100000.0,3795241000000.0,1324089200000.0,976556000000.0,121870000000.0,26.159506,-46.14,-73.085,183446051,MEP.NS,1.3558763655130888,0.014484613757071026,0.0562923170816625,1
2019-12-31,29.350000381469727,44.650001525878906,24.600000381469727,38.45000076293945,16374378,714497000000.0,32151100000.0,3795241000000.0,1324089200000.0,976556000000.0,121870000000.0,26.159506,-46.14,-73.085,183446051,MEP.NS,1.3558763655130888,0.014484613757071026,0.0562923170816625,0
2020-03-31,38.45000076293945,42.0,12.449999809265137,12.449999809265137,17812984,714497000000.0,32151100000.0,3795241000000.0,1324089200000.0,976556000000.0,121870000000.0,26.159506,-46.14,-73.085,183446051,MEP.NS,1.3558763655130888,0.014484613757071026,0.0562923170816625,1
2020-06-30,11.850000381469727,23.600000381469727,9.75,19.149999618530273,10196907,714497000000.0,32151100000.0,3795241000000.0,1324089200000.0,976556000000.0,121870000000.0,26.159506,-46.14,-73.085,183446051,MEP.NS,1.3558763655130888,0.014484613757071026,0.0562923170816625,0
2020-09-30,18.950000762939453,23.450000762939453,12.600000381469727,12.649999618530273,9154208,714497000000.0,32151100000.0,3795241000000.0,1324089200000.0,976556000000.0,121870000000.0,26.159506,-46.14,-73.085,183446051,MEP.NS,1.3558763655130888,0.014484613757071026,0.0562923170816625,1
2020-12-31,12.75,21.0,12.050000190734863,18.450000762939453,22231469,714497000000.0,32151100000.0,3795241000000.0,1324089200000.0,976556000000.0,121870000000.0,26.159506,-46.14,-73.085,183446051,MEP.NS,1.3558763655130888,0.014484613757071026,0.0562923170816625,0
2021-03-31,18.450000762939453,22.850000381469727,15.5,15.850000381469727,30101357,714497000000.0,32151100000.0,3795241000000.0,1324089200000.0,976556000000.0,121870000000.0,26.159506,-46.14,-73.085,183446051,MEP.NS,1.3558763655130888,0.014484613757071026,0.0562923170816625,1
2021-06-30,16.100000381469727,27.450000762939453,14.0,24.649999618530273,37724029,714497000000.0,32151100000.0,3795241000000.0,1324089200000.0,976556000000.0,121870000000.0,26.159506,-46.14,-73.085,183446051,MEP.NS,1.3558763655130888,0.014484613757071026,0.0562923170816625,0
2021-09-30,24.399999618530273,28.399999618530273,18.5,20.899999618530273,24316861,714497000000.0,32151100000.0,3795241000000.0,1324089200000.0,976556000000.0,121870000000.0,26.159506,-46.14,-73.085,183446051,MEP.NS,1.3558763655130888,0.014484613757071026,0.0562923170816625,1
2021-12-31,20.700000762939453,30.0,18.100000381469727,21.100000381469727,27939653,714497000000.0,32151100000.0,3795241000000.0,1324089200000.0,976556000000.0,121870000000.0,26.159506,-46.14,-73.085,183446051,MEP.NS,1.3558763655130888,0.014484613757071026,0.0562923170816625,0
2022-03-31,22.149999618530273,32.150001525878906,17.5,19.25,52890325,714497000000.0,32151100000.0,3795241000000.0,1324089200000.0,976556000000.0,121870000000.0,26.159506,-46.14,-73.085,183446051,MEP.NS,1.3558763655130888,0.014484613757071026,0.0562923170816625,0
2022-06-30,19.399999618530273,30.899999618530273,16.149999618530273,17.350000381469727,37814240,714497000000.0,32151100000.0,3795241000000.0,1324089200000.0,976556000000.0,121870000000.0,26.159506,-46.14,-73.085,183446051,MEP.NS,1.3558763655130888,0.014484613757071026,0.0562923170816625,0
2022-09-30,17.350000381469727,20.450000762939453,10.5,10.850000381469727,53280301,714497000000.0,32151100000.0,3795241000000.0,1324089200000.0,976556000000.0,121870000000.0,26.159506,-46.14,-73.085,183446051,MEP.NS,1.3558763655130888,0.014484613757071026,0.0562923170816625,1
2022-12-31,11.050000190734863,21.200000762939453,10.550000190734863,17.350000381469727,43913457,714497000000.0,32151100000.0,3795241000000.0,1324089200000.0,976556000000.0,121870000000.0,26.159506,-46.14,-73.085,183446051,MEP.NS,1.3558763655130888,0.014484613757071026,0.0562923170816625,0
2023-03-31,17.700000762939453,20.700000762939453,11.5,11.850000381469727,41811936,714497000000.0,32151100000.0,3795241000000.0,1324089200000.0,976556000000.0,121870000000.0,26.159506,-46.14,-73.085,183446051,MEP.NS,1.3558763655130888,0.014484613757071026,0.0562923170816625,1
2023-06-30,12.399999618530273,15.800000190734863,12.0,12.149999618530273,27523083,714497000000.0,32151100000.0,3795241000000.0,1324089200000.0,976556000000.0,121870000000.0,26.159506,-46.14,-73.085,183446051,MEP.NS,1.3558763655130888,0.014484613757071026,0.0562923170816625,1
2023-09-30,12.149999618530273,14.100000381469727,9.800000190734863,12.199999809265137,52893956,714497000000.0,32151100000.0,3795241000000.0,1324089200000.0,976556000000.0,121870000000.0,26.159506,-46.14,-73.085,183446051,MEP.NS,1.3558763655130888,0.014484613757071026,0.0562923170816625,1
2023-12-31,12.25,17.5,11.300000190734863,15.199999809265137,73520215,714497000000.0,32151100000.0,3795241000000.0,1324089200000.0,976556000000.0,121870000000.0,26.159506,-46.14,-73.085,183446051,MEP.NS,1.3558763655130888,0.014484613757071026,0.0562923170816625,0
2024-03-31,15.5,22.25,9.949999809265137,11.5,58079404,714497000000.0,32151100000.0,3795241000000.0,1324089200000.0,976556000000.0,121870000000.0,26.159506,-46.14,-73.085,183446051,MEP.NS,1.3558763655130888,0.014484613757071026,0.0562923170816625,0
2024-06-30,10.949999809265137,12.550000190734863,7.400000095367432,8.079999923706055,34723196,714497000000.0,32151100000.0,3795241000000.0,1324089200000.0,976556000000.0,121870000000.0,26.159506,-46.14,-73.085,183446051,MEP.NS,1.3558763655130888,0.014484613757071026,0.0562923170816625,0
2024-09-30,7.909999847412109,8.890000343322754,5.860000133514404,5.860000133514404,7731586,714497000000.0,32151100000.0,3795241000000.0,1324089200000.0,976556000000.0,121870000000.0,26.159506,-46.14,-73.085,183446051,MEP.NS,1.3558763655130888,0.014484613757071026,0.0562923170816625,0
2024-12-31,5.559999942779541,6.150000095367432,2.8499999046325684,2.8499999046325684,17488998,714497000000.0,32151100000.0,3795241000000.0,1324089200000.0,976556000000.0,121870000000.0,26.159506,-46.14,-73.085,183446051,MEP.NS,1.3558763655130888,0.014484613757071026,0.0562923170816625,0
2025-03-31,2.990000009536743,3.440000057220459,1.3200000524520874,1.3200000524520874,12381979,714497000000.0,32151100000.0,3795241000000.0,1324089200000.0,976556000000.0,121870000000.0,26.159506,-46.14,-73.085,183446051,MEP.NS,1.3558763655130888,0.014484613757071026,0.0562923170816625,1
2025-06-30,1.3200000524520874,2.549999952316284,1.1399999856948853,2.119999885559082,4721331,714497000000.0,32151100000.0,3795241000000.0,1324089200000.0,976556000000.0,121870000000.0,26.159506,-46.14,-73.085,183446051,MEP.NS,1.3558763655130888,0.014484613757071026,0.0562923170816625,0
2025-09-30,2.069999933242798,2.069999933242798,1.4800000190734863,1.850000023841858,5601344,714497000000.0,32151100000.0,3795241000000.0,1324089200000.0,976556000000.0,121870000000.0,26.159506,-46.14,-73.085,183446051,MEP.NS,1.3558763655130888,0.014484613757071026,0.0562923170816625,1
2025-12-31,1.8799999952316284,2.869999885559082,1.8799999952316284,1.899999976158142,4409045,714497000000.0,32151100000.0,3795241000000.0,1324089200000.0,976556000000.0,121870000000.0,26.159506,-46.14,-73.085,183446051,MEP.NS,1.3558763655130888,0.014484613757071026,0.0562923170816625,0
2026-03-31,1.899999976158142,1.899999976158142,0.8899999856948853,0.8899999856948853,7920177,714497000000.0,32151100000.0,3795241000000.0,1324089200000.0,976556000000.0,121870000000.0,26.159506,-46.14,-73.085,183446051,MEP.NS,1.3558763655130888,0.014484613757071026,0.0562923170816625,0
2016-03-31,37.866860458248574,38.88779188768516,37.30725091317625,37.82674789428711,18491714,714497000000.0,32151100000.0,3795241000000.0,1324089200000.0,976556000000.0,121870000000.0,32.681816,2.42,9.918,2700000000,NBCC.NS,1.3558763655130888,0.014484613757071026,0.0562923170816625,1
2016-03-31,37.866864288160926,38.887784122516884,37.3072471198927,37.826744079589844,18491714,714497000000.0,32151100000.0,3795241000000.0,1324089200000.0,976556000000.0,121870000000.0,32.681816,2.42,9.918,2700000000,NBCC.NS,1.3558763655130888,0.014484613757071026,0.0562923170816625,1
2016-06-30,37.98719738145798,41.228516085088955,35.301485041278994,38.22990036010742,182298923,714497000000.0,32151100000.0,3795241000000.0,1324089200000.0,976556000000.0,121870000000.0,32.681816,2.42,9.918,2700000000,NBCC.NS,1.3558763655130888,0.014484613757071026,0.0562923170816625,1
2016-06-30,37.987193570784925,41.228516085088955,35.30148142875962,38.22989273071289,182298923,714497000000.0,32151100000.0,3795241000000.0,1324089200000.0,976556000000.0,121870000000.0,32.681816,2.42,9.918,2700000000,NBCC.NS,1.3558763655130888,0.014484613757071026,0.0562923170816625,1
2016-09-30,38.31012343158884,53.51383287769186,38.30009705150926,50.89919662475586,370460657,714497000000.0,32151100000.0,3795241000000.0,1324089200000.0,976556000000.0,121870000000.0,32.681816,2.42,9.918,2700000000,NBCC.NS,1.3558763655130888,0.014484613757071026,0.0562923170816625,0
2016-09-30,38.31012721165198,53.513837307555804,38.3001008305831,50.899200439453125,370460657,714497000000.0,32151100000.0,3795241000000.0,1324089200000.0,976556000000.0,121870000000.0,32.681816,2.42,9.918,2700000000,NBCC.NS,1.3558763655130888,0.014484613757071026,0.0562923170816625,0
2016-12-31,51.55628440925658,60.53315250337376,40.24423505700526,48.311279296875,346121372,714497000000.0,32151100000.0,3795241000000.0,1324089200000.0,976556000000.0,121870000000.0,32.681816,2.42,9.918,2700000000,NBCC.NS,1.3558763655130888,0.014484613757071026,0.0562923170816625,1
2016-12-31,51.556291917923176,60.53316063668603,40.24423848661449,48.311283111572266,346121372,714497000000.0,32151100000.0,3795241000000.0,1324089200000.0,976556000000.0,121870000000.0,32.681816,2.42,9.918,2700000000,NBCC.NS,1.3558763655130888,0.014484613757071026,0.0562923170816625,1
2017-03-31,48.735858976049116,60.047920496777635,47.21950496433699,52.3367805480957,375534199,714497000000.0,32151100000.0,3795241000000.0,1324089200000.0,976556000000.0,121870000000.0,32.681816,2.42,9.918,2700000000,NBCC.NS,1.3558763655130888,0.014484613757071026,0.0562923170816625,1
2017-03-31,48.735858976049116,60.047912662965544,47.21949818023191,52.33677291870117,375534199,714497000000.0,32151100000.0,3795241000000.0,1324089200000.0,976556000000.0,121870000000.0,32.681816,2.42,9.918,2700000000,NBCC.NS,1.3558763655130888,0.014484613757071026,0.0562923170816625,1
2017-06-30,52.47366983894075,64.94565416423268,52.01736737617169,61.59951400756836,272286771,714497000000.0,32151100000.0,3795241000000.0,1324089200000.0,976556000000.0,121870000000.0,32.681816,2.42,9.918,2700000000,NBCC.NS,1.3558763655130888,0.014484613757071026,0.0562923170816625,1
2017-06-30,52.47366224476555,64.94565022784877,52.01737114567889,61.59953308105469,272286771,714497000000.0,32151100000.0,3795241000000.0,1324089200000.0,976556000000.0,121870000000.0,32.681816,2.42,9.918,2700000000,NBCC.NS,1.3558763655130888,0.014484613757071026,0.0562923170816625,1
2017-09-30,62.11665218885568,69.87741909295129,57.219110626245055,65.01506805419922,213604494,714497000000.0,32151100000.0,3795241000000.0,1324089200000.0,976556000000.0,121870000000.0,32.681816,2.42,9.918,2700000000,NBCC.NS,1.3558763655130888,0.014484613757071026,0.0562923170816625,1
2017-09-30,62.11664843573037,69.87741909295129,57.21911422025724,65.01506805419922,213604494,714497000000.0,32151100000.0,3795241000000.0,1324089200000.0,976556000000.0,121870000000.0,32.681816,2.42,9.918,2700000000,NBCC.NS,1.3558763655130888,0.014484613757071026,0.0562923170816625,1
2017-12-31,66.05480032836255,89.0822468667127,64.99975697878972,75.50431823730469,429766773,714497000000.0,32151100000.0,3795241000000.0,1324089200000.0,976556000000.0,121870000000.0,32.681816,2.42,9.918,2700000000,NBCC.NS,1.3558763655130888,0.014484613757071026,0.0562923170816625,0
2017-12-31,66.05481577667913,89.08226284975954,64.99977218036204,75.50432586669922,429766773,714497000000.0,32151100000.0,3795241000000.0,1324089200000.0,976556000000.0,121870000000.0,32.681816,2.42,9.918,2700000000,NBCC.NS,1.3558763655130888,0.014484613757071026,0.0562923170816625,0
2018-03-31,75.6266382375654,78.65415047093008,55.458512677936504,58.38569259643555,357682833,714497000000.0,32151100000.0,3795241000000.0,1324089200000.0,976556000000.0,121870000000.0,32.681816,2.42,9.918,2700000000,NBCC.NS,1.3558763655130888,0.014484613757071026,0.0562923170816625,0
2018-03-31,75.62663059890454,78.65414273017981,55.45852017098136,58.38569259643555,357682833,714497000000.0,32151100000.0,3795241000000.0,1324089200000.0,976556000000.0,121870000000.0,32.681816,2.42,9.918,2700000000,NBCC.NS,1.3558763655130888,0.014484613757071026,0.0562923170816625,0
2018-06-30,59.82693703305383,66.97183653167478,42.93065635059158,45.96646499633789,324371049,714497000000.0,32151100000.0,3795241000000.0,1324089200000.0,976556000000.0,121870000000.0,32.681816,2.42,9.918,2700000000,NBCC.NS,1.3558763655130888,0.014484613757071026,0.0562923170816625,0
2018-06-30,59.826940772990525,66.9718208713382,42.93064527821594,45.96647644042969,324371049,714497000000.0,32151100000.0,3795241000000.0,1324089200000.0,976556000000.0,121870000000.0,32.681816,2.42,9.918,2700000000,NBCC.NS,1.3558763655130888,0.014484613757071026,0.0562923170816625,0
2018-09-30,46.61043150600723,48.818289538567896,35.619348620914536,36.175899505615234,489419883,714497000000.0,32151100000.0,3795241000000.0,1324089200000.0,976556000000.0,121870000000.0,32.681816,2.42,9.918,2700000000,NBCC.NS,1.3558763655130888,0.014484613757071026,0.0562923170816625,0
2018-09-30,46.61042753454158,48.81828566053606,35.619352376924304,36.1759033203125,489419883,714497000000.0,32151100000.0,3795241000000.0,1324089200000.0,976556000000.0,121870000000.0,32.681816,2.42,9.918,2700000000,NBCC.NS,1.3558763655130888,0.014484613757071026,0.0562923170816625,0
2018-12-31,36.175907007683726,42.5762522447161,29.466350204594825,35.71211242675781,801261498,714497000000.0,32151100000.0,3795241000000.0,1324089200000.0,976556000000.0,121870000000.0,32.681816,2.42,9.918,2700000000,NBCC.NS,1.3558763655130888,0.014484613757071026,0.0562923170816625,1
2018-12-31,36.17589940428333,42.5762522447161,29.466357489978574,35.71210861206055,801261498,714497000000.0,32151100000.0,3795241000000.0,1324089200000.0,976556000000.0,121870000000.0,32.681816,2.42,9.918,2700000000,NBCC.NS,1.3558763655130888,0.014484613757071026,0.0562923170816625,1
2019-03-31,35.92854669454985,42.23613914138764,29.18807723904087,40.16452407836914,895679476,714497000000.0,32151100000.0,3795241000000.0,1324089200000.0,976556000000.0,121870000000.0,32.681816,2.42,9.918,2700000000,NBCC.NS,1.3558763655130888,0.014484613757071026,0.0562923170816625,0
2019-03-31,35.92853898554394,42.23613914138764,29.18807723904087,40.16453170776367,895679476,714497000000.0,32151100000.0,3795241000000.0,1324089200000.0,976556000000.0,121870000000.0,32.681816,2.42,9.918,2700000000,NBCC.NS,1.3558763655130888,0.014484613757071026,0.0562923170816625,0
2019-06-30,41.43222518500209,41.98877961837291,31.63072049491047,36.856136322021484,699284789,714497000000.0,32151100000.0,3795241000000.0,1324089200000.0,976556000000.0,121870000000.0,32.681816,2.42,9.918,2700000000,NBCC.NS,1.3558763655130888,0.014484613757071026,0.0562923170816625,0
2019-06-30,41.432221344510545,41.988775726292474,31.630727906943324,36.85613250732422,699284789,714497000000.0,32151100000.0,3795241000000.0,1324089200000.0,976556000000.0,121870000000.0,32.681816,2.42,9.918,2700000000,NBCC.NS,1.3558763655130888,0.014484613757071026,0.0562923170816625,0
2019-09-30,36.97980525492936,38.556702262339215,17.624158371192266,21.958457946777344,1519191220,714497000000.0,32151100000.0,3795241000000.0,1324089200000.0,976556000000.0,121870000000.0,32.681816,2.42,9.918,2700000000,NBCC.NS,1.3558763655130888,0.014484613757071026,0.0562923170816625,0
2019-09-30,36.979816585337694,38.556706142378026,17.624156669801405,21.958457946777344,1519191220,714497000000.0,32151100000.0,3795241000000.0,1324089200000.0,976556000000.0,121870000000.0,32.681816,2.42,9.918,2700000000,NBCC.NS,1.3558763655130888,0.014484613757071026,0.0562923170816625,0
2019-12-31,22.461802174604337,28.816544031405545,19.693401700037022,21.927001953125,1484144161,714497000000.0,32151100000.0,3795241000000.0,1324089200000.0,976556000000.0,121870000000.0,32.681816,2.42,9.918,2700000000,NBCC.NS,1.3558763655130888,0.014484613757071026,0.0562923170816625,0
2019-12-31,22.461802174604337,28.816544031405545,19.693401700037022,21.927003860473633,1484144161,714497000000.0,32151100000.0,3795241000000.0,1324089200000.0,976556000000.0,121870000000.0,32.681816,2.42,9.918,2700000000,NBCC.NS,1.3558763655130888,0.014484613757071026,0.0562923170816625,0
2020-03-31,21.989915559170594,24.978531675104612,8.840007969148123,10.255670547485352,1324005822,714497000000.0,32151100000.0,3795241000000.0,1324089200000.0,976556000000.0,121870000000.0,32.681816,2.42,9.918,2700000000,NBCC.NS,1.3558763655130888,0.014484613757071026,0.0562923170816625,1
2020-03-31,21.989915559170594,24.97852973848723,8.840009540892867,10.255669593811035,1324005822,714497000000.0,32151100000.0,3795241000000.0,1324089200000.0,976556000000.0,121870000000.0,32.681816,2.42,9.918,2700000000,NBCC.NS,1.3558763655130888,0.014484613757071026,0.0562923170816625,1
2020-06-30,10.224210514631443,16.295818517340887,10.003996853934808,14.628487586975098,921969460,714497000000.0,32151100000.0,3795241000000.0,1324089200000.0,976556000000.0,121870000000.0,32.681816,2.42,9.918,2700000000,NBCC.NS,1.3558763655130888,0.014484613757071026,0.0562923170816625,1
2020-06-30,10.224211471249154,16.29582055446793,10.003997795762336,14.628486633300781,921969460,714497000000.0,32151100000.0,3795241000000.0,1324089200000.0,976556000000.0,121870000000.0,32.681816,2.42,9.918,2700000000,NBCC.NS,1.3558763655130888,0.014484613757071026,0.0562923170816625,1
2020-09-30,14.785782370023869,19.1271388360281,13.967846262227527,14.848699569702148,1125178160,714497000000.0,32151100000.0,3795241000000.0,1324089200000.0,976556000000.0,121870000000.0,32.681816,2.42,9.918,2700000000,NBCC.NS,1.3558763655130888,0.014484613757071026,0.0562923170816625,1
2020-09-30,14.785782370023869,19.127136863803724,13.967845335681746,14.848699569702148,1125178160,714497000000.0,32151100000.0,3795241000000.0,1324089200000.0,976556000000.0,121870000000.0,32.681816,2.42,9.918,2700000000,NBCC.NS,1.3558763655130888,0.014484613757071026,0.0562923170816625,1
2020-12-31,14.9745347619817,20.49486689139238,13.999303868170257,18.439048767089844,906421886,714497000000.0,32151100000.0,3795241000000.0,1324089200000.0,976556000000.0,121870000000.0,32.681816,2.42,9.918,2700000000,NBCC.NS,1.3558763655130888,0.014484613757071026,0.0562923170816625,1
2020-12-31,14.97453667334574,20.49486689139238,13.999303645458774,18.439050674438477,906421886,714497000000.0,32151100000.0,3795241000000.0,1324089200000.0,976556000000.0,121870000000.0,32.681816,2.42,9.918,2700000000,NBCC.NS,1.3558763655130888,0.014484613757071026,0.0562923170816625,1
2021-03-31,18.47068051342842,34.1897328901026,18.375798321645803,29.60369300842285,1911990349,714497000000.0,32151100000.0,3795241000000.0,1324089200000.0,976556000000.0,121870000000.0,32.681816,2.42,9.918,2700000000,NBCC.NS,1.3558763655130888,0.014484613757071026,0.0562923170816625,1
2021-03-31,18.470678672285352,34.189728947762354,18.37579648996052,29.60369300842285,1911990349,714497000000.0,32151100000.0,3795241000000.0,1324089200000.0,976556000000.0,121870000000.0,32.681816,2.42,9.918,2700000000,NBCC.NS,1.3558763655130888,0.014484613757071026,0.0562923170816625,1
2021-06-30,29.888342055923424,37.826938923601425,24.163696119023513,34.1264762878418,1634991098,714497000000.0,32151100000.0,3795241000000.0,1324089200000.0,976556000000.0,121870000000.0,32.681816,2.42,9.918,2700000000,NBCC.NS,1.3558763655130888,0.014484613757071026,0.0562923170816625,0
2021-06-30,29.888342055923424,37.826938923601425,24.163696119023513,34.12648010253906,1634991098,714497000000.0,32151100000.0,3795241000000.0,1324089200000.0,976556000000.0,121870000000.0,32.681816,2.42,9.918,2700000000,NBCC.NS,1.3558763655130888,0.014484613757071026,0.0562923170816625,0
2021-09-30,34.47438748642687,35.106946668954784,25.650207207796583,31.145187377929688,699523972,714497000000.0,32151100000.0,3795241000000.0,1324089200000.0,976556000000.0,121870000000.0,32.681816,2.42,9.918,2700000000,NBCC.NS,1.3558763655130888,0.014484613757071026,0.0562923170816625,0
2021-09-30,34.4743757295369,35.10693889243678,25.650208959619643,31.145183563232422,699523972,714497000000.0,32151100000.0,3795241000000.0,1324089200000.0,976556000000.0,121870000000.0,32.681816,2.42,9.918,2700000000,NBCC.NS,1.3558763655130888,0.014484613757071026,0.0562923170816625,0
2021-12-31,31.337041280613217,32.29633797498249,25.037662398254405,29.4184513092041,477132843,714497000000.0,32151100000.0,3795241000000.0,1324089200000.0,976556000000.0,121870000000.0,32.681816,2.42,9.918,2700000000,NBCC.NS,1.3558763655130888,0.014484613757071026,0.0562923170816625,0
2021-12-31,31.337045158624907,32.296345782163385,25.037658655261975,29.418447494506836,477132843,714497000000.0,32151100000.0,3795241000000.0,1324089200000.0,976556000000.0,121870000000.0,32.681816,2.42,9.918,2700000000,NBCC.NS,1.3558763655130888,0.014484613757071026,0.0562923170816625,0
2022-03-31,29.738217011716042,34.34283957429381,21.840000095429907,23.214994430541992,778715243,714497000000.0,32151100000.0,3795241000000.0,1324089200000.0,976556000000.0,121870000000.0,32.681816,2.42,9.918,2700000000,NBCC.NS,1.3558763655130888,0.014484613757071026,0.0562923170816625,0
2022-03-31,29.73821511253592,34.34284346876615,21.84000198616892,23.214996337890625,778715243,714497000000.0,32151100000.0,3795241000000.0,1324089200000.0,976556000000.0,121870000000.0,32.681816,2.42,9.918,2700000000,NBCC.NS,1.3558763655130888,0.014484613757071026,0.0562923170816625,0
2022-06-30,23.27894705354371,26.924277111076627,16.979563731908957,18.162694931030273,364360099,714497000000.0,32151100000.0,3795241000000.0,1324089200000.0,976556000000.0,121870000000.0,32.681816,2.42,9.918,2700000000,NBCC.NS,1.3558763655130888,0.014484613757071026,0.0562923170816625,1
2022-06-30,23.27894705354371,26.924277111076627,16.979561979656047,18.16269302368164,364360099,714497000000.0,32151100000.0,3795241000000.0,1324089200000.0,976556000000.0,121870000000.0,32.681816,2.42,9.918,2700000000,NBCC.NS,1.3558763655130888,0.014484613757071026,0.0562923170816625,1
2022-09-30,18.226649548958473,23.97768952923481,17.938859824733015,19.954368591308594,435061298,714497000000.0,32151100000.0,3795241000000.0,1324089200000.0,976556000000.0,121870000000.0,32.681816,2.42,9.918,2700000000,NBCC.NS,1.3558763655130888,0.014484613757071026,0.0562923170816625,1
2022-09-30,18.226649548958473,23.97768758505458,17.938861663259903,19.954370498657227,435061298,714497000000.0,32151100000.0,3795241000000.0,1324089200000.0,976556000000.0,121870000000.0,32.681816,2.42,9.918,2700000000,NBCC.NS,1.3558763655130888,0.014484613757071026,0.0562923170816625,1
2022-12-31,20.019260730734473,28.390363111193217,19.532568848813796,25.178197860717773,826137868,714497000000.0,32151100000.0,3795241000000.0,1324089200000.0,976556000000.0,121870000000.0,32.681816,2.42,9.918,2700000000,NBCC.NS,1.3558763655130888,0.014484613757071026,0.0562923170816625,0
2022-12-31,20.019260730734473,28.39036506773492,19.532568848813796,25.17819595336914,826137868,714497000000.0,32151100000.0,3795241000000.0,1324089200000.0,976556000000.0,121870000000.0,32.681816,2.42,9.918,2700000000,NBCC.NS,1.3558763655130888,0.014484613757071026,0.0562923170816625,0
2023-03-31,25.307980836014206,26.832951100820857,20.084153096546785,23.004304885864258,497358657,714497000000.0,32151100000.0,3795241000000.0,1324089200000.0,976556000000.0,121870000000.0,32.681816,2.42,9.918,2700000000,NBCC.NS,1.3558763655130888,0.014484613757071026,0.0562923170816625,1
2023-03-31,25.30797900157282,26.83294534396946,20.084154994695954,23.00430679321289,497358657,714497000000.0,32151100000.0,3795241000000.0,1324089200000.0,976556000000.0,121870000000.0,32.681816,2.42,9.918,2700000000,NBCC.NS,1.3558763655130888,0.014484613757071026,0.0562923170816625,1
2023-06-30,23.00430602746202,29.00683810290536,22.906967266224935,25.69733428955078,761784137,714497000000.0,32151100000.0,3795241000000.0,1324089200000.0,976556000000.0,121870000000.0,32.681816,2.42,9.918,2700000000,NBCC.NS,1.3558763655130888,0.014484613757071026,0.0562923170816625,1
2023-06-30,23.00430602746202,29.00683810290536,22.906967266224935,25.69733428955078,761784137,714497000000.0,32151100000.0,3795241000000.0,1324089200000.0,976556000000.0,121870000000.0,32.681816,2.42,9.918,2700000000,NBCC.NS,1.3558763655130888,0.014484613757071026,0.0562923170816625,1
2023-09-30,25.956903301099658,41.709235094176776,25.243089452201282,38.364627838134766,2031521303,714497000000.0,32151100000.0,3795241000000.0,1324089200000.0,976556000000.0,121870000000.0,32.681816,2.42,9.918,2700000000,NBCC.NS,1.3558763655130888,0.014484613757071026,0.0562923170816625,1
2023-09-30,25.956901359777994,41.70924320838298,25.24308760653309,38.36463165283203,2031521303,714497000000.0,32151100000.0,3795241000000.0,1324089200000.0,976556000000.0,121870000000.0,32.681816,2.42,9.918,2700000000,NBCC.NS,1.3558763655130888,0.014484613757071026,0.0562923170816625,1
2023-12-31,38.36463380916613,56.33370925598815,37.2825535393785,53.480953216552734,3032805443,714497000000.0,32151100000.0,3795241000000.0,1324089200000.0,976556000000.0,121870000000.0,32.681816,2.42,9.918,2700000000,NBCC.NS,1.3558763655130888,0.014484613757071026,0.0562923170816625,1
2023-12-31,38.36462998138225,56.333705264727584,37.28255730113986,53.480953216552734,3032805443,714497000000.0,32151100000.0,3795241000000.0,1324089200000.0,976556000000.0,121870000000.0,32.681816,2.42,9.918,2700000000,NBCC.NS,1.3558763655130888,0.014484613757071026,0.0562923170816625,1
2024-03-31,53.74327197882477,115.97922119307115,51.80864504306304,77.97529602050781,3808673533,714497000000.0,32151100000.0,3795241000000.0,1324089200000.0,976556000000.0,121870000000.0,32.681816,2.42,9.918,2700000000,NBCC.NS,1.3558763655130888,0.014484613757071026,0.0562923170816625,1
2024-03-31,53.74327197882477,115.97923743941051,51.80864504306304,77.97530364990234,3808673533,714497000000.0,32151100000.0,3795241000000.0,1324089200000.0,976556000000.0,121870000000.0,32.681816,2.42,9.918,2700000000,NBCC.NS,1.3558763655130888,0.014484613757071026,0.0562923170816625,1
2024-06-30,79.28690288120531,113.45438097801434,77.97529269298019,102.93524932861328,2037577610,714497000000.0,32151100000.0,3795241000000.0,1324089200000.0,976556000000.0,121870000000.0,32.681816,2.42,9.918,2700000000,NBCC.NS,1.3558763655130888,0.014484613757071026,0.0562923170816625,1
2024-06-30,79.28689549022923,113.45437303024964,77.97527807356033,102.93525695800781,2037577610,714497000000.0,32151100000.0,3795241000000.0,1324089200000.0,976556000000.0,121870000000.0,32.681816,2.42,9.918,2700000000,NBCC.NS,1.3558763655130888,0.014484613757071026,0.0562923170816625,1
2024-09-30,102.94837983732465,137.55524550240594,98.46921641609201,117.99349975585938,3110681430,714497000000.0,32151100000.0,123296136000.0,4132000.0,23384515000.0,21793046000.0,32.681816,2.42,9.918,2700000000,NBCC.NS,0.00017669812694426205,0.014484613757071026,0.0562923170816625,0
2024-09-30,102.94836454150906,137.55524550240594,98.4692228786531,117.99351501464844,3110681430,714497000000.0,32151100000.0,123296136000.0,4132000.0,23384515000.0,21793046000.0,32.681816,2.42,9.918,2700000000,NBCC.NS,0.00017669812694426205,0.014484613757071026,0.0562923170816625,0
2024-12-31,118.45416158100333,119.57289332097163,84.11231750342618,91.75260925292969,531703969,28090667000.0,1384755000.0,123296136000.0,4132000.0,23384515000.0,21793046000.0,32.681816,2.42,9.918,2700000000,NBCC.NS,0.00017669812694426205,0.014484613757071026,0.0562923170816625,0
2024-12-31,118.45416158100333,119.57289332097163,84.11232447053281,91.75261688232422,531703969,28090667000.0,1384755000.0,123296136000.0,4132000.0,23384515000.0,21793046000.0,32.681816,2.42,9.918,2700000000,NBCC.NS,0.00017669812694426205,0.014484613757071026,0.0562923170816625,0
2025-03-31,91.40711948112221,102.8083312114651,70.3424935923702,81.36083221435547,767415722,42018307000.0,1759170000.0,136409521000.0,4026000.0,24790569000.0,29986866000.0,32.681816,2.42,9.918,2700000000,NBCC.NS,0.00016240046769398477,0.01289624057839775,0.07096125950154673,1
2025-03-31,91.40712708178863,102.80833954673665,70.34250092354765,81.36083221435547,767415722,42018307000.0,1759170000.0,136409521000.0,4026000.0,24790569000.0,29986866000.0,32.681816,2.42,9.918,2700000000,NBCC.NS,0.00016240046769398477,0.01289624057839775,0.07096125950154673,1
2025-06-30,80.34743312054235,129.85540782124212,74.51535437270601,121.92699432373047,1034955093,23911859000.0,1321299000.0,136409521000.0,4026000.0,24790569000.0,29986866000.0,32.681816,2.42,9.918,2700000000,NBCC.NS,0.00016240046769398477,0.01289624057839775,0.07096125950154673,0
2025-06-30,80.34742556032728,129.855423317153,74.51535437270601,121.927001953125,1034955093,23911859000.0,1321299000.0,136409521000.0,4026000.0,24790569000.0,29986866000.0,32.681816,2.42,9.918,2700000000,NBCC.NS,0.00016240046769398477,0.01289624057839775,0.07096125950154673,0
2025-09-30,122.19524639824454,123.49678616345162,97.69681876927294,106.74872589111328,498941439,29101980000.0,1535162000.0,133952262000.0,3228000.0,26711929000.0,20149212000.0,32.681816,2.42,9.918,2700000000,NBCC.NS,0.00012084488544425227,0.011460515687297614,0.057471027270250684,1
2025-09-30,122.19523878247288,123.49678616345162,97.69681876927294,106.74872589111328,498941439,29101980000.0,1535162000.0,133952262000.0,3228000.0,26711929000.0,20149212000.0,32.681816,2.42,9.918,2700000000,NBCC.NS,0.00012084488544425227,0.011460515687297614,0.057471027270250684,1
2025-12-31,106.07083823114448,125.6902576592646,105.5159041783716,121.61543273925781,736958646,30223936000.0,1929955000.0,133952262000.0,3228000.0,26711929000.0,20149212000.0,32.681816,2.42,9.918,2700000000,NBCC.NS,0.00012084488544425227,0.011460515687297614,0.057471027270250684,0
2025-12-31,106.07083823114448,125.6902576592646,105.5159041783716,121.61543273925781,736958646,30223936000.0,1929955000.0,133952262000.0,3228000.0,26711929000.0,20149212000.0,32.681816,2.42,9.918,2700000000,NBCC.NS,0.00012084488544425227,0.011460515687297614,0.057471027270250684,0
2026-03-31,122.14477330406768,124.11226179508667,78.87000274658203,79.08999633789062,620640076,30223936000.0,1929955000.0,133952262000.0,3228000.0,26711929000.0,20149212000.0,32.681816,2.42,9.918,2700000000,NBCC.NS,0.00012084488544425227,0.011460515687297614,0.057471027270250684,0
2026-03-31,122.14477330406768,124.11226179508667,78.87000274658203,79.08999633789062,620640076,30223936000.0,1929955000.0,133952262000.0,3228000.0,26711929000.0,20149212000.0,32.681816,2.42,9.918,2700000000,NBCC.NS,0.00012084488544425227,0.011460515687297614,0.057471027270250684,0
2016-03-31,66.61081995219429,69.44720606315836,64.2619280452874,67.18697357177734,18426218,30223936000.0,1929955000.0,133952262000.0,3228000.0,26711929000.0,20149212000.0,11.493484,11.51,119.805,627846588,NCC.NS,0.00012084488544425227,0.011460515687297614,0.057471027270250684,0
2016-06-30,66.47787354893049,73.08132907839651,60.58349722690677,65.8130874633789,210995445,30223936000.0,1929955000.0,133952262000.0,3228000.0,26711929000.0,20149212000.0,11.493484,11.51,119.805,627846588,NCC.NS,0.00012084488544425227,0.011460515687297614,0.057471027270250684,1
2016-09-30,65.94604430829358,80.83328251405196,65.54717651423485,73.33052062988281,306669547,30223936000.0,1929955000.0,133952262000.0,3228000.0,26711929000.0,20149212000.0,11.493484,11.51,119.805,627846588,NCC.NS,0.00012084488544425227,0.011460515687297614,0.057471027270250684,0
2016-12-31,73.46451664809958,85.4331851603649,63.23754174193025,71.99075317382812,312508296,30223936000.0,1929955000.0,133952262000.0,3228000.0,26711929000.0,20149212000.0,11.493484,11.51,119.805,627846588,NCC.NS,0.00012084488544425227,0.011460515687297614,0.057471027270250684,1
2017-03-31,72.25870564793689,79.85077119185411,69.17720571910687,73.19654846191406,237463799,30223936000.0,1929955000.0,133952262000.0,3228000.0,26711929000.0,20149212000.0,11.493484,11.51,119.805,627846588,NCC.NS,0.00012084488544425227,0.011460515687297614,0.057471027270250684,1
2017-06-30,73.24120829880853,92.57867483186622,69.5791550839536,77.97509765625,336115428,30223936000.0,1929955000.0,133952262000.0,3228000.0,26711929000.0,20149212000.0,11.493484,11.51,119.805,627846588,NCC.NS,0.00012084488544425227,0.011460515687297614,0.057471027270250684,0
2017-09-30,78.42168960914205,86.01375927846088,68.37528456674397,74.43214416503906,207358697,30223936000.0,1929955000.0,133952262000.0,3228000.0,26711929000.0,20149212000.0,11.493484,11.51,119.805,627846588,NCC.NS,0.00012084488544425227,0.011460515687297614,0.057471027270250684,1
2017-12-31,74.88081563826282,122.03462073776618,73.62456949082981,120.01567840576172,418035250,30223936000.0,1929955000.0,133952262000.0,3228000.0,26711929000.0,20149212000.0,11.493484,11.51,119.805,627846588,NCC.NS,0.00012084488544425227,0.011460515687297614,0.057471027270250684,0
2018-03-31,121.09245731170384,126.88010641143542,91.07730906905093,105.47919464111328,353052054,30223936000.0,1929955000.0,133952262000.0,3228000.0,26711929000.0,20149212000.0,11.493484,11.51,119.805,627846588,NCC.NS,0.00012084488544425227,0.011460515687297614,0.057471027270250684,0
2018-06-30,106.28676745189365,122.66274406901317,80.84794238311905,86.18696594238281,439697216,30223936000.0,1929955000.0,133952262000.0,3228000.0,26711929000.0,20149212000.0,11.493484,11.51,119.805,627846588,NCC.NS,0.00012084488544425227,0.011460515687297614,0.057471027270250684,0
2018-09-30,87.53293090717911,95.50420012713748,65.61944337695445,66.20897674560547,621413967,30223936000.0,1929955000.0,133952262000.0,3228000.0,26711929000.0,20149212000.0,11.493484,11.51,119.805,627846588,NCC.NS,0.00012084488544425227,0.011460515687297614,0.057471027270250684,1
2018-12-31,65.6648023091079,83.30540724033112,57.36600426173309,79.94961547851562,595558069,30223936000.0,1929955000.0,133952262000.0,3228000.0,26711929000.0,20149212000.0,11.493484,11.51,119.805,627846588,NCC.NS,0.00012084488544425227,0.011460515687297614,0.057471027270250684,1
2019-03-31,80.2217029493198,103.57624117130223,69.70082073709149,101.0367202758789,567801152,30223936000.0,1929955000.0,133952262000.0,3228000.0,26711929000.0,20149212000.0,11.493484,11.51,119.805,627846588,NCC.NS,0.00012084488544425227,0.011460515687297614,0.057471027270250684,0
2019-06-30,102.39717084850862,108.11110285233201,80.04031582559773,88.38445281982422,687143450,30223936000.0,1929955000.0,133952262000.0,3228000.0,26711929000.0,20149212000.0,11.493484,11.51,119.805,627846588,NCC.NS,0.00012084488544425227,0.011460515687297614,0.057471027270250684,0
2019-09-30,88.88329367892446,90.24374160337885,44.81645777581037,50.974090576171875,864689109,30223936000.0,1929955000.0,133952262000.0,3228000.0,26711929000.0,20149212000.0,11.493484,11.51,119.805,627846588,NCC.NS,0.00012084488544425227,0.011460515687297614,0.057471027270250684,1
2019-12-31,51.390768432350654,64.30790782788985,42.038580071233895,51.8537483215332,1215631233,30223936000.0,1929955000.0,133952262000.0,3228000.0,26711929000.0,20149212000.0,11.493484,11.51,119.805,627846588,NCC.NS,0.00012084488544425227,0.011460515687297614,0.057471027270250684,0
2020-03-31,51.85375144264915,56.483552482757034,14.676466337943047,17.36174964904785,1324084978,30223936000.0,1929955000.0,133952262000.0,3228000.0,26711929000.0,20149212000.0,11.493484,11.51,119.805,627846588,NCC.NS,0.00012084488544425227,0.011460515687297614,0.057471027270250684,1
2020-06-30,17.454342376112585,32.362298224449916,15.000551819289448,26.991729736328125,1780921587,30223936000.0,1929955000.0,133952262000.0,3228000.0,26711929000.0,20149212000.0,11.493484,11.51,119.805,627846588,NCC.NS,0.00012084488544425227,0.011460515687297614,0.057471027270250684,1
2020-09-30,27.130624793549895,35.37167079023439,25.46389497559646,33.160091400146484,1013818271,30223936000.0,1929955000.0,133952262000.0,3228000.0,26711929000.0,20149212000.0,11.493484,11.51,119.805,627846588,NCC.NS,0.00012084488544425227,0.011460515687297614,0.057471027270250684,1
2020-12-31,33.113523031131955,56.67954725599161,28.782217764727175,53.6988639831543,643326248,30223936000.0,1929955000.0,133952262000.0,3228000.0,26711929000.0,20149212000.0,11.493484,11.51,119.805,627846588,NCC.NS,0.00012084488544425227,0.011460515687297614,0.057471027270250684,1
2021-03-31,53.79201124323275,93.00661754633121,52.95368812593461,73.58560943603516,674506805,30223936000.0,1929955000.0,133952262000.0,3228000.0,26711929000.0,20149212000.0,11.493484,11.51,119.805,627846588,NCC.NS,0.00012084488544425227,0.011460515687297614,0.057471027270250684,1
2021-06-30,74.05133938209805,87.5575618068269,64.45726894548852,80.89759826660156,336280527,30223936000.0,1929955000.0,133952262000.0,3228000.0,26711929000.0,20149212000.0,11.493484,11.51,119.805,627846588,NCC.NS,0.00012084488544425227,0.011460515687297614,0.057471027270250684,0
2021-09-30,81.40989065720076,91.74913899084646,65.80791520894257,77.51231384277344,287772225,30223936000.0,1929955000.0,133952262000.0,3228000.0,26711929000.0,20149212000.0,11.493484,11.51,119.805,627846588,NCC.NS,0.00012084488544425227,0.011460515687297614,0.057471027270250684,0
2021-12-31,76.94824599859216,80.37966484111479,62.235484078521324,66.136962890625,220928528,30223936000.0,1929955000.0,133952262000.0,3228000.0,26711929000.0,20149212000.0,11.493484,11.51,119.805,627846588,NCC.NS,0.00012084488544425227,0.011460515687297614,0.057471027270250684,0
2022-03-31,66.27796845652085,75.11503650549326,52.41130304280355,55.04362106323242,257234971,30223936000.0,1929955000.0,133952262000.0,3228000.0,26711929000.0,20149212000.0,11.493484,11.51,119.805,627846588,NCC.NS,0.00012084488544425227,0.011460515687297614,0.057471027270250684,0
2022-06-30,57.346893550030856,68.53424160676303,49.073906368315406,50.86011505126953,191463957,30223936000.0,1929955000.0,133952262000.0,3228000.0,26711929000.0,20149212000.0,11.493484,11.51,119.805,627846588,NCC.NS,0.00012084488544425227,0.011460515687297614,0.057471027270250684,1
2022-09-30,50.81310965502645,73.38013859383912,49.92000153992953,69.55118560791016,190953824,30223936000.0,1929955000.0,133952262000.0,3228000.0,26711929000.0,20149212000.0,11.493484,11.51,119.805,627846588,NCC.NS,0.00012084488544425227,0.011460515687297614,0.057471027270250684,1
2022-12-31,69.6965932331123,93.93044517207554,66.59465454594981,81.32884979248047,329792637,30223936000.0,1929955000.0,133952262000.0,3228000.0,26711929000.0,20149212000.0,11.493484,11.51,119.805,627846588,NCC.NS,0.00012084488544425227,0.011460515687297614,0.057471027270250684,1
2023-03-31,81.47425231564391,105.1749708181048,81.03803504760539,102.84851837158203,447409133,30223936000.0,1929955000.0,133952262000.0,3228000.0,26711929000.0,20149212000.0,11.493484,11.51,119.805,627846588,NCC.NS,0.00012084488544425227,0.011460515687297614,0.057471027270250684,1
2023-06-30,103.67245483398438,125.87069314358595,96.596171916838,118.3581771850586,343965097,30223936000.0,1929955000.0,133952262000.0,3228000.0,26711929000.0,20149212000.0,11.493484,11.51,119.805,627846588,NCC.NS,0.00012084488544425227,0.011460515687297614,0.057471027270250684,1
2023-09-30,120.00609300100747,173.65276315643865,116.5648796382569,152.46240234375,402999399,30223936000.0,1929955000.0,133952262000.0,3228000.0,26711929000.0,20149212000.0,11.493484,11.51,119.805,627846588,NCC.NS,0.00012084488544425227,0.011460515687297614,0.057471027270250684,1
2023-12-31,153.4948841508231,179.84760274866244,134.2711304115549,163.96713256835938,342481964,30223936000.0,1929955000.0,133952262000.0,3228000.0,26711929000.0,20149212000.0,11.493484,11.51,119.805,627846588,NCC.NS,0.00012084488544425227,0.011460515687297614,0.057471027270250684,1
2024-03-31,164.4587921085997,262.93740057934326,161.85302039428655,228.47235107421875,525748331,30223936000.0,1929955000.0,133952262000.0,3228000.0,26711929000.0,20149212000.0,11.493484,11.51,119.805,627846588,NCC.NS,0.00012084488544425227,0.011460515687297614,0.057471027270250684,1
2024-06-30,234.02806512216293,331.96585111198794,226.7023955165774,311.1688232421875,493307972,30223936000.0,1929955000.0,133952262000.0,3228000.0,26711929000.0,20149212000.0,11.493484,11.51,119.805,627846588,NCC.NS,0.00012084488544425227,0.011460515687297614,0.057471027270250684,0
2024-09-30,311.2179931856589,358.41693370434706,290.1547698183194,298.7688293457031,370273954,51959800000.0,1629600000.0,196615000000.0,17263900000.0,68707300000.0,1983200000.0,11.493484,11.51,119.805,627846588,NCC.NS,0.25126733258329176,0.00828827912417669,0.0237180037637922,0
2024-12-31,298.7688206518017,323.2247875354514,264.95622333417015,271.1939697265625,184770892,53445200000.0,1931800000.0,196615000000.0,17263900000.0,68707300000.0,1983200000.0,11.493484,11.51,119.805,627846588,NCC.NS,0.25126733258329176,0.00828827912417669,0.0237180037637922,0
2025-03-31,273.0751756819049,278.1743179782229,168.36997020868964,207.410400390625,445474254,59307000000.0,2538200000.0,210063800000.0,15935800000.0,73237100000.0,9884000000.0,11.493484,11.51,119.805,627846588,NCC.NS,0.21759190355707694,0.01208299573748547,0.034657298008796085,1
2025-06-30,207.4302210374388,239.75763871654533,185.15250030708515,228.18313598632812,256384891,51789900000.0,1921400000.0,210063800000.0,15935800000.0,73237100000.0,9884000000.0,11.493484,11.51,119.805,627846588,NCC.NS,0.21759190355707694,0.01208299573748547,0.034657298008796085,0
2025-09-30,232.38124639206873,234.549612406355,202.00999450683594,207.5800018310547,192440188,51789900000.0,1921400000.0,210063800000.0,15935800000.0,73237100000.0,9884000000.0,11.493484,11.51,119.805,627846588,NCC.NS,0.21759190355707694,0.01208299573748547,0.034657298008796085,0
2025-12-31,207.0,217.25,152.1999969482422,160.44000244140625,222408462,48682900000.0,1224500000.0,210063800000.0,15935800000.0,73237100000.0,9884000000.0,11.493484,11.51,119.805,627846588,NCC.NS,0.21759190355707694,0.01208299573748547,0.034657298008796085,0
2026-03-31,162.02999877929688,166.5,131.16000366210938,132.2899932861328,188726531,48682900000.0,1224500000.0,210063800000.0,15935800000.0,73237100000.0,9884000000.0,11.493484,11.51,119.805,627846588,NCC.NS,0.21759190355707694,0.01208299573748547,0.034657298008796085,0
2016-03-31,97.86727974384144,105.05968181062902,93.55965410811908,103.03256225585938,725500,48682900000.0,1224500000.0,210063800000.0,15935800000.0,73237100000.0,9884000000.0,5.5700994,31.17,258.15,256539165,PNCINFRA.NS,0.21759190355707694,0.01208299573748547,0.034657298008796085,1
2016-06-30,100.38171032926627,119.415250619938,96.88296002765232,112.28132629394531,8941050,48682900000.0,1224500000.0,210063800000.0,15935800000.0,73237100000.0,9884000000.0,5.5700994,31.17,258.15,256539165,PNCINFRA.NS,0.21759190355707694,0.01208299573748547,0.034657298008796085,1
2016-09-30,112.19362253535705,131.47080050940806,88.15073156775252,113.95741271972656,9383691,48682900000.0,1224500000.0,210063800000.0,15935800000.0,73237100000.0,9884000000.0,5.5700994,31.17,258.15,256539165,PNCINFRA.NS,0.21759190355707694,0.01208299573748547,0.034657298008796085,0
2016-12-31,116.35497040975771,131.0338988271958,91.25400374155498,101.33354949951172,15555946,48682900000.0,1224500000.0,210063800000.0,15935800000.0,73237100000.0,9884000000.0,5.5700994,31.17,258.15,256539165,PNCINFRA.NS,0.21759190355707694,0.01208299573748547,0.034657298008796085,1
2017-03-31,102.75251007080078,119.38862551512277,97.37022290275121,114.64242553710938,24928040,48682900000.0,1224500000.0,210063800000.0,15935800000.0,73237100000.0,9884000000.0,5.5700994,31.17,258.15,256539165,PNCINFRA.NS,0.21759190355707694,0.01208299573748547,0.034657298008796085,1
2017-06-30,115.42531175714079,164.8932920810617,115.13173764906183,140.13482666015625,40266819,48682900000.0,1224500000.0,210063800000.0,15935800000.0,73237100000.0,9884000000.0,5.5700994,31.17,258.15,256539165,PNCINFRA.NS,0.21759190355707694,0.01208299573748547,0.034657298008796085,0
2017-09-30,139.98807352083813,151.63334304379222,126.63020515368754,134.81886291503906,12513804,48682900000.0,1224500000.0,210063800000.0,15935800000.0,73237100000.0,9884000000.0,5.5700994,31.17,258.15,256539165,PNCINFRA.NS,0.21759190355707694,0.01208299573748547,0.034657298008796085,1
2017-12-31,144.73995764334083,224.2560651734739,137.02901393500397,199.9935760498047,24345520,48682900000.0,1224500000.0,210063800000.0,15935800000.0,73237100000.0,9884000000.0,5.5700994,31.17,258.15,256539165,PNCINFRA.NS,0.21759190355707694,0.01208299573748547,0.034657298008796085,0
2018-03-31,198.91305152406085,211.6336609571578,144.7890673909926,172.2930908203125,15746871,48682900000.0,1224500000.0,210063800000.0,15935800000.0,73237100000.0,9884000000.0,5.5700994,31.17,258.15,256539165,PNCINFRA.NS,0.21759190355707694,0.01208299573748547,0.034657298008796085,0
2018-06-30,178.77617635861293,184.08051118760238,137.91304499233073,141.69485473632812,20044343,48682900000.0,1224500000.0,210063800000.0,15935800000.0,73237100000.0,9884000000.0,5.5700994,31.17,258.15,256539165,PNCINFRA.NS,0.21759190355707694,0.01208299573748547,0.034657298008796085,0
2018-09-30,140.46697534352225,176.81159499789632,129.0973609810783,135.0594940185547,14809133,48682900000.0,1224500000.0,210063800000.0,15935800000.0,73237100000.0,9884000000.0,5.5700994,31.17,258.15,256539165,PNCINFRA.NS,0.21759190355707694,0.01208299573748547,0.034657298008796085,1
2018-12-31,135.01018110151455,157.1833992251232,120.67150557563563,145.25912475585938,8944523,48682900000.0,1224500000.0,210063800000.0,15935800000.0,73237100000.0,9884000000.0,5.5700994,31.17,258.15,256539165,PNCINFRA.NS,0.21759190355707694,0.01208299573748547,0.034657298008796085,1
2019-03-31,145.20989000092703,161.17456010632668,123.72650333663586,145.4562530517578,10658283,48682900000.0,1224500000.0,210063800000.0,15935800000.0,73237100000.0,9884000000.0,5.5700994,31.17,258.15,256539165,PNCINFRA.NS,0.21759190355707694,0.01208299573748547,0.034657298008796085,1
2019-06-30,150.77781795655414,208.13250227685532,143.1896574863553,198.22845458984375,11154321,48682900000.0,1224500000.0,210063800000.0,15935800000.0,73237100000.0,9884000000.0,5.5700994,31.17,258.15,256539165,PNCINFRA.NS,0.21759190355707694,0.01208299573748547,0.034657298008796085,0
2019-09-30,199.26322216070074,216.21341252420063,162.4557081022699,188.7015380859375,13291123,48682900000.0,1224500000.0,210063800000.0,15935800000.0,73237100000.0,9884000000.0,5.5700994,31.17,258.15,256539165,PNCINFRA.NS,0.21759190355707694,0.01208299573748547,0.034657298008796085,1
2019-12-31,188.30622356328738,204.11783896720473,156.5842252149005,189.39329528808594,15676179,48682900000.0,1224500000.0,210063800000.0,15935800000.0,73237100000.0,9884000000.0,5.5700994,31.17,258.15,256539165,PNCINFRA.NS,0.21759190355707694,0.01208299573748547,0.034657298008796085,0
2020-03-31,187.96034788175203,212.32012020298788,79.37010566913878,93.25985717773438,21834818,48682900000.0,1224500000.0,210063800000.0,15935800000.0,73237100000.0,9884000000.0,5.5700994,31.17,258.15,256539165,PNCINFRA.NS,0.21759190355707694,0.01208299573748547,0.034657298008796085,1
2020-06-30,95.14490222995451,150.80317268850987,89.44017369681582,142.02285766601562,10062535,48682900000.0,1224500000.0,210063800000.0,15935800000.0,73237100000.0,9884000000.0,5.5700994,31.17,258.15,256539165,PNCINFRA.NS,0.21759190355707694,0.01208299573748547,0.034657298008796085,1
2020-09-30,143.858306403753,176.59848507606728,125.50396168650468,154.97010803222656,17523745,48682900000.0,1224500000.0,210063800000.0,15935800000.0,73237100000.0,9884000000.0,5.5700994,31.17,258.15,256539165,PNCINFRA.NS,0.21759190355707694,0.01208299573748547,0.034657298008796085,1
2020-12-31,155.91262542982915,188.20633897554353,155.76381761568294,175.30868530273438,20613016,48682900000.0,1224500000.0,210063800000.0,15935800000.0,73237100000.0,9884000000.0,5.5700994,31.17,258.15,256539165,PNCINFRA.NS,0.21759190355707694,0.01208299573748547,0.034657298008796085,1
2021-03-31,175.804754386994,287.2701248757683,168.81027346054864,255.86932373046875,87206852,48682900000.0,1224500000.0,210063800000.0,15935800000.0,73237100000.0,9884000000.0,5.5700994,31.17,258.15,256539165,PNCINFRA.NS,0.21759190355707694,0.01208299573748547,0.034657298008796085,1
2021-06-30,256.663067246402,295.85206408337064,215.48980759254178,286.1788330078125,42351207,48682900000.0,1224500000.0,210063800000.0,15935800000.0,73237100000.0,9884000000.0,5.5700994,31.17,258.15,256539165,PNCINFRA.NS,0.21759190355707694,0.01208299573748547,0.034657298008796085,1
2021-09-30,285.63308894365747,392.3918406430113,273.3307639886572,380.3702087402344,57928674,48682900000.0,1224500000.0,210063800000.0,15935800000.0,73237100000.0,9884000000.0,5.5700994,31.17,258.15,256539165,PNCINFRA.NS,0.21759190355707694,0.01208299573748547,0.034657298008796085,0
2021-12-31,387.47387171230514,393.33564078272656,256.22952705846234,261.64422607421875,21432593,48682900000.0,1224500000.0,210063800000.0,15935800000.0,73237100000.0,9884000000.0,5.5700994,31.17,258.15,256539165,PNCINFRA.NS,0.21759190355707694,0.01208299573748547,0.034657298008796085,0
2022-03-31,263.0848175757273,315.94020972204623,231.54046787667843,257.4714050292969,33162730,48682900000.0,1224500000.0,210063800000.0,15935800000.0,73237100000.0,9884000000.0,5.5700994,31.17,258.15,256539165,PNCINFRA.NS,0.21759190355707694,0.01208299573748547,0.034657298008796085,0
2022-06-30,259.3094620414402,273.7155097827577,217.58148173491432,240.58152770996094,23992169,48682900000.0,1224500000.0,210063800000.0,15935800000.0,73237100000.0,9884000000.0,5.5700994,31.17,258.15,256539165,PNCINFRA.NS,0.21759190355707694,0.01208299573748547,0.034657298008796085,1
2022-09-30,241.4260330380126,303.3225025080385,233.0307628806154,263.9071960449219,22480647,48682900000.0,1224500000.0,210063800000.0,15935800000.0,73237100000.0,9884000000.0,5.5700994,31.17,258.15,256539165,PNCINFRA.NS,0.21759190355707694,0.01208299573748547,0.034657298008796085,1
2022-12-31,264.65368221825617,313.52355768314084,235.8891342169194,286.99847412109375,24510823,48682900000.0,1224500000.0,210063800000.0,15935800000.0,73237100000.0,9884000000.0,5.5700994,31.17,258.15,256539165,PNCINFRA.NS,0.21759190355707694,0.01208299573748547,0.034657298008796085,1
2023-03-31,288.3421644310061,350.35011347451086,259.77666348137296,287.5458984375,52189691,48682900000.0,1224500000.0,210063800000.0,15935800000.0,73237100000.0,9884000000.0,5.5700994,31.17,258.15,256539165,PNCINFRA.NS,0.21759190355707694,0.01208299573748547,0.034657298008796085,1
2023-06-30,298.842706727145,339.5012190600979,273.86032530412564,326.1640625,27553058,48682900000.0,1224500000.0,210063800000.0,15935800000.0,73237100000.0,9884000000.0,5.5700994,31.17,258.15,256539165,PNCINFRA.NS,0.21759190355707694,0.01208299573748547,0.034657298008796085,1
2023-09-30,327.8560802258982,385.8828057416783,313.57331527406564,364.33123779296875,33092462,48682900000.0,1224500000.0,210063800000.0,15935800000.0,73237100000.0,9884000000.0,5.5700994,31.17,258.15,256539165,PNCINFRA.NS,0.21759190355707694,0.01208299573748547,0.034657298008796085,0
2023-12-31,365.77643218884816,376.8393864054082,309.0661059905765,350.27825927734375,26933001,48682900000.0,1224500000.0,210063800000.0,15935800000.0,73237100000.0,9884000000.0,5.5700994,31.17,258.15,256539165,PNCINFRA.NS,0.21759190355707694,0.01208299573748547,0.034657298008796085,1
2024-03-31,351.62372579915916,473.36650109345265,343.1520790480136,434.89520263671875,59205202,48682900000.0,1224500000.0,210063800000.0,15935800000.0,73237100000.0,9884000000.0,5.5700994,31.17,258.15,256539165,PNCINFRA.NS,0.21759190355707694,0.01208299573748547,0.034657298008796085,1
2024-06-30,443.2671914988787,572.8836013832289,415.55988451508415,479.8448486328125,104439222,48682900000.0,1224500000.0,210063800000.0,15935800000.0,73237100000.0,9884000000.0,5.5700994,31.17,258.15,256539165,PNCINFRA.NS,0.21759190355707694,0.01208299573748547,0.034657298008796085,0
2024-09-30,481.7883397966359,537.701344279875,429.16434912727806,445.4267272949219,46376422,48682900000.0,1224500000.0,169284076000.0,87868185000.0,58296347000.0,6554975000.0,5.5700994,31.17,258.15,256539165,PNCINFRA.NS,1.5072674279230567,0.01208299573748547,0.034657298008796085,0
2024-12-31,449.11949880693214,468.7310478952014,281.0490260220017,332.8973388671875,105131130,14700138000.0,813546000.0,169284076000.0,87868185000.0,58296347000.0,6554975000.0,5.5700994,31.17,258.15,256539165,PNCINFRA.NS,1.5072674279230567,0.01208299573748547,0.034657298008796085,0
2025-03-31,333.89540162211006,338.13708600014724,243.52257522118805,252.70457458496094,44933837,7799869000.0,755068000.0,180587175000.0,93644807000.0,59890400000.0,11409801000.0,5.5700994,31.17,258.15,256539165,PNCINFRA.NS,1.5636029647489413,0.004181182855316276,0.012607496360017633,1
2025-06-30,252.00593545611045,320.421804405056,239.53040759415754,307.9961853027344,51161399,14228008000.0,4314145000.0,180587175000.0,93644807000.0,59890400000.0,11409801000.0,5.5700994,31.17,258.15,256539165,PNCINFRA.NS,1.5636029647489413,0.004181182855316276,0.012607496360017633,0
2025-09-30,308.29560061772844,331.1507795571959,287.1000061035156,294.0,35507363,11276399000.0,2157591000.0,137780121000.0,50687806000.0,66228491000.0,3601880000.0,5.5700994,31.17,258.15,256539165,PNCINFRA.NS,0.7653474393671449,0.015659668349398533,0.03257798822564144,0
2025-12-31,292.95001220703125,295.8999938964844,241.00999450683594,251.67999267578125,12392599,12006780000.0,767318000.0,137780121000.0,50687806000.0,66228491000.0,3601880000.0,5.5700994,31.17,258.15,256539165,PNCINFRA.NS,0.7653474393671449,0.015659668349398533,0.03257798822564144,0
2026-03-31,252.39999389648438,256.5,172.8000030517578,173.6199951171875,21872480,12006780000.0,767318000.0,137780121000.0,50687806000.0,66228491000.0,3601880000.0,5.5700994,31.17,258.15,256539165,PNCINFRA.NS,0.7653474393671449,0.015659668349398533,0.03257798822564144,0
2017-06-30,178.99018787202382,299.1020314185393,178.99018787202382,254.0247344970703,4666772,12006780000.0,767318000.0,137780121000.0,50687806000.0,66228491000.0,3601880000.0,58.724636,10.35,310.804,39641791,PSPPROJECT.NS,0.7653474393671449,0.015659668349398533,0.03257798822564144,1
2017-09-30,254.77845233366293,352.139622733314,252.80013367662627,321.50836181640625,8343592,12006780000.0,767318000.0,137780121000.0,50687806000.0,66228491000.0,3601880000.0,58.724636,10.35,310.804,39641791,PSPPROJECT.NS,0.7653474393671449,0.015659668349398533,0.03257798822564144,1
2017-12-31,327.2953346347815,518.9291734140116,319.8481741288823,493.3147277832031,6244391,12006780000.0,767318000.0,137780121000.0,50687806000.0,66228491000.0,3601880000.0,58.724636,10.35,310.804,39641791,PSPPROJECT.NS,0.7653474393671449,0.015659668349398533,0.03257798822564144,0
2018-03-31,493.3621911032869,564.4660278931029,410.447326029043,426.906982421875,3577227,12006780000.0,767318000.0,137780121000.0,50687806000.0,66228491000.0,3601880000.0,58.724636,10.35,310.804,39641791,PSPPROJECT.NS,0.7653474393671449,0.015659668349398533,0.03257798822564144,1
2018-06-30,431.65044048476943,564.4659486428285,419.6496153473032,465.85040283203125,2832980,12006780000.0,767318000.0,137780121000.0,50687806000.0,66228491000.0,3601880000.0,58.724636,10.35,310.804,39641791,PSPPROJECT.NS,0.7653474393671449,0.015659668349398533,0.03257798822564144,0
2018-09-30,465.8029467416998,484.6817538035872,385.4679075714314,394.38543701171875,1445085,12006780000.0,767318000.0,137780121000.0,50687806000.0,66228491000.0,3601880000.0,58.724636,10.35,310.804,39641791,PSPPROJECT.NS,0.7653474393671449,0.015659668349398533,0.03257798822564144,0
2018-12-31,394.1936972681784,426.6995686693552,343.56502924068496,376.406494140625,2316530,12006780000.0,767318000.0,137780121000.0,50687806000.0,66228491000.0,3601880000.0,58.724636,10.35,310.804,39641791,PSPPROJECT.NS,0.7653474393671449,0.015659668349398533,0.03257798822564144,1
2019-03-31,374.0573296516551,457.38358236197087,361.8795953074214,439.1649475097656,1970256,12006780000.0,767318000.0,137780121000.0,50687806000.0,66228491000.0,3601880000.0,58.724636,10.35,310.804,39641791,PSPPROJECT.NS,0.7653474393671449,0.015659668349398533,0.03257798822564144,1
2019-06-30,441.0347671653956,543.6824236917671,412.4602346631624,526.6622924804688,1772415,12006780000.0,767318000.0,137780121000.0,50687806000.0,66228491000.0,3601880000.0,58.724636,10.35,310.804,39641791,PSPPROJECT.NS,0.7653474393671449,0.015659668349398533,0.03257798822564144,1
2019-09-30,532.0799602926572,558.5972094133629,444.91821237227975,546.8801879882812,1045348,12006780000.0,767318000.0,137780121000.0,50687806000.0,66228491000.0,3601880000.0,58.724636,10.35,310.804,39641791,PSPPROJECT.NS,0.7653474393671449,0.015659668349398533,0.03257798822564144,0
2019-12-31,553.8039903454229,553.8039903454229,453.19152712874785,477.5456848144531,1489727,12006780000.0,767318000.0,137780121000.0,50687806000.0,66228491000.0,3601880000.0,58.724636,10.35,310.804,39641791,PSPPROJECT.NS,0.7653474393671449,0.015659668349398533,0.03257798822564144,0
2020-03-31,481.32231845301936,542.2804331127462,227.42238822810958,318.6363525390625,1986232,12006780000.0,767318000.0,137780121000.0,50687806000.0,66228491000.0,3601880000.0,58.724636,10.35,310.804,39641791,PSPPROJECT.NS,0.7653474393671449,0.015659668349398533,0.03257798822564144,1
2020-06-30,306.33402039706755,398.08720194024926,297.0214673555749,382.2558288574219,1429746,12006780000.0,767318000.0,137780121000.0,50687806000.0,66228491000.0,3601880000.0,58.724636,10.35,310.804,39641791,PSPPROJECT.NS,0.7653474393671449,0.015659668349398533,0.03257798822564144,1
2020-09-30,382.25585154254554,469.35269348332923,372.9922989070648,396.0776062011719,2079880,12006780000.0,767318000.0,137780121000.0,50687806000.0,66228491000.0,3601880000.0,58.724636,10.35,310.804,39641791,PSPPROJECT.NS,0.7653474393671449,0.015659668349398533,0.03257798822564144,1
2020-12-31,397.940140197252,429.65181396684477,370.5906258596028,405.7823181152344,2647669,12006780000.0,767318000.0,137780121000.0,50687806000.0,66228491000.0,3601880000.0,58.724636,10.35,310.804,39641791,PSPPROJECT.NS,0.7653474393671449,0.015659668349398533,0.03257798822564144,1
2021-03-31,405.7332733873968,520.8168410783435,390.1470082343212,454.1585388183594,10440681,12006780000.0,767318000.0,137780121000.0,50687806000.0,66228491000.0,3601880000.0,58.724636,10.35,310.804,39641791,PSPPROJECT.NS,0.7653474393671449,0.015659668349398533,0.03257798822564144,0
2021-06-30,459.5500073957798,464.5984275919462,389.16674438192535,409.8013610839844,5112163,12006780000.0,767318000.0,137780121000.0,50687806000.0,66228491000.0,3601880000.0,58.724636,10.35,310.804,39641791,PSPPROJECT.NS,0.7653474393671449,0.015659668349398533,0.03257798822564144,1
2021-09-30,419.555051393465,511.80511108665644,397.10693886096914,477.1835632324219,19797026,12006780000.0,767318000.0,137780121000.0,50687806000.0,66228491000.0,3601880000.0,58.724636,10.35,310.804,39641791,PSPPROJECT.NS,0.7653474393671449,0.015659668349398533,0.03257798822564144,1
2021-12-31,472.83111151008814,546.0309423477379,443.1555071376589,480.10162353515625,16038199,12006780000.0,767318000.0,137780121000.0,50687806000.0,66228491000.0,3601880000.0,58.724636,10.35,310.804,39641791,PSPPROJECT.NS,0.7653474393671449,0.015659668349398533,0.03257798822564144,1
2022-03-31,490.6364821270823,632.3868609572935,456.3611761959993,533.3198852539062,15484551,12006780000.0,767318000.0,137780121000.0,50687806000.0,66228491000.0,3601880000.0,58.724636,10.35,310.804,39641791,PSPPROJECT.NS,0.7653474393671449,0.015659668349398533,0.03257798822564144,1
2022-06-30,534.1112366935338,582.2351399477768,454.2344279138965,547.2179565429688,8129590,12006780000.0,767318000.0,137780121000.0,50687806000.0,66228491000.0,3601880000.0,58.724636,10.35,310.804,39641791,PSPPROJECT.NS,0.7653474393671449,0.015659668349398533,0.03257798822564144,1
2022-09-30,548.9984710340616,681.911461560311,535.1993082006081,640.1892700195312,16150548,12006780000.0,767318000.0,137780121000.0,50687806000.0,66228491000.0,3601880000.0,58.724636,10.35,310.804,39641791,PSPPROJECT.NS,0.7653474393671449,0.015659668349398533,0.03257798822564144,1
2022-12-31,636.0518867749246,744.3701572990446,558.2901069499916,698.1616821289062,15346978,12006780000.0,767318000.0,137780121000.0,50687806000.0,66228491000.0,3601880000.0,58.724636,10.35,310.804,39641791,PSPPROJECT.NS,0.7653474393671449,0.015659668349398533,0.03257798822564144,0
2023-03-31,700.1555569271212,773.6305279222591,650.009177559753,668.8515014648438,8505762,12006780000.0,767318000.0,137780121000.0,50687806000.0,66228491000.0,3601880000.0,58.724636,10.35,310.804,39641791,PSPPROJECT.NS,0.7653474393671449,0.015659668349398533,0.03257798822564144,1
2023-06-30,671.9420174159678,796.1615150154988,662.3713457332962,711.1718139648438,6508743,12006780000.0,767318000.0,137780121000.0,50687806000.0,66228491000.0,3601880000.0,58.724636,10.35,310.804,39641791,PSPPROJECT.NS,0.7653474393671449,0.015659668349398533,0.03257798822564144,1
2023-09-30,716.7049242942169,843.4168282937669,708.7791840320012,797.9500122070312,6191305,12006780000.0,767318000.0,137780121000.0,50687806000.0,66228491000.0,3601880000.0,58.724636,10.35,310.804,39641791,PSPPROJECT.NS,0.7653474393671449,0.015659668349398533,0.03257798822564144,0
2023-12-31,796.75,807.0,681.25,766.5,5524071,12006780000.0,767318000.0,137780121000.0,50687806000.0,66228491000.0,3601880000.0,58.724636,10.35,310.804,39641791,PSPPROJECT.NS,0.7653474393671449,0.015659668349398533,0.03257798822564144,0
2024-03-31,774.9000244140625,803.7999877929688,599.9000244140625,687.9000244140625,7645733,12006780000.0,767318000.0,137780121000.0,50687806000.0,66228491000.0,3601880000.0,58.724636,10.35,310.804,39641791,PSPPROJECT.NS,0.7653474393671449,0.015659668349398533,0.03257798822564144,0
2024-06-30,686.5499877929688,744.9000244140625,600.0,685.7000122070312,9323564,12006780000.0,767318000.0,137780121000.0,50687806000.0,66228491000.0,3601880000.0,58.724636,10.35,310.804,39641791,PSPPROJECT.NS,0.7653474393671449,0.015659668349398533,0.03257798822564144,0
2024-09-30,685.7000122070312,745.75,646.9500122070312,652.5999755859375,6344755,5859662000.0,102173000.0,23375365000.0,2737777000.0,11976002000.0,1678204000.0,58.724636,10.35,310.804,39641791,PSPPROJECT.NS,0.22860525574394527,0.004370969180588196,0.008531478201155945,0
2024-12-31,654.8499755859375,734.9500122070312,565.4000244140625,649.2000122070312,17109680,6302101000.0,50531000.0,23375365000.0,2737777000.0,11976002000.0,1678204000.0,58.724636,10.35,310.804,39641791,PSPPROJECT.NS,0.22860525574394527,0.004370969180588196,0.008531478201155945,0
2025-03-31,650.2000122070312,693.0,609.0,633.0999755859375,5126147,6540439000.0,64632000.0,23530657000.0,2715301000.0,12089403000.0,797230000.0,58.724636,10.35,310.804,39641791,PSPPROJECT.NS,0.22460174418869153,0.0027467146369946236,0.005346169699198546,1
2025-06-30,630.0499877929688,775.0,624.0,759.9000244140625,10559848,5177625000.0,4234000.0,23530657000.0,2715301000.0,12089403000.0,797230000.0,58.724636,10.35,310.804,39641791,PSPPROJECT.NS,0.22460174418869153,0.0027467146369946236,0.005346169699198546,0
2025-09-30,760.0,843.4500122070312,620.75,752.0999755859375,14277254,5177625000.0,4234000.0,23530657000.0,2715301000.0,12089403000.0,797230000.0,58.724636,10.35,310.804,39641791,PSPPROJECT.NS,0.22460174418869153,0.0027467146369946236,0.005346169699198546,1
2025-12-31,751.5499877929688,1029.9000244140625,732.2000122070312,867.5499877929688,23326991,8127936000.0,178338000.0,23530657000.0,2715301000.0,12089403000.0,797230000.0,58.724636,10.35,310.804,39641791,PSPPROJECT.NS,0.22460174418869153,0.0027467146369946236,0.005346169699198546,0
2026-03-31,871.7999877929688,900.9000244140625,604.0499877929688,607.7999877929688,3688837,8127936000.0,178338000.0,23530657000.0,2715301000.0,12089403000.0,797230000.0,58.724636,10.35,310.804,39641791,PSPPROJECT.NS,0.22460174418869153,0.0027467146369946236,0.005346169699198546,0
2016-03-31,74.9000015258789,74.9000015258789,57.79999923706055,58.849998474121094,671758,8127936000.0,178338000.0,23530657000.0,2715301000.0,12089403000.0,797230000.0,13.830083,32.31,297.079,69197791,RAMKY.NS,0.22460174418869153,0.0027467146369946236,0.005346169699198546,1
2016-06-30,58.0,84.0999984741211,53.099998474121094,81.3499984741211,11044782,8127936000.0,178338000.0,23530657000.0,2715301000.0,12089403000.0,797230000.0,13.830083,32.31,297.079,69197791,RAMKY.NS,0.22460174418869153,0.0027467146369946236,0.005346169699198546,0
2016-09-30,82.0,95.9000015258789,65.80000305175781,69.8499984741211,10151812,8127936000.0,178338000.0,23530657000.0,2715301000.0,12089403000.0,797230000.0,13.830083,32.31,297.079,69197791,RAMKY.NS,0.22460174418869153,0.0027467146369946236,0.005346169699198546,0
2016-12-31,70.0,85.30000305175781,52.599998474121094,62.25,2474157,8127936000.0,178338000.0,23530657000.0,2715301000.0,12089403000.0,797230000.0,13.830083,32.31,297.079,69197791,RAMKY.NS,0.22460174418869153,0.0027467146369946236,0.005346169699198546,1
2017-03-31,63.0,113.5999984741211,62.29999923706055,101.55000305175781,19506218,8127936000.0,178338000.0,23530657000.0,2715301000.0,12089403000.0,797230000.0,13.830083,32.31,297.079,69197791,RAMKY.NS,0.22460174418869153,0.0027467146369946236,0.005346169699198546,0
2017-06-30,102.0,121.69999694824219,92.0999984741211,95.30000305175781,18704543,8127936000.0,178338000.0,23530657000.0,2715301000.0,12089403000.0,797230000.0,13.830083,32.31,297.079,69197791,RAMKY.NS,0.22460174418869153,0.0027467146369946236,0.005346169699198546,1
2017-09-30,94.5,105.69999694824219,75.6500015258789,97.9000015258789,10409799,8127936000.0,178338000.0,23530657000.0,2715301000.0,12089403000.0,797230000.0,13.830083,32.31,297.079,69197791,RAMKY.NS,0.22460174418869153,0.0027467146369946236,0.005346169699198546,1
2017-12-31,108.0,271.6499938964844,105.55000305175781,223.0500030517578,45103254,8127936000.0,178338000.0,23530657000.0,2715301000.0,12089403000.0,797230000.0,13.830083,32.31,297.079,69197791,RAMKY.NS,0.22460174418869153,0.0027467146369946236,0.005346169699198546,0
2018-03-31,226.0,252.0,170.0500030517578,173.75,13182987,8127936000.0,178338000.0,23530657000.0,2715301000.0,12089403000.0,797230000.0,13.830083,32.31,297.079,69197791,RAMKY.NS,0.22460174418869153,0.0027467146369946236,0.005346169699198546,1
2018-06-30,175.0,214.60000610351562,128.0,174.85000610351562,12673177,8127936000.0,178338000.0,23530657000.0,2715301000.0,12089403000.0,797230000.0,13.830083,32.31,297.079,69197791,RAMKY.NS,0.22460174418869153,0.0027467146369946236,0.005346169699198546,0
2018-09-30,176.60000610351562,215.10000610351562,161.35000610351562,161.35000610351562,7179012,8127936000.0,178338000.0,23530657000.0,2715301000.0,12089403000.0,797230000.0,13.830083,32.31,297.079,69197791,RAMKY.NS,0.22460174418869153,0.0027467146369946236,0.005346169699198546,0
2018-12-31,158.10000610351562,166.5,101.19999694824219,155.75,4434824,8127936000.0,178338000.0,23530657000.0,2715301000.0,12089403000.0,797230000.0,13.830083,32.31,297.079,69197791,RAMKY.NS,0.22460174418869153,0.0027467146369946236,0.005346169699198546,0
2019-03-31,155.75,160.10000610351562,96.6500015258789,106.75,4592744,8127936000.0,178338000.0,23530657000.0,2715301000.0,12089403000.0,797230000.0,13.830083,32.31,297.079,69197791,RAMKY.NS,0.22460174418869153,0.0027467146369946236,0.005346169699198546,0
2019-06-30,108.05000305175781,141.9499969482422,86.0,96.0999984741211,9014622,8127936000.0,178338000.0,23530657000.0,2715301000.0,12089403000.0,797230000.0,13.830083,32.31,297.079,69197791,RAMKY.NS,0.22460174418869153,0.0027467146369946236,0.005346169699198546,0
2019-09-30,93.5999984741211,97.25,57.400001525878906,59.0,4548732,8127936000.0,178338000.0,23530657000.0,2715301000.0,12089403000.0,797230000.0,13.830083,32.31,297.079,69197791,RAMKY.NS,0.22460174418869153,0.0027467146369946236,0.005346169699198546,0
2019-12-31,58.400001525878906,60.0,28.600000381469727,33.79999923706055,4670901,8127936000.0,178338000.0,23530657000.0,2715301000.0,12089403000.0,797230000.0,13.830083,32.31,297.079,69197791,RAMKY.NS,0.22460174418869153,0.0027467146369946236,0.005346169699198546,0
2020-03-31,34.20000076293945,40.54999923706055,15.050000190734863,21.200000762939453,4894770,8127936000.0,178338000.0,23530657000.0,2715301000.0,12089403000.0,797230000.0,13.830083,32.31,297.079,69197791,RAMKY.NS,0.22460174418869153,0.0027467146369946236,0.005346169699198546,1
2020-06-30,21.0,42.20000076293945,18.899999618530273,35.29999923706055,4460054,8127936000.0,178338000.0,23530657000.0,2715301000.0,12089403000.0,797230000.0,13.830083,32.31,297.079,69197791,RAMKY.NS,0.22460174418869153,0.0027467146369946236,0.005346169699198546,0
2020-09-30,35.5,41.70000076293945,28.25,29.649999618530273,9102236,8127936000.0,178338000.0,23530657000.0,2715301000.0,12089403000.0,797230000.0,13.830083,32.31,297.079,69197791,RAMKY.NS,0.22460174418869153,0.0027467146369946236,0.005346169699198546,1
2020-12-31,29.899999618530273,58.45000076293945,27.399999618530273,52.25,10206342,8127936000.0,178338000.0,23530657000.0,2715301000.0,12089403000.0,797230000.0,13.830083,32.31,297.079,69197791,RAMKY.NS,0.22460174418869153,0.0027467146369946236,0.005346169699198546,1
2021-03-31,50.0,97.9000015258789,41.29999923706055,77.5,6797706,8127936000.0,178338000.0,23530657000.0,2715301000.0,12089403000.0,797230000.0,13.830083,32.31,297.079,69197791,RAMKY.NS,0.22460174418869153,0.0027467146369946236,0.005346169699198546,1
2021-06-30,80.5,173.5,59.599998474121094,173.5,9720239,8127936000.0,178338000.0,23530657000.0,2715301000.0,12089403000.0,797230000.0,13.830083,32.31,297.079,69197791,RAMKY.NS,0.22460174418869153,0.0027467146369946236,0.005346169699198546,0
2021-09-30,182.14999389648438,210.4499969482422,132.6999969482422,136.9499969482422,4956874,8127936000.0,178338000.0,23530657000.0,2715301000.0,12089403000.0,797230000.0,13.830083,32.31,297.079,69197791,RAMKY.NS,0.22460174418869153,0.0027467146369946236,0.005346169699198546,1
2021-12-31,136.8000030517578,242.0,134.5500030517578,194.14999389648438,10686628,8127936000.0,178338000.0,23530657000.0,2715301000.0,12089403000.0,797230000.0,13.830083,32.31,297.079,69197791,RAMKY.NS,0.22460174418869153,0.0027467146369946236,0.005346169699198546,0
2022-03-31,196.3000030517578,258.5,164.64999389648438,176.25,14523485,8127936000.0,178338000.0,23530657000.0,2715301000.0,12089403000.0,797230000.0,13.830083,32.31,297.079,69197791,RAMKY.NS,0.22460174418869153,0.0027467146369946236,0.005346169699198546,0
2022-06-30,176.0500030517578,223.60000610351562,123.3499984741211,148.6999969482422,5876748,8127936000.0,178338000.0,23530657000.0,2715301000.0,12089403000.0,797230000.0,13.830083,32.31,297.079,69197791,RAMKY.NS,0.22460174418869153,0.0027467146369946236,0.005346169699198546,1
2022-09-30,147.3000030517578,234.0,141.0,208.25,7117444,8127936000.0,178338000.0,23530657000.0,2715301000.0,12089403000.0,797230000.0,13.830083,32.31,297.079,69197791,RAMKY.NS,0.22460174418869153,0.0027467146369946236,0.005346169699198546,1
2022-12-31,207.5,344.29998779296875,204.3000030517578,285.8500061035156,15603817,8127936000.0,178338000.0,23530657000.0,2715301000.0,12089403000.0,797230000.0,13.830083,32.31,297.079,69197791,RAMKY.NS,0.22460174418869153,0.0027467146369946236,0.005346169699198546,1
2023-03-31,289.8999938964844,325.0,251.5,291.6499938964844,5793433,8127936000.0,178338000.0,23530657000.0,2715301000.0,12089403000.0,797230000.0,13.830083,32.31,297.079,69197791,RAMKY.NS,0.22460174418869153,0.0027467146369946236,0.005346169699198546,1
2023-06-30,297.5,424.5,293.04998779296875,385.6000061035156,7652653,8127936000.0,178338000.0,23530657000.0,2715301000.0,12089403000.0,797230000.0,13.830083,32.31,297.079,69197791,RAMKY.NS,0.22460174418869153,0.0027467146369946236,0.005346169699198546,1
2023-09-30,385.5,625.0,377.5,601.25,9716537,8127936000.0,178338000.0,23530657000.0,2715301000.0,12089403000.0,797230000.0,13.830083,32.31,297.079,69197791,RAMKY.NS,0.22460174418869153,0.0027467146369946236,0.005346169699198546,1
2023-12-31,603.0999755859375,824.0,570.0,791.7999877929688,8178484,8127936000.0,178338000.0,23530657000.0,2715301000.0,12089403000.0,797230000.0,13.830083,32.31,297.079,69197791,RAMKY.NS,0.22460174418869153,0.0027467146369946236,0.005346169699198546,0
2024-03-31,798.0,1009.0499877929688,426.75,485.79998779296875,16765458,8127936000.0,178338000.0,23530657000.0,2715301000.0,12089403000.0,797230000.0,13.830083,32.31,297.079,69197791,RAMKY.NS,0.22460174418869153,0.0027467146369946236,0.005346169699198546,1
2024-06-30,496.0,646.7999877929688,431.95001220703125,578.5,11423271,8127936000.0,178338000.0,23530657000.0,2715301000.0,12089403000.0,797230000.0,13.830083,32.31,297.079,69197791,RAMKY.NS,0.22460174418869153,0.0027467146369946236,0.005346169699198546,1
2024-09-30,585.0,779.0,562.0499877929688,662.7000122070312,13698287,8127936000.0,178338000.0,44179210000.0,6840250000.0,18542600000.0,1197970000.0,13.830083,32.31,297.079,69197791,RAMKY.NS,0.3688937905148145,0.0027467146369946236,0.005346169699198546,0
2024-12-31,668.0,693.2000122070312,529.9000244140625,634.0999755859375,5315081,4590940000.0,563750000.0,44179210000.0,6840250000.0,18542600000.0,1197970000.0,13.830083,32.31,297.079,69197791,RAMKY.NS,0.3688937905148145,0.0027467146369946236,0.005346169699198546,0
2025-03-31,631.5,653.9000244140625,402.25,448.25,4697998,4888950000.0,-46480000.0,41902180000.0,5702980000.0,19043320000.0,670360000.0,13.830083,32.31,297.079,69197791,RAMKY.NS,0.29947404129111943,-0.0011092501631180048,-0.002440750877473046,1
2025-06-30,451.6000061035156,571.7999877929688,403.3500061035156,563.9500122070312,7594677,3792410000.0,743950000.0,41902180000.0,5702980000.0,19043320000.0,670360000.0,13.830083,32.31,297.079,69197791,RAMKY.NS,0.29947404129111943,-0.0011092501631180048,-0.002440750877473046,0
2025-09-30,565.9500122070312,637.8499755859375,511.0,559.9000244140625,8616648,4716420000.0,752040000.0,44274200000.0,6125270000.0,20553370000.0,2275390000.0,13.830083,32.31,297.079,69197791,RAMKY.NS,0.29801779464876077,0.016985964737928634,0.03658962009636376,0
2025-12-31,559.8499755859375,705.0,520.5,556.8499755859375,15020751,4889200000.0,785160000.0,44274200000.0,6125270000.0,20553370000.0,2275390000.0,13.830083,32.31,297.079,69197791,RAMKY.NS,0.29801779464876077,0.016985964737928634,0.03658962009636376,0
2026-03-31,558.75,559.0,426.04998779296875,446.8500061035156,28846359,4889200000.0,785160000.0,44274200000.0,6125270000.0,20553370000.0,2275390000.0,13.830083,32.31,297.079,69197791,RAMKY.NS,0.29801779464876077,0.016985964737928634,0.03658962009636376,0
2018-09-30,59.40916674482178,91.29102720317196,53.8084913670482,69.43148040771484,297262822,4889200000.0,785160000.0,44274200000.0,6125270000.0,20553370000.0,2275390000.0,21.44289,8.58,54.714,480603774,RITES.NS,0.29801779464876077,0.016985964737928634,0.03658962009636376,1
2018-12-31,68.83902004203024,90.73208734870607,63.49270057741408,78.6378173828125,68864706,4889200000.0,785160000.0,44274200000.0,6125270000.0,20553370000.0,2275390000.0,21.44289,8.58,54.714,480603774,RITES.NS,0.29801779464876077,0.016985964737928634,0.03658962009636376,0
2019-03-31,78.75263787513147,79.64231819851788,57.68686200829479,74.77020263671875,64828282,4889200000.0,785160000.0,44274200000.0,6125270000.0,20553370000.0,2275390000.0,21.44289,8.58,54.714,480603774,RITES.NS,0.29801779464876077,0.016985964737928634,0.03658962009636376,1
2019-06-30,76.2268674960207,87.80729641967815,65.69521911172818,84.98137664794922,61299747,4889200000.0,785160000.0,44274200000.0,6125270000.0,20553370000.0,2275390000.0,21.44289,8.58,54.714,480603774,RITES.NS,0.29801779464876077,0.016985964737928634,0.03658962009636376,1
2019-09-30,85.94276303182943,104.09118377617217,77.28372589253945,98.01704406738281,60621635,4889200000.0,785160000.0,44274200000.0,6125270000.0,20553370000.0,2275390000.0,21.44289,8.58,54.714,480603774,RITES.NS,0.29801779464876077,0.016985964737928634,0.03658962009636376,1
2019-12-31,98.22011622322233,119.93194721137829,95.15536321896228,106.9897689819336,77247688,4889200000.0,785160000.0,44274200000.0,6125270000.0,20553370000.0,2275390000.0,21.44289,8.58,54.714,480603774,RITES.NS,0.29801779464876077,0.016985964737928634,0.03658962009636376,0
2020-03-31,107.59904285032079,124.69640671037509,72.71255199374366,93.86077880859375,86588636,4889200000.0,785160000.0,44274200000.0,6125270000.0,20553370000.0,2275390000.0,21.44289,8.58,54.714,480603774,RITES.NS,0.29801779464876077,0.016985964737928634,0.03658962009636376,1
2020-06-30,93.44125807106761,103.85328491630442,83.9064225585498,93.9179916381836,72981396,4889200000.0,785160000.0,44274200000.0,6125270000.0,20553370000.0,2275390000.0,21.44289,8.58,54.714,480603774,RITES.NS,0.29801779464876077,0.016985964737928634,0.03658962009636376,1
2020-09-30,94.18496531468651,111.36671207424423,90.16126943692468,98.88570404052734,101236728,4889200000.0,785160000.0,44274200000.0,6125270000.0,20553370000.0,2275390000.0,21.44289,8.58,54.714,480603774,RITES.NS,0.29801779464876077,0.016985964737928634,0.03658962009636376,1
2020-12-31,98.74908548891251,109.9510648887491,92.89440127726293,106.0089111328125,48018996,4889200000.0,785160000.0,44274200000.0,6125270000.0,20553370000.0,2275390000.0,21.44289,8.58,54.714,480603774,RITES.NS,0.29801779464876077,0.016985964737928634,0.03658962009636376,0
2021-03-31,106.5553272353439,111.2390776326756,95.12485182099529,97.27032470703125,57522236,4889200000.0,785160000.0,44274200000.0,6125270000.0,20553370000.0,2275390000.0,21.44289,8.58,54.714,480603774,RITES.NS,0.29801779464876077,0.016985964737928634,0.03658962009636376,1
2021-06-30,97.47230661476355,117.14450167057528,93.7963620222502,111.54984283447266,60390528,4889200000.0,785160000.0,44274200000.0,6125270000.0,20553370000.0,2275390000.0,21.44289,8.58,54.714,480603774,RITES.NS,0.29801779464876077,0.016985964737928634,0.03658962009636376,1
2021-09-30,111.08528190265503,122.39579223516927,101.79339577560619,112.908935546875,56546470,4889200000.0,785160000.0,44274200000.0,6125270000.0,20553370000.0,2275390000.0,21.44289,8.58,54.714,480603774,RITES.NS,0.29801779464876077,0.016985964737928634,0.03658962009636376,0
2021-12-31,112.10375103443779,131.26253420884188,106.12595658114246,110.67002868652344,41276234,4889200000.0,785160000.0,44274200000.0,6125270000.0,20553370000.0,2275390000.0,21.44289,8.58,54.714,480603774,RITES.NS,0.29801779464876077,0.016985964737928634,0.03658962009636376,1
2022-03-31,112.11492460690482,117.47568211250893,100.03231417085354,113.12987518310547,20872118,4889200000.0,785160000.0,44274200000.0,6125270000.0,20553370000.0,2275390000.0,21.44289,8.58,54.714,480603774,RITES.NS,0.29801779464876077,0.016985964737928634,0.03658962009636376,0
2022-06-30,112.13864348024991,123.68866289659937,97.48562325858761,101.21351623535156,25514232,4889200000.0,785160000.0,44274200000.0,6125270000.0,20553370000.0,2275390000.0,21.44289,8.58,54.714,480603774,RITES.NS,0.29801779464876077,0.016985964737928634,0.03658962009636376,1
2022-09-30,100.84719721882489,146.34589820055618,98.6923408904369,144.5088348388672,50686520,4889200000.0,785160000.0,44274200000.0,6125270000.0,20553370000.0,2275390000.0,21.44289,8.58,54.714,480603774,RITES.NS,0.29801779464876077,0.016985964737928634,0.03658962009636376,1
2022-12-31,146.0802751650094,191.67505421941078,136.86821849450612,151.93894958496094,203300824,4889200000.0,785160000.0,44274200000.0,6125270000.0,20553370000.0,2275390000.0,21.44289,8.58,54.714,480603774,RITES.NS,0.29801779464876077,0.016985964737928634,0.03658962009636376,1
2023-03-31,152.7674965247311,171.64435523144977,141.91999613361517,161.63748168945312,52661700,4889200000.0,785160000.0,44274200000.0,6125270000.0,20553370000.0,2275390000.0,21.44289,8.58,54.714,480603774,RITES.NS,0.29801779464876077,0.016985964737928634,0.03658962009636376,1
2023-06-30,161.66027668347112,197.4024415868562,156.05275132701067,169.57003784179688,105938688,4889200000.0,785160000.0,44274200000.0,6125270000.0,20553370000.0,2275390000.0,21.44289,8.58,54.714,480603774,RITES.NS,0.29801779464876077,0.016985964737928634,0.03658962009636376,1
2023-09-30,170.00314071700205,271.6451003738834,166.31040927585806,229.0842742919922,287459352,4889200000.0,785160000.0,44274200000.0,6125270000.0,20553370000.0,2275390000.0,21.44289,8.58,54.714,480603774,RITES.NS,0.29801779464876077,0.016985964737928634,0.03658962009636376,1
2023-12-31,229.3168816046375,247.00155643517328,201.08247948181202,236.05397033691406,134777876,4889200000.0,785160000.0,44274200000.0,6125270000.0,20553370000.0,2275390000.0,21.44289,8.58,54.714,480603774,RITES.NS,0.29801779464876077,0.016985964737928634,0.03658962009636376,1
2024-03-31,236.9936815793369,390.38623085296854,231.82527659668654,313.7458190917969,570086084,4889200000.0,785160000.0,44274200000.0,6125270000.0,20553370000.0,2275390000.0,21.44289,8.58,54.714,480603774,RITES.NS,0.29801779464876077,0.016985964737928634,0.03658962009636376,1
2024-06-30,316.3926779648963,363.137852067247,272.0107289041374,326.8382568359375,191831074,4889200000.0,785160000.0,44274200000.0,6125270000.0,20553370000.0,2275390000.0,21.44289,8.58,54.714,480603774,RITES.NS,0.29801779464876077,0.016985964737928634,0.03658962009636376,1
2024-09-30,326.29469777362027,376.6556953655761,280.34219108001133,330.0496520996094,333577663,4889200000.0,785160000.0,59318100000.0,101400000.0,25834200000.0,731700000.0,21.44289,8.58,54.714,480603774,RITES.NS,0.003925029611909794,0.016985964737928634,0.03658962009636376,0
2024-12-31,331.6265309461481,334.39804367138186,255.10650387040437,280.5498352050781,191738917,5757600000.0,1000900000.0,59318100000.0,101400000.0,25834200000.0,731700000.0,21.44289,8.58,54.714,480603774,RITES.NS,0.003925029611909794,0.016985964737928634,0.03658962009636376,0
2025-03-31,280.8865016994527,293.2955227868767,186.44849029461267,216.46051025390625,126299829,5817200000.0,1327100000.0,61192000000.0,90300000.0,26401600000.0,6881000000.0,21.44289,8.58,54.714,480603774,RITES.NS,0.003420247257741955,0.021687475486991764,0.05026589297618326,1
2025-06-30,219.00915620136962,306.22517234238984,196.16823542280213,271.3387756347656,144869279,4897400000.0,801000000.0,61192000000.0,90300000.0,26401600000.0,6881000000.0,21.44289,8.58,54.714,480603774,RITES.NS,0.003420247257741955,0.021687475486991764,0.05026589297618326,0
2025-09-30,271.9202235459044,290.52627687636596,236.2256574774291,242.00491333007812,108620362,5487400000.0,982100000.0,60647300000.0,78400000.0,26340400000.0,1465200000.0,21.44289,8.58,54.714,480603774,RITES.NS,0.0029764164553309743,0.016193631043756276,0.037284931132404976,0
2025-12-31,245.80160713174567,257.541144862459,215.31508286806792,240.79153442382812,65788217,6085900000.0,1019900000.0,60647300000.0,78400000.0,26340400000.0,1465200000.0,21.44289,8.58,54.714,480603774,RITES.NS,0.0029764164553309743,0.016193631043756276,0.037284931132404976,0
2026-03-31,240.97995299352036,245.33346751319277,182.25,183.97999572753906,32964386,6085900000.0,1019900000.0,60647300000.0,78400000.0,26340400000.0,1465200000.0,21.44289,8.58,54.714,480603774,RITES.NS,0.0029764164553309743,0.016193631043756276,0.037284931132404976,0
2019-06-30,15.667218562938404,24.655255207020673,15.37861159064377,22.923616409301758,857345937,6085900000.0,1019900000.0,60647300000.0,78400000.0,26340400000.0,1465200000.0,45.5,5.5,45.655,2085020100,RVNL.NS,0.0029764164553309743,0.016193631043756276,0.037284931132404976,0
2019-09-30,23.1297640445393,23.87189588668895,18.22345254390867,19.948081970214844,234377098,6085900000.0,1019900000.0,60647300000.0,78400000.0,26340400000.0,1465200000.0,45.5,5.5,45.655,2085020100,RVNL.NS,0.0029764164553309743,0.016193631043756276,0.037284931132404976,0
2019-12-31,20.237784303538493,22.224311605818322,18.66510897247688,18.996198654174805,310980454,6085900000.0,1019900000.0,60647300000.0,78400000.0,26340400000.0,1465200000.0,45.5,5.5,45.655,2085020100,RVNL.NS,0.0029764164553309743,0.016193631043756276,0.037284931132404976,0
2020-03-31,19.078971637640045,24.252230675685546,8.277210755781695,10.594830513000488,406070855,6085900000.0,1019900000.0,60647300000.0,78400000.0,26340400000.0,1465200000.0,45.5,5.5,45.655,2085020100,RVNL.NS,0.0029764164553309743,0.016193631043756276,0.037284931132404976,1
2020-06-30,10.512058877937283,17.630459076253537,10.429287233170918,15.602545738220215,312799677,6085900000.0,1019900000.0,60647300000.0,78400000.0,26340400000.0,1465200000.0,45.5,5.5,45.655,2085020100,RVNL.NS,0.0029764164553309743,0.016193631043756276,0.037284931132404976,1
2020-09-30,15.643930435180664,19.451447574376896,15.147293791851235,16.057788848876953,418314988,6085900000.0,1019900000.0,60647300000.0,78400000.0,26340400000.0,1465200000.0,45.5,5.5,45.655,2085020100,RVNL.NS,0.0029764164553309743,0.016193631043756276,0.037284931132404976,1
2020-12-31,16.099175621912575,21.2625055235301,14.940365392908966,20.828577041625977,305449546,6085900000.0,1019900000.0,60647300000.0,78400000.0,26340400000.0,1465200000.0,45.5,5.5,45.655,2085020100,RVNL.NS,0.0029764164553309743,0.016193631043756276,0.037284931132404976,1
2021-03-31,21.088933387746003,30.852322737076484,20.481434397149638,25.25464630126953,1001447312,6085900000.0,1019900000.0,60647300000.0,78400000.0,26340400000.0,1465200000.0,45.5,5.5,45.655,2085020100,RVNL.NS,0.0029764164553309743,0.016193631043756276,0.037284931132404976,1
2021-06-30,25.428217548084504,31.109609012782403,23.76052696543496,30.388227462768555,417662576,6085900000.0,1019900000.0,60647300000.0,78400000.0,26340400000.0,1465200000.0,45.5,5.5,45.655,2085020100,RVNL.NS,0.0029764164553309743,0.016193631043756276,0.037284931132404976,0
2021-09-30,30.658744421590065,30.658744421590065,24.797515353640993,27.232179641723633,208257476,6085900000.0,1019900000.0,60647300000.0,78400000.0,26340400000.0,1465200000.0,45.5,5.5,45.655,2085020100,RVNL.NS,0.0029764164553309743,0.016193631043756276,0.037284931132404976,1
2021-12-31,27.096917898131505,40.397404175947585,26.961659081117855,31.755260467529297,713687593,6085900000.0,1019900000.0,60647300000.0,78400000.0,26340400000.0,1465200000.0,45.5,5.5,45.655,2085020100,RVNL.NS,0.0029764164553309743,0.016193631043756276,0.037284931132404976,0
2022-03-31,31.98372042785559,35.913148938540004,26.50079461970931,31.24766731262207,262944913,6085900000.0,1019900000.0,60647300000.0,78400000.0,26340400000.0,1465200000.0,45.5,5.5,45.655,2085020100,RVNL.NS,0.0029764164553309743,0.016193631043756276,0.037284931132404976,0
2022-06-30,31.343224426017645,35.738917683007784,27.759772728700405,28.667579650878906,145565650,6085900000.0,1019900000.0,60647300000.0,78400000.0,26340400000.0,1465200000.0,45.5,5.5,45.655,2085020100,RVNL.NS,0.0029764164553309743,0.016193631043756276,0.037284931132404976,1
2022-09-30,28.763138614242294,35.32340903837603,28.476461724152127,32.43592834472656,175964197,6085900000.0,1019900000.0,60647300000.0,78400000.0,26340400000.0,1465200000.0,45.5,5.5,45.655,2085020100,RVNL.NS,0.0029764164553309743,0.016193631043756276,0.037284931132404976,1
2022-12-31,32.77280360996978,80.94544865194847,32.62843222551611,65.68997955322266,1920330282,6085900000.0,1019900000.0,60647300000.0,78400000.0,26340400000.0,1465200000.0,45.5,5.5,45.655,2085020100,RVNL.NS,0.0029764164553309743,0.016193631043756276,0.037284931132404976,1
2023-03-31,65.6899867456666,78.68359841670201,53.947595761868754,66.02685546875,712815662,6085900000.0,1019900000.0,60647300000.0,78400000.0,26340400000.0,1465200000.0,45.5,5.5,45.655,2085020100,RVNL.NS,0.0029764164553309743,0.016193631043756276,0.037284931132404976,1
2023-06-30,67.37434305950372,142.3337723312589,67.37434305950372,120.1557388305664,2392927060,6085900000.0,1019900000.0,60647300000.0,78400000.0,26340400000.0,1465200000.0,45.5,5.5,45.655,2085020100,RVNL.NS,0.0029764164553309743,0.016193631043756276,0.037284931132404976,1
2023-09-30,121.14142385737615,196.39894300211387,115.37513587626094,167.3897705078125,2495851856,6085900000.0,1019900000.0,60647300000.0,78400000.0,26340400000.0,1465200000.0,45.5,5.5,45.655,2085020100,RVNL.NS,0.0029764164553309743,0.016193631043756276,0.037284931132404976,1
2023-12-31,168.7727619125656,185.61544709405106,140.42169394281387,179.34266662597656,1022049186,6085900000.0,1019900000.0,60647300000.0,78400000.0,26340400000.0,1465200000.0,45.5,5.5,45.655,2085020100,RVNL.NS,0.0029764164553309743,0.016193631043756276,0.037284931132404976,1
2024-03-31,179.6883954716882,341.2993043049073,175.34191059278115,249.82516479492188,1868226263,6085900000.0,1019900000.0,60647300000.0,78400000.0,26340400000.0,1465200000.0,45.5,5.5,45.655,2085020100,RVNL.NS,0.0029764164553309743,0.016193631043756276,0.037284931132404976,1
2024-06-30,257.8266846402668,426.5500581955444,242.02122236153042,411.5348815917969,1580268962,6085900000.0,1019900000.0,60647300000.0,78400000.0,26340400000.0,1465200000.0,45.5,5.5,45.655,2085020100,RVNL.NS,0.0029764164553309743,0.016193631043756276,0.037284931132404976,1
2024-09-30,411.9299986322242,639.1335921119958,399.38437838580484,527.0317993164062,2002604541,6085900000.0,1019900000.0,204097200000.0,54419200000.0,87916200000.0,21618900000.0,45.5,5.5,45.655,2085020100,RVNL.NS,0.6189894467686274,0.016193631043756276,0.037284931132404976,0
2024-12-31,526.0896599096046,529.0647192493385,401.0379771590451,419.18585205078125,346038828,45673800000.0,3114400000.0,204097200000.0,54419200000.0,87916200000.0,21618900000.0,45.5,5.5,45.655,2085020100,RVNL.NS,0.6189894467686274,0.016193631043756276,0.037284931132404976,0
2025-03-31,422.11131080030754,497.62821306864396,307.72028156483765,348.92486572265625,717008395,64268800000.0,4591400000.0,204817000000.0,54193400000.0,95707100000.0,31274600000.0,45.5,5.5,45.655,2085020100,RVNL.NS,0.5662422119153124,0.02241708451935142,0.04797345233530219,1
2025-06-30,348.5282053307146,444.07715571606496,302.4643663344661,394.3937072753906,562620388,39087700000.0,1345300000.0,204817000000.0,54193400000.0,95707100000.0,31274600000.0,45.5,5.5,45.655,2085020100,RVNL.NS,0.5662422119153124,0.02241708451935142,0.04797345233530219,0
2025-09-30,396.27787536229727,398.50916967147253,300.65589328943446,338.3874206542969,330407589,51229800000.0,2302900000.0,197505600000.0,49806900000.0,95579900000.0,11096100000.0,45.5,5.5,45.655,2085020100,RVNL.NS,0.521102240115338,0.011659922554094669,0.024093977917951367,1
2025-12-31,337.98864073262394,399.44567041661327,300.25713018137145,356.1316833496094,437091756,46844600000.0,3228300000.0,197505600000.0,49806900000.0,95579900000.0,11096100000.0,45.5,5.5,45.655,2085020100,RVNL.NS,0.521102240115338,0.011659922554094669,0.024093977917951367,0
2026-03-31,358.07558966438864,371.7326765172235,249.10000610351562,250.25,445580555,46844600000.0,3228300000.0,197505600000.0,49806900000.0,95579900000.0,11096100000.0,45.5,5.5,45.655,2085020100,RVNL.NS,0.521102240115338,0.011659922554094669,0.024093977917951367,0
2016-03-31,262.8202181343313,295.30362122810925,262.62333704114224,293.3349304199219,583070,46844600000.0,3228300000.0,197505600000.0,49806900000.0,95579900000.0,11096100000.0,45.5,-12.21,-13.137,171570800,SADBHAV.NS,0.521102240115338,0.011659922554094669,0.024093977917951367,0
2016-06-30,293.1380481958815,301.89874629049564,244.31452118852596,287.97021484375,9670389,46844600000.0,3228300000.0,197505600000.0,49806900000.0,95579900000.0,11096100000.0,45.5,-12.21,-13.137,171570800,SADBHAV.NS,0.521102240115338,0.011659922554094669,0.024093977917951367,0
2016-09-30,288.0194377932678,304.16271357804385,268.42135391803976,277.5973205566406,8668621,46844600000.0,3228300000.0,197505600000.0,49806900000.0,95579900000.0,11096100000.0,45.5,-12.21,-13.137,171570800,SADBHAV.NS,0.521102240115338,0.011659922554094669,0.024093977917951367,0
2016-12-31,281.7906250355691,289.8812598663919,234.77618969259163,271.2333679199219,4362455,46844600000.0,3228300000.0,197505600000.0,49806900000.0,95579900000.0,11096100000.0,45.5,-12.21,-13.137,171570800,SADBHAV.NS,0.521102240115338,0.011659922554094669,0.024093977917951367,1
2017-03-31,269.26000028223484,324.6117639475492,266.3986925093144,301.12921142578125,6810569,46844600000.0,3228300000.0,197505600000.0,49806900000.0,95579900000.0,11096100000.0,45.5,-12.21,-13.137,171570800,SADBHAV.NS,0.521102240115338,0.011659922554094669,0.024093977917951367,1
2017-06-30,302.85587588960954,345.33163000310566,291.06526955413494,307.8878479003906,6375257,46844600000.0,3228300000.0,197505600000.0,49806900000.0,95579900000.0,11096100000.0,45.5,-12.21,-13.137,171570800,SADBHAV.NS,0.521102240115338,0.011659922554094669,0.024093977917951367,0
2017-09-30,307.9371762255287,310.7984896317786,257.5680697662668,290.7627868652344,6824247,46844600000.0,3228300000.0,197505600000.0,49806900000.0,95579900000.0,11096100000.0,45.5,-12.21,-13.137,171570800,SADBHAV.NS,0.521102240115338,0.011659922554094669,0.024093977917951367,1
2017-12-31,290.56494851741553,430.38231644227517,272.0182405790727,422.02392578125,21824510,46844600000.0,3228300000.0,197505600000.0,49806900000.0,95579900000.0,11096100000.0,45.5,-12.21,-13.137,171570800,SADBHAV.NS,0.521102240115338,0.011659922554094669,0.024093977917951367,0
2018-03-31,425.09033741357024,435.229184189779,361.09183097305163,385.2273254394531,11056584,46844600000.0,3228300000.0,197505600000.0,49806900000.0,95579900000.0,11096100000.0,45.5,-12.21,-13.137,171570800,SADBHAV.NS,0.521102240115338,0.011659922554094669,0.024093977917951367,0
2018-06-30,385.22729470436116,402.0924395312762,261.1869410334226,283.6903076171875,7909548,46844600000.0,3228300000.0,197505600000.0,49806900000.0,95579900000.0,11096100000.0,45.5,-12.21,-13.137,171570800,SADBHAV.NS,0.521102240115338,0.011659922554094669,0.024093977917951367,0
2018-09-30,282.89897773897553,306.53981925453826,209.2141083763915,215.072509765625,21038282,46844600000.0,3228300000.0,197505600000.0,49806900000.0,95579900000.0,11096100000.0,45.5,-12.21,-13.137,171570800,SADBHAV.NS,0.521102240115338,0.011659922554094669,0.024093977917951367,0
2018-12-31,215.0724990605627,247.24399862951574,186.12805809709144,209.7105712890625,9823878,46844600000.0,3228300000.0,197505600000.0,49806900000.0,95579900000.0,11096100000.0,45.5,-12.21,-13.137,171570800,SADBHAV.NS,0.521102240115338,0.011659922554094669,0.024093977917951367,1
2019-03-31,210.00846938845007,256.9748896617719,161.0064750627829,243.96726989746094,14888958,46844600000.0,3228300000.0,197505600000.0,49806900000.0,95579900000.0,11096100000.0,45.5,-12.21,-13.137,171570800,SADBHAV.NS,0.521102240115338,0.011659922554094669,0.024093977917951367,1
2019-06-30,247.29365793293644,272.51455574339934,205.68913892009763,244.3644561767578,10503727,46844600000.0,3228300000.0,197505600000.0,49806900000.0,95579900000.0,11096100000.0,45.5,-12.21,-13.137,171570800,SADBHAV.NS,0.521102240115338,0.011659922554094669,0.024093977917951367,0
2019-09-30,253.05276386312138,263.5283514864097,108.42989780216703,141.64999389648438,18997277,46844600000.0,3228300000.0,197505600000.0,49806900000.0,95579900000.0,11096100000.0,45.5,-12.21,-13.137,171570800,SADBHAV.NS,0.521102240115338,0.011659922554094669,0.024093977917951367,0
2019-12-31,144.9499969482422,146.0500030517578,102.8499984741211,107.6500015258789,7276831,46844600000.0,3228300000.0,197505600000.0,49806900000.0,95579900000.0,11096100000.0,45.5,-12.21,-13.137,171570800,SADBHAV.NS,0.521102240115338,0.011659922554094669,0.024093977917951367,0
2020-03-31,109.0,141.89999389648438,26.799999237060547,27.100000381469727,28735340,46844600000.0,3228300000.0,197505600000.0,49806900000.0,95579900000.0,11096100000.0,45.5,-12.21,-13.137,171570800,SADBHAV.NS,0.521102240115338,0.011659922554094669,0.024093977917951367,1
2020-06-30,27.100000381469727,65.6500015258789,23.25,45.25,28341282,46844600000.0,3228300000.0,197505600000.0,49806900000.0,95579900000.0,11096100000.0,45.5,-12.21,-13.137,171570800,SADBHAV.NS,0.521102240115338,0.011659922554094669,0.024093977917951367,1
2020-09-30,45.25,61.75,41.25,48.20000076293945,44075709,46844600000.0,3228300000.0,197505600000.0,49806900000.0,95579900000.0,11096100000.0,45.5,-12.21,-13.137,171570800,SADBHAV.NS,0.521102240115338,0.011659922554094669,0.024093977917951367,1
2020-12-31,49.75,72.0,40.29999923706055,62.5,41039810,46844600000.0,3228300000.0,197505600000.0,49806900000.0,95579900000.0,11096100000.0,45.5,-12.21,-13.137,171570800,SADBHAV.NS,0.521102240115338,0.011659922554094669,0.024093977917951367,0
2021-03-31,63.400001525878906,85.4000015258789,52.20000076293945,62.29999923706055,77260013,46844600000.0,3228300000.0,197505600000.0,49806900000.0,95579900000.0,11096100000.0,45.5,-12.21,-13.137,171570800,SADBHAV.NS,0.521102240115338,0.011659922554094669,0.024093977917951367,1
2021-06-30,62.79999923706055,96.5,56.04999923706055,93.19999694824219,71910028,46844600000.0,3228300000.0,197505600000.0,49806900000.0,95579900000.0,11096100000.0,45.5,-12.21,-13.137,171570800,SADBHAV.NS,0.521102240115338,0.011659922554094669,0.024093977917951367,0
2021-09-30,91.0,93.69999694824219,43.400001525878906,48.79999923706055,86162530,46844600000.0,3228300000.0,197505600000.0,49806900000.0,95579900000.0,11096100000.0,45.5,-12.21,-13.137,171570800,SADBHAV.NS,0.521102240115338,0.011659922554094669,0.024093977917951367,0
2021-12-31,48.400001525878906,56.5,37.20000076293945,37.900001525878906,41764410,46844600000.0,3228300000.0,197505600000.0,49806900000.0,95579900000.0,11096100000.0,45.5,-12.21,-13.137,171570800,SADBHAV.NS,0.521102240115338,0.011659922554094669,0.024093977917951367,0
2022-03-31,38.0,42.599998474121094,24.0,26.450000762939453,44949079,46844600000.0,3228300000.0,197505600000.0,49806900000.0,95579900000.0,11096100000.0,45.5,-12.21,-13.137,171570800,SADBHAV.NS,0.521102240115338,0.011659922554094669,0.024093977917951367,0
2022-06-30,26.5,38.70000076293945,12.800000190734863,14.800000190734863,62430018,46844600000.0,3228300000.0,197505600000.0,49806900000.0,95579900000.0,11096100000.0,45.5,-12.21,-13.137,171570800,SADBHAV.NS,0.521102240115338,0.011659922554094669,0.024093977917951367,0
2022-09-30,15.050000190734863,17.899999618530273,13.100000381469727,13.5,35037583,46844600000.0,3228300000.0,197505600000.0,49806900000.0,95579900000.0,11096100000.0,45.5,-12.21,-13.137,171570800,SADBHAV.NS,0.521102240115338,0.011659922554094669,0.024093977917951367,1
2022-12-31,13.800000190734863,22.600000381469727,10.199999809265137,15.75,84986290,46844600000.0,3228300000.0,197505600000.0,49806900000.0,95579900000.0,11096100000.0,45.5,-12.21,-13.137,171570800,SADBHAV.NS,0.521102240115338,0.011659922554094669,0.024093977917951367,0
2023-03-31,15.350000381469727,16.399999618530273,8.5,8.649999618530273,22472466,46844600000.0,3228300000.0,197505600000.0,49806900000.0,95579900000.0,11096100000.0,45.5,-12.21,-13.137,171570800,SADBHAV.NS,0.521102240115338,0.011659922554094669,0.024093977917951367,1
2023-06-30,8.699999809265137,12.75,8.699999809265137,11.050000190734863,11957166,46844600000.0,3228300000.0,197505600000.0,49806900000.0,95579900000.0,11096100000.0,45.5,-12.21,-13.137,171570800,SADBHAV.NS,0.521102240115338,0.011659922554094669,0.024093977917951367,1
2023-09-30,11.050000190734863,13.850000381469727,10.0,13.850000381469727,10293090,46844600000.0,3228300000.0,197505600000.0,49806900000.0,95579900000.0,11096100000.0,45.5,-12.21,-13.137,171570800,SADBHAV.NS,0.521102240115338,0.011659922554094669,0.024093977917951367,1
2023-12-31,14.5,24.0,14.5,21.399999618530273,25961254,46844600000.0,3228300000.0,197505600000.0,49806900000.0,95579900000.0,11096100000.0,45.5,-12.21,-13.137,171570800,SADBHAV.NS,0.521102240115338,0.011659922554094669,0.024093977917951367,1
2024-03-31,21.950000762939453,33.95000076293945,20.100000381469727,28.600000381469727,94258449,46844600000.0,3228300000.0,197505600000.0,49806900000.0,95579900000.0,11096100000.0,45.5,-12.21,-13.137,171570800,SADBHAV.NS,0.521102240115338,0.011659922554094669,0.024093977917951367,0
2024-06-30,29.450000762939453,40.29999923706055,24.649999618530273,27.8799991607666,110382514,46844600000.0,3228300000.0,197505600000.0,49806900000.0,95579900000.0,11096100000.0,45.5,-12.21,-13.137,171570800,SADBHAV.NS,0.521102240115338,0.011659922554094669,0.024093977917951367,1
2024-09-30,28.200000762939453,38.70000076293945,26.40999984741211,33.41999816894531,126416786,46844600000.0,3228300000.0,67567964000.0,37258088000.0,-1431371000.0,351434000.0,45.5,-12.21,-13.137,171570800,SADBHAV.NS,-26.029651292362356,0.011659922554094669,0.024093977917951367,0
2024-12-31,35.09000015258789,38.66999816894531,26.270000457763672,26.889999389648438,109826962,2400658000.0,-266874000.0,67567964000.0,37258088000.0,-1431371000.0,351434000.0,45.5,-12.21,-13.137,171570800,SADBHAV.NS,-26.029651292362356,0.011659922554094669,0.024093977917951367,0
2025-03-31,27.1200008392334,27.6299991607666,10.539999961853027,10.539999961853027,44594128,2464164000.0,-1545705000.0,66667941000.0,37047299000.0,-2411812000.0,430851000.0,45.5,-12.21,-13.137,171570800,SADBHAV.NS,-15.360773974090849,-0.023185131816205334,0.6408895054838437,1
2025-06-30,10.75,15.130000114440918,10.75,12.619999885559082,9363612,2219848000.0,121908000.0,66667941000.0,37047299000.0,-2411812000.0,430851000.0,45.5,-12.21,-13.137,171570800,SADBHAV.NS,-15.360773974090849,-0.023185131816205334,0.6408895054838437,0
2025-09-30,12.720000267028809,17.850000381469727,11.6899995803833,11.770000457763672,28961097,2498863000.0,56076000.0,66692053000.0,36764690000.0,-2232282000.0,225908000.0,45.5,-12.21,-13.137,171570800,SADBHAV.NS,-16.46955447385232,0.0008408198200166368,-0.02512048208962846,0
2025-12-31,11.899999618530273,14.699999809265137,9.829999923706055,10.779999732971191,23351304,2299159000.0,-726257000.0,66692053000.0,36764690000.0,-2232282000.0,225908000.0,45.5,-12.21,-13.137,171570800,SADBHAV.NS,-16.46955447385232,0.0008408198200166368,-0.02512048208962846,0
2026-03-31,10.5,11.789999961853027,6.050000190734863,7.400000095367432,15338144,2299159000.0,-726257000.0,66692053000.0,36764690000.0,-2232282000.0,225908000.0,45.5,-12.21,-13.137,171570800,SADBHAV.NS,-16.46955447385232,0.0008408198200166368,-0.02512048208962846,0
2016-03-31,83.36291587498562,101.79467137654623,81.08983800737629,100.8063735961914,2318053,2299159000.0,-726257000.0,66692053000.0,36764690000.0,-2232282000.0,225908000.0,45.5,-4.9,-14.989,352225216,SADBHIN.NS,-16.46955447385232,0.0008408198200166368,-0.02512048208962846,0
2016-06-30,101.74525950198354,107.52680194915446,93.8882914274546,98.87920379638672,5070906,2299159000.0,-726257000.0,66692053000.0,36764690000.0,-2232282000.0,225908000.0,45.5,-4.9,-14.989,352225216,SADBHIN.NS,-16.46955447385232,0.0008408198200166368,-0.02512048208962846,1
2016-09-30,99.32393079815489,119.58402899977227,92.99881962336562,106.53851318359375,9537447,2299159000.0,-726257000.0,66692053000.0,36764690000.0,-2232282000.0,225908000.0,45.5,-4.9,-14.989,352225216,SADBHIN.NS,-16.46955447385232,0.0008408198200166368,-0.02512048208962846,0
2016-12-31,106.48909120912617,113.65424032844648,79.55797479295855,93.14706420898438,1525966,2299159000.0,-726257000.0,66692053000.0,36764690000.0,-2232282000.0,225908000.0,45.5,-4.9,-14.989,352225216,SADBHIN.NS,-16.46955447385232,0.0008408198200166368,-0.02512048208962846,1
2017-03-31,96.85318603515624,105.74786970517992,90.77514463740013,94.38243865966797,2187183,2299159000.0,-726257000.0,66692053000.0,36764690000.0,-2232282000.0,225908000.0,45.5,-4.9,-14.989,352225216,SADBHIN.NS,-16.46955447385232,0.0008408198200166368,-0.02512048208962846,1
2017-06-30,97.64382174909643,117.9039269741298,90.92339267374551,107.37855529785156,5168752,2299159000.0,-726257000.0,66692053000.0,36764690000.0,-2232282000.0,225908000.0,45.5,-4.9,-14.989,352225216,SADBHIN.NS,-16.46955447385232,0.0008408198200166368,-0.02512048208962846,0
2017-09-30,104.11717292716177,129.31877208154808,87.1184439631355,95.66722869873047,887638,2299159000.0,-726257000.0,66692053000.0,36764690000.0,-2232282000.0,225908000.0,45.5,-4.9,-14.989,352225216,SADBHIN.NS,-16.46955447385232,0.0008408198200166368,-0.02512048208962846,1
2017-12-31,96.26020596301395,152.07825303837936,92.01052246281587,145.89219665527344,55425075,2299159000.0,-726257000.0,66692053000.0,36764690000.0,-2232282000.0,225908000.0,45.5,-4.9,-14.989,352225216,SADBHIN.NS,-16.46955447385232,0.0008408198200166368,-0.02512048208962846,0
2018-03-31,147.1294023649347,155.69091522293513,117.9311697579543,131.19410705566406,14319283,2299159000.0,-726257000.0,66692053000.0,36764690000.0,-2232282000.0,225908000.0,45.5,-4.9,-14.989,352225216,SADBHIN.NS,-16.46955447385232,0.0008408198200166368,-0.02512048208962846,0
2018-06-30,131.5900049550713,138.61737271596084,105.01466499015602,115.85265350341797,5728267,2299159000.0,-726257000.0,66692053000.0,36764690000.0,-2232282000.0,225908000.0,45.5,-4.9,-14.989,352225216,SADBHIN.NS,-16.46955447385232,0.0008408198200166368,-0.02512048208962846,0
2018-09-30,113.97208614914973,131.63949243764483,95.80980435744507,105.76307678222656,3462481,2299159000.0,-726257000.0,66692053000.0,36764690000.0,-2232282000.0,225908000.0,45.5,-4.9,-14.989,352225216,SADBHIN.NS,-16.46955447385232,0.0008408198200166368,-0.02512048208962846,0
2018-12-31,103.87799792518226,112.11283433349739,91.27770421454179,99.0186767578125,1371935,2299159000.0,-726257000.0,66692053000.0,36764690000.0,-2232282000.0,225908000.0,45.5,-4.9,-14.989,352225216,SADBHIN.NS,-16.46955447385232,0.0008408198200166368,-0.02512048208962846,0
2019-03-31,100.26138105342979,106.37548912054207,79.93074058653248,88.0331802368164,1102695,2299159000.0,-726257000.0,66692053000.0,36764690000.0,-2232282000.0,225908000.0,45.5,-4.9,-14.989,352225216,SADBHIN.NS,-16.46955447385232,0.0008408198200166368,-0.02512048208962846,0
2019-06-30,87.48638351825106,93.45136619727316,57.95973051598934,71.92772674560547,664272,2299159000.0,-726257000.0,66692053000.0,36764690000.0,-2232282000.0,225908000.0,45.5,-4.9,-14.989,352225216,SADBHIN.NS,-16.46955447385232,0.0008408198200166368,-0.02512048208962846,0
2019-09-30,84.20563743115915,88.18229179677263,37.599998474121094,40.45000076293945,2879456,2299159000.0,-726257000.0,66692053000.0,36764690000.0,-2232282000.0,225908000.0,45.5,-4.9,-14.989,352225216,SADBHIN.NS,-16.46955447385232,0.0008408198200166368,-0.02512048208962846,0
2019-12-31,40.150001525878906,49.0,31.649999618530273,35.650001525878906,5186249,2299159000.0,-726257000.0,66692053000.0,36764690000.0,-2232282000.0,225908000.0,45.5,-4.9,-14.989,352225216,SADBHIN.NS,-16.46955447385232,0.0008408198200166368,-0.02512048208962846,0
2020-03-31,35.95000076293945,45.25,12.649999618530273,13.600000381469727,60359578,2299159000.0,-726257000.0,66692053000.0,36764690000.0,-2232282000.0,225908000.0,45.5,-4.9,-14.989,352225216,SADBHIN.NS,-16.46955447385232,0.0008408198200166368,-0.02512048208962846,1
2020-06-30,13.699999809265137,25.700000762939453,10.800000190734863,15.800000190734863,11285455,2299159000.0,-726257000.0,66692053000.0,36764690000.0,-2232282000.0,225908000.0,45.5,-4.9,-14.989,352225216,SADBHIN.NS,-16.46955447385232,0.0008408198200166368,-0.02512048208962846,1
2020-09-30,16.350000381469727,22.049999237060547,15.5,17.299999237060547,45399333,2299159000.0,-726257000.0,66692053000.0,36764690000.0,-2232282000.0,225908000.0,45.5,-4.9,-14.989,352225216,SADBHIN.NS,-16.46955447385232,0.0008408198200166368,-0.02512048208962846,1
2020-12-31,17.350000381469727,23.75,14.800000190734863,21.149999618530273,27018920,2299159000.0,-726257000.0,66692053000.0,36764690000.0,-2232282000.0,225908000.0,45.5,-4.9,-14.989,352225216,SADBHIN.NS,-16.46955447385232,0.0008408198200166368,-0.02512048208962846,0
2021-03-31,21.450000762939453,28.149999618530273,17.200000762939453,19.549999237060547,37651094,2299159000.0,-726257000.0,66692053000.0,36764690000.0,-2232282000.0,225908000.0,45.5,-4.9,-14.989,352225216,SADBHIN.NS,-16.46955447385232,0.0008408198200166368,-0.02512048208962846,1
2021-06-30,19.850000381469727,40.0,18.350000381469727,38.79999923706055,97228454,2299159000.0,-726257000.0,66692053000.0,36764690000.0,-2232282000.0,225908000.0,45.5,-4.9,-14.989,352225216,SADBHIN.NS,-16.46955447385232,0.0008408198200166368,-0.02512048208962846,0
2021-09-30,39.0,41.599998474121094,14.850000381469727,16.649999618530273,133394818,2299159000.0,-726257000.0,66692053000.0,36764690000.0,-2232282000.0,225908000.0,45.5,-4.9,-14.989,352225216,SADBHIN.NS,-16.46955447385232,0.0008408198200166368,-0.02512048208962846,0
2021-12-31,16.600000381469727,18.399999618530273,12.5,15.0,35506061,2299159000.0,-726257000.0,66692053000.0,36764690000.0,-2232282000.0,225908000.0,45.5,-4.9,-14.989,352225216,SADBHIN.NS,-16.46955447385232,0.0008408198200166368,-0.02512048208962846,0
2022-03-31,15.0,16.100000381469727,8.399999618530273,9.0,43244785,2299159000.0,-726257000.0,66692053000.0,36764690000.0,-2232282000.0,225908000.0,45.5,-4.9,-14.989,352225216,SADBHIN.NS,-16.46955447385232,0.0008408198200166368,-0.02512048208962846,0
2022-06-30,9.100000381469727,14.199999809265137,6.800000190734863,7.0,20167876,2299159000.0,-726257000.0,66692053000.0,36764690000.0,-2232282000.0,225908000.0,45.5,-4.9,-14.989,352225216,SADBHIN.NS,-16.46955447385232,0.0008408198200166368,-0.02512048208962846,0
2022-09-30,6.800000190734863,8.050000190734863,6.349999904632568,6.5,21877273,2299159000.0,-726257000.0,66692053000.0,36764690000.0,-2232282000.0,225908000.0,45.5,-4.9,-14.989,352225216,SADBHIN.NS,-16.46955447385232,0.0008408198200166368,-0.02512048208962846,0
2022-12-31,6.599999904632568,7.449999809265137,5.199999809265137,6.050000190734863,36187574,2299159000.0,-726257000.0,66692053000.0,36764690000.0,-2232282000.0,225908000.0,45.5,-4.9,-14.989,352225216,SADBHIN.NS,-16.46955447385232,0.0008408198200166368,-0.02512048208962846,0
2023-03-31,6.199999809265137,6.199999809265137,2.8499999046325684,3.0,16290712,2299159000.0,-726257000.0,66692053000.0,36764690000.0,-2232282000.0,225908000.0,45.5,-4.9,-14.989,352225216,SADBHIN.NS,-16.46955447385232,0.0008408198200166368,-0.02512048208962846,1
2023-06-30,3.1500000953674316,4.650000095367432,3.0,3.8499999046325684,7220445,2299159000.0,-726257000.0,66692053000.0,36764690000.0,-2232282000.0,225908000.0,45.5,-4.9,-14.989,352225216,SADBHIN.NS,-16.46955447385232,0.0008408198200166368,-0.02512048208962846,1
2023-09-30,3.8499999046325684,4.800000190734863,3.5999999046325684,4.800000190734863,7064168,2299159000.0,-726257000.0,66692053000.0,36764690000.0,-2232282000.0,225908000.0,45.5,-4.9,-14.989,352225216,SADBHIN.NS,-16.46955447385232,0.0008408198200166368,-0.02512048208962846,0
2023-12-31,5.0,5.25,4.0,4.650000095367432,5924192,2299159000.0,-726257000.0,66692053000.0,36764690000.0,-2232282000.0,225908000.0,45.5,-4.9,-14.989,352225216,SADBHIN.NS,-16.46955447385232,0.0008408198200166368,-0.02512048208962846,1
2024-03-31,4.849999904632568,9.25,4.849999904632568,6.900000095367432,14911443,2299159000.0,-726257000.0,66692053000.0,36764690000.0,-2232282000.0,225908000.0,45.5,-4.9,-14.989,352225216,SADBHIN.NS,-16.46955447385232,0.0008408198200166368,-0.02512048208962846,0
2024-06-30,7.0,7.650000095367432,5.590000152587891,5.630000114440918,16658916,2299159000.0,-726257000.0,66692053000.0,36764690000.0,-2232282000.0,225908000.0,45.5,-4.9,-14.989,352225216,SADBHIN.NS,-16.46955447385232,0.0008408198200166368,-0.02512048208962846,1
2024-09-30,5.849999904632568,8.489999771118164,5.5,6.989999771118164,24542065,2299159000.0,-726257000.0,53331540000.0,33067900000.0,-5522200000.0,326910000.0,45.5,-4.9,-14.989,352225216,SADBHIN.NS,-5.988175002716309,0.0008408198200166368,-0.02512048208962846,0
2024-12-31,6.989999771118164,8.510000228881836,5.800000190734863,6.539999961853027,16693285,1739110000.0,-37360000.0,53331540000.0,33067900000.0,-5522200000.0,326910000.0,45.5,-4.9,-14.989,352225216,SADBHIN.NS,-5.988175002716309,0.0008408198200166368,-0.02512048208962846,0
2025-03-31,6.599999904632568,6.820000171661377,4.130000114440918,4.21999979019165,13161034,1955010000.0,-860000000.0,52400060000.0,32057460000.0,-5454060000.0,19960000.0,45.5,-4.9,-14.989,352225216,SADBHIN.NS,-5.877724117446453,-0.01641219494786838,0.15768070024898884,1
2025-06-30,4.400000095367432,5.699999809265137,4.019999980926514,5.289999961853027,13630345,1862810000.0,119780000.0,52400060000.0,32057460000.0,-5454060000.0,19960000.0,45.5,-4.9,-14.989,352225216,SADBHIN.NS,-5.877724117446453,-0.01641219494786838,0.15768070024898884,0
2025-09-30,5.28000020980835,5.289999961853027,3.2200000286102295,3.9200000762939453,22646383,1810600000.0,104660000.0,51043900000.0,30835350000.0,-5229220000.0,204660000.0,45.5,-4.9,-14.989,352225216,SADBHIN.NS,-5.8967398579520465,0.0020503919175454853,-0.020014457223065774,0
2025-12-31,3.940000057220459,4.070000171661377,3.4100000858306885,3.8499999046325684,7889681,2055370000.0,-1091200000.0,51043900000.0,30835350000.0,-5229220000.0,204660000.0,45.5,-4.9,-14.989,352225216,SADBHIN.NS,-5.8967398579520465,0.0020503919175454853,-0.020014457223065774,0
2026-03-31,3.8499999046325684,4.789999961853027,2.450000047683716,2.450000047683716,17736179,2055370000.0,-1091200000.0,51043900000.0,30835350000.0,-5229220000.0,204660000.0,45.5,-4.9,-14.989,352225216,SADBHIN.NS,-5.8967398579520465,0.0020503919175454853,-0.020014457223065774,0
2016-03-31,25.641536712646484,26.18395233154297,24.753944396972656,25.296361923217773,106791,2055370000.0,-1091200000.0,51043900000.0,30835350000.0,-5229220000.0,204660000.0,17.222221,0.27,9.069,1892127806,SEPC.NS,-5.8967398579520465,0.0020503919175454853,-0.020014457223065774,0
2016-06-30,26.18395233154297,26.18395233154297,19.576326370239258,22.436344146728516,1940680,2055370000.0,-1091200000.0,51043900000.0,30835350000.0,-5229220000.0,204660000.0,17.222221,0.27,9.069,1892127806,SEPC.NS,-5.8967398579520465,0.0020503919175454853,-0.020014457223065774,1
2016-09-30,21.844615936279297,29.19190216064453,20.759782791137695,23.57048988342285,11540048,2055370000.0,-1091200000.0,51043900000.0,30835350000.0,-5229220000.0,204660000.0,17.222221,0.27,9.069,1892127806,SEPC.NS,-5.8967398579520465,0.0020503919175454853,-0.020014457223065774,1
2016-12-31,24.408769607543945,40.434730529785156,22.978761672973633,29.19190216064453,20168678,2055370000.0,-1091200000.0,51043900000.0,30835350000.0,-5229220000.0,204660000.0,17.222221,0.27,9.069,1892127806,SEPC.NS,-5.8967398579520465,0.0020503919175454853,-0.020014457223065774,0
2017-03-31,29.093280792236328,30.868465423583984,25.641536712646484,27.367408752441406,9698338,2055370000.0,-1091200000.0,51043900000.0,30835350000.0,-5229220000.0,204660000.0,17.222221,0.27,9.069,1892127806,SEPC.NS,-5.8967398579520465,0.0020503919175454853,-0.020014457223065774,0
2017-06-30,28.057758331298828,29.19190216064453,23.225313186645508,24.063594818115234,8166238,2055370000.0,-1091200000.0,51043900000.0,30835350000.0,-5229220000.0,204660000.0,17.222221,0.27,9.069,1892127806,SEPC.NS,-5.8967398579520465,0.0020503919175454853,-0.020014457223065774,0
2017-09-30,24.063594818115234,27.1208553314209,19.231151580810547,20.513229370117188,8291778,2055370000.0,-1091200000.0,51043900000.0,30835350000.0,-5229220000.0,204660000.0,17.222221,0.27,9.069,1892127806,SEPC.NS,-5.8967398579520465,0.0020503919175454853,-0.020014457223065774,1
2017-12-31,20.463918685913086,33.4326171875,16.962862014770508,31.509502410888672,34770979,2055370000.0,-1091200000.0,51043900000.0,30835350000.0,-5229220000.0,204660000.0,17.222221,0.27,9.069,1892127806,SEPC.NS,-5.8967398579520465,0.0020503919175454853,-0.020014457223065774,0
2018-03-31,31.706745147705078,35.059871673583984,23.619800567626953,25.83877944946289,28640365,2055370000.0,-1091200000.0,51043900000.0,30835350000.0,-5229220000.0,204660000.0,17.222221,0.27,9.069,1892127806,SEPC.NS,-5.8967398579520465,0.0020503919175454853,-0.020014457223065774,0
2018-06-30,25.641536712646484,28.600175857543945,13.511116981506348,14.694572448730469,12058067,2055370000.0,-1091200000.0,51043900000.0,30835350000.0,-5229220000.0,204660000.0,17.222221,0.27,9.069,1892127806,SEPC.NS,-5.8967398579520465,0.0020503919175454853,-0.020014457223065774,0
2018-09-30,15.286299705505371,18.836666107177734,10.256613731384277,10.305925369262695,9655671,2055370000.0,-1091200000.0,51043900000.0,30835350000.0,-5229220000.0,204660000.0,17.222221,0.27,9.069,1892127806,SEPC.NS,-5.8967398579520465,0.0020503919175454853,-0.020014457223065774,1
2018-12-31,9.369022369384766,13.560426712036133,9.369022369384766,11.883865356445312,5897504,2055370000.0,-1091200000.0,51043900000.0,30835350000.0,-5229220000.0,204660000.0,17.222221,0.27,9.069,1892127806,SEPC.NS,-5.8967398579520465,0.0020503919175454853,-0.020014457223065774,0
2019-03-31,12.229040145874023,12.229040145874023,6.804869174957275,8.03763484954834,6873439,2055370000.0,-1091200000.0,51043900000.0,30835350000.0,-5229220000.0,204660000.0,17.222221,0.27,9.069,1892127806,SEPC.NS,-5.8967398579520465,0.0020503919175454853,-0.020014457223065774,1
2019-06-30,8.432120323181152,9.369022369384766,6.558316230773926,8.826604843139648,3684655,2055370000.0,-1091200000.0,51043900000.0,30835350000.0,-5229220000.0,204660000.0,17.222221,0.27,9.069,1892127806,SEPC.NS,-5.8967398579520465,0.0020503919175454853,-0.020014457223065774,1
2019-09-30,8.777295112609863,13.90560245513916,7.15004301071167,12.62352466583252,13972828,2055370000.0,-1091200000.0,51043900000.0,30835350000.0,-5229220000.0,204660000.0,17.222221,0.27,9.069,1892127806,SEPC.NS,-5.8967398579520465,0.0020503919175454853,-0.020014457223065774,0
2019-12-31,12.32766056060791,12.672836303710938,4.092782974243164,5.078996181488037,13415063,2055370000.0,-1091200000.0,51043900000.0,30835350000.0,-5229220000.0,204660000.0,17.222221,0.27,9.069,1892127806,SEPC.NS,-5.8967398579520465,0.0020503919175454853,-0.020014457223065774,0
2020-03-31,5.276238918304443,5.522791862487793,1.9231150150299072,2.268289089202881,7668590,2055370000.0,-1091200000.0,51043900000.0,30835350000.0,-5229220000.0,204660000.0,17.222221,0.27,9.069,1892127806,SEPC.NS,-5.8967398579520465,0.0020503919175454853,-0.020014457223065774,1
2020-06-30,2.366910934448242,6.163829803466797,2.2189788818359375,4.931064128875732,10927925,2055370000.0,-1091200000.0,51043900000.0,30835350000.0,-5229220000.0,204660000.0,17.222221,0.27,9.069,1892127806,SEPC.NS,-5.8967398579520465,0.0020503919175454853,-0.020014457223065774,0
2020-09-30,4.684511184692383,4.8324432373046875,3.254502058029175,3.599677085876465,18504078,2055370000.0,-1091200000.0,51043900000.0,30835350000.0,-5229220000.0,204660000.0,17.222221,0.27,9.069,1892127806,SEPC.NS,-5.8967398579520465,0.0020503919175454853,-0.020014457223065774,1
2020-12-31,3.7476089000701904,5.769344806671143,3.3038129806518555,4.783132076263428,25341433,2055370000.0,-1091200000.0,51043900000.0,30835350000.0,-5229220000.0,204660000.0,17.222221,0.27,9.069,1892127806,SEPC.NS,-5.8967398579520465,0.0020503919175454853,-0.020014457223065774,0
2021-03-31,4.8324432373046875,5.720035076141357,3.895540952682495,3.9448509216308594,35854305,2055370000.0,-1091200000.0,51043900000.0,30835350000.0,-5229220000.0,204660000.0,17.222221,0.27,9.069,1892127806,SEPC.NS,-5.8967398579520465,0.0020503919175454853,-0.020014457223065774,1
2021-06-30,4.043472766876221,6.90349006652832,3.7476089000701904,4.733821868896484,98423936,2055370000.0,-1091200000.0,51043900000.0,30835350000.0,-5229220000.0,204660000.0,17.222221,0.27,9.069,1892127806,SEPC.NS,-5.8967398579520465,0.0020503919175454853,-0.020014457223065774,1
2021-09-30,4.783132076263428,5.966588020324707,4.191404819488525,5.966588020324707,109372333,2055370000.0,-1091200000.0,51043900000.0,30835350000.0,-5229220000.0,204660000.0,17.222221,0.27,9.069,1892127806,SEPC.NS,-5.8967398579520465,0.0020503919175454853,-0.020014457223065774,1
2021-12-31,6.01589822769165,10.848341941833496,5.720035076141357,10.848341941833496,138504834,2055370000.0,-1091200000.0,51043900000.0,30835350000.0,-5229220000.0,204660000.0,17.222221,0.27,9.069,1892127806,SEPC.NS,-5.8967398579520465,0.0020503919175454853,-0.020014457223065774,0
2022-03-31,11.341447830200195,12.278350830078125,7.002110958099365,7.445907115936279,139522637,2055370000.0,-1091200000.0,51043900000.0,30835350000.0,-5229220000.0,204660000.0,17.222221,0.27,9.069,1892127806,SEPC.NS,-5.8967398579520465,0.0020503919175454853,-0.020014457223065774,1
2022-06-30,7.396596908569336,10.108681678771973,6.706247806549072,8.33349895477295,50503457,2055370000.0,-1091200000.0,51043900000.0,30835350000.0,-5229220000.0,204660000.0,17.222221,0.27,9.069,1892127806,SEPC.NS,-5.8967398579520465,0.0020503919175454853,-0.020014457223065774,1
2022-09-30,8.629363059997559,9.812817573547363,6.95280122756958,8.481431007385254,40864014,2055370000.0,-1091200000.0,51043900000.0,30835350000.0,-5229220000.0,204660000.0,17.222221,0.27,9.069,1892127806,SEPC.NS,-5.8967398579520465,0.0020503919175454853,-0.020014457223065774,1
2022-12-31,8.432120323181152,13.659049034118652,7.347286224365234,10.207303047180176,102877712,2055370000.0,-1091200000.0,51043900000.0,30835350000.0,-5229220000.0,204660000.0,17.222221,0.27,9.069,1892127806,SEPC.NS,-5.8967398579520465,0.0020503919175454853,-0.020014457223065774,1
2023-03-31,10.35523509979248,15.680785179138184,10.197724342346191,10.296730995178223,194128662,2055370000.0,-1091200000.0,51043900000.0,30835350000.0,-5229220000.0,204660000.0,17.222221,0.27,9.069,1892127806,SEPC.NS,-5.8967398579520465,0.0020503919175454853,-0.020014457223065774,0
2023-06-30,10.395737648010254,11.781837463378906,7.425527095794678,9.207653999328613,250475604,2055370000.0,-1091200000.0,51043900000.0,30835350000.0,-5229220000.0,204660000.0,17.222221,0.27,9.069,1892127806,SEPC.NS,-5.8967398579520465,0.0020503919175454853,-0.020014457223065774,1
2023-09-30,9.257157325744629,15.742117881774902,9.207653999328613,13.068927764892578,463834562,2055370000.0,-1091200000.0,51043900000.0,30835350000.0,-5229220000.0,204660000.0,17.222221,0.27,9.069,1892127806,SEPC.NS,-5.8967398579520465,0.0020503919175454853,-0.020014457223065774,1
2023-12-31,13.167935371398926,25.593318939208984,12.8214111328125,20.299999237060547,1180247386,2055370000.0,-1091200000.0,51043900000.0,30835350000.0,-5229220000.0,204660000.0,17.222221,0.27,9.069,1892127806,SEPC.NS,-5.8967398579520465,0.0020503919175454853,-0.020014457223065774,0
2024-03-31,20.350000381469727,27.700000762939453,15.5,16.649999618530273,618704331,2055370000.0,-1091200000.0,51043900000.0,30835350000.0,-5229220000.0,204660000.0,17.222221,0.27,9.069,1892127806,SEPC.NS,-5.8967398579520465,0.0020503919175454853,-0.020014457223065774,1
2024-06-30,16.799999237060547,23.350000381469727,16.0,18.84000015258789,570509883,2055370000.0,-1091200000.0,51043900000.0,30835350000.0,-5229220000.0,204660000.0,17.222221,0.27,9.069,1892127806,SEPC.NS,-5.8967398579520465,0.0020503919175454853,-0.020014457223065774,1
2024-09-30,18.850000381469727,33.45000076293945,17.040000915527344,28.700000762939453,2140838374,2055370000.0,-1091200000.0,24315514000.0,3811081000.0,14202311000.0,99960000.0,17.222221,0.27,9.069,1892127806,SEPC.NS,0.26834231414873255,0.0020503919175454853,-0.020014457223065774,0
2024-12-31,28.799999237060547,30.780000686645508,20.739999771118164,21.239999771118164,725652565,1330413000.0,44440000.0,24315514000.0,3811081000.0,14202311000.0,99960000.0,17.222221,0.27,9.069,1892127806,SEPC.NS,0.26834231414873255,0.0020503919175454853,-0.020014457223065774,0
2025-03-31,21.34000015258789,22.739999771118164,12.020000457763672,14.0600004196167,591596011,1178024000.0,100243000.0,23870321000.0,3584374000.0,15060335000.0,73457000.0,17.222221,0.27,9.069,1892127806,SEPC.NS,0.23800094752208367,0.004199482696525112,0.006656093639351316,0
2025-06-30,14.039999961853027,16.229999542236328,11.869999885559082,13.229999542236328,795001894,2022783000.0,165472000.0,23870321000.0,3584374000.0,15060335000.0,73457000.0,17.222221,0.27,9.069,1892127806,SEPC.NS,0.23800094752208367,0.004199482696525112,0.006656093639351316,0
2025-09-30,13.229999542236328,14.399999618530273,10.899999618530273,11.960000038146973,547006904,2374184000.0,82982000.0,29351091000.0,3645596000.0,18814359000.0,183971000.0,17.222221,0.27,9.069,1892127806,SEPC.NS,0.19376668639096342,0.0028272202896989416,0.004410567481996065,0
2025-12-31,12.0,12.239999771118164,8.510000228881836,10.119999885559082,778006691,3409702000.0,149596000.0,29351091000.0,3645596000.0,18814359000.0,183971000.0,17.222221,0.27,9.069,1892127806,SEPC.NS,0.19376668639096342,0.0028272202896989416,0.004410567481996065,0
2026-03-31,10.180000305175781,10.539999961853027,4.650000095367432,4.650000095367432,1354545237,3409702000.0,149596000.0,29351091000.0,3645596000.0,18814359000.0,183971000.0,17.222221,0.27,9.069,1892127806,SEPC.NS,0.19376668639096342,0.0028272202896989416,0.004410567481996065,0
2016-03-31,362.41441510336034,371.8278505603096,350.3653646579528,367.9212951660156,57142,3409702000.0,149596000.0,29351091000.0,3645596000.0,18814359000.0,183971000.0,22.775665,15.78,191.222,41012806,SOMANYCERA.NS,0.19376668639096342,0.0028272202896989416,0.004410567481996065,1
2016-06-30,367.12116554687134,553.4587035251598,348.29444906039674,545.5985107421875,1245228,3409702000.0,149596000.0,29351091000.0,3645596000.0,18814359000.0,183971000.0,22.775665,15.78,191.222,41012806,SOMANYCERA.NS,0.19376668639096342,0.0028272202896989416,0.004410567481996065,1
2016-09-30,555.2942335245294,621.0936628928698,501.7870855564025,581.0713500976562,1639445,3409702000.0,149596000.0,29351091000.0,3645596000.0,18814359000.0,183971000.0,22.775665,15.78,191.222,41012806,SOMANYCERA.NS,0.19376668639096342,0.0028272202896989416,0.004410567481996065,0
2016-12-31,577.3859025751451,675.0973824872154,444.28476905150427,462.09771728515625,1979855,3409702000.0,149596000.0,29351091000.0,3645596000.0,18814359000.0,183971000.0,22.775665,15.78,191.222,41012806,SOMANYCERA.NS,0.19376668639096342,0.0028272202896989416,0.004410567481996065,1
2017-03-31,473.43754851592473,663.3795817765651,444.19024362486846,650.3388061523438,1667408,3409702000.0,149596000.0,29351091000.0,3645596000.0,18814359000.0,183971000.0,22.775665,15.78,191.222,41012806,SOMANYCERA.NS,0.19376668639096342,0.0028272202896989416,0.004410567481996065,1
2017-06-30,661.4894760204004,793.7875515589086,635.2661351462718,732.2689819335938,5346231,3409702000.0,149596000.0,29351091000.0,3645596000.0,18814359000.0,183971000.0,22.775665,15.78,191.222,41012806,SOMANYCERA.NS,0.19376668639096342,0.0028272202896989416,0.004410567481996065,1
2017-09-30,746.491061875192,840.2551877332089,674.8596020905923,813.7481689453125,1642697,3409702000.0,149596000.0,29351091000.0,3645596000.0,18814359000.0,183971000.0,22.775665,15.78,191.222,41012806,SOMANYCERA.NS,0.19376668639096342,0.0028272202896989416,0.004410567481996065,1
2017-12-31,820.3394306994077,909.5809585286155,772.8735134501673,863.11083984375,1812520,3409702000.0,149596000.0,29351091000.0,3645596000.0,18814359000.0,183971000.0,22.775665,15.78,191.222,41012806,SOMANYCERA.NS,0.19376668639096342,0.0028272202896989416,0.004410567481996065,0
2018-03-31,863.158331633443,927.1258010526346,593.5368873568281,629.6222534179688,1825492,3409702000.0,149596000.0,29351091000.0,3645596000.0,18814359000.0,183971000.0,22.775665,15.78,191.222,41012806,SOMANYCERA.NS,0.19376668639096342,0.0028272202896989416,0.004410567481996065,0
2018-06-30,620.4231865878454,654.1376520487963,467.5460428731452,471.5292053222656,2189503,3409702000.0,149596000.0,29351091000.0,3645596000.0,18814359000.0,183971000.0,22.775665,15.78,191.222,41012806,SOMANYCERA.NS,0.19376668639096342,0.0028272202896989416,0.004410567481996065,0
2018-09-30,473.99492849352964,531.0393409905373,352.87496009192597,356.35601806640625,2537114,3409702000.0,149596000.0,29351091000.0,3645596000.0,18814359000.0,183971000.0,22.775665,15.78,191.222,41012806,SOMANYCERA.NS,0.19376668639096342,0.0028272202896989416,0.004410567481996065,0
2018-12-31,356.6898389423377,379.34059068630484,257.59869111570214,313.48651123046875,3934071,3409702000.0,149596000.0,29351091000.0,3645596000.0,18814359000.0,183971000.0,22.775665,15.78,191.222,41012806,SOMANYCERA.NS,0.19376668639096342,0.0028272202896989416,0.004410567481996065,1
2019-03-31,317.58745175683083,400.56076863484867,289.97733576663114,397.93804931640625,3180748,3409702000.0,149596000.0,29351091000.0,3645596000.0,18814359000.0,183971000.0,22.775665,15.78,191.222,41012806,SOMANYCERA.NS,0.19376668639096342,0.0028272202896989416,0.004410567481996065,1
2019-06-30,403.8033964829748,449.8201837055611,343.3854376569655,420.5411376953125,2752401,3409702000.0,149596000.0,29351091000.0,3645596000.0,18814359000.0,183971000.0,22.775665,15.78,191.222,41012806,SOMANYCERA.NS,0.19376668639096342,0.0028272202896989416,0.004410567481996065,0
2019-09-30,420.35033244829,432.844018031245,177.44122726793606,181.27781677246094,5153158,3409702000.0,149596000.0,29351091000.0,3645596000.0,18814359000.0,183971000.0,22.775665,15.78,191.222,41012806,SOMANYCERA.NS,0.19376668639096342,0.0028272202896989416,0.004410567481996065,1
2019-12-31,188.9509269860503,224.77486924378266,163.3898201698671,205.20838928222656,5807330,3409702000.0,149596000.0,29351091000.0,3645596000.0,18814359000.0,183971000.0,22.775665,15.78,191.222,41012806,SOMANYCERA.NS,0.19376668639096342,0.0028272202896989416,0.004410567481996065,0
2020-03-31,206.119560666682,242.18330395190273,74.92038368309984,89.68999481201172,5031658,3409702000.0,149596000.0,29351091000.0,3645596000.0,18814359000.0,183971000.0,22.775665,15.78,191.222,41012806,SOMANYCERA.NS,0.19376668639096342,0.0028272202896989416,0.004410567481996065,1
2020-06-30,92.61466202328685,145.25880190302468,84.81554809570314,115.32962799072266,6126029,3409702000.0,149596000.0,29351091000.0,3645596000.0,18814359000.0,183971000.0,22.775665,15.78,191.222,41012806,SOMANYCERA.NS,0.19376668639096342,0.0028272202896989416,0.004410567481996065,1
2020-09-30,116.45075938722584,193.808401202499,108.26168208448817,189.9088134765625,9096734,3409702000.0,149596000.0,29351091000.0,3645596000.0,18814359000.0,183971000.0,22.775665,15.78,191.222,41012806,SOMANYCERA.NS,0.19376668639096342,0.0028272202896989416,0.004410567481996065,1
2020-12-31,192.83350562812146,340.2370517583119,184.40067978028662,321.8116149902344,10411455,3409702000.0,149596000.0,29351091000.0,3645596000.0,18814359000.0,183971000.0,22.775665,15.78,191.222,41012806,SOMANYCERA.NS,0.19376668639096342,0.0028272202896989416,0.004410567481996065,1
2021-03-31,316.88840776750595,442.1131785952766,316.88840776750595,418.808349609375,6778932,3409702000.0,149596000.0,29351091000.0,3645596000.0,18814359000.0,183971000.0,22.775665,15.78,191.222,41012806,SOMANYCERA.NS,0.19376668639096342,0.0028272202896989416,0.004410567481996065,1
2021-06-30,412.8757940650565,637.3319699512045,398.6082539690457,602.423095703125,10186456,3409702000.0,149596000.0,29351091000.0,3645596000.0,18814359000.0,183971000.0,22.775665,15.78,191.222,41012806,SOMANYCERA.NS,0.19376668639096342,0.0028272202896989416,0.004410567481996065,1
2021-09-30,606.9338818346415,775.4474675419116,583.4488287736224,740.5386352539062,2905501,3409702000.0,149596000.0,29351091000.0,3645596000.0,18814359000.0,183971000.0,22.775665,15.78,191.222,41012806,SOMANYCERA.NS,0.19376668639096342,0.0028272202896989416,0.004410567481996065,1
2021-12-31,726.6143357456956,951.1685839700083,684.5471954390503,834.0375366210938,2282264,3409702000.0,149596000.0,29351091000.0,3645596000.0,18814359000.0,183971000.0,22.775665,15.78,191.222,41012806,SOMANYCERA.NS,0.19376668639096342,0.0028272202896989416,0.004410567481996065,0
2022-03-31,834.4787858699781,928.6150635206102,602.0798272052705,635.7140502929688,2819291,3409702000.0,149596000.0,29351091000.0,3645596000.0,18814359000.0,183971000.0,22.775665,15.78,191.222,41012806,SOMANYCERA.NS,0.19376668639096342,0.0028272202896989416,0.004410567481996065,0
2022-06-30,621.6425872839931,724.5061115540918,501.0794983800063,550.8442993164062,2268118,3409702000.0,149596000.0,29351091000.0,3645596000.0,18814359000.0,183971000.0,22.775665,15.78,191.222,41012806,SOMANYCERA.NS,0.19376668639096342,0.0028272202896989416,0.004410567481996065,0
2022-09-30,545.2058836323018,686.41032184419,523.0640768451142,538.977294921875,1829762,3409702000.0,149596000.0,29351091000.0,3645596000.0,18814359000.0,183971000.0,22.775665,15.78,191.222,41012806,SOMANYCERA.NS,0.19376668639096342,0.0028272202896989416,0.004410567481996065,0
2022-12-31,533.2623482560966,582.3319224516209,439.458626979021,467.9840087890625,2305339,3409702000.0,149596000.0,29351091000.0,3645596000.0,18814359000.0,183971000.0,22.775665,15.78,191.222,41012806,SOMANYCERA.NS,0.19376668639096342,0.0028272202896989416,0.004410567481996065,1
2023-03-31,469.1171418570701,561.4428669702479,463.20516132124254,481.68017578125,3649760,3409702000.0,149596000.0,29351091000.0,3645596000.0,18814359000.0,183971000.0,22.775665,15.78,191.222,41012806,SOMANYCERA.NS,0.19376668639096342,0.0028272202896989416,0.004410567481996065,1
2023-06-30,484.09417742403787,713.7754135594766,459.11600331670604,699.6358032226562,4873196,3409702000.0,149596000.0,29351091000.0,3645596000.0,18814359000.0,183971000.0,22.775665,15.78,191.222,41012806,SOMANYCERA.NS,0.19376668639096342,0.0028272202896989416,0.004410567481996065,0
2023-09-30,699.586607300344,806.9878735126891,630.7117128082231,685.7018432617188,5552643,3409702000.0,149596000.0,29351091000.0,3645596000.0,18814359000.0,183971000.0,22.775665,15.78,191.222,41012806,SOMANYCERA.NS,0.19376668639096342,0.0028272202896989416,0.004410567481996065,1
2023-12-31,689.1659618944323,758.6961977664212,642.647504325405,709.8518676757812,3524538,3409702000.0,149596000.0,29351091000.0,3645596000.0,18814359000.0,183971000.0,22.775665,15.78,191.222,41012806,SOMANYCERA.NS,0.19376668639096342,0.0028272202896989416,0.004410567481996065,0
2024-03-31,712.6231666608414,747.2645938364933,555.4501644399587,571.4346313476562,3167845,3409702000.0,149596000.0,29351091000.0,3645596000.0,18814359000.0,183971000.0,22.775665,15.78,191.222,41012806,SOMANYCERA.NS,0.19376668639096342,0.0028272202896989416,0.004410567481996065,1
2024-06-30,578.0165283689217,863.6597062258476,577.0267740395229,823.87158203125,7078096,3409702000.0,149596000.0,29351091000.0,3645596000.0,18814359000.0,183971000.0,22.775665,15.78,191.222,41012806,SOMANYCERA.NS,0.19376668639096342,0.0028272202896989416,0.004410567481996065,0
2024-09-30,828.3254814029377,833.8186062401725,672.7115423960702,723.9884643554688,2901728,3409702000.0,149596000.0,19540900000.0,3696300000.0,7390500000.0,353500000.0,22.775665,15.78,191.222,41012806,SOMANYCERA.NS,0.5001420742845545,0.0028272202896989416,0.004410567481996065,0
2024-12-31,727.6156478014867,735.26741676816,617.85713854338,634.9991455078125,1384594,6400700000.0,92900000.0,19540900000.0,3696300000.0,7390500000.0,353500000.0,22.775665,15.78,191.222,41012806,SOMANYCERA.NS,0.5001420742845545,0.0028272202896989416,0.004410567481996065,0
2025-03-31,643.8434297408758,661.8300787921938,399.1849172966651,416.97283935546875,1882662,7658636000.0,213376000.0,19668790000.0,3464784000.0,7716634000.0,597855000.0,22.775665,15.78,191.222,41012806,SOMANYCERA.NS,0.4490019871358419,0.010848455853156193,0.027651434550349286,1
2025-06-30,416.9231318703046,620.0930723243913,392.7752975296996,558.8787841796875,5046712,6014700000.0,103700000.0,19668790000.0,3464784000.0,7716634000.0,597855000.0,22.775665,15.78,191.222,41012806,SOMANYCERA.NS,0.4490019871358419,0.010848455853156193,0.027651434550349286,0
2025-09-30,561.462444550369,605.9819857422694,443.6000061035156,446.5,2163727,6805300000.0,149900000.0,19033200000.0,3273000000.0,7853200000.0,466000000.0,22.775665,15.78,191.222,41012806,SOMANYCERA.NS,0.41677278052258954,0.007875711913918837,0.019087760403402435,0
2025-12-31,446.5,472.45001220703125,399.04998779296875,399.8999938964844,1184148,6765400000.0,180100000.0,19033200000.0,3273000000.0,7853200000.0,466000000.0,22.775665,15.78,191.222,41012806,SOMANYCERA.NS,0.41677278052258954,0.007875711913918837,0.019087760403402435,0
2026-03-31,405.6000061035156,433.95001220703125,332.0,359.3999938964844,3484721,6765400000.0,180100000.0,19033200000.0,3273000000.0,7853200000.0,466000000.0,22.775665,15.78,191.222,41012806,SOMANYCERA.NS,0.41677278052258954,0.007875711913918837,0.019087760403402435,0
