Date,open,high,low,close,volume,Revenue,NetIncome,TotalAssets,TotalDebt,Equity,Cash,PE,EPS,BookValue,SharesOutstanding,Ticker,Debt_Equity,ROA,ROE,Label
2016-03-31,63.29212856916672,65.95305386359811,59.923199899211504,63.77204132080078,1262700,,,,,,,46.14766,41.04,165.874,277636026,APLAPOLLO.NS,,,,1
2016-06-30,64.14741569824699,91.2223921486314,64.05238393989681,89.85391235351562,18220260,,,,,,,46.14766,41.04,165.874,277636026,APLAPOLLO.NS,,,,0
2016-09-30,89.52128804914432,95.98355838658509,77.89510552204007,83.47550201416016,12130940,,,,,,,46.14766,41.04,165.874,277636026,APLAPOLLO.NS,,,,1
2016-12-31,81.6505790792438,92.07180420103089,78.85558022618679,87.91292572021484,16775890,,,,,,,46.14766,41.04,165.874,277636026,APLAPOLLO.NS,,,,1
2017-03-31,89.32482845683656,115.06575449542923,85.27159313289089,112.8038330078125,14970060,,,,,,,46.14766,41.04,165.874,277636026,APLAPOLLO.NS,,,,1
2017-06-30,113.95639274083484,167.3063625981415,112.18430654963535,148.7882843017578,9326810,,,,,,,46.14766,41.04,165.874,277636026,APLAPOLLO.NS,,,,1
2017-09-30,150.40669308667975,186.8137640621048,137.3969618742811,163.7965850830078,7753530,,,,,,,46.14766,41.04,165.874,277636026,APLAPOLLO.NS,,,,1
2017-12-31,167.2577459316905,198.09892433473857,164.48301232396943,191.79049682617188,15531740,,,,,,,46.14766,41.04,165.874,277636026,APLAPOLLO.NS,,,,1
2018-03-31,190.46113276826148,248.95300591139284,175.62547785367073,192.0853729248047,31570030,,,,,,,46.14766,41.04,165.874,277636026,APLAPOLLO.NS,,,,0
2018-06-30,195.08731807604988,217.53177803610302,157.15942073803234,160.15171813964844,21324660,,,,,,,46.14766,41.04,165.874,277636026,APLAPOLLO.NS,,,,0
2018-09-30,162.42371973204774,177.89262413228897,122.44765204777833,123.5208969116211,14591330,,,,,,,46.14766,41.04,165.874,277636026,APLAPOLLO.NS,,,,0
2018-12-31,122.44765006896041,139.52203984677945,106.35383952306282,113.68118286132812,22316080,,,,,,,46.14766,41.04,165.874,277636026,APLAPOLLO.NS,,,,1
2019-03-31,114.49099564272393,143.42475857850636,97.88982297788371,141.34169006347656,14078430,,,,,,,46.14766,41.04,165.874,277636026,APLAPOLLO.NS,,,,1
2019-06-30,139.73666539196432,164.68964877995765,136.2095938375152,146.4639892578125,21681730,,,,,,,46.14766,41.04,165.874,277636026,APLAPOLLO.NS,,,,0
2019-09-30,147.2493977562587,164.30425491793196,116.10574246877567,134.37908935546875,15040530,,,,,,,46.14766,41.04,165.874,277636026,APLAPOLLO.NS,,,,1
2019-12-31,134.1078603820576,186.71133390163638,128.22903225626743,185.21205139160156,17245970,,,,,,,46.14766,41.04,165.874,277636026,APLAPOLLO.NS,,,,0
2020-03-31,186.63242321943386,218.87710588478973,101.59686006494842,122.96672058105469,31584310,,,,,,,46.14766,41.04,165.874,277636026,APLAPOLLO.NS,,,,1
2020-06-30,123.79033476529196,169.65686055494882,113.4383048722228,153.17449951171875,32277240,,,,,,,46.14766,41.04,165.874,277636026,APLAPOLLO.NS,,,,1
2020-09-30,154.55049296896038,289.79267374640744,153.3865752194416,287.7163391113281,63977230,,,,,,,46.14766,41.04,165.874,277636026,APLAPOLLO.NS,,,,1
2020-12-31,290.48810952260834,440.91057838102967,262.8695182757494,435.4855041503906,45476550,,,,,,,46.14766,41.04,165.874,277636026,APLAPOLLO.NS,,,,1
2021-03-31,436.3732634771093,714.1370312370515,415.0182033025855,690.8831787109375,53739488,,,,,,,46.14766,41.04,165.874,277636026,APLAPOLLO.NS,,,,1
2021-06-30,701.8073527133238,811.1472719167756,577.0306733773317,803.5521850585938,37227584,,,,,,,46.14766,41.04,165.874,277636026,APLAPOLLO.NS,,,,1
2021-09-30,803.8974080234813,1030.4682005408004,708.2928087287626,810.6047973632812,28548770,,,,,,,46.14766,41.04,165.874,277636026,APLAPOLLO.NS,,,,1
2021-12-31,809.8156151496905,1099.3667987794274,739.8814944360013,986.1798706054688,43064089,,,,,,,46.14766,41.04,165.874,277636026,APLAPOLLO.NS,,,,0
2022-03-31,966.6495580891466,976.5133290900562,760.3982403067143,902.1405029296875,27483586,,,,,,,46.14766,41.04,165.874,277636026,APLAPOLLO.NS,,,,0
2022-06-30,899.5759772465652,1085.0149343631838,790.0881444770467,838.3712768554688,27223252,,,,,,,46.14766,41.04,165.874,277636026,APLAPOLLO.NS,,,,1
2022-09-30,832.4037174206541,1131.325187637814,819.679459724691,1027.40673828125,28563820,,,,,,,46.14766,41.04,165.874,277636026,APLAPOLLO.NS,,,,1
2022-12-31,1074.8650059057577,1180.7679497418349,977.8204024596723,1080.8033447265625,28073472,,,,,,,46.14766,41.04,165.874,277636026,APLAPOLLO.NS,,,,1
2023-03-31,1081.7931080978196,1324.1822870036103,1068.9264014141309,1192.9912109375,32295079,,,,,,,46.14766,41.04,165.874,277636026,APLAPOLLO.NS,,,,1
2023-06-30,1197.4947490624545,1383.665971449023,1036.264925223219,1291.91650390625,31636613,,,,,,,46.14766,41.04,165.874,277636026,APLAPOLLO.NS,,,,1
2023-09-30,1348.0350558917985,1786.8758880915868,1287.660566137129,1613.15185546875,49976510,,,,,,,46.14766,41.04,165.874,277636026,APLAPOLLO.NS,,,,0
2023-12-31,1618.1153805024012,1775.3108104342368,1495.1685121154246,1525.594970703125,72512130,,,,,,,46.14766,41.04,165.874,277636026,APLAPOLLO.NS,,,,0
2024-03-31,1542.5702905516914,1647.8966493949445,1295.4850315630713,1485.0426025390625,53200245,,,,,,,46.14766,41.04,165.874,277636026,APLAPOLLO.NS,,,,1
2024-06-30,1498.9406501771987,1716.343838373917,1393.0187409415234,1543.9600830078125,38751078,,,,,,,46.14766,41.04,165.874,277636026,APLAPOLLO.NS,,,,1
2024-09-30,1548.6754626224956,1641.9403447871755,1332.165606091049,1578.64013671875,35191823,46278000000.0,538100000.0,72266100000.0,10225900000.0,38487200000.0,1050900000.0,46.14766,41.04,165.874,277636026,APLAPOLLO.NS,0.26569612754370286,0.007446091597581715,0.013981271695524745,0
2024-12-31,1584.4697721276345,1646.8519984521467,1371.9116751589188,1562.79541015625,34957346,52670200000.0,2169700000.0,72266100000.0,10225900000.0,38487200000.0,1050900000.0,46.14766,41.04,165.874,277636026,APLAPOLLO.NS,0.26569612754370286,0.007446091597581715,0.013981271695524745,0
2025-03-31,1554.5741139940958,1637.6342359742048,1268.273373337516,1519.945068359375,36174073,53243700000.0,2931100000.0,75962400000.0,6344300000.0,42087200000.0,3688000000.0,46.14766,41.04,165.874,277636026,APLAPOLLO.NS,0.15074179322929537,0.03858619527555738,0.06964350206238476,1
2025-06-30,1519.6460075532812,1929.2663427708444,1395.0808252506993,1733.0511474609375,38416635,50028100000.0,2371700000.0,75962400000.0,6344300000.0,42087200000.0,3688000000.0,46.14766,41.04,165.874,277636026,APLAPOLLO.NS,0.15074179322929537,0.03858619527555738,0.06964350206238476,0
2025-09-30,1732.5529173884704,1787.66058402564,1486.810633485521,1686.0999755859375,41256078,50028100000.0,2371700000.0,75962400000.0,6344300000.0,42087200000.0,3688000000.0,46.14766,41.04,165.874,277636026,APLAPOLLO.NS,0.15074179322929537,0.03858619527555738,0.06964350206238476,1
2025-12-31,1693.699951171875,1920.9000244140625,1685.300048828125,1914.0,31246714,56485200000.0,3100400000.0,75962400000.0,6344300000.0,42087200000.0,3688000000.0,46.14766,41.04,165.874,277636026,APLAPOLLO.NS,0.15074179322929537,0.03858619527555738,0.06964350206238476,0
2026-03-31,1925.5999755859375,2301.39990234375,1847.0,1893.9000244140625,45570569,56485200000.0,3100400000.0,75962400000.0,6344300000.0,42087200000.0,3688000000.0,46.14766,41.04,165.874,277636026,APLAPOLLO.NS,0.15074179322929537,0.03858619527555738,0.06964350206238476,0
2016-03-31,72.25535453362617,77.44824388668867,69.8320089035052,75.61836242675781,1225701,56485200000.0,3100400000.0,75962400000.0,6344300000.0,42087200000.0,3688000000.0,12.11665,39.52,149.293,95526098,ASHAPURMIN.NS,0.15074179322929537,0.03858619527555738,0.06964350206238476,0
2016-06-30,75.96456042938463,85.85578502089719,60.73208411778233,70.6727523803711,17494015,56485200000.0,3100400000.0,75962400000.0,6344300000.0,42087200000.0,3688000000.0,12.11665,39.52,149.293,95526098,ASHAPURMIN.NS,0.15074179322929537,0.03858619527555738,0.06964350206238476,0
2016-09-30,71.11786795829221,73.78849389260735,55.39082794310919,58.5560188293457,6817156,56485200000.0,3100400000.0,75962400000.0,6344300000.0,42087200000.0,3688000000.0,12.11665,39.52,149.293,95526098,ASHAPURMIN.NS,0.15074179322929537,0.03858619527555738,0.06964350206238476,1
2016-12-31,59.24840155588887,73.14556596197036,52.12672458913479,59.446224212646484,9212159,56485200000.0,3100400000.0,75962400000.0,6344300000.0,42087200000.0,3688000000.0,12.11665,39.52,149.293,95526098,ASHAPURMIN.NS,0.15074179322929537,0.03858619527555738,0.06964350206238476,1
2017-03-31,59.594593305420155,73.14556939634508,59.248402156494606,68.44723510742188,7142132,56485200000.0,3100400000.0,75962400000.0,6344300000.0,42087200000.0,3688000000.0,12.11665,39.52,149.293,95526098,ASHAPURMIN.NS,0.15074179322929537,0.03858619527555738,0.06964350206238476,0
2017-06-30,68.7934296385023,82.49276698314556,55.440278362520296,55.68756103515625,8929395,56485200000.0,3100400000.0,75962400000.0,6344300000.0,42087200000.0,3688000000.0,12.11665,39.52,149.293,95526098,ASHAPURMIN.NS,0.15074179322929537,0.03858619527555738,0.06964350206238476,0
2017-09-30,56.52831550427287,62.31467697214553,46.488726459246365,49.55500793457031,5408528,56485200000.0,3100400000.0,75962400000.0,6344300000.0,42087200000.0,3688000000.0,12.11665,39.52,149.293,95526098,ASHAPURMIN.NS,0.15074179322929537,0.03858619527555738,0.06964350206238476,1
2017-12-31,49.95065502986444,103.41269143295536,47.873499265500605,93.27420043945312,78057445,56485200000.0,3100400000.0,75962400000.0,6344300000.0,42087200000.0,3688000000.0,12.11665,39.52,149.293,95526098,ASHAPURMIN.NS,0.15074179322929537,0.03858619527555738,0.06964350206238476,0
2018-03-31,93.66983537248906,118.39788653474493,61.375010213657475,65.97443389892578,21353500,56485200000.0,3100400000.0,75962400000.0,6344300000.0,42087200000.0,3688000000.0,12.11665,39.52,149.293,95526098,ASHAPURMIN.NS,0.15074179322929537,0.03858619527555738,0.06964350206238476,0
2018-06-30,65.9744305471706,81.30581086913526,41.6420287708392,43.81809616088867,8887948,56485200000.0,3100400000.0,75962400000.0,6344300000.0,42087200000.0,3688000000.0,12.11665,39.52,149.293,95526098,ASHAPURMIN.NS,0.15074179322929537,0.03858619527555738,0.06964350206238476,0
2018-09-30,45.20286964490235,56.23157683211718,30.662778773938207,31.25625228881836,7909984,56485200000.0,3100400000.0,75962400000.0,6344300000.0,42087200000.0,3688000000.0,12.11665,39.52,149.293,95526098,ASHAPURMIN.NS,0.15074179322929537,0.03858619527555738,0.06964350206238476,0
2018-12-31,30.71223293334863,34.37198694754906,25.321521458639182,31.157339096069336,5394795,56485200000.0,3100400000.0,75962400000.0,6344300000.0,42087200000.0,3688000000.0,12.11665,39.52,149.293,95526098,ASHAPURMIN.NS,0.15074179322929537,0.03858619527555738,0.06964350206238476,0
2019-03-31,30.860601731202568,34.322530782517575,18.348210000792076,27.99214744567871,6134875,56485200000.0,3100400000.0,75962400000.0,6344300000.0,42087200000.0,3688000000.0,12.11665,39.52,149.293,95526098,ASHAPURMIN.NS,0.15074179322929537,0.03858619527555738,0.06964350206238476,0
2019-06-30,28.684533785735574,29.030726812193805,16.122687544388498,16.81507110595703,1672452,56485200000.0,3100400000.0,75962400000.0,6344300000.0,42087200000.0,3688000000.0,12.11665,39.52,149.293,95526098,ASHAPURMIN.NS,0.15074179322929537,0.03858619527555738,0.06964350206238476,1
2019-09-30,17.606367442564373,29.871481578620276,16.122686467652315,28.88235855102539,2645484,56485200000.0,3100400000.0,75962400000.0,6344300000.0,42087200000.0,3688000000.0,12.11665,39.52,149.293,95526098,ASHAPURMIN.NS,0.15074179322929537,0.03858619527555738,0.06964350206238476,0
2019-12-31,30.217672974485385,37.93281954771708,22.94762876648355,26.80520248413086,2368821,56485200000.0,3100400000.0,75962400000.0,6344300000.0,42087200000.0,3688000000.0,12.11665,39.52,149.293,95526098,ASHAPURMIN.NS,0.15074179322929537,0.03858619527555738,0.06964350206238476,0
2020-03-31,27.497587182445635,41.64203300905384,18.34821155610562,20.2275447845459,3841497,56485200000.0,3100400000.0,75962400000.0,6344300000.0,42087200000.0,3688000000.0,12.11665,39.52,149.293,95526098,ASHAPURMIN.NS,0.15074179322929537,0.03858619527555738,0.06964350206238476,1
2020-06-30,20.227543453863134,47.47785135303886,19.337331613873815,43.620277404785156,2675549,56485200000.0,3100400000.0,75962400000.0,6344300000.0,42087200000.0,3688000000.0,12.11665,39.52,149.293,95526098,ASHAPURMIN.NS,0.15074179322929537,0.03858619527555738,0.06964350206238476,1
2020-09-30,45.00504796508143,90.55411471101309,34.668716438703356,78.98138427734375,12329853,56485200000.0,3100400000.0,75962400000.0,6344300000.0,42087200000.0,3688000000.0,12.11665,39.52,149.293,95526098,ASHAPURMIN.NS,0.15074179322929537,0.03858619527555738,0.06964350206238476,1
2020-12-31,78.93192801778153,109.59470200782577,70.2276505713664,107.51754760742188,10226805,56485200000.0,3100400000.0,75962400000.0,6344300000.0,42087200000.0,3688000000.0,12.11665,39.52,149.293,95526098,ASHAPURMIN.NS,0.15074179322929537,0.03858619527555738,0.06964350206238476,0
2021-03-31,112.85881042480469,141.44442956284436,93.47201967097578,103.36323547363281,16093541,56485200000.0,3100400000.0,75962400000.0,6344300000.0,42087200000.0,3688000000.0,12.11665,39.52,149.293,95526098,ASHAPURMIN.NS,0.15074179322929537,0.03858619527555738,0.06964350206238476,1
2021-06-30,101.87954998464092,174.87675359179417,101.23661718012792,152.9182586669922,21740427,56485200000.0,3100400000.0,75962400000.0,6344300000.0,42087200000.0,3688000000.0,12.11665,39.52,149.293,95526098,ASHAPURMIN.NS,0.15074179322929537,0.03858619527555738,0.06964350206238476,0
2021-09-30,151.33563872860339,154.79758371818434,113.86683436699718,121.9114990234375,5738847,56485200000.0,3100400000.0,75962400000.0,6344300000.0,42087200000.0,3688000000.0,12.11665,39.52,149.293,95526098,ASHAPURMIN.NS,0.15074179322929537,0.03858619527555738,0.06964350206238476,0
2021-12-31,121.16662153546513,140.78171447753905,87.79614537276504,97.92646789550781,8215627,56485200000.0,3100400000.0,75962400000.0,6344300000.0,42087200000.0,3688000000.0,12.11665,39.52,149.293,95526098,ASHAPURMIN.NS,0.15074179322929537,0.03858619527555738,0.06964350206238476,1
2022-03-31,99.21758944278189,137.45458578789246,88.39204632721962,126.82768249511719,21255864,56485200000.0,3100400000.0,75962400000.0,6344300000.0,42087200000.0,3688000000.0,12.11665,39.52,149.293,95526098,ASHAPURMIN.NS,0.15074179322929537,0.03858619527555738,0.06964350206238476,0
2022-06-30,128.11879972252945,174.05286955757916,89.38521132168724,100.11143493652344,25398472,56485200000.0,3100400000.0,75962400000.0,6344300000.0,42087200000.0,3688000000.0,12.11665,39.52,149.293,95526098,ASHAPURMIN.NS,0.15074179322929537,0.03858619527555738,0.06964350206238476,0
2022-09-30,100.11144325306479,128.51606626541326,85.56184443161155,89.85491943359375,22023317,56485200000.0,3100400000.0,75962400000.0,6344300000.0,42087200000.0,3688000000.0,12.11665,39.52,149.293,95526098,ASHAPURMIN.NS,0.15074179322929537,0.03858619527555738,0.06964350206238476,1
2022-12-31,91.05297861872333,97.84202627029212,70.68587457018003,95.74540710449219,11574414,56485200000.0,3100400000.0,75962400000.0,6344300000.0,42087200000.0,3688000000.0,12.11665,39.52,149.293,95526098,ASHAPURMIN.NS,0.15074179322929537,0.03858619527555738,0.06964350206238476,1
2023-03-31,96.09484672546387,121.8033324186245,90.80338686966999,111.9192886352539,24217749,56485200000.0,3100400000.0,75962400000.0,6344300000.0,42087200000.0,3688000000.0,12.11665,39.52,149.293,95526098,ASHAPURMIN.NS,0.15074179322929537,0.03858619527555738,0.06964350206238476,1
2023-06-30,113.81623358247093,157.74530965232046,112.31865156164893,126.39591979980469,30981729,56485200000.0,3100400000.0,75962400000.0,6344300000.0,42087200000.0,3688000000.0,12.11665,39.52,149.293,95526098,ASHAPURMIN.NS,0.15074179322929537,0.03858619527555738,0.06964350206238476,1
2023-09-30,127.39430533448936,338.4535177014217,117.21074935917228,290.0317077636719,53739100,56485200000.0,3100400000.0,75962400000.0,6344300000.0,42087200000.0,3688000000.0,12.11665,39.52,149.293,95526098,ASHAPURMIN.NS,0.15074179322929537,0.03858619527555738,0.06964350206238476,1
2023-12-31,290.03169711800507,482.4210903890301,272.5599175676631,420.32135009765625,12136832,56485200000.0,3100400000.0,75962400000.0,6344300000.0,42087200000.0,3688000000.0,12.11665,39.52,149.293,95526098,ASHAPURMIN.NS,0.15074179322929537,0.03858619527555738,0.06964350206238476,0
2024-03-31,413.3326371030272,453.5676655989436,302.4117240148404,375.3439636230469,10801596,56485200000.0,3100400000.0,75962400000.0,6344300000.0,42087200000.0,3688000000.0,12.11665,39.52,149.293,95526098,ASHAPURMIN.NS,0.15074179322929537,0.03858619527555738,0.06964350206238476,1
2024-06-30,375.343974915058,452.61920919852804,303.4101142165837,405.44537353515625,12152042,56485200000.0,3100400000.0,75962400000.0,6344300000.0,42087200000.0,3688000000.0,12.11665,39.52,149.293,95526098,ASHAPURMIN.NS,0.15074179322929537,0.03858619527555738,0.06964350206238476,0
2024-09-30,409.1393737286274,442.0362759774724,288.6339606762392,300.4648742675781,17649671,56485200000.0,3100400000.0,38107552000.0,11665690000.0,10599046000.0,1326133000.0,12.11665,39.52,149.293,95526098,ASHAPURMIN.NS,1.1006358496793014,0.03858619527555738,0.06964350206238476,1
2024-12-31,301.96246837637386,471.2890365922671,200.12687026939986,388.67242431640625,37088494,8654400000.0,1054200000.0,38107552000.0,11665690000.0,10599046000.0,1326133000.0,12.11665,39.52,149.293,95526098,ASHAPURMIN.NS,1.1006358496793014,0.03858619527555738,0.06964350206238476,0
2025-03-31,388.8721099336886,570.6286326749898,301.11381883008295,358.6209716796875,30309731,5101296000.0,864919000.0,39305511000.0,11629059000.0,12420207000.0,1093466000.0,12.11665,39.52,149.293,95526098,ASHAPURMIN.NS,0.9363015447327085,0.02200503130464326,0.06963805031590858,1
2025-06-30,358.9204709636552,437.3937882355981,315.49060605720064,426.361572265625,20766362,13555700000.0,1098600000.0,39305511000.0,11629059000.0,12420207000.0,1093466000.0,12.11665,39.52,149.293,95526098,ASHAPURMIN.NS,0.9363015447327085,0.02200503130464326,0.06963805031590858,1
2025-09-30,427.65949948534205,679.0,419.37286092848433,651.0,49269999,9525000000.0,966100000.0,41517900000.0,12275500000.0,14261400000.0,2981400000.0,12.11665,39.52,149.293,95526098,ASHAPURMIN.NS,0.8607499964940328,0.0232694813562343,0.06774229739015805,1
2025-12-31,656.0,918.0,595.0,878.6500244140625,50155544,9604300000.0,842100000.0,41517900000.0,12275500000.0,14261400000.0,2981400000.0,12.11665,39.52,149.293,95526098,ASHAPURMIN.NS,0.8607499964940328,0.0232694813562343,0.06774229739015805,0
2026-03-31,880.9000244140625,924.9000244140625,471.20001220703125,478.8500061035156,45334349,9604300000.0,842100000.0,41517900000.0,12275500000.0,14261400000.0,2981400000.0,12.11665,39.52,149.293,95526098,ASHAPURMIN.NS,0.8607499964940328,0.0232694813562343,0.06774229739015805,0
2016-03-31,149.4273242228595,174.77323187707913,148.0560003993966,168.436767578125,1303291,9604300000.0,842100000.0,41517900000.0,12275500000.0,14261400000.0,2981400000.0,22.534832,44.5,581.053,32401000,BALAMINES.NS,0.8607499964940328,0.0232694813562343,0.06774229739015805,1
2016-06-30,166.11969174044515,267.17227369903577,164.55922213052798,262.6327209472656,5630724,9604300000.0,842100000.0,41517900000.0,12275500000.0,14261400000.0,2981400000.0,22.534832,44.5,581.053,32401000,BALAMINES.NS,0.8607499964940328,0.0232694813562343,0.06774229739015805,1
2016-09-30,262.9164669472625,313.278993020817,236.19921594107169,283.4089050292969,2818825,9604300000.0,842100000.0,41517900000.0,12275500000.0,14261400000.0,2981400000.0,22.534832,44.5,581.053,32401000,BALAMINES.NS,0.8607499964940328,0.0232694813562343,0.06774229739015805,1
2016-12-31,283.4088892533414,362.10979264652065,260.2083885516965,305.9901123046875,2625743,9604300000.0,842100000.0,41517900000.0,12275500000.0,14261400000.0,2981400000.0,22.534832,44.5,581.053,32401000,BALAMINES.NS,0.8607499964940328,0.0232694813562343,0.06774229739015805,1
2017-03-31,299.93991741697465,382.8329992915111,299.93991741697465,361.0617370605469,1591911,9604300000.0,842100000.0,41517900000.0,12275500000.0,14261400000.0,2981400000.0,22.534832,44.5,581.053,32401000,BALAMINES.NS,0.8607499964940328,0.0232694813562343,0.06774229739015805,0
2017-06-30,359.203748460187,380.927441517061,309.65841241018524,321.3301696777344,1644216,9604300000.0,842100000.0,41517900000.0,12275500000.0,14261400000.0,2981400000.0,22.534832,44.5,581.053,32401000,BALAMINES.NS,0.8607499964940328,0.0232694813562343,0.06774229739015805,1
2017-09-30,317.6618444285232,375.770878428986,281.8641165939032,325.2463073730469,1876466,9604300000.0,842100000.0,41517900000.0,12275500000.0,14261400000.0,2981400000.0,22.534832,44.5,581.053,32401000,BALAMINES.NS,0.8607499964940328,0.0232694813562343,0.06774229739015805,1
2017-12-31,325.2463073730469,647.1369744535122,319.5419020696969,611.0411376953125,11383832,9604300000.0,842100000.0,41517900000.0,12275500000.0,14261400000.0,2981400000.0,22.534832,44.5,581.053,32401000,BALAMINES.NS,0.8607499964940328,0.0232694813562343,0.06774229739015805,0
2018-03-31,613.6775558917918,749.7202024567728,527.2967911371628,537.8907470703125,5034616,9604300000.0,842100000.0,41517900000.0,12275500000.0,14261400000.0,2981400000.0,22.534832,44.5,581.053,32401000,BALAMINES.NS,0.8607499964940328,0.0232694813562343,0.06774229739015805,0
2018-06-30,540.2395978578177,699.8666353735796,485.92795801740846,528.2554321289062,1787218,9604300000.0,842100000.0,41517900000.0,12275500000.0,14261400000.0,2981400000.0,22.534832,44.5,581.053,32401000,BALAMINES.NS,0.8607499964940328,0.0232694813562343,0.06774229739015805,0
2018-09-30,528.591043083295,580.8653095185336,439.983727754052,451.7840576171875,1750034,9604300000.0,842100000.0,41517900000.0,12275500000.0,14261400000.0,2981400000.0,22.534832,44.5,581.053,32401000,BALAMINES.NS,0.8607499964940328,0.0232694813562343,0.06774229739015805,0
2018-12-31,443.114396096172,499.3225124895529,394.9498062841123,440.65802001953125,1253973,9604300000.0,842100000.0,41517900000.0,12275500000.0,14261400000.0,2981400000.0,22.534832,44.5,581.053,32401000,BALAMINES.NS,0.8607499964940328,0.0232694813562343,0.06774229739015805,1
2019-03-31,443.8369238986655,490.749205625571,352.66132059312054,476.49249267578125,2558633,9604300000.0,842100000.0,41517900000.0,12275500000.0,14261400000.0,2981400000.0,22.534832,44.5,581.053,32401000,BALAMINES.NS,0.8607499964940328,0.0232694813562343,0.06774229739015805,0
2019-06-30,478.8043880881466,517.8658885479015,351.7461734611618,364.50982666015625,1865102,9604300000.0,842100000.0,41517900000.0,12275500000.0,14261400000.0,2981400000.0,22.534832,44.5,581.053,32401000,BALAMINES.NS,0.8607499964940328,0.0232694813562343,0.06774229739015805,0
2019-09-30,367.97763110278794,367.97763110278794,205.2468026997288,322.4196472167969,2594716,9604300000.0,842100000.0,41517900000.0,12275500000.0,14261400000.0,2981400000.0,22.534832,44.5,581.053,32401000,BALAMINES.NS,0.8607499964940328,0.0232694813562343,0.06774229739015805,1
2019-12-31,327.42324246088714,404.8584126055746,291.47472659843777,387.952880859375,2370480,9604300000.0,842100000.0,41517900000.0,12275500000.0,14261400000.0,2981400000.0,22.534832,44.5,581.053,32401000,BALAMINES.NS,0.8607499964940328,0.0232694813562343,0.06774229739015805,0
2020-03-31,393.19945371540126,475.29810890005746,196.13285811523141,246.7351531982422,4249674,9604300000.0,842100000.0,41517900000.0,12275500000.0,14261400000.0,2981400000.0,22.534832,44.5,581.053,32401000,BALAMINES.NS,0.8607499964940328,0.0232694813562343,0.06774229739015805,1
2020-06-30,250.0693940417411,533.1872545540908,236.63431871027183,483.8597717285156,12570103,9604300000.0,842100000.0,41517900000.0,12275500000.0,14261400000.0,2981400000.0,22.534832,44.5,581.053,32401000,BALAMINES.NS,0.8607499964940328,0.0232694813562343,0.06774229739015805,1
2020-09-30,485.4288486586895,976.5739092478526,485.4288486586895,792.6073608398438,28189930,9604300000.0,842100000.0,41517900000.0,12275500000.0,14261400000.0,2981400000.0,22.534832,44.5,581.053,32401000,BALAMINES.NS,0.8607499964940328,0.0232694813562343,0.06774229739015805,1
2020-12-31,801.4915275402494,1035.2292093115743,780.4345121728726,909.427001953125,10684612,9604300000.0,842100000.0,41517900000.0,12275500000.0,14261400000.0,2981400000.0,22.534832,44.5,581.053,32401000,BALAMINES.NS,0.8607499964940328,0.0232694813562343,0.06774229739015805,1
2021-03-31,911.9794200009578,1870.637707493403,910.065134746315,1727.0672607421875,16838970,9604300000.0,842100000.0,41517900000.0,12275500000.0,14261400000.0,2981400000.0,22.534832,44.5,581.053,32401000,BALAMINES.NS,0.8607499964940328,0.0232694813562343,0.06774229739015805,1
2021-06-30,1746.4061561304652,2903.60920042476,1693.4446268576582,2624.812255859375,14157355,9604300000.0,842100000.0,41517900000.0,12275500000.0,14261400000.0,2981400000.0,22.534832,44.5,581.053,32401000,BALAMINES.NS,0.8607499964940328,0.0232694813562343,0.06774229739015805,1
2021-09-30,2645.6237473689416,5133.974773570972,2621.0817831076342,4439.9345703125,8443554,9604300000.0,842100000.0,41517900000.0,12275500000.0,14261400000.0,2981400000.0,22.534832,44.5,581.053,32401000,BALAMINES.NS,0.8607499964940328,0.0232694813562343,0.06774229739015805,0
2021-12-31,4422.832869343545,4722.602258333333,2835.7238080307875,3351.327880859375,5778832,9604300000.0,842100000.0,41517900000.0,12275500000.0,14261400000.0,2981400000.0,22.534832,44.5,581.053,32401000,BALAMINES.NS,0.8607499964940328,0.0232694813562343,0.06774229739015805,0
2022-03-31,3420.028844602678,3867.5219467839365,2646.574004931536,2855.67578125,6023316,9604300000.0,842100000.0,41517900000.0,12275500000.0,14261400000.0,2981400000.0,22.534832,44.5,581.053,32401000,BALAMINES.NS,0.8607499964940328,0.0232694813562343,0.06774229739015805,0
2022-06-30,2865.012829333091,3443.912630622541,2653.6997050204773,2824.3115234375,5502552,9604300000.0,842100000.0,41517900000.0,12275500000.0,14261400000.0,2981400000.0,22.534832,44.5,581.053,32401000,BALAMINES.NS,0.8607499964940328,0.0232694813562343,0.06774229739015805,1
2022-09-30,2817.121020174609,3786.368310272905,2789.2452640817146,3120.0107421875,6692351,9604300000.0,842100000.0,41517900000.0,12275500000.0,14261400000.0,2981400000.0,22.534832,44.5,581.053,32401000,BALAMINES.NS,0.8607499964940328,0.0232694813562343,0.06774229739015805,0
2022-12-31,3136.1650223569227,3216.049080487493,2554.8629695941986,2668.187744140625,2613921,9604300000.0,842100000.0,41517900000.0,12275500000.0,14261400000.0,2981400000.0,22.534832,44.5,581.053,32401000,BALAMINES.NS,0.8607499964940328,0.0232694813562343,0.06774229739015805,0
2023-03-31,2688.922412239044,2688.922412239044,1903.1326964073746,1914.164794921875,2954203,9604300000.0,842100000.0,41517900000.0,12275500000.0,14261400000.0,2981400000.0,22.534832,44.5,581.053,32401000,BALAMINES.NS,0.8607499964940328,0.0232694813562343,0.06774229739015805,1
2023-06-30,1914.3616470424188,2508.764615458033,1851.813959283162,2281.81884765625,6900669,9604300000.0,842100000.0,41517900000.0,12275500000.0,14261400000.0,2981400000.0,22.534832,44.5,581.053,32401000,BALAMINES.NS,0.8607499964940328,0.0232694813562343,0.06774229739015805,0
2023-09-30,2304.0279698243644,2331.3815620106325,1980.781450840988,2150.937255859375,3847650,9604300000.0,842100000.0,41517900000.0,12275500000.0,14261400000.0,2981400000.0,22.534832,44.5,581.053,32401000,BALAMINES.NS,0.8607499964940328,0.0232694813562343,0.06774229739015805,1
2023-12-31,2162.0171708546354,2695.782057888016,1978.555652006173,2639.887939453125,7898365,9604300000.0,842100000.0,41517900000.0,12275500000.0,14261400000.0,2981400000.0,22.534832,44.5,581.053,32401000,BALAMINES.NS,0.8607499964940328,0.0232694813562343,0.06774229739015805,0
2024-03-31,2646.3180526235674,2705.6747192244698,1987.6568212468553,2023.3204345703125,5948169,9604300000.0,842100000.0,41517900000.0,12275500000.0,14261400000.0,2981400000.0,22.534832,44.5,581.053,32401000,BALAMINES.NS,0.8607499964940328,0.0232694813562343,0.06774229739015805,1
2024-06-30,2028.0194900649208,2480.119453221107,1938.9845015317503,2265.001220703125,6042524,9604300000.0,842100000.0,41517900000.0,12275500000.0,14261400000.0,2981400000.0,22.534832,44.5,581.053,32401000,BALAMINES.NS,0.8607499964940328,0.0232694813562343,0.06774229739015805,1
2024-09-30,2275.3389412445576,2533.8898063393967,2076.2541662873546,2272.82373046875,5784205,9604300000.0,842100000.0,21533423000.0,151515000.0,17704820000.0,1526651000.0,22.534832,44.5,581.053,32401000,BALAMINES.NS,0.008557839051738453,0.0232694813562343,0.06774229739015805,0
2024-12-31,2277.2958727744935,2359.2329588137836,1700.7545243983636,1775.5860595703125,2637156,3127284000.0,331862000.0,21533423000.0,151515000.0,17704820000.0,1526651000.0,22.534832,44.5,581.053,32401000,BALAMINES.NS,0.008557839051738453,0.0232694813562343,0.06774229739015805,0
2025-03-31,1775.6357718828574,1967.683664964974,1163.7159895773327,1199.64111328125,8110072,3414714000.0,400625000.0,22520592000.0,110273000.0,18450581000.0,1488941000.0,22.534832,44.5,581.053,32401000,BALAMINES.NS,0.005976668160205903,0.017789274811248302,0.02171340837451135,1
2025-06-30,1217.032325629578,1846.4426645027734,1120.5363035027704,1830.1446533203125,8235429,3583412000.0,379998000.0,22520592000.0,110273000.0,18450581000.0,1488941000.0,22.534832,44.5,581.053,32401000,BALAMINES.NS,0.005976668160205903,0.017789274811248302,0.02171340837451135,0
2025-09-30,1826.6663160564556,1932.9014729558749,1383.5,1389.199951171875,3938904,3405521000.0,345591000.0,23314599000.0,314459000.0,18819741000.0,390769000.0,22.534832,44.5,581.053,32401000,BALAMINES.NS,0.01670899721733684,0.014822944199040266,0.01836321764470616,0
2025-12-31,1410.0,1457.9000244140625,1079.0,1121.0,3106821,3313010000.0,314330000.0,23314599000.0,314459000.0,18819741000.0,390769000.0,22.534832,44.5,581.053,32401000,BALAMINES.NS,0.01670899721733684,0.014822944199040266,0.01836321764470616,0
2026-03-31,1118.800048828125,1333.0999755859375,976.5,1002.7999877929688,33786754,3313010000.0,314330000.0,23314599000.0,314459000.0,18819741000.0,390769000.0,22.534832,44.5,581.053,32401000,BALAMINES.NS,0.01670899721733684,0.014822944199040266,0.01836321764470616,0
2016-03-31,27.044476626212138,29.20803566893615,25.962697480480628,26.552759170532227,23291,3313010000.0,314330000.0,23314599000.0,314459000.0,18819741000.0,390769000.0,26.892368,19.79,126.406,241280945,GALLANTT.NS,0.01670899721733684,0.014822944199040266,0.01836321764470616,1
2016-06-30,25.569324543790582,38.353982711934954,25.274294084538514,35.25616455078125,779576,3313010000.0,314330000.0,23314599000.0,314459000.0,18819741000.0,390769000.0,26.892368,19.79,126.406,241280945,GALLANTT.NS,0.01670899721733684,0.014822944199040266,0.01836321764470616,1
2016-09-30,35.0594751683895,50.54858465779397,34.91195835081084,42.435245513916016,3340317,3313010000.0,314330000.0,23314599000.0,314459000.0,18819741000.0,390769000.0,26.892368,19.79,126.406,241280945,GALLANTT.NS,0.01670899721733684,0.014822944199040266,0.01836321764470616,0
2016-12-31,47.008213526369,53.105514750187716,31.7157963930185,38.74736022949219,2366698,3313010000.0,314330000.0,23314599000.0,314459000.0,18819741000.0,390769000.0,26.892368,19.79,126.406,241280945,GALLANTT.NS,0.01670899721733684,0.014822944199040266,0.01836321764470616,1
2017-03-31,38.84570307876125,50.54859142357926,37.46889307897447,41.40263366699219,2334489,3313010000.0,314330000.0,23314599000.0,314459000.0,18819741000.0,390769000.0,26.892368,19.79,126.406,241280945,GALLANTT.NS,0.01670899721733684,0.014822944199040266,0.01836321764470616,0
2017-06-30,42.681100941719365,48.188341269704836,34.96112932278264,39.82914352416992,3030841,3313010000.0,314330000.0,23314599000.0,314459000.0,18819741000.0,390769000.0,26.892368,19.79,126.406,241280945,GALLANTT.NS,0.01670899721733684,0.014822944199040266,0.01836321764470616,0
2017-09-30,40.71423249225766,43.861220862114905,33.83018487572066,36.43628692626953,797302,3313010000.0,314330000.0,23314599000.0,314459000.0,18819741000.0,390769000.0,26.892368,19.79,126.406,241280945,GALLANTT.NS,0.01670899721733684,0.014822944199040266,0.01836321764470616,0
2017-12-31,36.43628692626953,36.43628692626953,32.89591979980469,32.89591979980469,23,3313010000.0,314330000.0,23314599000.0,314459000.0,18819741000.0,390769000.0,26.892368,19.79,126.406,241280945,GALLANTT.NS,0.01670899721733684,0.014822944199040266,0.01836321764470616,1
2018-03-31,39.435760498046875,61.661409231303125,34.61692926066498,39.63245391845703,5388075,3313010000.0,314330000.0,23314599000.0,314459000.0,18819741000.0,390769000.0,26.892368,19.79,126.406,241280945,GALLANTT.NS,0.01670899721733684,0.014822944199040266,0.01836321764470616,1
2018-06-30,38.35398299120603,52.85965928920785,37.370548393087276,43.762882232666016,1341053,3313010000.0,314330000.0,23314599000.0,314459000.0,18819741000.0,390769000.0,26.892368,19.79,126.406,241280945,GALLANTT.NS,0.01670899721733684,0.014822944199040266,0.01836321764470616,1
2018-09-30,44.74631542530442,64.80163171957086,39.33742104753484,45.24260330200195,2873332,3313010000.0,314330000.0,23314599000.0,314459000.0,18819741000.0,390769000.0,26.892368,19.79,126.406,241280945,GALLANTT.NS,0.01670899721733684,0.014822944199040266,0.01836321764470616,1
2018-12-31,45.48956284660209,65.19676442407099,43.11877351927816,55.51603698730469,2239319,3313010000.0,314330000.0,23314599000.0,314459000.0,18819741000.0,390769000.0,26.892368,19.79,126.406,241280945,GALLANTT.NS,0.01670899721733684,0.014822944199040266,0.01836321764470616,0
2019-03-31,56.9977837677312,57.29413197255556,41.43946076745404,48.25548553466797,726299,3313010000.0,314330000.0,23314599000.0,314459000.0,18819741000.0,390769000.0,26.892368,19.79,126.406,241280945,GALLANTT.NS,0.01670899721733684,0.014822944199040266,0.01836321764470616,0
2019-06-30,47.959135930745774,52.35498095754651,35.018568143600824,38.03144836425781,730758,3313010000.0,314330000.0,23314599000.0,314459000.0,18819741000.0,390769000.0,26.892368,19.79,126.406,241280945,GALLANTT.NS,0.01670899721733684,0.014822944199040266,0.01836321764470616,0
2019-09-30,37.68571251249862,40.99493519263931,23.7079150697639,28.078237533569336,666187,3313010000.0,314330000.0,23314599000.0,314459000.0,18819741000.0,390769000.0,26.892368,19.79,126.406,241280945,GALLANTT.NS,0.01670899721733684,0.014822944199040266,0.01836321764470616,1
2019-12-31,28.22758983683657,32.55880719368967,24.892054526660985,28.974349975585938,420938,3313010000.0,314330000.0,23314599000.0,314459000.0,18819741000.0,390769000.0,26.892368,19.79,126.406,241280945,GALLANTT.NS,0.01670899721733684,0.014822944199040266,0.01836321764470616,0
2020-03-31,28.27737285384875,39.82728789195369,17.125734034075503,19.415802001953125,960578,3313010000.0,314330000.0,23314599000.0,314459000.0,18819741000.0,390769000.0,26.892368,19.79,126.406,241280945,GALLANTT.NS,0.01670899721733684,0.014822944199040266,0.01836321764470616,1
2020-06-30,18.619257038441273,40.62383365681657,18.569471791276158,33.504703521728516,1642122,3313010000.0,314330000.0,23314599000.0,314459000.0,18819741000.0,390769000.0,26.892368,19.79,126.406,241280945,GALLANTT.NS,0.01670899721733684,0.014822944199040266,0.01836321764470616,0
2020-09-30,34.35103464249331,37.736353985613384,28.227588915154843,31.065284729003906,1574932,3313010000.0,314330000.0,23314599000.0,314459000.0,18819741000.0,390769000.0,26.892368,19.79,126.406,241280945,GALLANTT.NS,0.01670899721733684,0.014822944199040266,0.01836321764470616,1
2020-12-31,31.06528436279643,39.72771787930125,30.21895414122131,38.632469177246094,1969973,3313010000.0,314330000.0,23314599000.0,314459000.0,18819741000.0,390769000.0,26.892368,19.79,126.406,241280945,GALLANTT.NS,0.01670899721733684,0.014822944199040266,0.01836321764470616,1
2021-03-31,39.72771956246392,52.67158922892722,37.73635524952289,43.411739349365234,5395075,3313010000.0,314330000.0,23314599000.0,314459000.0,18819741000.0,390769000.0,26.892368,19.79,126.406,241280945,GALLANTT.NS,0.01670899721733684,0.014822944199040266,0.01836321764470616,1
2021-06-30,42.86411534957988,83.43816646243954,42.61519481468311,78.3104019165039,14009106,3313010000.0,314330000.0,23314599000.0,314459000.0,18819741000.0,390769000.0,26.892368,19.79,126.406,241280945,GALLANTT.NS,0.01670899721733684,0.014822944199040266,0.01836321764470616,0
2021-09-30,78.70867707273081,87.62003457132153,57.35129018584869,74.87529754638672,10414254,3313010000.0,314330000.0,23314599000.0,314459000.0,18819741000.0,390769000.0,26.892368,19.79,126.406,241280945,GALLANTT.NS,0.01670899721733684,0.014822944199040266,0.01836321764470616,0
2021-12-31,74.57659562104566,87.47067068504919,64.22150249503517,72.48566436767578,4710297,3313010000.0,314330000.0,23314599000.0,314459000.0,18819741000.0,390769000.0,26.892368,19.79,126.406,241280945,GALLANTT.NS,0.01670899721733684,0.014822944199040266,0.01836321764470616,0
2022-03-31,72.98350440210788,75.67184296260287,54.26467665161722,59.98984909057617,3125447,3313010000.0,314330000.0,23314599000.0,314459000.0,18819741000.0,390769000.0,26.892368,19.79,126.406,241280945,GALLANTT.NS,0.01670899721733684,0.014822944199040266,0.01836321764470616,1
2022-06-30,60.039631090648115,85.32995958061287,60.039631090648115,73.58091735839844,8609366,3313010000.0,314330000.0,23314599000.0,314459000.0,18819741000.0,390769000.0,26.892368,19.79,126.406,241280945,GALLANTT.NS,0.01670899721733684,0.014822944199040266,0.01836321764470616,0
2022-09-30,73.97918146328423,75.57227713808287,56.753881091136506,57.79935073852539,2792023,3313010000.0,314330000.0,23314599000.0,314459000.0,18819741000.0,390769000.0,26.892368,19.79,126.406,241280945,GALLANTT.NS,0.01670899721733684,0.014822944199040266,0.01836321764470616,1
2022-12-31,58.54611134579275,68.50293910731898,53.11963885510812,61.73229217529297,3560205,3313010000.0,314330000.0,23314599000.0,314459000.0,18819741000.0,390769000.0,26.892368,19.79,126.406,241280945,GALLANTT.NS,0.01670899721733684,0.014822944199040266,0.01836321764470616,0
2023-03-31,60.935754934174234,74.57659773906515,52.77115197137955,55.40971374511719,4849879,3313010000.0,314330000.0,23314599000.0,314459000.0,18819741000.0,390769000.0,26.892368,19.79,126.406,241280945,GALLANTT.NS,0.01670899721733684,0.014822944199040266,0.01836321764470616,1
2023-06-30,55.40971415713265,65.96394643246938,49.33604935112313,58.59589385986328,5933415,3313010000.0,314330000.0,23314599000.0,314459000.0,18819741000.0,390769000.0,26.892368,19.79,126.406,241280945,GALLANTT.NS,0.01670899721733684,0.014822944199040266,0.01836321764470616,1
2023-09-30,59.541792411258385,104.54662342125714,59.04395133123411,88.91442108154297,27007107,3313010000.0,314330000.0,23314599000.0,314459000.0,18819741000.0,390769000.0,26.892368,19.79,126.406,241280945,GALLANTT.NS,0.01670899721733684,0.014822944199040266,0.01836321764470616,1
2023-12-31,88.91441981312246,199.13642528508092,78.4099669986256,179.02365112304688,32813002,3313010000.0,314330000.0,23314599000.0,314459000.0,18819741000.0,390769000.0,26.892368,19.79,126.406,241280945,GALLANTT.NS,0.01670899721733684,0.014822944199040266,0.01836321764470616,1
2024-03-31,180.2184801648547,235.37927142519445,167.37418163631165,191.1709747314453,17680961,3313010000.0,314330000.0,23314599000.0,314459000.0,18819741000.0,390769000.0,26.892368,19.79,126.406,241280945,GALLANTT.NS,0.01670899721733684,0.014822944199040266,0.01836321764470616,1
2024-06-30,189.22938811324443,369.79634237701407,189.22938811324443,356.4542236328125,5708673,3313010000.0,314330000.0,23314599000.0,314459000.0,18819741000.0,390769000.0,26.892368,19.79,126.406,241280945,GALLANTT.NS,0.01670899721733684,0.014822944199040266,0.01836321764470616,1
2024-09-30,358.4455710397025,397.62567892872926,286.80621431614065,358.16888427734375,5288206,9425679000.0,488925000.0,33259648000.0,4074891000.0,26223095000.0,15810000.0,26.892368,19.79,126.406,241280945,GALLANTT.NS,0.15539321350130486,0.01470024577530105,0.018644824342816894,0
2024-12-31,366.0050690743018,400.74387958098646,295.52924526970054,344.7425537109375,1548091,11183211000.0,1136732000.0,33259648000.0,4074891000.0,26223095000.0,15810000.0,26.892368,19.79,126.406,241280945,GALLANTT.NS,0.15539321350130486,0.01470024577530105,0.018644824342816894,1
2025-03-31,339.4019717261905,400.2946639936906,291.5362932323358,380.6293029785156,3153191,8765800000.0,1163073000.0,35483500000.0,3776652000.0,28425597000.0,53254000.0,26.892368,19.79,126.406,241280945,GALLANTT.NS,0.13286095627120867,0.032777854495751546,0.04091639658438836,1
2025-06-30,386.8184070961148,567.6497809177313,355.37383194735406,531.1141357421875,13532849,11277784000.0,1737943000.0,35483500000.0,3776652000.0,28425597000.0,53254000.0,26.892368,19.79,126.406,241280945,GALLANTT.NS,0.13286095627120867,0.032777854495751546,0.04091639658438836,1
2025-09-30,530.1658120324665,800.8389120954653,519.4347204464403,655.3499755859375,26630568,11277784000.0,1737943000.0,35483500000.0,3776652000.0,28425597000.0,53254000.0,26.892368,19.79,126.406,241280945,GALLANTT.NS,0.13286095627120867,0.032777854495751546,0.04091639658438836,0
2025-12-31,651.3499755859375,703.3499755859375,496.25,538.0499877929688,30918307,10735803000.0,1004107000.0,35483500000.0,3776652000.0,28425597000.0,53254000.0,26.892368,19.79,126.406,241280945,GALLANTT.NS,0.13286095627120867,0.032777854495751546,0.04091639658438836,0
2026-03-31,535.0,610.0,501.0,532.2000122070312,5755593,10735803000.0,1004107000.0,35483500000.0,3776652000.0,28425597000.0,53254000.0,26.892368,19.79,126.406,241280945,GALLANTT.NS,0.13286095627120867,0.032777854495751546,0.04091639658438836,0
2016-03-31,49.71435939137604,51.11958652548404,48.612969142678566,49.676395416259766,571720,10735803000.0,1004107000.0,35483500000.0,3776652000.0,28425597000.0,53254000.0,18.303312,31.09,211.461,318000000,GMDCLTD.NS,0.13286095627120867,0.032777854495751546,0.04091639658438836,1
2016-06-30,49.94223447700208,60.614314065854366,48.309141652890375,59.8927116394043,20582112,10735803000.0,1004107000.0,35483500000.0,3776652000.0,28425597000.0,53254000.0,18.303312,31.09,211.461,318000000,GMDCLTD.NS,0.13286095627120867,0.032777854495751546,0.04091639658438836,1
2016-09-30,59.93068312455234,76.3375664063368,58.14568066109794,66.0975112915039,37525207,10735803000.0,1004107000.0,35483500000.0,3776652000.0,28425597000.0,53254000.0,18.303312,31.09,211.461,318000000,GMDCLTD.NS,0.13286095627120867,0.032777854495751546,0.04091639658438836,1
2016-12-31,67.19717615645968,93.66758820064823,66.76516387548757,71.8707275390625,47830180,10735803000.0,1004107000.0,35483500000.0,3776652000.0,28425597000.0,53254000.0,18.303312,31.09,211.461,318000000,GMDCLTD.NS,0.13286095627120867,0.032777854495751546,0.04091639658438836,1
2017-03-31,72.10637053481885,99.16590961647222,72.06709451675721,96.10254669189453,43884633,10735803000.0,1004107000.0,35483500000.0,3776652000.0,28425597000.0,53254000.0,18.303312,31.09,211.461,318000000,GMDCLTD.NS,0.13286095627120867,0.032777854495751546,0.04091639658438836,1
2017-06-30,96.45601026688905,125.47920255935267,94.256693260228,115.46442413330078,50402114,10735803000.0,1004107000.0,35483500000.0,3776652000.0,28425597000.0,53254000.0,18.303312,31.09,211.461,318000000,GMDCLTD.NS,0.13286095627120867,0.032777854495751546,0.04091639658438836,0
2017-09-30,114.6789746965597,120.72711005592504,101.32594274966941,111.01871490478516,24656414,10735803000.0,1004107000.0,35483500000.0,3776652000.0,28425597000.0,53254000.0,18.303312,31.09,211.461,318000000,GMDCLTD.NS,0.13286095627120867,0.032777854495751546,0.04091639658438836,1
2017-12-31,112.22109871284192,145.00568409032243,110.61794015980132,133.9839630126953,31601420,10735803000.0,1004107000.0,35483500000.0,3776652000.0,28425597000.0,53254000.0,18.303312,31.09,211.461,318000000,GMDCLTD.NS,0.13286095627120867,0.032777854495751546,0.04091639658438836,0
2018-03-31,133.82363790030163,139.47477869352525,96.10933866816946,98.63432312011719,16999097,10735803000.0,1004107000.0,35483500000.0,3776652000.0,28425597000.0,53254000.0,18.303312,31.09,211.461,318000000,GMDCLTD.NS,0.13286095627120867,0.032777854495751546,0.04091639658438836,0
2018-06-30,99.47597677951008,117.8321448257289,81.56068842818098,85.4884262084961,12362428,10735803000.0,1004107000.0,35483500000.0,3776652000.0,28425597000.0,53254000.0,18.303312,31.09,211.461,318000000,GMDCLTD.NS,0.13286095627120867,0.032777854495751546,0.04091639658438836,0
2018-09-30,86.16976994734544,98.35377147693131,76.58478716901624,77.32952880859375,11345799,10735803000.0,1004107000.0,35483500000.0,3776652000.0,28425597000.0,53254000.0,18.303312,31.09,211.461,318000000,GMDCLTD.NS,0.13286095627120867,0.032777854495751546,0.04091639658438836,0
2018-12-31,76.25378262028174,82.99787416904589,67.23408356953209,73.81267547607422,13921976,10735803000.0,1004107000.0,35483500000.0,3776652000.0,28425597000.0,53254000.0,18.303312,31.09,211.461,318000000,GMDCLTD.NS,0.13286095627120867,0.032777854495751546,0.04091639658438836,0
2019-03-31,73.64717115199728,78.19839300984367,57.3868696909352,67.27545166015625,8775527,10735803000.0,1004107000.0,35483500000.0,3776652000.0,28425597000.0,53254000.0,18.303312,31.09,211.461,318000000,GMDCLTD.NS,0.13286095627120867,0.032777854495751546,0.04091639658438836,0
2019-06-30,67.64783177611383,69.59244544323329,59.04186025276406,62.14497756958008,11378853,10735803000.0,1004107000.0,35483500000.0,3776652000.0,28425597000.0,53254000.0,18.303312,31.09,211.461,318000000,GMDCLTD.NS,0.13286095627120867,0.032777854495751546,0.04091639658438836,0
2019-09-30,62.64146566581395,64.46196697339055,49.0705336709224,52.22705078125,6933866,10735803000.0,1004107000.0,35483500000.0,3776652000.0,28425597000.0,53254000.0,18.303312,31.09,211.461,318000000,GMDCLTD.NS,0.13286095627120867,0.032777854495751546,0.04091639658438836,1
2019-12-31,51.54489201858641,56.1067707386236,46.4714101762978,52.48284912109375,11500682,10735803000.0,1004107000.0,35483500000.0,3776652000.0,28425597000.0,53254000.0,18.303312,31.09,211.461,318000000,GMDCLTD.NS,0.13286095627120867,0.032777854495751546,0.04091639658438836,0
2020-03-31,52.482851777825594,61.819775837905325,24.813174700488403,26.902257919311523,16144863,10735803000.0,1004107000.0,35483500000.0,3776652000.0,28425597000.0,53254000.0,18.303312,31.09,211.461,318000000,GMDCLTD.NS,0.13286095627120867,0.032777854495751546,0.04091639658438836,1
2020-06-30,27.115430801551682,39.649921928127036,26.006937033018005,34.06482696533203,61799545,10735803000.0,1004107000.0,35483500000.0,3776652000.0,28425597000.0,53254000.0,18.303312,31.09,211.461,318000000,GMDCLTD.NS,0.13286095627120867,0.032777854495751546,0.04091639658438836,1
2020-09-30,34.19272989092657,45.40555364430134,33.809023539593014,35.855464935302734,127024904,10735803000.0,1004107000.0,35483500000.0,3776652000.0,28425597000.0,53254000.0,18.303312,31.09,211.461,318000000,GMDCLTD.NS,0.13286095627120867,0.032777854495751546,0.04091639658438836,1
2020-12-31,36.324444435932286,47.92097835395674,35.72756391815102,46.761905670166016,79094463,10735803000.0,1004107000.0,35483500000.0,3776652000.0,28425597000.0,53254000.0,18.303312,31.09,211.461,318000000,GMDCLTD.NS,0.13286095627120867,0.032777854495751546,0.04091639658438836,1
2021-03-31,47.82871657041036,59.91925115909847,47.117509557240815,49.11777877807617,157760544,10735803000.0,1004107000.0,35483500000.0,3776652000.0,28425597000.0,53254000.0,18.303312,31.09,211.461,318000000,GMDCLTD.NS,0.13286095627120867,0.032777854495751546,0.04091639658438836,1
2021-06-30,49.34003576820593,74.09895346116075,46.050699811058806,60.31930160522461,222445892,10735803000.0,1004107000.0,35483500000.0,3776652000.0,28425597000.0,53254000.0,18.303312,31.09,211.461,318000000,GMDCLTD.NS,0.13286095627120867,0.032777854495751546,0.04091639658438836,1
2021-09-30,60.71935603757684,68.09813865911026,51.20695552394691,66.63127136230469,93891697,10735803000.0,1004107000.0,35483500000.0,3776652000.0,28425597000.0,53254000.0,18.303312,31.09,211.461,318000000,GMDCLTD.NS,0.13286095627120867,0.032777854495751546,0.04091639658438836,0
2021-12-31,65.34220666977036,74.01005291294726,57.33010073521792,65.84490966796875,76233320,10735803000.0,1004107000.0,35483500000.0,3776652000.0,28425597000.0,53254000.0,18.303312,31.09,211.461,318000000,GMDCLTD.NS,0.13286095627120867,0.032777854495751546,0.04091639658438836,1
2022-03-31,65.88949255888471,176.35914283928832,65.17620722825568,169.18174743652344,460979033,10735803000.0,1004107000.0,35483500000.0,3776652000.0,28425597000.0,53254000.0,18.303312,31.09,211.461,318000000,GMDCLTD.NS,0.13286095627120867,0.032777854495751546,0.04091639658438836,0
2022-06-30,170.1624968938181,203.64220656809448,107.9285948809639,120.58936309814453,288860459,10735803000.0,1004107000.0,35483500000.0,3776652000.0,28425597000.0,53254000.0,18.303312,31.09,211.461,318000000,GMDCLTD.NS,0.13286095627120867,0.032777854495751546,0.04091639658438836,1
2022-09-30,121.03515919269661,166.50692906875858,116.35424143386304,124.56603240966797,128629967,10735803000.0,1004107000.0,35483500000.0,3776652000.0,28425597000.0,53254000.0,18.303312,31.09,211.461,318000000,GMDCLTD.NS,0.13286095627120867,0.032777854495751546,0.04091639658438836,1
2022-12-31,124.79543974664855,149.983921708736,117.45452608377063,134.56800842285156,67632653,10735803000.0,1004107000.0,35483500000.0,3776652000.0,28425597000.0,53254000.0,18.303312,31.09,211.461,318000000,GMDCLTD.NS,0.13286095627120867,0.032777854495751546,0.04091639658438836,0
2023-03-31,136.54088297174007,147.46048913951526,112.59117586567108,116.16986846923828,61451822,10735803000.0,1004107000.0,35483500000.0,3776652000.0,28425597000.0,53254000.0,18.303312,31.09,211.461,318000000,GMDCLTD.NS,0.13286095627120867,0.032777854495751546,0.04091639658438836,1
2023-06-30,116.85808343788302,160.3529566795728,116.85808343788302,151.81915283203125,122311734,10735803000.0,1004107000.0,35483500000.0,3776652000.0,28425597000.0,53254000.0,18.303312,31.09,211.461,318000000,GMDCLTD.NS,0.13286095627120867,0.032777854495751546,0.04091639658438836,1
2023-09-30,152.32384216505494,309.6832583060466,150.58036814729527,303.2763366699219,383423551,10735803000.0,1004107000.0,35483500000.0,3776652000.0,28425597000.0,53254000.0,18.303312,31.09,211.461,318000000,GMDCLTD.NS,0.13286095627120867,0.032777854495751546,0.04091639658438836,1
2023-12-31,299.3078892359703,430.3148199750491,293.6659623527841,389.19586181640625,500886710,10735803000.0,1004107000.0,35483500000.0,3776652000.0,28425597000.0,53254000.0,18.303312,31.09,211.461,318000000,GMDCLTD.NS,0.13286095627120867,0.032777854495751546,0.04091639658438836,0
2024-03-31,391.5386935583666,483.86513556488353,302.94162043123066,328.90399169921875,228749482,10735803000.0,1004107000.0,35483500000.0,3776652000.0,28425597000.0,53254000.0,18.303312,31.09,211.461,318000000,GMDCLTD.NS,0.13286095627120867,0.032777854495751546,0.04091639658438836,1
2024-06-30,333.4461930007538,433.13577937702416,310.49606113018484,375.760498046875,154099200,10735803000.0,1004107000.0,35483500000.0,3776652000.0,28425597000.0,53254000.0,18.303312,31.09,211.461,318000000,GMDCLTD.NS,0.13286095627120867,0.032777854495751546,0.04091639658438836,0
2024-09-30,376.4777048734185,420.65663841564003,340.0443643689558,353.0177917480469,102383711,10735803000.0,1004107000.0,73472200000.0,28600000.0,61948300000.0,1453900000.0,18.303312,31.09,211.461,318000000,GMDCLTD.NS,0.00046167530021001384,0.032777854495751546,0.04091639658438836,0
2024-12-31,351.39821798906655,370.4895572642135,303.1055028496958,315.8657531738281,80821842,6534200000.0,1476600000.0,73472200000.0,28600000.0,61948300000.0,1453900000.0,18.303312,31.09,211.461,318000000,GMDCLTD.NS,0.00046167530021001384,0.032777854495751546,0.04091639658438836,0
2025-03-31,315.86576934821545,330.6382618016487,222.4115083210785,260.32916259765625,95825070,7862800000.0,2262200000.0,77504400000.0,1264400000.0,64117400000.0,1188600000.0,18.303312,31.09,211.461,318000000,GMDCLTD.NS,0.01972007598561389,0.029188020293041426,0.035282154298209224,1
2025-06-30,261.58555544716233,417.9479196180707,246.3713812642244,404.0097961425781,133574372,7326000000.0,1637700000.0,77504400000.0,1264400000.0,64117400000.0,1188600000.0,18.303312,31.09,211.461,318000000,GMDCLTD.NS,0.01972007598561389,0.029188020293041426,0.035282154298209224,1
2025-09-30,405.9729245611208,642.0,367.8884051179051,599.0499877929688,527172127,5275800000.0,4657500000.0,82693000000.0,2782400000.0,67227400000.0,1124400000.0,18.303312,31.09,211.461,318000000,GMDCLTD.NS,0.04138788648675986,0.05632278427436421,0.06927978770560814,0
2025-12-31,605.0,651.0,466.3999938964844,598.75,339546600,5791500000.0,1330600000.0,82693000000.0,2782400000.0,67227400000.0,1124400000.0,18.303312,31.09,211.461,318000000,GMDCLTD.NS,0.04138788648675986,0.05632278427436421,0.06927978770560814,0
2026-03-31,598.9500122070312,641.0,513.0,569.0499877929688,242561534,5791500000.0,1330600000.0,82693000000.0,2782400000.0,67227400000.0,1124400000.0,18.303312,31.09,211.461,318000000,GMDCLTD.NS,0.04138788648675986,0.05632278427436421,0.06927978770560814,0
2016-03-31,82.57586467443377,86.79849412706163,77.46179410893969,82.52894592285156,89815570,5791500000.0,1330600000.0,82693000000.0,2782400000.0,67227400000.0,1124400000.0,11.621715,72.3,607.505,2235875391,HINDALCO.NS,0.04138788648675986,0.05632278427436421,0.06927978770560814,1
2016-06-30,82.10669613412027,116.96684373724595,78.35322773768392,115.27779388427734,860469090,5791500000.0,1330600000.0,82693000000.0,2782400000.0,67227400000.0,1124400000.0,11.621715,72.3,607.505,2235875391,HINDALCO.NS,0.04138788648675986,0.05632278427436421,0.06927978770560814,1
2016-09-30,116.35691255557991,154.54821291679934,115.55930611908245,144.20492553710938,674580885,5791500000.0,1330600000.0,82693000000.0,2782400000.0,67227400000.0,1124400000.0,11.621715,72.3,607.505,2235875391,HINDALCO.NS,0.04138788648675986,0.05632278427436421,0.06927978770560814,1
2016-12-31,145.90479511140498,174.51915811484167,139.1998040104894,146.42420959472656,671186866,5791500000.0,1330600000.0,82693000000.0,2782400000.0,67227400000.0,1124400000.0,11.621715,72.3,607.505,2235875391,HINDALCO.NS,0.04138788648675986,0.05632278427436421,0.06927978770560814,1
2017-03-31,147.17971423609202,191.04558906225208,145.6214988594511,184.1988983154297,814779987,5791500000.0,1330600000.0,82693000000.0,2782400000.0,67227400000.0,1124400000.0,11.621715,72.3,607.505,2235875391,HINDALCO.NS,0.04138788648675986,0.05632278427436421,0.06927978770560814,0
2017-06-30,184.2461413732938,198.6477404515064,169.3723359404489,180.32699584960938,717874149,5791500000.0,1330600000.0,82693000000.0,2782400000.0,67227400000.0,1124400000.0,11.621715,72.3,607.505,2235875391,HINDALCO.NS,0.04138788648675986,0.05632278427436421,0.06927978770560814,1
2017-09-30,180.5630988896831,242.33818512385753,180.5630988896831,228.2504425048828,618518988,5791500000.0,1330600000.0,82693000000.0,2782400000.0,67227400000.0,1124400000.0,11.621715,72.3,607.505,2235875391,HINDALCO.NS,0.04138788648675986,0.05632278427436421,0.06927978770560814,1
2017-12-31,230.05292608114772,264.4896910957228,217.6253051831843,259.5091552734375,506433373,5791500000.0,1330600000.0,82693000000.0,2782400000.0,67227400000.0,1124400000.0,11.621715,72.3,607.505,2235875391,HINDALCO.NS,0.04138788648675986,0.05632278427436421,0.06927978770560814,0
2018-03-31,258.9874095150693,269.4227710381111,192.2009206508298,203.5375213623047,545011203,5791500000.0,1330600000.0,82693000000.0,2782400000.0,67227400000.0,1124400000.0,11.621715,72.3,607.505,2235875391,HINDALCO.NS,0.04138788648675986,0.05632278427436421,0.06927978770560814,1
2018-06-30,205.43488491307613,254.05429555351182,189.73436105227586,218.66885375976562,747596692,5791500000.0,1330600000.0,82693000000.0,2782400000.0,67227400000.0,1124400000.0,11.621715,72.3,607.505,2235875391,HINDALCO.NS,0.04138788648675986,0.05632278427436421,0.06927978770560814,1
2018-09-30,219.14319175728758,239.16610372330936,182.47702890813565,218.99717712402344,693124932,5791500000.0,1330600000.0,82693000000.0,2782400000.0,67227400000.0,1124400000.0,11.621715,72.3,607.505,2235875391,HINDALCO.NS,0.04138788648675986,0.05632278427436421,0.06927978770560814,0
2018-12-31,218.4726931526553,247.70093993471895,200.92620001270456,215.7072296142578,565478799,5791500000.0,1330600000.0,82693000000.0,2782400000.0,67227400000.0,1124400000.0,11.621715,72.3,607.505,2235875391,HINDALCO.NS,0.04138788648675986,0.05632278427436421,0.06927978770560814,0
2019-03-31,215.03968679169077,215.27808999212502,173.7482329170807,192.9635772705078,473573519,5791500000.0,1330600000.0,82693000000.0,2782400000.0,67227400000.0,1124400000.0,11.621715,72.3,607.505,2235875391,HINDALCO.NS,0.04138788648675986,0.05632278427436421,0.06927978770560814,1
2019-06-30,198.87596400544157,208.9365672290859,178.56401225287945,197.445556640625,440147932,5791500000.0,1330600000.0,82693000000.0,2782400000.0,67227400000.0,1124400000.0,11.621715,72.3,607.505,2235875391,HINDALCO.NS,0.04138788648675986,0.05632278427436421,0.06927978770560814,0
2019-09-30,198.446853364705,200.83088565139786,163.63997039048115,183.72471618652344,421295668,5791500000.0,1330600000.0,82693000000.0,2782400000.0,67227400000.0,1124400000.0,11.621715,72.3,607.505,2235875391,HINDALCO.NS,0.04138788648675986,0.05632278427436421,0.06927978770560814,1
2019-12-31,183.6766967240841,210.6569258092753,172.82699893054777,207.53643798828125,488956707,5791500000.0,1330600000.0,82693000000.0,2782400000.0,67227400000.0,1124400000.0,11.621715,72.3,607.505,2235875391,HINDALCO.NS,0.04138788648675986,0.05632278427436421,0.06927978770560814,0
2020-03-31,207.53641579707883,212.3851745784753,81.51673628563735,91.8863525390625,616136248,5791500000.0,1330600000.0,82693000000.0,2782400000.0,67227400000.0,1124400000.0,11.621715,72.3,607.505,2235875391,HINDALCO.NS,0.04138788648675986,0.05632278427436421,0.06927978770560814,1
2020-06-30,91.1662557546898,153.72001565655424,84.87726815553259,140.37393188476562,1092138356,5791500000.0,1330600000.0,82693000000.0,2782400000.0,67227400000.0,1124400000.0,11.621715,72.3,607.505,2235875391,HINDALCO.NS,0.04138788648675986,0.05632278427436421,0.06927978770560814,1
2020-09-30,141.62214032149663,195.0544569098195,138.74169000987297,169.12831115722656,1140437259,5791500000.0,1330600000.0,82693000000.0,2782400000.0,67227400000.0,1124400000.0,11.621715,72.3,607.505,2235875391,HINDALCO.NS,0.04138788648675986,0.05632278427436421,0.06927978770560814,1
2020-12-31,171.01018273878728,247.00936803465532,159.52586431246354,232.14730834960938,1102996643,5791500000.0,1330600000.0,82693000000.0,2782400000.0,67227400000.0,1124400000.0,11.621715,72.3,607.505,2235875391,HINDALCO.NS,0.04138788648675986,0.05632278427436421,0.06927978770560814,1
2021-03-31,230.65147409437313,348.679351874167,216.70620163743706,315.4327392578125,1061300375,5791500000.0,1330600000.0,82693000000.0,2782400000.0,67227400000.0,1124400000.0,11.621715,72.3,607.505,2235875391,HINDALCO.NS,0.04138788648675986,0.05632278427436421,0.06927978770560814,1
2021-06-30,318.2314684893045,412.5668915565477,316.9768907049994,359.0538635253906,1123448663,5791500000.0,1330600000.0,82693000000.0,2782400000.0,67227400000.0,1124400000.0,11.621715,72.3,607.505,2235875391,HINDALCO.NS,0.04138788648675986,0.05632278427436421,0.06927978770560814,1
2021-09-30,359.2951003956074,489.7595846582425,359.0055915378953,474.1630859375,752898202,5791500000.0,1330600000.0,82693000000.0,2782400000.0,67227400000.0,1124400000.0,11.621715,72.3,607.505,2235875391,HINDALCO.NS,0.04138788648675986,0.05632278427436421,0.06927978770560814,0
2021-12-31,469.45011341833725,536.2575386026228,395.5974843212535,462.1134338378906,593956629,5791500000.0,1330600000.0,82693000000.0,2782400000.0,67227400000.0,1124400000.0,11.621715,72.3,607.505,2235875391,HINDALCO.NS,0.04138788648675986,0.05632278427436421,0.06927978770560814,1
2022-03-31,462.11345297821526,618.0299216327141,458.66372699683893,553.408935546875,660935950,5791500000.0,1330600000.0,82693000000.0,2782400000.0,67227400000.0,1124400000.0,11.621715,72.3,607.505,2235875391,HINDALCO.NS,0.04138788648675986,0.05632278427436421,0.06927978770560814,0
2022-06-30,553.7975918610925,574.2528678728163,300.2206864629178,329.0815124511719,847956216,5791500000.0,1330600000.0,82693000000.0,2782400000.0,67227400000.0,1124400000.0,11.621715,72.3,607.505,2235875391,HINDALCO.NS,0.04138788648675986,0.05632278427436421,0.06927978770560814,1
2022-09-30,325.5346672626756,439.23683609835996,317.42056493765557,382.99603271484375,729137317,5791500000.0,1330600000.0,82693000000.0,2782400000.0,67227400000.0,1124400000.0,11.621715,72.3,607.505,2235875391,HINDALCO.NS,0.04138788648675986,0.05632278427436421,0.06927978770560814,1
2022-12-31,381.4760743637131,474.49149960397875,371.7675632895343,464.194580078125,497102830,5791500000.0,1330600000.0,82693000000.0,2782400000.0,67227400000.0,1124400000.0,11.621715,72.3,607.505,2235875391,HINDALCO.NS,0.04138788648675986,0.05632278427436421,0.06927978770560814,0
2023-03-31,466.7442952555131,494.25175560259515,373.6308134898534,397.50982666015625,432651441,5791500000.0,1330600000.0,82693000000.0,2782400000.0,67227400000.0,1124400000.0,11.621715,72.3,607.505,2235875391,HINDALCO.NS,0.04138788648675986,0.05632278427436421,0.06927978770560814,1
2023-06-30,398.6375892120832,441.1981287382746,386.67355648371864,412.8080749511719,331885933,5791500000.0,1330600000.0,82693000000.0,2782400000.0,67227400000.0,1124400000.0,11.621715,72.3,607.505,2235875391,HINDALCO.NS,0.04138788648675986,0.05632278427436421,0.06927978770560814,1
2023-09-30,415.7990951769177,502.31558724581805,409.0815606098127,486.2758483886719,369365437,5791500000.0,1330600000.0,82693000000.0,2782400000.0,67227400000.0,1124400000.0,11.621715,72.3,607.505,2235875391,HINDALCO.NS,0.04138788648675986,0.05632278427436421,0.06927978770560814,1
2023-12-31,476.84944172119015,610.0039820514842,442.94385818110686,606.8947143554688,337685424,5791500000.0,1330600000.0,82693000000.0,2782400000.0,67227400000.0,1124400000.0,11.621715,72.3,607.505,2235875391,HINDALCO.NS,0.04138788648675986,0.05632278427436421,0.06927978770560814,0
2024-03-31,606.5493085349024,612.4716776987907,489.9279658452015,553.001220703125,444939310,5791500000.0,1330600000.0,82693000000.0,2782400000.0,67227400000.0,1124400000.0,11.621715,72.3,607.505,2235875391,HINDALCO.NS,0.04138788648675986,0.05632278427436421,0.06927978770560814,1
2024-06-30,562.6250743081054,705.9957714113069,554.2844022415552,684.5764770507812,569755158,5791500000.0,1330600000.0,82693000000.0,2782400000.0,67227400000.0,1124400000.0,11.621715,72.3,607.505,2235875391,HINDALCO.NS,0.04138788648675986,0.05632278427436421,0.06927978770560814,1
2024-09-30,689.9560146063235,758.8847019514988,600.1333960719681,750.6947631835938,411418522,5791500000.0,1330600000.0,2522640000000.0,609590000000.0,1151760000000.0,96450000000.0,11.621715,72.3,607.505,2235875391,HINDALCO.NS,0.5292682503299299,0.05632278427436421,0.06927978770560814,0
2024-12-31,749.5034953657602,767.0250525807884,593.100487654407,598.0640869140625,330247409,583900000000.0,37350000000.0,2522640000000.0,609590000000.0,1151760000000.0,96450000000.0,11.621715,72.3,607.505,2235875391,HINDALCO.NS,0.5292682503299299,0.05632278427436421,0.06927978770560814,1
2025-03-31,597.1209822383015,709.7947516698099,553.540595046446,677.481689453125,366157319,634160000000.0,52830000000.0,2659910000000.0,639290000000.0,1237090000000.0,98080000000.0,11.621715,72.3,607.505,2235875391,HINDALCO.NS,0.5167691922172194,0.01986157426379088,0.04270505783734409,1
2025-06-30,667.1077860169491,694.9535491894592,542.4717959005195,687.8059692382812,332771145,642320000000.0,40040000000.0,2659910000000.0,639290000000.0,1237090000000.0,98080000000.0,11.621715,72.3,607.505,2235875391,HINDALCO.NS,0.5167691922172194,0.01986157426379088,0.04270505783734409,1
2025-09-30,687.35929088612,769.7000122070312,656.7338383818669,761.9500122070312,285553873,660580000000.0,47410000000.0,2966800000000.0,748780000000.0,1348660000000.0,109440000000.0,11.621715,72.3,607.505,2235875391,HINDALCO.NS,0.5552029421796449,0.015980180666037482,0.035153411534411934,1
2025-12-31,761.9000244140625,890.0,754.4500122070312,886.7000122070312,353595126,665210000000.0,20490000000.0,2966800000000.0,748780000000.0,1348660000000.0,109440000000.0,11.621715,72.3,607.505,2235875391,HINDALCO.NS,0.5552029421796449,0.015980180666037482,0.035153411534411934,0
2026-03-31,888.0999755859375,1029.800048828125,835.9500122070312,840.25,371385211,665210000000.0,20490000000.0,2966800000000.0,748780000000.0,1348660000000.0,109440000000.0,11.621715,72.3,607.505,2235875391,HINDALCO.NS,0.5552029421796449,0.015980180666037482,0.035153411534411934,0
2016-03-31,49.42085099785249,51.65429185236632,47.139892685478635,47.85268783569336,805826,665210000000.0,20490000000.0,2966800000000.0,748780000000.0,1348660000000.0,109440000000.0,65.56934,6.85,30.664,967024020,HINDCOPPER.NS,0.5552029421796449,0.015980180666037482,0.035153411534411934,1
2016-06-30,47.80517310263544,55.97862335169061,39.91684174119381,50.84645462036133,18217285,665210000000.0,20490000000.0,2966800000000.0,748780000000.0,1348660000000.0,109440000000.0,65.56934,6.85,30.664,967024020,HINDCOPPER.NS,0.5552029421796449,0.015980180666037482,0.035153411534411934,1
2016-09-30,51.1315803527832,70.13959667750275,50.56134112181428,56.73893737792969,41317166,665210000000.0,20490000000.0,2966800000000.0,748780000000.0,1348660000000.0,109440000000.0,65.56934,6.85,30.664,967024020,HINDCOPPER.NS,0.5552029421796449,0.015980180666037482,0.035153411534411934,0
2016-12-31,56.548866016825514,62.5363902426305,47.47253442672965,56.64390182495117,50003759,665210000000.0,20490000000.0,2966800000000.0,748780000000.0,1348660000000.0,109440000000.0,65.56934,6.85,30.664,967024020,HINDCOPPER.NS,0.5552029421796449,0.015980180666037482,0.035153411534411934,1
2017-03-31,56.88150234131177,68.71398625885708,56.35878248018919,62.821502685546875,102866504,665210000000.0,20490000000.0,2966800000000.0,748780000000.0,1348660000000.0,109440000000.0,65.56934,6.85,30.664,967024020,HINDCOPPER.NS,0.5552029421796449,0.015980180666037482,0.035153411534411934,0
2017-06-30,63.20167805597773,68.38134379120183,58.68726291641732,60.825660705566406,44783133,665210000000.0,20490000000.0,2966800000000.0,748780000000.0,1348660000000.0,109440000000.0,65.56934,6.85,30.664,967024020,HINDCOPPER.NS,0.5552029421796449,0.015980180666037482,0.035153411534411934,0
2017-09-30,61.300870405471095,71.28008259061194,53.925227575055025,55.593997955322266,72771975,665210000000.0,20490000000.0,2966800000000.0,748780000000.0,1348660000000.0,109440000000.0,65.56934,6.85,30.664,967024020,HINDCOPPER.NS,0.5552029421796449,0.015980180666037482,0.035153411534411934,1
2017-12-31,56.26151056248742,105.37113803163312,55.35560362028833,96.31208038330078,449085383,665210000000.0,20490000000.0,2966800000000.0,748780000000.0,1348660000000.0,109440000000.0,65.56934,6.85,30.664,967024020,HINDCOPPER.NS,0.5552029421796449,0.015980180666037482,0.035153411534411934,0
2018-03-31,96.78887845147969,98.45765221788452,59.55138073554835,59.980491638183594,171982850,665210000000.0,20490000000.0,2966800000000.0,748780000000.0,1348660000000.0,109440000000.0,65.56934,6.85,30.664,967024020,HINDCOPPER.NS,0.5552029421796449,0.015980180666037482,0.035153411534411934,0
2018-06-30,60.934087355452604,78.24164296312965,57.453491183804,59.50370407104492,161316365,665210000000.0,20490000000.0,2966800000000.0,748780000000.0,1348660000000.0,109440000000.0,65.56934,6.85,30.664,967024020,HINDCOPPER.NS,0.5552029421796449,0.015980180666037482,0.035153411534411934,0
2018-09-30,59.83745524391432,64.55769719717075,47.97234537209528,48.83412551879883,76726922,665210000000.0,20490000000.0,2966800000000.0,748780000000.0,1348660000000.0,109440000000.0,65.56934,6.85,30.664,967024020,HINDCOPPER.NS,0.5552029421796449,0.015980180666037482,0.035153411534411934,1
2018-12-31,49.02563773143532,51.37158796256035,42.897429488481535,50.22255325317383,48940489,665210000000.0,20490000000.0,2966800000000.0,748780000000.0,1348660000000.0,109440000000.0,65.56934,6.85,30.664,967024020,HINDCOPPER.NS,0.5552029421796449,0.015980180666037482,0.035153411534411934,0
2019-03-31,50.27041957717338,50.50980850294518,41.17386982856583,46.44029998779297,35303216,665210000000.0,20490000000.0,2966800000000.0,748780000000.0,1348660000000.0,109440000000.0,65.56934,6.85,30.664,967024020,HINDCOPPER.NS,0.5552029421796449,0.015980180666037482,0.035153411534411934,0
2019-06-30,47.58934470419185,49.312901703080925,36.14683124346611,38.25340270996094,42469045,665210000000.0,20490000000.0,2966800000000.0,748780000000.0,1348660000000.0,109440000000.0,65.56934,6.85,30.664,967024020,HINDCOPPER.NS,0.5552029421796449,0.015980180666037482,0.035153411534411934,0
2019-09-30,38.44490391320859,40.477470971733055,27.065970403632722,34.20905303955078,43492546,665210000000.0,20490000000.0,2966800000000.0,748780000000.0,1348660000000.0,109440000000.0,65.56934,6.85,30.664,967024020,HINDCOPPER.NS,0.5552029421796449,0.015980180666037482,0.035153411534411934,1
2019-12-31,34.014679474569455,43.44160516359511,27.79485305951231,38.14503860473633,79634862,665210000000.0,20490000000.0,2966800000000.0,748780000000.0,1348660000000.0,109440000000.0,65.56934,6.85,30.664,967024020,HINDCOPPER.NS,0.5552029421796449,0.015980180666037482,0.035153411534411934,0
2020-03-31,38.290816644575614,49.56425753506747,17.736226820472265,20.700361251831055,88021056,665210000000.0,20490000000.0,2966800000000.0,748780000000.0,1348660000000.0,109440000000.0,65.56934,6.85,30.664,967024020,HINDCOPPER.NS,0.5552029421796449,0.015980180666037482,0.035153411534411934,1
2020-06-30,21.283470307890802,33.67453908454978,20.11725384865124,30.807584762573242,51987623,665210000000.0,20490000000.0,2966800000000.0,748780000000.0,1348660000000.0,109440000000.0,65.56934,6.85,30.664,967024020,HINDCOPPER.NS,0.5552029421796449,0.015980180666037482,0.035153411534411934,1
2020-09-30,31.19631982909243,41.59509422728793,30.370250498456794,32.265357971191406,113611094,665210000000.0,20490000000.0,2966800000000.0,748780000000.0,1348660000000.0,109440000000.0,65.56934,6.85,30.664,967024020,HINDCOPPER.NS,0.5552029421796449,0.015980180666037482,0.035153411534411934,1
2020-12-31,32.459728334518516,65.55114943719931,30.41884598140899,59.42850875854492,187279725,665210000000.0,20490000000.0,2966800000000.0,748780000000.0,1348660000000.0,109440000000.0,65.56934,6.85,30.664,967024020,HINDCOPPER.NS,0.5552029421796449,0.015980180666037482,0.035153411534411934,1
2021-03-31,59.865840635783755,160.5007066476534,52.09105244624717,116.23302459716797,390862810,665210000000.0,20490000000.0,2966800000000.0,748780000000.0,1348660000000.0,109440000000.0,65.56934,6.85,30.664,967024020,HINDCOPPER.NS,0.5552029421796449,0.015980180666037482,0.035153411534411934,1
2021-06-30,117.10769751502332,191.21111165477885,116.76755215869059,140.04331970214844,449722847,665210000000.0,20490000000.0,2966800000000.0,748780000000.0,1348660000000.0,109440000000.0,65.56934,6.85,30.664,967024020,HINDCOPPER.NS,0.5552029421796449,0.015980180666037482,0.035153411534411934,0
2021-09-30,140.91796195532046,154.23228727320574,105.45015725357777,107.15569305419922,254664274,665210000000.0,20490000000.0,2966800000000.0,748780000000.0,1348660000000.0,109440000000.0,65.56934,6.85,30.664,967024020,HINDCOPPER.NS,0.5552029421796449,0.015980180666037482,0.035153411534411934,1
2021-12-31,107.10696742652337,155.34892211011737,105.54763104615114,121.53082275390625,383688971,665210000000.0,20490000000.0,2966800000000.0,748780000000.0,1348660000000.0,109440000000.0,65.56934,6.85,30.664,967024020,HINDCOPPER.NS,0.5552029421796449,0.015980180666037482,0.035153411534411934,0
2022-03-31,121.53082953219315,142.63060289367982,102.3314913021654,110.85912322998047,446464417,665210000000.0,20490000000.0,2966800000000.0,748780000000.0,1348660000000.0,109440000000.0,65.56934,6.85,30.664,967024020,HINDCOPPER.NS,0.5552029421796449,0.015980180666037482,0.035153411534411934,0
2022-06-30,111.10276775089497,126.2088438416284,79.13635251597542,84.88640594482422,318473276,665210000000.0,20490000000.0,2966800000000.0,748780000000.0,1348660000000.0,109440000000.0,65.56934,6.85,30.664,967024020,HINDCOPPER.NS,0.5552029421796449,0.015980180666037482,0.035153411534411934,1
2022-09-30,83.91182695885861,120.50752779100085,81.18298919103366,105.29403686523438,244443553,665210000000.0,20490000000.0,2966800000000.0,748780000000.0,1348660000000.0,109440000000.0,65.56934,6.85,30.664,967024020,HINDCOPPER.NS,0.5552029421796449,0.015980180666037482,0.035153411534411934,1
2022-12-31,105.44171418959566,120.60327200836953,97.7624947216594,107.90299987792969,179650407,665210000000.0,20490000000.0,2966800000000.0,748780000000.0,1348660000000.0,109440000000.0,65.56934,6.85,30.664,967024020,HINDCOPPER.NS,0.5552029421796449,0.015980180666037482,0.035153411534411934,0
2023-03-31,107.90299740198967,130.30075721991165,92.39687247138858,96.82718658447266,255019615,665210000000.0,20490000000.0,2966800000000.0,748780000000.0,1348660000000.0,109440000000.0,65.56934,6.85,30.664,967024020,HINDCOPPER.NS,0.5552029421796449,0.015980180666037482,0.035153411534411934,1
2023-06-30,98.156285793769,117.45281487930782,95.39964515047097,114.25313568115234,217822072,665210000000.0,20490000000.0,2966800000000.0,748780000000.0,1348660000000.0,109440000000.0,65.56934,6.85,30.664,967024020,HINDCOPPER.NS,0.5552029421796449,0.015980180666037482,0.035153411534411934,1
2023-09-30,115.68068720764866,172.04426398514022,113.95778051931576,160.84478759765625,669386149,665210000000.0,20490000000.0,2966800000000.0,748780000000.0,1348660000000.0,109440000000.0,65.56934,6.85,30.664,967024020,HINDCOPPER.NS,0.5552029421796449,0.015980180666037482,0.035153411534411934,1
2023-12-31,159.60676729277355,276.1301287751676,134.3509654059438,271.0294189453125,792227568,665210000000.0,20490000000.0,2966800000000.0,748780000000.0,1348660000000.0,109440000000.0,65.56934,6.85,30.664,967024020,HINDCOPPER.NS,0.5552029421796449,0.015980180666037482,0.035153411534411934,1
2024-03-31,273.1588650743098,303.9115195486638,228.78786862341835,275.3872985839844,704300353,665210000000.0,20490000000.0,2966800000000.0,748780000000.0,1348660000000.0,109440000000.0,65.56934,6.85,30.664,967024020,HINDCOPPER.NS,0.5552029421796449,0.015980180666037482,0.035153411534411934,1
2024-06-30,277.4671867219181,411.8181273830087,275.23875571393523,315.6480407714844,856073993,665210000000.0,20490000000.0,2966800000000.0,748780000000.0,1348660000000.0,109440000000.0,65.56934,6.85,30.664,967024020,HINDCOPPER.NS,0.5552029421796449,0.015980180666037482,0.035153411534411934,1
2024-09-30,316.9355882116151,350.4281734456951,279.3985406095465,341.5880126953125,482551868,665210000000.0,20490000000.0,33858400000.0,915000000.0,24077500000.0,492500000.0,65.56934,6.85,30.664,967024020,HINDCOPPER.NS,0.038002284290312535,0.015980180666037482,0.035153411534411934,0
2024-12-31,341.3893613242916,350.6268264979991,242.16097169450674,246.28306579589844,277926293,3277700000.0,628700000.0,33858400000.0,915000000.0,24077500000.0,492500000.0,65.56934,6.85,30.664,967024020,HINDCOPPER.NS,0.038002284290312535,0.015980180666037482,0.035153411534411934,0
2025-03-31,246.2333877656986,254.9543638849031,194.08634521285674,219.30564880371094,296355257,7193900000.0,1871760000.0,35007951000.0,1665117000.0,26609104000.0,175234000.0,65.56934,6.85,30.664,967024020,HINDCOPPER.NS,0.06257696613910788,0.053466711033730595,0.07034284205886827,1
2025-06-30,218.51103199110457,284.02761969533566,182.58420814135349,277.42230224609375,411818670,5163700000.0,1342500000.0,35007951000.0,1665117000.0,26609104000.0,175234000.0,65.56934,6.85,30.664,967024020,HINDCOPPER.NS,0.06257696613910788,0.053466711033730595,0.07034284205886827,1
2025-09-30,278.1176164222445,335.96135511607594,225.17591695325885,328.91265869140625,504709220,7180400000.0,1837900000.0,38571800000.0,1424100000.0,29818500000.0,1048700000.0,65.56934,6.85,30.664,967024020,HINDCOPPER.NS,0.04775894159665979,0.04764880041895893,0.06163623254020155,1
2025-12-31,328.4733417613913,545.0760963550258,308.00615786890864,517.4703369140625,1313905466,6873400000.0,1562300000.0,38571800000.0,1424100000.0,29818500000.0,1048700000.0,65.56934,6.85,30.664,967024020,HINDCOPPER.NS,0.04775894159665979,0.04764880041895893,0.06163623254020155,0
2026-03-31,520.6652319639458,758.8333740234375,445.70001220703125,449.1499938964844,1581183046,6873400000.0,1562300000.0,38571800000.0,1424100000.0,29818500000.0,1048700000.0,65.56934,6.85,30.664,967024020,HINDCOPPER.NS,0.04775894159665979,0.04764880041895893,0.06163623254020155,0
2016-03-31,67.69602634426953,78.09250178234605,65.95004500136045,72.8545913696289,25897379,6873400000.0,1562300000.0,38571800000.0,1424100000.0,29818500000.0,1048700000.0,17.447226,27.95,32.42,4225319000,HINDZINC.NS,0.04775894159665979,0.04764880041895893,0.06163623254020155,1
2016-06-30,72.95377988456494,82.64190248911369,72.03278494338025,82.20934295654297,97706177,6873400000.0,1562300000.0,38571800000.0,1424100000.0,29818500000.0,1048700000.0,17.447226,27.95,32.42,4225319000,HINDZINC.NS,0.04775894159665979,0.04764880041895893,0.06163623254020155,1
2016-09-30,82.20935347769147,107.63936055374937,80.1831481832622,106.25061798095703,116566866,6873400000.0,1562300000.0,38571800000.0,1424100000.0,29818500000.0,1048700000.0,17.447226,27.95,32.42,4225319000,HINDZINC.NS,0.04775894159665979,0.04764880041895893,0.06163623254020155,1
2016-12-31,106.91087451671922,132.9906076629027,101.3480068059799,117.1234359741211,140852419,6873400000.0,1562300000.0,38571800000.0,1424100000.0,29818500000.0,1048700000.0,17.447226,27.95,32.42,4225319000,HINDZINC.NS,0.04775894159665979,0.04764880041895893,0.06163623254020155,1
2017-03-31,117.83425494226402,152.8015976512367,114.73877523909363,144.6416473388672,190904086,6873400000.0,1562300000.0,38571800000.0,1424100000.0,29818500000.0,1048700000.0,17.447226,27.95,32.42,4225319000,HINDZINC.NS,0.04775894159665979,0.04764880041895893,0.06163623254020155,0
2017-06-30,145.79357272804413,147.37120484741473,113.61482151897057,132.0456085205078,140571492,6873400000.0,1562300000.0,38571800000.0,1424100000.0,29818500000.0,1048700000.0,17.447226,27.95,32.42,4225319000,HINDZINC.NS,0.04775894159665979,0.04764880041895893,0.06163623254020155,1
2017-09-30,132.27099463237815,157.26275292565066,131.77015786003616,148.19760131835938,120343512,6873400000.0,1562300000.0,38571800000.0,1424100000.0,29818500000.0,1048700000.0,17.447226,27.95,32.42,4225319000,HINDZINC.NS,0.04775894159665979,0.04764880041895893,0.06163623254020155,1
2017-12-31,150.25104345870415,165.77696958628704,141.75968829595635,155.67103576660156,84471309,6873400000.0,1562300000.0,38571800000.0,1424100000.0,29818500000.0,1048700000.0,17.447226,27.95,32.42,4225319000,HINDZINC.NS,0.04775894159665979,0.04764880041895893,0.06163623254020155,0
2018-03-31,156.20027430809307,171.4725309364735,138.63468409434236,154.4506378173828,155597720,6873400000.0,1562300000.0,38571800000.0,1424100000.0,29818500000.0,1048700000.0,17.447226,27.95,32.42,4225319000,HINDZINC.NS,0.04775894159665979,0.04764880041895893,0.06163623254020155,0
2018-06-30,156.40342837976536,172.92510003679365,138.5199124500739,141.06369018554688,124147186,6873400000.0,1562300000.0,38571800000.0,1424100000.0,29818500000.0,1048700000.0,17.447226,27.95,32.42,4225319000,HINDZINC.NS,0.04775894159665979,0.04764880041895893,0.06163623254020155,1
2018-09-30,142.73389356486993,159.02427998018936,133.94627984266296,148.66932678222656,88688849,6873400000.0,1562300000.0,38571800000.0,1424100000.0,29818500000.0,1048700000.0,17.447226,27.95,32.42,4225319000,HINDZINC.NS,0.04775894159665979,0.04764880041895893,0.06163623254020155,1
2018-12-31,148.25822147854163,156.59566107152486,135.66783298354352,153.9166717529297,72318373,6873400000.0,1562300000.0,38571800000.0,1424100000.0,29818500000.0,1048700000.0,17.447226,27.95,32.42,4225319000,HINDZINC.NS,0.04775894159665979,0.04764880041895893,0.06163623254020155,0
2019-03-31,153.9166476328638,155.62897845825864,134.14198801984386,152.34243774414062,42303581,6873400000.0,1562300000.0,38571800000.0,1424100000.0,29818500000.0,1048700000.0,17.447226,27.95,32.42,4225319000,HINDZINC.NS,0.04775894159665979,0.04764880041895893,0.06163623254020155,0
2019-06-30,154.2757042421331,161.09741246857786,124.75177456041021,134.83245849609375,43053134,6873400000.0,1562300000.0,38571800000.0,1424100000.0,29818500000.0,1048700000.0,17.447226,27.95,32.42,4225319000,HINDZINC.NS,0.04775894159665979,0.04764880041895893,0.06163623254020155,0
2019-09-30,134.80482611165328,137.2904713069692,106.63418993015512,117.9024429321289,64662449,6873400000.0,1562300000.0,38571800000.0,1424100000.0,29818500000.0,1048700000.0,17.447226,27.95,32.42,4225319000,HINDZINC.NS,0.04775894159665979,0.04764880041895893,0.06163623254020155,0
2019-12-31,117.87481661663625,124.17178872855283,112.13019416496219,115.80345153808594,38940916,6873400000.0,1562300000.0,38571800000.0,1424100000.0,29818500000.0,1048700000.0,17.447226,27.95,32.42,4225319000,HINDZINC.NS,0.04775894159665979,0.04764880041895893,0.06163623254020155,0
2020-03-31,116.43868676012173,123.97845873910303,64.10203508022043,85.83761596679688,40762702,6873400000.0,1562300000.0,38571800000.0,1424100000.0,29818500000.0,1048700000.0,17.447226,27.95,32.42,4225319000,HINDZINC.NS,0.04775894159665979,0.04764880041895893,0.06163623254020155,1
2020-06-30,85.6166616945235,123.9620336856085,83.65574749392427,118.63427734375,62006032,6873400000.0,1562300000.0,38571800000.0,1424100000.0,29818500000.0,1048700000.0,17.447226,27.95,32.42,4225319000,HINDZINC.NS,0.04775894159665979,0.04764880041895893,0.06163623254020155,1
2020-09-30,118.90668956005611,156.77643621565667,110.3398320498171,127.11029815673828,116232182,6873400000.0,1562300000.0,38571800000.0,1424100000.0,29818500000.0,1048700000.0,17.447226,27.95,32.42,4225319000,HINDZINC.NS,0.04775894159665979,0.04764880041895893,0.06163623254020155,1
2020-12-31,127.44329038988643,165.93270472915503,119.45158152122849,159.0465850830078,85119609,6873400000.0,1562300000.0,38571800000.0,1424100000.0,29818500000.0,1048700000.0,17.447226,27.95,32.42,4225319000,HINDZINC.NS,0.04775894159665979,0.04764880041895893,0.06163623254020155,1
2021-03-31,159.1131117602314,222.48556149900256,157.81572480528098,181.56788635253906,118533857,6873400000.0,1562300000.0,38571800000.0,1424100000.0,29818500000.0,1048700000.0,17.447226,27.95,32.42,4225319000,HINDZINC.NS,0.04775894159665979,0.04764880041895893,0.06163623254020155,1
2021-06-30,183.6304113845757,240.91515576871183,182.4660881239851,225.74563598632812,187185147,6873400000.0,1562300000.0,38571800000.0,1424100000.0,29818500000.0,1048700000.0,17.447226,27.95,32.42,4225319000,HINDZINC.NS,0.04775894159665979,0.04764880041895893,0.06163623254020155,0
2021-09-30,224.61462229892103,233.46347016139035,195.67288446872013,207.3160858154297,65183040,6873400000.0,1562300000.0,38571800000.0,1424100000.0,29818500000.0,1048700000.0,17.447226,27.95,32.42,4225319000,HINDZINC.NS,0.04775894159665979,0.04764880041895893,0.06163623254020155,1
2021-12-31,207.2495861212252,271.8528350789464,203.19108294212228,221.61720275878906,99688208,6873400000.0,1562300000.0,38571800000.0,1424100000.0,29818500000.0,1048700000.0,17.447226,27.95,32.42,4225319000,HINDZINC.NS,0.04775894159665979,0.04764880041895893,0.06163623254020155,0
2022-03-31,221.72217202798464,260.0225103452387,207.10159083396195,216.96522521972656,73316631,6873400000.0,1562300000.0,38571800000.0,1424100000.0,29818500000.0,1048700000.0,17.447226,27.95,32.42,4225319000,HINDZINC.NS,0.04775894159665979,0.04764880041895893,0.06163623254020155,0
2022-06-30,217.9445975653891,249.56423659906474,171.45956297105442,174.43264770507812,53639337,6873400000.0,1562300000.0,38571800000.0,1424100000.0,29818500000.0,1048700000.0,17.447226,27.95,32.42,4225319000,HINDZINC.NS,0.04775894159665979,0.04764880041895893,0.06163623254020155,1
2022-09-30,172.08915817283355,227.24278980613013,169.3259077259087,201.05723571777344,59455504,6873400000.0,1562300000.0,38571800000.0,1424100000.0,29818500000.0,1048700000.0,17.447226,27.95,32.42,4225319000,HINDZINC.NS,0.04775894159665979,0.04764880041895893,0.06163623254020155,1
2022-12-31,201.05721090965278,263.34273292339327,198.6493310450215,254.40643310546875,43450775,6873400000.0,1562300000.0,38571800000.0,1424100000.0,29818500000.0,1048700000.0,17.447226,27.95,32.42,4225319000,HINDZINC.NS,0.04775894159665979,0.04764880041895893,0.06163623254020155,1
2023-03-31,255.67172642300423,302.8836111830054,241.23919167525335,261.730224609375,85124915,6873400000.0,1562300000.0,38571800000.0,1424100000.0,29818500000.0,1048700000.0,17.447226,27.95,32.42,4225319000,HINDZINC.NS,0.04775894159665979,0.04764880041895893,0.06163623254020155,1
2023-06-30,262.3101054524533,293.0914165709664,261.73017359010544,274.2211608886719,34542298,6873400000.0,1562300000.0,38571800000.0,1424100000.0,29818500000.0,1048700000.0,17.447226,27.95,32.42,4225319000,HINDZINC.NS,0.04775894159665979,0.04764880041895893,0.06163623254020155,1
2023-09-30,275.6933156297525,306.9206895108864,267.9825508494836,281.33612060546875,40966502,6873400000.0,1562300000.0,38571800000.0,1424100000.0,29818500000.0,1048700000.0,17.447226,27.95,32.42,4225319000,HINDZINC.NS,0.04775894159665979,0.04764880041895893,0.06163623254020155,1
2023-12-31,281.33613164284867,302.6197597784404,264.7923024149997,295.3484802246094,36392103,6873400000.0,1562300000.0,38571800000.0,1424100000.0,29818500000.0,1048700000.0,17.447226,27.95,32.42,4225319000,HINDZINC.NS,0.04775894159665979,0.04764880041895893,0.06163623254020155,0
2024-03-31,295.34847135063984,302.22027822297355,264.2860305043638,271.43646240234375,31615764,6873400000.0,1562300000.0,38571800000.0,1424100000.0,29818500000.0,1048700000.0,17.447226,27.95,32.42,4225319000,HINDZINC.NS,0.04775894159665979,0.04764880041895893,0.06163623254020155,1
2024-06-30,274.36160506008076,763.6884225753635,273.15437847164793,633.1607666015625,308393870,6873400000.0,1562300000.0,38571800000.0,1424100000.0,29818500000.0,1048700000.0,17.447226,27.95,32.42,4225319000,HINDZINC.NS,0.04775894159665979,0.04764880041895893,0.06163623254020155,0
2024-09-30,633.4916291456509,677.9306157990272,461.4561262312325,512.3138427734375,181862783,80040000000.0,23270000000.0,325520000000.0,146250000000.0,76200000000.0,710000000.0,17.447226,27.95,32.42,4225319000,HINDZINC.NS,1.919291338582677,0.07148562300319489,0.30538057742782154,0
2024-12-31,512.7060410955722,564.1825492381813,421.22493500680804,435.34417724609375,135656581,83150000000.0,26780000000.0,325520000000.0,146250000000.0,76200000000.0,710000000.0,17.447226,27.95,32.42,4225319000,HINDZINC.NS,1.919291338582677,0.07148562300319489,0.30538057742782154,1
2025-03-31,435.2461187262244,471.13261495521624,370.7779234035729,452.8952331542969,99223726,88290000000.0,30030000000.0,344900000000.0,115360000000.0,133260000000.0,960000000.0,17.447226,27.95,32.42,4225319000,HINDZINC.NS,0.8656761218670269,0.08706871556973035,0.22534894191805493,0
2025-06-30,453.5325452190375,536.1401103526925,380.9751721417878,450.8500061035156,379201396,75910000000.0,22340000000.0,344900000000.0,115360000000.0,133260000000.0,960000000.0,17.447226,27.95,32.42,4225319000,HINDZINC.NS,0.8656761218670269,0.08706871556973035,0.22534894191805493,1
2025-09-30,452.0,483.8999938964844,413.5,482.45001220703125,205014116,75910000000.0,22340000000.0,344900000000.0,115360000000.0,133260000000.0,960000000.0,17.447226,27.95,32.42,4225319000,HINDZINC.NS,0.8656761218670269,0.08706871556973035,0.22534894191805493,1
2025-12-31,485.1000061035156,656.3499755859375,453.5,612.4500122070312,502524548,106270000000.0,39160000000.0,344900000000.0,115360000000.0,133260000000.0,960000000.0,17.447226,27.95,32.42,4225319000,HINDZINC.NS,0.8656761218670269,0.08706871556973035,0.22534894191805493,0
2026-03-31,610.5499877929688,733.0,484.0,487.6499938964844,744674079,106270000000.0,39160000000.0,344900000000.0,115360000000.0,133260000000.0,960000000.0,17.447226,27.95,32.42,4225319000,HINDZINC.NS,0.8656761218670269,0.08706871556973035,0.22534894191805493,0
2016-03-31,44.879885383741275,46.53497669281587,41.9546143109922,42.57046127319336,71814,106270000000.0,39160000000.0,344900000000.0,115360000000.0,133260000000.0,960000000.0,17.2698,68.31,465.33,53954106,IMFA.NS,0.8656761218670269,0.08706871556973035,0.22534894191805493,1
2016-06-30,43.782909900221554,62.66247767097421,41.14631571237468,56.50400924682617,1622568,106270000000.0,39160000000.0,344900000000.0,115360000000.0,133260000000.0,960000000.0,17.2698,68.31,465.33,53954106,IMFA.NS,0.8656761218670269,0.08706871556973035,0.22534894191805493,1
2016-09-30,56.253823893007066,96.91901079617313,51.577230162388034,86.64205169677734,3147400,106270000000.0,39160000000.0,344900000000.0,115360000000.0,133260000000.0,960000000.0,17.2698,68.31,465.33,53954106,IMFA.NS,0.8656761218670269,0.08706871556973035,0.22534894191805493,1
2016-12-31,88.52806123230746,239.12203807854183,87.00768918143176,238.85260009765625,12993142,106270000000.0,39160000000.0,344900000000.0,115360000000.0,133260000000.0,960000000.0,17.2698,68.31,465.33,53954106,IMFA.NS,0.8656761218670269,0.08706871556973035,0.22534894191805493,1
2017-03-31,242.48996111941975,322.736340895214,223.37883220199467,299.9458312988281,7510728,106270000000.0,39160000000.0,344900000000.0,115360000000.0,133260000000.0,960000000.0,17.2698,68.31,465.33,53954106,IMFA.NS,0.8656761218670269,0.08706871556973035,0.22534894191805493,0
2017-06-30,299.32137876434206,317.2728641197568,150.24607423753687,183.18313598632812,8929798,106270000000.0,39160000000.0,344900000000.0,115360000000.0,133260000000.0,960000000.0,17.2698,68.31,465.33,53954106,IMFA.NS,0.8656761218670269,0.08706871556973035,0.22534894191805493,1
2017-09-30,183.41725445331554,297.4778678821568,183.41725445331554,248.8057098388672,22152412,106270000000.0,39160000000.0,344900000000.0,115360000000.0,133260000000.0,960000000.0,17.2698,68.31,465.33,53954106,IMFA.NS,0.8656761218670269,0.08706871556973035,0.22534894191805493,1
2017-12-31,253.17810508677454,317.5110573792516,223.08846325639516,273.7678527832031,15756600,106270000000.0,39160000000.0,344900000000.0,115360000000.0,133260000000.0,960000000.0,17.2698,68.31,465.33,53954106,IMFA.NS,0.8656761218670269,0.08706871556973035,0.22534894191805493,0
2018-03-31,275.05966461286744,308.8458762582259,170.83909725585977,172.58544921875,9575034,106270000000.0,39160000000.0,344900000000.0,115360000000.0,133260000000.0,960000000.0,17.2698,68.31,465.33,53954106,IMFA.NS,0.8656761218670269,0.08706871556973035,0.22534894191805493,0
2018-06-30,173.2890643319663,236.81501307516507,115.49251025627399,120.19669342041016,12244268,106270000000.0,39160000000.0,344900000000.0,115360000000.0,133260000000.0,960000000.0,17.2698,68.31,465.33,53954106,IMFA.NS,0.8656761218670269,0.08706871556973035,0.22534894191805493,0
2018-09-30,121.38275901059234,159.0136641919944,107.41372748779325,110.45023345947266,9227280,106270000000.0,39160000000.0,344900000000.0,115360000000.0,133260000000.0,960000000.0,17.2698,68.31,465.33,53954106,IMFA.NS,0.8656761218670269,0.08706871556973035,0.22534894191805493,0
2018-12-31,109.04559657978925,124.24877042408755,89.56653252669417,105.45138549804688,3481162,106270000000.0,39160000000.0,344900000000.0,115360000000.0,133260000000.0,960000000.0,17.2698,68.31,465.33,53954106,IMFA.NS,0.8656761218670269,0.08706871556973035,0.22534894191805493,1
2019-03-31,105.80253243665175,114.74678516518904,83.94797093248852,105.7612075805664,3043882,106270000000.0,39160000000.0,344900000000.0,115360000000.0,133260000000.0,960000000.0,17.2698,68.31,465.33,53954106,IMFA.NS,0.8656761218670269,0.08706871556973035,0.22534894191805493,0
2019-06-30,107.41372387959913,112.37129443077397,73.12397250744083,80.02323150634766,1937148,106270000000.0,39160000000.0,344900000000.0,115360000000.0,133260000000.0,960000000.0,17.2698,68.31,465.33,53954106,IMFA.NS,0.8656761218670269,0.08706871556973035,0.22534894191805493,0
2019-09-30,80.89080679819176,85.49720382853452,59.78260906359686,76.08501434326172,1767796,106270000000.0,39160000000.0,344900000000.0,115360000000.0,133260000000.0,960000000.0,17.2698,68.31,465.33,53954106,IMFA.NS,0.8656761218670269,0.08706871556973035,0.22534894191805493,1
2019-12-31,76.08502566602428,87.55397489936783,70.44597691512195,80.43092346191406,2037472,106270000000.0,39160000000.0,344900000000.0,115360000000.0,133260000000.0,960000000.0,17.2698,68.31,465.33,53954106,IMFA.NS,0.8656761218670269,0.08706871556973035,0.22534894191805493,0
2020-03-31,82.59327156233677,103.45358114858271,38.985893661337016,47.12650680541992,5265892,106270000000.0,39160000000.0,344900000000.0,115360000000.0,133260000000.0,960000000.0,17.2698,68.31,465.33,53954106,IMFA.NS,0.8656761218670269,0.08706871556973035,0.22534894191805493,1
2020-06-30,48.737669144144256,72.50232488458808,44.51897356478653,67.35083770751953,1154264,106270000000.0,39160000000.0,344900000000.0,115360000000.0,133260000000.0,960000000.0,17.2698,68.31,465.33,53954106,IMFA.NS,0.8656761218670269,0.08706871556973035,0.22534894191805493,1
2020-09-30,64.48891408339951,120.15879472280513,64.48891408339951,96.41536712646484,5852932,106270000000.0,39160000000.0,344900000000.0,115360000000.0,133260000000.0,960000000.0,17.2698,68.31,465.33,53954106,IMFA.NS,0.8656761218670269,0.08706871556973035,0.22534894191805493,1
2020-12-31,96.30936311088598,135.67684814676045,91.15787915945832,119.20482635498047,3854372,106270000000.0,39160000000.0,344900000000.0,115360000000.0,133260000000.0,960000000.0,17.2698,68.31,465.33,53954106,IMFA.NS,0.8656761218670269,0.08706871556973035,0.22534894191805493,1
2021-03-31,120.03160036840306,226.0867406707668,118.31443269318046,193.03573608398438,9255078,106270000000.0,39160000000.0,344900000000.0,115360000000.0,133260000000.0,960000000.0,17.2698,68.31,465.33,53954106,IMFA.NS,0.8656761218670269,0.08706871556973035,0.22534894191805493,1
2021-06-30,194.20927522122327,255.6171978914008,174.96330434961757,247.03965759277344,13967684,106270000000.0,39160000000.0,344900000000.0,115360000000.0,133260000000.0,960000000.0,17.2698,68.31,465.33,53954106,IMFA.NS,0.8656761218670269,0.08706871556973035,0.22534894191805493,1
2021-09-30,248.38389856518995,430.1415822628914,246.143514586467,323.1239013671875,10825070,106270000000.0,39160000000.0,344900000000.0,115360000000.0,133260000000.0,960000000.0,17.2698,68.31,465.33,53954106,IMFA.NS,0.8656761218670269,0.08706871556973035,0.22534894191805493,1
2021-12-31,336.51993143041136,423.32416146488515,291.33386332497963,394.9722900390625,5731138,106270000000.0,39160000000.0,344900000000.0,115360000000.0,133260000000.0,960000000.0,17.2698,68.31,465.33,53954106,IMFA.NS,0.8656761218670269,0.08706871556973035,0.22534894191805493,0
2022-03-31,402.9177052182226,405.0451907704072,266.3685416288154,359.93408203125,8412131,106270000000.0,39160000000.0,344900000000.0,115360000000.0,133260000000.0,960000000.0,17.2698,68.31,465.33,53954106,IMFA.NS,0.8656761218670269,0.08706871556973035,0.22534894191805493,0
2022-06-30,363.92856670139975,445.46727070773477,199.7221724942521,226.12022399902344,7647337,106270000000.0,39160000000.0,344900000000.0,115360000000.0,133260000000.0,960000000.0,17.2698,68.31,465.33,53954106,IMFA.NS,0.8656761218670269,0.08706871556973035,0.22534894191805493,0
2022-09-30,225.7728841958469,269.0093731245688,209.46722743406676,218.6481170654297,4488793,106270000000.0,39160000000.0,344900000000.0,115360000000.0,133260000000.0,960000000.0,17.2698,68.31,465.33,53954106,IMFA.NS,0.8656761218670269,0.08706871556973035,0.22534894191805493,1
2022-12-31,218.64812192895351,249.6380607520989,206.1246624929676,239.90011596679688,4082927,106270000000.0,39160000000.0,344900000000.0,115360000000.0,133260000000.0,960000000.0,17.2698,68.31,465.33,53954106,IMFA.NS,0.8656761218670269,0.08706871556973035,0.22534894191805493,1
2023-03-31,241.7658219472623,310.9327769213089,241.72032847791507,259.3305969238281,10714232,106270000000.0,39160000000.0,344900000000.0,115360000000.0,133260000000.0,960000000.0,17.2698,68.31,465.33,53954106,IMFA.NS,0.8656761218670269,0.08706871556973035,0.22534894191805493,1
2023-06-30,260.8777197902162,300.2846802781818,245.8157264253166,292.00286865234375,6760423,106270000000.0,39160000000.0,344900000000.0,115360000000.0,133260000000.0,960000000.0,17.2698,68.31,465.33,53954106,IMFA.NS,0.8656761218670269,0.08706871556973035,0.22534894191805493,1
2023-09-30,293.45900711183305,409.6247851561133,288.04395172812417,386.5343322753906,14544205,106270000000.0,39160000000.0,344900000000.0,115360000000.0,133260000000.0,960000000.0,17.2698,68.31,465.33,53954106,IMFA.NS,0.8656761218670269,0.08706871556973035,0.22534894191805493,1
2023-12-31,385.14888273194674,538.08295036995,357.6712236369656,469.2485656738281,14084865,106270000000.0,39160000000.0,344900000000.0,115360000000.0,133260000000.0,960000000.0,17.2698,68.31,465.33,53954106,IMFA.NS,0.8656761218670269,0.08706871556973035,0.22534894191805493,1
2024-03-31,470.3292107177918,646.1976098441002,443.17132309310557,601.0441284179688,15038588,106270000000.0,39160000000.0,344900000000.0,115360000000.0,133260000000.0,960000000.0,17.2698,68.31,465.33,53954106,IMFA.NS,0.8656761218670269,0.08706871556973035,0.22534894191805493,1
2024-06-30,624.913006618206,844.1294000524624,563.1206299808572,712.1861572265625,22139611,106270000000.0,39160000000.0,344900000000.0,115360000000.0,133260000000.0,960000000.0,17.2698,68.31,465.33,53954106,IMFA.NS,0.8656761218670269,0.08706871556973035,0.22534894191805493,0
2024-09-30,718.7569791033178,731.3725398096284,599.2154874543684,675.620361328125,5130550,6919200000.0,1250200000.0,30346600000.0,2964300000.0,23298900000.0,63800000.0,17.2698,68.31,465.33,53954106,IMFA.NS,0.1272291824935941,0.041197366426551904,0.05365918562678925,1
2024-12-31,681.6318851735591,981.6546155186389,611.8688153888622,840.8145141601562,11783069,6432200000.0,933200000.0,30346600000.0,2964300000.0,23298900000.0,63800000.0,17.2698,68.31,465.33,53954106,IMFA.NS,0.1272291824935941,0.041197366426551904,0.05365918562678925,0
2025-03-31,840.9619480644216,940.8670361783567,585.4060627688448,604.8535766601562,6886592,5372100000.0,473200000.0,31774400000.0,3886200000.0,23482500000.0,72600000.0,17.2698,68.31,465.33,53954106,IMFA.NS,0.16549345257106357,0.014892492069087064,0.020151176407963378,1
2025-06-30,608.6638737809791,790.5702463175502,544.1356195339641,778.6939086914062,8095911,6415400000.0,922900000.0,31774400000.0,3886200000.0,23482500000.0,72600000.0,17.2698,68.31,465.33,53954106,IMFA.NS,0.16549345257106357,0.014892492069087064,0.020151176407963378,1
2025-09-30,784.0382782698108,1192.5243812215322,697.4033222499913,1103.86083984375,7901923,6415400000.0,922900000.0,31774400000.0,3886200000.0,23482500000.0,72600000.0,17.2698,68.31,465.33,53954106,IMFA.NS,0.16549345257106357,0.014892492069087064,0.020151176407963378,1
2025-12-31,1101.718937570519,1503.9000244140625,1063.0655780922577,1492.199951171875,17324877,7028300000.0,1312900000.0,31774400000.0,3886200000.0,23482500000.0,72600000.0,17.2698,68.31,465.33,53954106,IMFA.NS,0.16549345257106357,0.014892492069087064,0.020151176407963378,0
2026-03-31,1496.0,1510.5999755859375,1064.0999755859375,1179.699951171875,11864097,7028300000.0,1312900000.0,31774400000.0,3886200000.0,23482500000.0,72600000.0,17.2698,68.31,465.33,53954106,IMFA.NS,0.16549345257106357,0.014892492069087064,0.020151176407963378,0
2016-03-31,61.13598494040946,62.36856528194997,54.72656362901354,59.410369873046875,55022245,7028300000.0,1312900000.0,31774400000.0,3886200000.0,23482500000.0,72600000.0,56.84481,19.46,488.235,1017488097,JINDALSTEL.NS,0.16549345257106357,0.014892492069087064,0.020151176407963378,1
2016-06-30,58.7201271283598,78.14559069690742,57.04381416659415,66.90446472167969,622724655,7028300000.0,1312900000.0,31774400000.0,3886200000.0,23482500000.0,72600000.0,56.84481,19.46,488.235,1017488097,JINDALSTEL.NS,0.16549345257106357,0.014892492069087064,0.020151176407963378,1
2016-09-30,67.98912961772173,90.12628064420026,65.4746696005514,74.8915786743164,886776614,7028300000.0,1312900000.0,31774400000.0,3886200000.0,23482500000.0,72600000.0,56.84481,19.46,488.235,1017488097,JINDALSTEL.NS,0.16549345257106357,0.014892492069087064,0.020151176407963378,0
2016-12-31,75.92695502382281,84.75221914558219,61.13597943886432,68.23564147949219,474740850,7028300000.0,1312900000.0,31774400000.0,3886200000.0,23482500000.0,72600000.0,56.84481,19.46,488.235,1017488097,JINDALSTEL.NS,0.16549345257106357,0.014892492069087064,0.020151176407963378,1
2017-03-31,68.82729043135616,130.16048817793146,67.89052484228255,119.31378173828125,1076697183,7028300000.0,1312900000.0,31774400000.0,3886200000.0,23482500000.0,72600000.0,56.84481,19.46,488.235,1017488097,JINDALSTEL.NS,0.16549345257106357,0.014892492069087064,0.020151176407963378,1
2017-06-30,120.10263470155479,133.3651952078176,101.2687979737668,121.48312377929688,622344366,7028300000.0,1312900000.0,31774400000.0,3886200000.0,23482500000.0,72600000.0,56.84481,19.46,488.235,1017488097,JINDALSTEL.NS,0.16549345257106357,0.014892492069087064,0.020151176407963378,1
2017-09-30,121.72963372428467,157.17863013473914,112.90435515599138,132.7735595703125,587314926,7028300000.0,1312900000.0,31774400000.0,3886200000.0,23482500000.0,72600000.0,56.84481,19.46,488.235,1017488097,JINDALSTEL.NS,0.16549345257106357,0.014892492069087064,0.020151176407963378,1
2017-12-31,133.90754098874788,203.86878055525025,133.90754098874788,202.19247436523438,456733995,7028300000.0,1312900000.0,31774400000.0,3886200000.0,23482500000.0,72600000.0,56.84481,19.46,488.235,1017488097,JINDALSTEL.NS,0.16549345257106357,0.014892492069087064,0.020151176407963378,1
2018-03-31,201.65015544059088,290.1986663184118,196.96633175099038,216.04669189453125,857686092,7028300000.0,1312900000.0,31774400000.0,3886200000.0,23482500000.0,72600000.0,56.84481,19.46,488.235,1017488097,JINDALSTEL.NS,0.16549345257106357,0.014892492069087064,0.020151176407963378,1
2018-06-30,218.51185877453534,261.3070598888265,205.6437062978147,219.941650390625,468865430,7028300000.0,1312900000.0,31774400000.0,3886200000.0,23482500000.0,72600000.0,56.84481,19.46,488.235,1017488097,JINDALSTEL.NS,0.16549345257106357,0.014892492069087064,0.020151176407963378,0
2018-09-30,219.89232854138288,243.0155142539805,174.7799083328769,193.6137237548828,690110825,7028300000.0,1312900000.0,31774400000.0,3886200000.0,23482500000.0,72600000.0,56.84481,19.46,488.235,1017488097,JINDALSTEL.NS,0.16549345257106357,0.014892492069087064,0.020151176407963378,0
2018-12-31,189.71876445785165,195.09282690587062,138.7885308797465,162.60198974609375,670351529,7028300000.0,1312900000.0,31774400000.0,3886200000.0,23482500000.0,72600000.0,56.84481,19.46,488.235,1017488097,JINDALSTEL.NS,0.16549345257106357,0.014892492069087064,0.020151176407963378,1
2019-03-31,163.58804489737824,171.27935448559256,121.53241304522089,162.65130615234375,653151325,7028300000.0,1312900000.0,31774400000.0,3886200000.0,23482500000.0,72600000.0,56.84481,19.46,488.235,1017488097,JINDALSTEL.NS,0.16549345257106357,0.014892492069087064,0.020151176407963378,0
2019-06-30,179.46367856710233,188.5354922050633,134.79497897548572,140.0704345703125,648657933,7028300000.0,1312900000.0,31774400000.0,3886200000.0,23482500000.0,72600000.0,56.84481,19.46,488.235,1017488097,JINDALSTEL.NS,0.16549345257106357,0.014892492069087064,0.020151176407963378,0
2019-09-30,142.2397690636771,146.5784518376276,89.78115557076556,102.1069564819336,1257853351,7028300000.0,1312900000.0,31774400000.0,3886200000.0,23482500000.0,72600000.0,56.84481,19.46,488.235,1017488097,JINDALSTEL.NS,0.16549345257106357,0.014892492069087064,0.020151176407963378,1
2019-12-31,102.55068900989794,166.34902500043063,90.0276754407,165.3629608154297,1531327341,7028300000.0,1312900000.0,31774400000.0,3886200000.0,23482500000.0,72600000.0,56.84481,19.46,488.235,1017488097,JINDALSTEL.NS,0.16549345257106357,0.014892492069087064,0.020151176407963378,0
2020-03-31,165.46158418296397,199.5794214652545,78.24419620256158,81.05447387695312,1226247342,7028300000.0,1312900000.0,31774400000.0,3886200000.0,23482500000.0,72600000.0,56.84481,19.46,488.235,1017488097,JINDALSTEL.NS,0.16549345257106357,0.014892492069087064,0.020151176407963378,1
2020-06-30,80.41354888790119,162.60200235941923,61.13598685642011,159.2493896484375,1418074941,7028300000.0,1312900000.0,31774400000.0,3886200000.0,23482500000.0,72600000.0,56.84481,19.46,488.235,1017488097,JINDALSTEL.NS,0.16549345257106357,0.014892492069087064,0.020151176407963378,1
2020-09-30,160.728486447218,235.42286977954186,150.0296824045116,184.24612426757812,923677098,7028300000.0,1312900000.0,31774400000.0,3886200000.0,23482500000.0,72600000.0,56.84481,19.46,488.235,1017488097,JINDALSTEL.NS,0.16549345257106357,0.014892492069087064,0.020151176407963378,1
2020-12-31,184.2461069368643,283.3455770909154,176.50549950556638,262.73687744140625,684245747,7028300000.0,1312900000.0,31774400000.0,3886200000.0,23482500000.0,72600000.0,56.84481,19.46,488.235,1017488097,JINDALSTEL.NS,0.16549345257106357,0.014892492069087064,0.020151176407963378,1
2021-03-31,264.56105931479607,349.8555786910471,253.56642851116354,338.81170654296875,643575752,7028300000.0,1312900000.0,31774400000.0,3886200000.0,23482500000.0,72600000.0,56.84481,19.46,488.235,1017488097,JINDALSTEL.NS,0.16549345257106357,0.014892492069087064,0.020151176407963378,1
2021-06-30,341.5726570767709,494.70845239447715,341.1782373872674,391.9112243652344,859105671,7028300000.0,1312900000.0,31774400000.0,3886200000.0,23482500000.0,72600000.0,56.84481,19.46,488.235,1017488097,JINDALSTEL.NS,0.16549345257106357,0.014892492069087064,0.020151176407963378,0
2021-09-30,395.411767170351,440.77073781334997,342.26291989517097,383.82550048828125,610217025,7028300000.0,1312900000.0,31774400000.0,3886200000.0,23482500000.0,72600000.0,56.84481,19.46,488.235,1017488097,JINDALSTEL.NS,0.16549345257106357,0.014892492069087064,0.020151176407963378,0
2021-12-31,381.2617352831963,466.06327378113224,335.2618579593419,371.99273681640625,435832280,7028300000.0,1312900000.0,31774400000.0,3886200000.0,23482500000.0,72600000.0,56.84481,19.46,488.235,1017488097,JINDALSTEL.NS,0.16549345257106357,0.014892492069087064,0.020151176407963378,1
2022-03-31,373.9648702621332,538.002327300935,356.11709256607855,526.5880126953125,498284668,7028300000.0,1312900000.0,31774400000.0,3886200000.0,23482500000.0,72600000.0,56.84481,19.46,488.235,1017488097,JINDALSTEL.NS,0.16549345257106357,0.014892492069087064,0.020151176407963378,0
2022-06-30,527.7245784567101,571.0098412458218,300.6251376824407,325.3807373046875,505099348,7028300000.0,1312900000.0,31774400000.0,3886200000.0,23482500000.0,72600000.0,56.84481,19.46,488.235,1017488097,JINDALSTEL.NS,0.16549345257106357,0.014892492069087064,0.020151176407963378,1
2022-09-30,322.366586375504,462.5001789398868,316.2394662921348,425.5348815917969,274283591,7028300000.0,1312900000.0,31774400000.0,3886200000.0,23482500000.0,72600000.0,56.84481,19.46,488.235,1017488097,JINDALSTEL.NS,0.16549345257106357,0.014892492069087064,0.020151176407963378,1
2022-12-31,425.13774645723703,593.6737875795291,414.31567339881104,576.4478149414062,225338646,7028300000.0,1312900000.0,31774400000.0,3886200000.0,23482500000.0,72600000.0,56.84481,19.46,488.235,1017488097,JINDALSTEL.NS,0.16549345257106357,0.014892492069087064,0.020151176407963378,0
2023-03-31,580.8163273475466,618.2964508395306,526.8053655923101,542.2938842773438,158465427,7028300000.0,1312900000.0,31774400000.0,3886200000.0,23482500000.0,72600000.0,56.84481,19.46,488.235,1017488097,JINDALSTEL.NS,0.16549345257106357,0.014892492069087064,0.020151176407963378,1
2023-06-30,543.9817180782907,600.1769594169389,499.4027710032328,576.8945922851562,155835518,7028300000.0,1312900000.0,31774400000.0,3886200000.0,23482500000.0,72600000.0,56.84481,19.46,488.235,1017488097,JINDALSTEL.NS,0.16549345257106357,0.014892492069087064,0.020151176407963378,1
2023-09-30,579.823530696925,719.8623176516985,576.9939366787087,698.49951171875,154895594,7028300000.0,1312900000.0,31774400000.0,3886200000.0,23482500000.0,72600000.0,56.84481,19.46,488.235,1017488097,JINDALSTEL.NS,0.16549345257106357,0.014892492069087064,0.020151176407963378,1
2023-12-31,695.2128836015482,764.7790216217687,579.2361897882123,745.0594482421875,141346603,7028300000.0,1312900000.0,31774400000.0,3886200000.0,23482500000.0,72600000.0,56.84481,19.46,488.235,1017488097,JINDALSTEL.NS,0.16549345257106357,0.014892492069087064,0.020151176407963378,1
2024-03-31,748.943620579217,864.1734015149777,685.0045716235104,845.6987915039062,131045544,7028300000.0,1312900000.0,31774400000.0,3886200000.0,23482500000.0,72600000.0,56.84481,19.46,488.235,1017488097,JINDALSTEL.NS,0.16549345257106357,0.014892492069087064,0.020151176407963378,1
2024-06-30,854.5128295782554,1092.541433649955,851.6744371514857,1040.1552734375,145907527,7028300000.0,1312900000.0,31774400000.0,3886200000.0,23482500000.0,72600000.0,56.84481,19.46,488.235,1017488097,JINDALSTEL.NS,0.16549345257106357,0.014892492069087064,0.020151176407963378,0
2024-09-30,1040.7529007685303,1071.5741215614773,892.3583624630277,1037.5916748046875,126289828,112808400000.0,8609000000.0,827705100000.0,172664500000.0,473414300000.0,13576400000.0,56.84481,19.46,488.235,1017488097,JINDALSTEL.NS,0.3647217669597222,0.010401047426190801,0.01818491752361515,0
2024-12-31,1047.9210671304793,1066.8835289810854,853.3072143531311,928.8573608398438,126316845,118202700000.0,9504800000.0,827705100000.0,172664500000.0,473414300000.0,13576400000.0,56.84481,19.46,488.235,1017488097,JINDALSTEL.NS,0.3647217669597222,0.010401047426190801,0.01818491752361515,0
2025-03-31,923.5678084336031,960.1951377768138,721.9178059348707,910.4937133789062,151589931,44487500000.0,-3394000000.0,858393700000.0,184060800000.0,471848800000.0,24762400000.0,56.84481,19.46,488.235,1017488097,JINDALSTEL.NS,0.39008428123585354,-0.003953896679344222,-0.007192982158691513,1
2025-06-30,905.2042596513406,983.8481906936246,768.4754769607611,939.8355712890625,113749899,123424400000.0,14939700000.0,858393700000.0,184060800000.0,471848800000.0,24762400000.0,56.84481,19.46,488.235,1017488097,JINDALSTEL.NS,0.39008428123585354,-0.003953896679344222,-0.007192982158691513,1
2025-09-30,939.8355582301588,1069.699951171875,924.9151316251457,1063.75,97720119,123424400000.0,14939700000.0,858393700000.0,184060800000.0,471848800000.0,24762400000.0,56.84481,19.46,488.235,1017488097,JINDALSTEL.NS,0.39008428123585354,-0.003953896679344222,-0.007192982158691513,0
2025-12-31,1063.800048828125,1098.0,977.0999755859375,1053.800048828125,93908606,130900400000.0,1904300000.0,858393700000.0,184060800000.0,471848800000.0,24762400000.0,56.84481,19.46,488.235,1017488097,JINDALSTEL.NS,0.39008428123585354,-0.003953896679344222,-0.007192982158691513,1
2026-03-31,1053.800048828125,1272.0999755859375,997.0999755859375,1106.199951171875,81517936,130900400000.0,1904300000.0,858393700000.0,184060800000.0,471848800000.0,24762400000.0,56.84481,19.46,488.235,1017488097,JINDALSTEL.NS,0.39008428123585354,-0.003953896679344222,-0.007192982158691513,0
2016-03-31,17.650376640396317,17.650376640396317,16.322911674622663,16.470407485961914,435012,130900400000.0,1904300000.0,858393700000.0,184060800000.0,471848800000.0,24762400000.0,19.509254,35.66,219.566,823718921,JSL.NS,0.39008428123585354,-0.003953896679344222,-0.007192982158691513,0
2016-06-30,16.322914889653255,19.666163186377844,13.962973566178931,15.634596824645996,18927030,130900400000.0,1904300000.0,858393700000.0,184060800000.0,471848800000.0,24762400000.0,19.509254,35.66,219.566,823718921,JSL.NS,0.39008428123585354,-0.003953896679344222,-0.007192982158691513,1
2016-09-30,15.880422728364533,27.975112615645216,15.388768762312932,24.23853874206543,49271602,130900400000.0,1904300000.0,858393700000.0,184060800000.0,471848800000.0,24762400000.0,19.509254,35.66,219.566,823718921,JSL.NS,0.39008428123585354,-0.003953896679344222,-0.007192982158691513,1
2016-12-31,24.238538782765247,43.757204886493106,24.041881658009547,37.02154541015625,38839996,130900400000.0,1904300000.0,858393700000.0,184060800000.0,471848800000.0,24762400000.0,19.509254,35.66,219.566,823718921,JSL.NS,0.39008428123585354,-0.003953896679344222,-0.007192982158691513,1
2017-03-31,37.07071032421973,76.4521928184553,36.677385645306735,70.01151275634766,75216477,130900400000.0,1904300000.0,858393700000.0,184060800000.0,471848800000.0,24762400000.0,19.509254,35.66,219.566,823718921,JSL.NS,0.39008428123585354,-0.003953896679344222,-0.007192982158691513,1
2017-06-30,69.51987334772441,82.00788939916984,65.88162588539619,70.0606918334961,28757304,130900400000.0,1904300000.0,858393700000.0,184060800000.0,471848800000.0,24762400000.0,19.509254,35.66,219.566,823718921,JSL.NS,0.39008428123585354,-0.003953896679344222,-0.007192982158691513,1
2017-09-30,70.15901324811793,123.89680673552743,69.81486345583251,110.3763198852539,44183167,130900400000.0,1904300000.0,858393700000.0,184060800000.0,471848800000.0,24762400000.0,19.509254,35.66,219.566,823718921,JSL.NS,0.39008428123585354,-0.003953896679344222,-0.007192982158691513,0
2017-12-31,113.08042521978118,119.17692266708947,93.41425815892599,102.55901336669922,19246832,130900400000.0,1904300000.0,858393700000.0,184060800000.0,471848800000.0,24762400000.0,19.509254,35.66,219.566,823718921,JSL.NS,0.39008428123585354,-0.003953896679344222,-0.007192982158691513,0
2018-03-31,102.75568254619625,130.53413684887917,73.05978465863284,77.23884582519531,34540996,130900400000.0,1904300000.0,858393700000.0,184060800000.0,471848800000.0,24762400000.0,19.509254,35.66,219.566,823718921,JSL.NS,0.39008428123585354,-0.003953896679344222,-0.007192982158691513,0
2018-06-30,79.25462125872893,107.08223573879533,62.63671211655908,66.42245483398438,32665180,130900400000.0,1904300000.0,858393700000.0,184060800000.0,471848800000.0,24762400000.0,19.509254,35.66,219.566,823718921,JSL.NS,0.39008428123585354,-0.003953896679344222,-0.007192982158691513,0
2018-09-30,68.33990447017584,70.7981806445557,51.771168769383806,52.852806091308594,41231072,130900400000.0,1904300000.0,858393700000.0,184060800000.0,471848800000.0,24762400000.0,19.509254,35.66,219.566,823718921,JSL.NS,0.39008428123585354,-0.003953896679344222,-0.007192982158691513,0
2018-12-31,53.09862411665696,58.506823898736876,30.285884584030793,33.62913513183594,38105661,130900400000.0,1904300000.0,858393700000.0,184060800000.0,471848800000.0,24762400000.0,19.509254,35.66,219.566,823718921,JSL.NS,0.39008428123585354,-0.003953896679344222,-0.007192982158691513,1
2019-03-31,33.62913810960094,43.60970126865396,23.009404410676865,38.54567337036133,44113485,130900400000.0,1904300000.0,858393700000.0,184060800000.0,471848800000.0,24762400000.0,19.509254,35.66,219.566,823718921,JSL.NS,0.39008428123585354,-0.003953896679344222,-0.007192982158691513,0
2019-06-30,40.463125472793614,43.363881055658254,30.974201756974125,35.44824981689453,28029644,130900400000.0,1904300000.0,858393700000.0,184060800000.0,471848800000.0,24762400000.0,19.509254,35.66,219.566,823718921,JSL.NS,0.39008428123585354,-0.003953896679344222,-0.007192982158691513,0
2019-09-30,35.39908434338395,38.152347528530406,26.352655539496805,34.80910110473633,20485321,130900400000.0,1904300000.0,858393700000.0,184060800000.0,471848800000.0,24762400000.0,19.509254,35.66,219.566,823718921,JSL.NS,0.39008428123585354,-0.003953896679344222,-0.007192982158691513,1
2019-12-31,34.51410703671571,39.82397243155813,32.10500559548338,38.00485610961914,22765944,130900400000.0,1904300000.0,858393700000.0,184060800000.0,471848800000.0,24762400000.0,19.509254,35.66,219.566,823718921,JSL.NS,0.39008428123585354,-0.003953896679344222,-0.007192982158691513,0
2020-03-31,38.25068034558224,46.461302970525225,21.042788617020534,23.697721481323242,117860112,130900400000.0,1904300000.0,858393700000.0,184060800000.0,471848800000.0,24762400000.0,19.509254,35.66,219.566,823718921,JSL.NS,0.39008428123585354,-0.003953896679344222,-0.007192982158691513,1
2020-06-30,24.238540635013955,40.85644139057552,22.66524911639934,39.922306060791016,29810204,130900400000.0,1904300000.0,858393700000.0,184060800000.0,471848800000.0,24762400000.0,19.509254,35.66,219.566,823718921,JSL.NS,0.39008428123585354,-0.003953896679344222,-0.007192982158691513,1
2020-09-30,39.873136504148384,52.11532974272012,34.661606391043584,43.609703063964844,50103450,130900400000.0,1904300000.0,858393700000.0,184060800000.0,471848800000.0,24762400000.0,19.509254,35.66,219.566,823718921,JSL.NS,0.39008428123585354,-0.003953896679344222,-0.007192982158691513,1
2020-12-31,44.2488629761575,83.92534025885985,42.13474976812082,74.43640899658203,93365409,130900400000.0,1904300000.0,858393700000.0,184060800000.0,471848800000.0,24762400000.0,19.509254,35.66,219.566,823718921,JSL.NS,0.39008428123585354,-0.003953896679344222,-0.007192982158691513,0
2021-03-31,74.82972857411417,94.39756973226127,59.440972078301655,66.47162628173828,89096396,130900400000.0,1904300000.0,858393700000.0,184060800000.0,471848800000.0,24762400000.0,19.509254,35.66,219.566,823718921,JSL.NS,0.39008428123585354,-0.003953896679344222,-0.007192982158691513,1
2021-06-30,67.01243862070721,111.55629098170164,66.6682823369326,107.8197250366211,189141650,130900400000.0,1904300000.0,858393700000.0,184060800000.0,471848800000.0,24762400000.0,19.509254,35.66,219.566,823718921,JSL.NS,0.39008428123585354,-0.003953896679344222,-0.007192982158691513,1
2021-09-30,108.11471489656843,171.48889131415072,103.54233303009269,159.29591369628906,253338232,130900400000.0,1904300000.0,858393700000.0,184060800000.0,471848800000.0,24762400000.0,19.509254,35.66,219.566,823718921,JSL.NS,0.39008428123585354,-0.003953896679344222,-0.007192982158691513,1
2021-12-31,157.3292742327417,204.42973447691503,149.65948389325115,194.8916473388672,120469589,130900400000.0,1904300000.0,858393700000.0,184060800000.0,471848800000.0,24762400000.0,19.509254,35.66,219.566,823718921,JSL.NS,0.39008428123585354,-0.003953896679344222,-0.007192982158691513,1
2022-03-31,195.87493677923422,220.6543053066867,170.60392574579762,199.16903686523438,85801542,130900400000.0,1904300000.0,858393700000.0,184060800000.0,471848800000.0,24762400000.0,19.509254,35.66,219.566,823718921,JSL.NS,0.39008428123585354,-0.003953896679344222,-0.007192982158691513,0
2022-06-30,200.59483157454122,211.11621165153812,93.46343233788848,98.13414001464844,78352599,130900400000.0,1904300000.0,858393700000.0,184060800000.0,471848800000.0,24762400000.0,19.509254,35.66,219.566,823718921,JSL.NS,0.39008428123585354,-0.003953896679344222,-0.007192982158691513,1
2022-09-30,98.33079861105271,144.25125987500329,95.7250309474509,123.15933227539062,70000552,130900400000.0,1904300000.0,858393700000.0,184060800000.0,471848800000.0,24762400000.0,19.509254,35.66,219.566,823718921,JSL.NS,0.39008428123585354,-0.003953896679344222,-0.007192982158691513,1
2022-12-31,122.96267353312392,238.4522008493542,120.0618988616465,235.15811157226562,102247683,130900400000.0,1904300000.0,858393700000.0,184060800000.0,471848800000.0,24762400000.0,19.509254,35.66,219.566,823718921,JSL.NS,0.39008428123585354,-0.003953896679344222,-0.007192982158691513,1
2023-03-31,236.97720898378213,323.5083143196561,226.35751088910308,284.9626770019531,84838724,130900400000.0,1904300000.0,858393700000.0,184060800000.0,471848800000.0,24762400000.0,19.509254,35.66,219.566,823718921,JSL.NS,0.39008428123585354,-0.003953896679344222,-0.007192982158691513,1
2023-06-30,290.0758655914069,340.25868394852523,250.74352769668258,326.0483703613281,47013344,130900400000.0,1904300000.0,858393700000.0,184060800000.0,471848800000.0,24762400000.0,19.509254,35.66,219.566,823718921,JSL.NS,0.39008428123585354,-0.003953896679344222,-0.007192982158691513,1
2023-09-30,329.4035636519192,533.8746441710083,328.21938672178686,470.9436340332031,48932430,130900400000.0,1904300000.0,858393700000.0,184060800000.0,471848800000.0,24762400000.0,19.509254,35.66,219.566,823718921,JSL.NS,0.39008428123585354,-0.003953896679344222,-0.007192982158691513,1
2023-12-31,470.1024474291519,573.3274904251297,423.69695449046407,567.4751586914062,103126819,130900400000.0,1904300000.0,858393700000.0,184060800000.0,471848800000.0,24762400000.0,19.509254,35.66,219.566,823718921,JSL.NS,0.39008428123585354,-0.003953896679344222,-0.007192982158691513,1
2024-03-31,570.8477238303386,712.0469707715691,509.3489156217062,688.8361206054688,152019470,130900400000.0,1904300000.0,858393700000.0,184060800000.0,471848800000.0,24762400000.0,19.509254,35.66,219.566,823718921,JSL.NS,0.39008428123585354,-0.003953896679344222,-0.007192982158691513,1
2024-06-30,699.2512645356975,834.2014357544418,619.9475276186871,815.8509521484375,143224967,130900400000.0,1904300000.0,858393700000.0,184060800000.0,471848800000.0,24762400000.0,19.509254,35.66,219.566,823718921,JSL.NS,0.39008428123585354,-0.003953896679344222,-0.007192982158691513,0
2024-09-30,819.3226948244398,841.1448121097002,625.8990522574005,786.2457275390625,66171758,130900400000.0,1904300000.0,341130900000.0,64730800000.0,154615600000.0,9240600000.0,19.509254,35.66,219.566,823718921,JSL.NS,0.41865633222003473,-0.003953896679344222,-0.007192982158691513,0
2024-12-31,788.7322838584843,789.4285287850677,628.449554931825,695.4371948242188,43926752,99073000000.0,6548400000.0,341130900000.0,64730800000.0,154615600000.0,9240600000.0,19.509254,35.66,219.566,823718921,JSL.NS,0.41865633222003473,-0.003953896679344222,-0.007192982158691513,0
2025-03-31,697.7247307787643,697.7247307787643,565.8823882490005,579.3806762695312,58755381,100766300000.0,5909900000.0,361580500000.0,64018700000.0,166879400000.0,6325400000.0,19.509254,35.66,219.566,823718921,JSL.NS,0.3836225441846028,0.01634463141679377,0.03541419731854261,1
2025-06-30,579.3806935236897,731.5478129500148,494.70507750901663,702.409423828125,65234092,102071400000.0,7141600000.0,361580500000.0,64018700000.0,166879400000.0,6325400000.0,19.509254,35.66,219.566,823718921,JSL.NS,0.3836225441846028,0.01634463141679377,0.03541419731854261,1
2025-09-30,707.0914884825334,817.9377351988244,650.5082400005033,736.8380737304688,60748369,108927800000.0,8069400000.0,390775800000.0,68619700000.0,180792800000.0,6236700000.0,19.509254,35.66,219.566,823718921,JSL.NS,0.37954885371541347,0.020649692227614914,0.044633414605006395,1
2025-12-31,740.6833031720302,865.9283461447163,714.615605840758,838.212646484375,37584408,105175500000.0,8287900000.0,390775800000.0,68619700000.0,180792800000.0,6236700000.0,19.509254,35.66,219.566,823718921,JSL.NS,0.37954885371541347,0.020649692227614914,0.044633414605006395,0
2026-03-31,832.9691146023976,882.9073307862756,674.1500244140625,695.7000122070312,44639688,105175500000.0,8287900000.0,390775800000.0,68619700000.0,180792800000.0,6236700000.0,19.509254,35.66,219.566,823718921,JSL.NS,0.37954885371541347,0.020649692227614914,0.044633414605006395,0
2016-03-31,110.90333217632767,116.20153323996648,109.34977386625457,115.2361831665039,36535940,105175500000.0,8287900000.0,390775800000.0,68619700000.0,180792800000.0,6236700000.0,36.487995,30.41,340.317,2440633358,JSWSTEEL.NS,0.37954885371541347,0.020649692227614914,0.044633414605006395,1
2016-06-30,114.16755618936932,132.45536776771837,111.3523307044649,131.49899291992188,389536950,105175500000.0,8287900000.0,390775800000.0,68619700000.0,180792800000.0,6236700000.0,36.487995,30.41,340.317,2440633358,JSWSTEEL.NS,0.37954885371541347,0.020649692227614914,0.044633414605006395,1
2016-09-30,132.46434524637107,170.2312840128899,130.88119351149405,156.0961151123047,377071310,105175500000.0,8287900000.0,390775800000.0,68619700000.0,180792800000.0,6236700000.0,36.487995,30.41,340.317,2440633358,JSWSTEEL.NS,0.37954885371541347,0.020649692227614914,0.044633414605006395,0
2016-12-31,157.4997396510021,164.7297697766428,136.44590335102822,146.90284729003906,371197060,105175500000.0,8287900000.0,390775800000.0,68619700000.0,180792800000.0,6236700000.0,36.487995,30.41,340.317,2440633358,JSWSTEEL.NS,0.37954885371541347,0.020649692227614914,0.044633414605006395,1
2017-03-31,146.94800044809372,181.78945518364034,144.96220696733403,169.874755859375,311299296,105175500000.0,8287900000.0,390775800000.0,68619700000.0,180792800000.0,6236700000.0,36.487995,30.41,340.317,2440633358,JSWSTEEL.NS,0.37954885371541347,0.020649692227614914,0.044633414605006395,1
2017-06-30,169.60399326297792,190.59184264906293,166.17400104060422,185.66273498535156,381752858,105175500000.0,8287900000.0,390775800000.0,68619700000.0,180792800000.0,6236700000.0,36.487995,30.41,340.317,2440633358,JSWSTEEL.NS,0.37954885371541347,0.020649692227614914,0.044633414605006395,1
2017-09-30,185.8909459446301,248.09798201039402,185.7540320819291,226.7842254638672,279905010,105175500000.0,8287900000.0,390775800000.0,68619700000.0,180792800000.0,6236700000.0,36.487995,30.41,340.317,2440633358,JSWSTEEL.NS,0.37954885371541347,0.020649692227614914,0.044633414605006395,1
2017-12-31,230.02466228139014,251.5666264934342,216.88041081248605,246.27243041992188,171653424,105175500000.0,8287900000.0,390775800000.0,68619700000.0,180792800000.0,6236700000.0,36.487995,30.41,340.317,2440633358,JSWSTEEL.NS,0.37954885371541347,0.020649692227614914,0.044633414605006395,1
2018-03-31,245.99858833231877,292.5055502507449,238.87879280762147,263.0222473144531,326916288,105175500000.0,8287900000.0,390775800000.0,68619700000.0,180792800000.0,6236700000.0,36.487995,30.41,340.317,2440633358,JSWSTEEL.NS,0.37954885371541347,0.020649692227614914,0.044633414605006395,1
2018-06-30,264.710923245535,316.283859586091,263.1135297431913,298.30181884765625,250930850,105175500000.0,8287900000.0,390775800000.0,68619700000.0,180792800000.0,6236700000.0,36.487995,30.41,340.317,2440633358,JSWSTEEL.NS,0.37954885371541347,0.020649692227614914,0.044633414605006395,1
2018-09-30,298.4843777554311,394.33060187771093,270.7420317829474,351.9969482421875,410941133,105175500000.0,8287900000.0,390775800000.0,68619700000.0,180792800000.0,6236700000.0,36.487995,30.41,340.317,2440633358,JSWSTEEL.NS,0.37954885371541347,0.020649692227614914,0.044633414605006395,0
2018-12-31,345.8636762939601,357.3924098149436,264.05528818278515,282.91644287109375,319889171,105175500000.0,8287900000.0,390775800000.0,68619700000.0,180792800000.0,6236700000.0,36.487995,30.41,340.317,2440633358,JSWSTEEL.NS,0.37954885371541347,0.020649692227614914,0.044633414605006395,0
2019-03-31,284.89936695061414,284.89936695061414,236.66294504128354,265.85382080078125,422235197,105175500000.0,8287900000.0,390775800000.0,68619700000.0,180792800000.0,6236700000.0,36.487995,30.41,340.317,2440633358,JSWSTEEL.NS,0.37954885371541347,0.020649692227614914,0.044633414605006395,0
2019-06-30,274.33902456979996,289.60312040625354,233.019866714548,255.1090087890625,373068682,105175500000.0,8287900000.0,390775800000.0,68619700000.0,180792800000.0,6236700000.0,36.487995,30.41,340.317,2440633358,JSWSTEEL.NS,0.37954885371541347,0.020649692227614914,0.044633414605006395,0
2019-09-30,256.90747976930624,259.90496440703964,188.9803938056299,215.39547729492188,471356621,105175500000.0,8287900000.0,390775800000.0,68619700000.0,180792800000.0,6236700000.0,36.487995,30.41,340.317,2440633358,JSWSTEEL.NS,0.37954885371541347,0.020649692227614914,0.044633414605006395,1
2019-12-31,214.5992733432754,256.1890366925745,192.9145385484693,252.9573516845703,501039372,105175500000.0,8287900000.0,390775800000.0,68619700000.0,180792800000.0,6236700000.0,36.487995,30.41,340.317,2440633358,JSWSTEEL.NS,0.37954885371541347,0.020649692227614914,0.044633414605006395,0
2020-03-31,253.56623882324396,277.96741880387344,127.48565367367196,136.9932098388672,517182099,105175500000.0,8287900000.0,390775800000.0,68619700000.0,180792800000.0,6236700000.0,36.487995,30.41,340.317,2440633358,JSWSTEEL.NS,0.37954885371541347,0.020649692227614914,0.044633414605006395,1
2020-06-30,136.71219249914392,194.60059097315508,124.11351042711054,177.36521911621094,728694040,105175500000.0,8287900000.0,390775800000.0,68619700000.0,180792800000.0,6236700000.0,36.487995,30.41,340.317,2440633358,JSWSTEEL.NS,0.37954885371541347,0.020649692227614914,0.044633414605006395,1
2020-09-30,178.25511522250648,280.05769626476825,176.61588008516102,262.92388916015625,643856945,105175500000.0,8287900000.0,390775800000.0,68619700000.0,180792800000.0,6236700000.0,36.487995,30.41,340.317,2440633358,JSWSTEEL.NS,0.37954885371541347,0.020649692227614914,0.044633414605006395,1
2020-12-31,266.4263744918403,372.8738345898216,263.3971770725067,366.531494140625,493050670,105175500000.0,8287900000.0,390775800000.0,68619700000.0,180792800000.0,6236700000.0,36.487995,30.41,340.317,2440633358,JSWSTEEL.NS,0.37954885371541347,0.020649692227614914,0.044633414605006395,1
2021-03-31,366.5788391887352,448.50882454215355,343.81260193416676,443.4444274902344,480379096,105175500000.0,8287900000.0,390775800000.0,68619700000.0,180792800000.0,6236700000.0,36.487995,30.41,340.317,2440633358,JSWSTEEL.NS,0.37954885371541347,0.020649692227614914,0.044633414605006395,1
2021-06-30,445.4323408804596,731.7377301761053,444.91171107186733,647.393798828125,1027417415,105175500000.0,8287900000.0,390775800000.0,68619700000.0,180792800000.0,6236700000.0,36.487995,30.41,340.317,2440633358,JSWSTEEL.NS,0.37954885371541347,0.020649692227614914,0.044633414605006395,0
2021-09-30,651.0856557968215,742.2377898656251,600.3857392011492,638.8119506835938,431254040,105175500000.0,8287900000.0,390775800000.0,68619700000.0,180792800000.0,6236700000.0,36.487995,30.41,340.317,2440633358,JSWSTEEL.NS,0.37954885371541347,0.020649692227614914,0.044633414605006395,0
2021-12-31,630.8781567192714,695.2086390205986,577.6358659968384,627.0069580078125,284626691,105175500000.0,8287900000.0,390775800000.0,68619700000.0,180792800000.0,6236700000.0,36.487995,30.41,340.317,2440633358,JSWSTEEL.NS,0.37954885371541347,0.020649692227614914,0.044633414605006395,1
2022-03-31,627.006865311307,731.0062420366489,541.0258657858993,700.3226318359375,295983333,105175500000.0,8287900000.0,390775800000.0,68619700000.0,180792800000.0,6236700000.0,36.487995,30.41,340.317,2440633358,JSWSTEEL.NS,0.37954885371541347,0.020649692227614914,0.044633414605006395,0
2022-06-30,702.5689585970417,755.1421168895164,497.10331217536145,539.592041015625,350588130,105175500000.0,8287900000.0,390775800000.0,68619700000.0,180792800000.0,6236700000.0,36.487995,30.41,340.317,2440633358,JSWSTEEL.NS,0.37954885371541347,0.020649692227614914,0.044633414605006395,1
2022-09-30,531.9928132709249,691.5621869774619,531.9928132709249,622.435546875,197719578,105175500000.0,8287900000.0,390775800000.0,68619700000.0,180792800000.0,6236700000.0,36.487995,30.41,340.317,2440633358,JSWSTEEL.NS,0.37954885371541347,0.020649692227614914,0.044633414605006395,1
2022-12-31,621.7950061485421,766.1578589052801,606.028425345479,756.845703125,125625010,105175500000.0,8287900000.0,390775800000.0,68619700000.0,180792800000.0,6236700000.0,36.487995,30.41,340.317,2440633358,JSWSTEEL.NS,0.37954885371541347,0.020649692227614914,0.044633414605006395,0
2023-03-31,760.6395644087783,772.0703198146194,639.5817118815099,678.06201171875,120454895,105175500000.0,8287900000.0,390775800000.0,68619700000.0,180792800000.0,6236700000.0,36.487995,30.41,340.317,2440633358,JSWSTEEL.NS,0.37954885371541347,0.020649692227614914,0.044633414605006395,1
2023-06-30,680.328436924678,779.9043565025158,665.2023687600167,773.3513793945312,138336062,105175500000.0,8287900000.0,390775800000.0,68619700000.0,180792800000.0,6236700000.0,36.487995,30.41,340.317,2440633358,JSWSTEEL.NS,0.37954885371541347,0.020649692227614914,0.044633414605006395,0
2023-09-30,776.5047029355912,831.2326715907076,756.3722088049849,771.4630737304688,183616529,105175500000.0,8287900000.0,390775800000.0,68619700000.0,180792800000.0,6236700000.0,36.487995,30.41,340.317,2440633358,JSWSTEEL.NS,0.37954885371541347,0.020649692227614914,0.044633414605006395,1
2023-12-31,768.4448649490985,886.4007859246608,715.4537939568751,871.0625610351562,119670071,105175500000.0,8287900000.0,390775800000.0,68619700000.0,180792800000.0,6236700000.0,36.487995,30.41,340.317,2440633358,JSWSTEEL.NS,0.37954885371541347,0.020649692227614914,0.044633414605006395,0
2024-03-31,871.0626120328283,875.5651104726588,753.7993667131537,821.5349731445312,137044393,105175500000.0,8287900000.0,390775800000.0,68619700000.0,180792800000.0,6236700000.0,36.487995,30.41,340.317,2440633358,JSWSTEEL.NS,0.37954885371541347,0.020649692227614914,0.044633414605006395,1
2024-06-30,829.2535174050116,939.4908452973417,815.2017594153594,921.7776489257812,167392398,105175500000.0,8287900000.0,390775800000.0,68619700000.0,180792800000.0,6236700000.0,36.487995,30.41,340.317,2440633358,JSWSTEEL.NS,0.37954885371541347,0.020649692227614914,0.044633414605006395,1
2024-09-30,925.2410859511286,1030.1260129455484,851.8561161701595,1027.28369140625,136987613,391040000000.0,4390000000.0,2331680000000.0,952580000000.0,796660000000.0,59920000000.0,36.487995,30.41,340.317,2440633358,JSWSTEEL.NS,1.1957171189717068,0.001882762643244356,0.005510506364069992,0
2024-12-31,1026.2365234880476,1060.1452009097263,893.1947269336706,899.0789184570312,145612664,407930000000.0,7170000000.0,2331680000000.0,952580000000.0,796660000000.0,59920000000.0,36.487995,30.41,340.317,2440633358,JSWSTEEL.NS,1.1957171189717068,0.001882762643244356,0.005510506364069992,1
2025-03-31,898.7298709203582,1072.0132557269947,877.6366579738332,1060.3446044921875,107666908,443410000000.0,15030000000.0,2407420000000.0,1192220000000.0,794960000000.0,110450000000.0,36.487995,30.41,340.317,2440633358,JSWSTEEL.NS,1.4997232565160512,0.0062431981125021805,0.018906611653416523,0
2025-06-30,1060.1452022466717,1067.5751457949643,902.7690076003838,1017.7593383789062,123045400,424600000000.0,21840000000.0,2407420000000.0,1192220000000.0,794960000000.0,110450000000.0,36.487995,30.41,340.317,2440633358,JSWSTEEL.NS,1.4997232565160512,0.0062431981125021805,0.018906611653416523,1
2025-09-30,1020.9507206764758,1167.9000244140625,1013.4708629898814,1142.699951171875,101543055,424600000000.0,21840000000.0,2407420000000.0,1192220000000.0,794960000000.0,110450000000.0,36.487995,30.41,340.317,2440633358,JSWSTEEL.NS,1.4997232565160512,0.0062431981125021805,0.018906611653416523,1
2025-12-31,1145.0,1223.9000244140625,1073.199951171875,1164.800048828125,101814599,452190000000.0,21390000000.0,2407420000000.0,1192220000000.0,794960000000.0,110450000000.0,36.487995,30.41,340.317,2440633358,JSWSTEEL.NS,1.4997232565160512,0.0062431981125021805,0.018906611653416523,0
2026-03-31,1163.5,1284.699951171875,1102.5,1109.5999755859375,89268481,452190000000.0,21390000000.0,2407420000000.0,1192220000000.0,794960000000.0,110450000000.0,36.487995,30.41,340.317,2440633358,JSWSTEEL.NS,1.4997232565160512,0.0062431981125021805,0.018906611653416523,0
2021-03-31,73.35351963794312,80.34665768589497,67.10433767612906,67.55070495605469,67173420,452190000000.0,21390000000.0,2407420000000.0,1192220000000.0,794960000000.0,110450000000.0,33.12329,10.95,51.669,1032662662,KALYANKJIL.NS,1.4997232565160512,0.0062431981125021805,0.018906611653416523,1
2021-06-30,68.0466781558344,89.02608585087714,55.84588294801472,77.61884307861328,220393713,452190000000.0,21390000000.0,2407420000000.0,1192220000000.0,794960000000.0,110450000000.0,33.12329,10.95,51.669,1032662662,KALYANKJIL.NS,1.4997232565160512,0.0062431981125021805,0.018906611653416523,0
2021-09-30,77.56923781161335,78.95795329678653,60.507978612263734,72.3119888305664,102420341,452190000000.0,21390000000.0,2407420000000.0,1192220000000.0,794960000000.0,110450000000.0,33.12329,10.95,51.669,1032662662,KALYANKJIL.NS,1.4997232565160512,0.0062431981125021805,0.018906611653416523,0
2021-12-31,72.2127994836156,82.92568855814312,63.93014962623778,67.89788818359375,108667591,452190000000.0,21390000000.0,2407420000000.0,1192220000000.0,794960000000.0,110450000000.0,33.12329,10.95,51.669,1032662662,KALYANKJIL.NS,1.4997232565160512,0.0062431981125021805,0.018906611653416523,0
2022-03-31,68.19546807816614,75.28779428376477,55.20113117529998,58.276126861572266,66900118,452190000000.0,21390000000.0,2407420000000.0,1192220000000.0,794960000000.0,110450000000.0,33.12329,10.95,51.669,1032662662,KALYANKJIL.NS,1.4997232565160512,0.0062431981125021805,0.018906611653416523,1
2022-06-30,59.21846304064666,67.15392948493539,54.60597054917685,59.41685104370117,45446297,452190000000.0,21390000000.0,2407420000000.0,1192220000000.0,794960000000.0,110450000000.0,33.12329,10.95,51.669,1032662662,KALYANKJIL.NS,1.4997232565160512,0.0062431981125021805,0.018906611653416523,1
2022-09-30,58.028140629618875,100.58210821809341,57.581769560297744,95.52325439453125,237536004,452190000000.0,21390000000.0,2407420000000.0,1192220000000.0,794960000000.0,110450000000.0,33.12329,10.95,51.669,1032662662,KALYANKJIL.NS,1.4997232565160512,0.0062431981125021805,0.018906611653416523,1
2022-12-31,96.11841098758742,133.11754935694373,89.57165135955935,125.52925872802734,403209014,452190000000.0,21390000000.0,2407420000000.0,1192220000000.0,794960000000.0,110450000000.0,33.12329,10.95,51.669,1032662662,KALYANKJIL.NS,1.4997232565160512,0.0062431981125021805,0.018906611653416523,0
2023-03-31,125.57885110963842,126.66997706751684,102.21880778439699,104.50025177001953,268670878,452190000000.0,21390000000.0,2407420000000.0,1192220000000.0,794960000000.0,110450000000.0,33.12329,10.95,51.669,1032662662,KALYANKJIL.NS,1.4997232565160512,0.0062431981125021805,0.018906611653416523,1
2023-06-30,105.64097660145862,147.4014076837639,100.13574152376667,145.86390686035156,287686552,452190000000.0,21390000000.0,2407420000000.0,1192220000000.0,794960000000.0,110450000000.0,33.12329,10.95,51.669,1032662662,KALYANKJIL.NS,1.4997232565160512,0.0062431981125021805,0.018906611653416523,1
2023-09-30,145.86391086344628,260.55182429268206,139.3667357263915,226.37864685058594,412823329,452190000000.0,21390000000.0,2407420000000.0,1192220000000.0,794960000000.0,110450000000.0,33.12329,10.95,51.669,1032662662,KALYANKJIL.NS,1.4997232565160512,0.0062431981125021805,0.018906611653416523,1
2023-12-31,226.8263341789841,360.13654700925974,220.50901572953398,352.2771911621094,213577125,452190000000.0,21390000000.0,2407420000000.0,1192220000000.0,794960000000.0,110450000000.0,33.12329,10.95,51.669,1032662662,KALYANKJIL.NS,1.4997232565160512,0.0062431981125021805,0.018906611653416523,1
2024-03-31,353.3217793477953,436.7401669264489,320.2927247280702,425.5978088378906,183547693,452190000000.0,21390000000.0,2407420000000.0,1192220000000.0,794960000000.0,110450000000.0,33.12329,10.95,51.669,1032662662,KALYANKJIL.NS,1.4997232565160512,0.0062431981125021805,0.018906611653416523,1
2024-06-30,435.6956001543036,543.1893523946359,334.32012000784243,498.5702209472656,132370047,452190000000.0,21390000000.0,2407420000000.0,1192220000000.0,794960000000.0,110450000000.0,33.12329,10.95,51.669,1032662662,KALYANKJIL.NS,1.4997232565160512,0.0062431981125021805,0.018906611653416523,1
2024-09-30,501.6542789938462,783.9559730995885,480.51366733570194,728.1193237304688,402630202,452190000000.0,21390000000.0,137592300000.0,45499130000.0,43591950000.0,3151180000.0,33.12329,10.95,51.669,1032662662,KALYANKJIL.NS,1.0437507383817426,0.0062431981125021805,0.018906611653416523,1
2024-12-31,728.9668374128514,782.1611917149924,630.554887763215,764.0142822265625,397499122,72780920000.0,2188240000.0,137592300000.0,45499130000.0,43591950000.0,3151180000.0,33.12329,10.95,51.669,1032662662,KALYANKJIL.NS,1.0437507383817426,0.0062431981125021805,0.018906611653416523,0
2025-03-31,757.7825132875471,793.0792521873154,398.2346481121215,465.8866882324219,1124349701,60576660000.0,1876050000.0,151259450000.0,49593560000.0,48035780000.0,3703300000.0,33.12329,10.95,51.669,1032662662,KALYANKJIL.NS,1.0324295764532188,0.012402861441053766,0.03905526255636944,1
2025-06-30,466.1359713211377,574.2196880643339,441.757294645659,554.2281494140625,311916776,72684750000.0,2640840000.0,151259450000.0,49593560000.0,48035780000.0,3703300000.0,33.12329,10.95,51.669,1032662662,KALYANKJIL.NS,1.0324295764532188,0.012402861441053766,0.03905526255636944,0
2025-09-30,555.8733691407692,615.8977245777407,442.25,454.29998779296875,339398280,78560260000.0,2605100000.0,170908680000.0,53349560000.0,53413830000.0,3678760000.0,33.12329,10.95,51.669,1032662662,KALYANKJIL.NS,0.9987967535748701,0.015242643030184307,0.04877201279144371,1
2025-12-31,457.70001220703125,528.5,455.45001220703125,485.3500061035156,152858445,103434170000.0,4162900000.0,170908680000.0,53349560000.0,53413830000.0,3678760000.0,33.12329,10.95,51.669,1032662662,KALYANKJIL.NS,0.9987967535748701,0.015242643030184307,0.04877201279144371,0
2026-03-31,486.8999938964844,535.0,347.5,362.70001220703125,387693369,103434170000.0,4162900000.0,170908680000.0,53349560000.0,53413830000.0,3678760000.0,33.12329,10.95,51.669,1032662662,KALYANKJIL.NS,0.9987967535748701,0.015242643030184307,0.04877201279144371,0
2016-12-31,10.464008331298828,10.98720932006836,10.464008331298828,10.98720932006836,1001,103434170000.0,4162900000.0,170908680000.0,53349560000.0,53413830000.0,3678760000.0,33.12329,-1.23,27.29,607751096,KIOCL.NS,0.9987967535748701,0.015242643030184307,0.04877201279144371,1
2017-03-31,10.98720932006836,13.926094055175781,10.98720932006836,13.926094055175781,131805,103434170000.0,4162900000.0,170908680000.0,53349560000.0,53413830000.0,3678760000.0,33.12329,-1.23,27.29,607751096,KIOCL.NS,0.9987967535748701,0.015242643030184307,0.04877201279144371,1
2017-06-30,14.598387718200684,105.02195766731015,14.598387718200684,78.03414916992188,453339,103434170000.0,4162900000.0,170908680000.0,53349560000.0,53413830000.0,3678760000.0,33.12329,-1.23,27.29,607751096,KIOCL.NS,0.9987967535748701,0.015242643030184307,0.04877201279144371,1
2017-09-30,74.1444455266355,220.22254926745572,65.30857719809322,152.73963928222656,2526164,103434170000.0,4162900000.0,170908680000.0,53349560000.0,53413830000.0,3678760000.0,33.12329,-1.23,27.29,607751096,KIOCL.NS,0.9987967535748701,0.015242643030184307,0.04877201279144371,1
2017-12-31,146.429697014405,484.4221771041374,146.429697014405,360.8721008300781,4383600,103434170000.0,4162900000.0,170908680000.0,53349560000.0,53413830000.0,3678760000.0,33.12329,-1.23,27.29,607751096,KIOCL.NS,0.9987967535748701,0.015242643030184307,0.04877201279144371,0
2018-03-31,361.3538094522596,396.94969435072693,192.67061812895528,212.67855834960938,3487175,103434170000.0,4162900000.0,170908680000.0,53349560000.0,53413830000.0,3678760000.0,33.12329,-1.23,27.29,607751096,KIOCL.NS,0.9987967535748701,0.015242643030184307,0.04877201279144371,0
2018-06-30,217.01893981487538,305.46624240227914,165.41666930072742,181.7172088623047,5307741,103434170000.0,4162900000.0,170908680000.0,53349560000.0,53413830000.0,3678760000.0,33.12329,-1.23,27.29,607751096,KIOCL.NS,0.9987967535748701,0.015242643030184307,0.04877201279144371,0
2018-09-30,183.40514163912397,243.11264936971114,150.3345019493279,152.80535888671875,5056982,103434170000.0,4162900000.0,170908680000.0,53349560000.0,53413830000.0,3678760000.0,33.12329,-1.23,27.29,607751096,KIOCL.NS,0.9987967535748701,0.015242643030184307,0.04877201279144371,1
2018-12-31,158.81292893433954,182.16492444431586,124.02718617170247,159.44273376464844,1512096,103434170000.0,4162900000.0,170908680000.0,53349560000.0,53413830000.0,3678760000.0,33.12329,-1.23,27.29,607751096,KIOCL.NS,0.9987967535748701,0.015242643030184307,0.04877201279144371,0
2019-03-31,160.84775582785872,163.75464298137425,117.09909947887243,134.4435272216797,1202859,103434170000.0,4162900000.0,170908680000.0,53349560000.0,53413830000.0,3678760000.0,33.12329,-1.23,27.29,607751096,KIOCL.NS,0.9987967535748701,0.015242643030184307,0.04877201279144371,0
2019-06-30,137.5442152172518,142.43745519037017,111.23688826029716,126.40113830566406,819708,103434170000.0,4162900000.0,170908680000.0,53349560000.0,53413830000.0,3678760000.0,33.12329,-1.23,27.29,607751096,KIOCL.NS,0.9987967535748701,0.015242643030184307,0.04877201279144371,0
2019-09-30,127.90303010276965,140.35421040821106,104.64794339119949,119.76526641845703,847538,103434170000.0,4162900000.0,170908680000.0,53349560000.0,53413830000.0,3678760000.0,33.12329,-1.23,27.29,607751096,KIOCL.NS,0.9987967535748701,0.015242643030184307,0.04877201279144371,0
2019-12-31,125.20691207890465,139.12969067091632,102.21472762714733,111.52925872802734,1679612,103434170000.0,4162900000.0,170908680000.0,53349560000.0,53413830000.0,3678760000.0,33.12329,-1.23,27.29,607751096,KIOCL.NS,0.9987967535748701,0.015242643030184307,0.04877201279144371,0
2020-03-31,113.68629809053418,128.3934533365424,43.827320985263704,58.04423904418945,1252722,103434170000.0,4162900000.0,170908680000.0,53349560000.0,53413830000.0,3678760000.0,33.12329,-1.23,27.29,607751096,KIOCL.NS,0.9987967535748701,0.015242643030184307,0.04877201279144371,1
2020-06-30,62.16224084235086,114.71581791760754,56.57352141491054,104.4698257446289,954912,103434170000.0,4162900000.0,170908680000.0,53349560000.0,53413830000.0,3678760000.0,33.12329,-1.23,27.29,607751096,KIOCL.NS,0.9987967535748701,0.015242643030184307,0.04877201279144371,1
2020-09-30,101.7244903608983,166.19085651714417,95.84162804092753,122.71253967285156,3680241,103434170000.0,4162900000.0,170908680000.0,53349560000.0,53413830000.0,3678760000.0,33.12329,-1.23,27.29,607751096,KIOCL.NS,0.9987967535748701,0.015242643030184307,0.04877201279144371,1
2020-12-31,122.86043894106261,162.4992129059472,105.11174195294875,136.56639099121094,7255126,103434170000.0,4162900000.0,170908680000.0,53349560000.0,53413830000.0,3678760000.0,33.12329,-1.23,27.29,607751096,KIOCL.NS,0.9987967535748701,0.015242643030184307,0.04877201279144371,1
2021-03-31,135.0873132840622,187.988298526434,121.2827822526236,141.39797973632812,6884203,103434170000.0,4162900000.0,170908680000.0,53349560000.0,53413830000.0,3678760000.0,33.12329,-1.23,27.29,607751096,KIOCL.NS,0.9987967535748701,0.015242643030184307,0.04877201279144371,1
2021-06-30,144.25748555732386,302.22090499388696,138.29195444920762,275.5978698730469,11966458,103434170000.0,4162900000.0,170908680000.0,53349560000.0,53413830000.0,3678760000.0,33.12329,-1.23,27.29,607751096,KIOCL.NS,0.9987967535748701,0.015242643030184307,0.04877201279144371,0
2021-09-30,279.93640772742003,310.60224873555455,233.5470873392898,241.93235778808594,6783295,103434170000.0,4162900000.0,170908680000.0,53349560000.0,53413830000.0,3678760000.0,33.12329,-1.23,27.29,607751096,KIOCL.NS,0.9987967535748701,0.015242643030184307,0.04877201279144371,1
2021-12-31,242.13082738642328,316.55628134198184,208.60486383830985,256.97052001953125,8227274,103434170000.0,4162900000.0,170908680000.0,53349560000.0,53413830000.0,3678760000.0,33.12329,-1.23,27.29,607751096,KIOCL.NS,0.9987967535748701,0.015242643030184307,0.04877201279144371,0
2022-03-31,257.0203183800953,273.00937274854346,190.27474412742248,207.90753173828125,5813177,103434170000.0,4162900000.0,170908680000.0,53349560000.0,53413830000.0,3678760000.0,33.12329,-1.23,27.29,607751096,KIOCL.NS,0.9987967535748701,0.015242643030184307,0.04877201279144371,0
2022-06-30,208.30601641666806,261.50324641112707,166.0171907228762,187.38575744628906,6697329,103434170000.0,4162900000.0,170908680000.0,53349560000.0,53413830000.0,3678760000.0,33.12329,-1.23,27.29,607751096,KIOCL.NS,0.9987967535748701,0.015242643030184307,0.04877201279144371,1
2022-09-30,188.88006895699417,225.78936664542053,182.1999969482422,188.60000610351562,4106495,103434170000.0,4162900000.0,170908680000.0,53349560000.0,53413830000.0,3678760000.0,33.12329,-1.23,27.29,607751096,KIOCL.NS,0.9987967535748701,0.015242643030184307,0.04877201279144371,1
2022-12-31,189.89999389648438,236.6999969482422,172.0500030517578,228.1999969482422,5737592,103434170000.0,4162900000.0,170908680000.0,53349560000.0,53413830000.0,3678760000.0,33.12329,-1.23,27.29,607751096,KIOCL.NS,0.9987967535748701,0.015242643030184307,0.04877201279144371,0
2023-03-31,228.0,233.89999389648438,166.0,168.5500030517578,3863109,103434170000.0,4162900000.0,170908680000.0,53349560000.0,53413830000.0,3678760000.0,33.12329,-1.23,27.29,607751096,KIOCL.NS,0.9987967535748701,0.015242643030184307,0.04877201279144371,1
2023-06-30,171.0,216.14999389648438,169.89999389648438,189.89999389648438,3498883,103434170000.0,4162900000.0,170908680000.0,53349560000.0,53413830000.0,3678760000.0,33.12329,-1.23,27.29,607751096,KIOCL.NS,0.9987967535748701,0.015242643030184307,0.04877201279144371,1
2023-09-30,191.60000610351562,358.0,184.5,303.04998779296875,48727334,103434170000.0,4162900000.0,170908680000.0,53349560000.0,53413830000.0,3678760000.0,33.12329,-1.23,27.29,607751096,KIOCL.NS,0.9987967535748701,0.015242643030184307,0.04877201279144371,1
2023-12-31,304.3999938964844,519.4000244140625,301.20001220703125,368.1499938964844,47142536,103434170000.0,4162900000.0,170908680000.0,53349560000.0,53413830000.0,3678760000.0,33.12329,-1.23,27.29,607751096,KIOCL.NS,0.9987967535748701,0.015242643030184307,0.04877201279144371,1
2024-03-31,370.70001220703125,577.3499755859375,353.45001220703125,388.8999938964844,45626255,103434170000.0,4162900000.0,170908680000.0,53349560000.0,53413830000.0,3678760000.0,33.12329,-1.23,27.29,607751096,KIOCL.NS,0.9987967535748701,0.015242643030184307,0.04877201279144371,1
2024-06-30,390.0,498.0,369.0,448.0,23716525,103434170000.0,4162900000.0,170908680000.0,53349560000.0,53413830000.0,3678760000.0,33.12329,-1.23,27.29,607751096,KIOCL.NS,0.9987967535748701,0.015242643030184307,0.04877201279144371,0
2024-09-30,456.45001220703125,511.70001220703125,372.1499938964844,394.1000061035156,10228680,103434170000.0,4162900000.0,23181623000.0,2181436000.0,17963003000.0,1085746000.0,33.12329,-1.23,27.29,607751096,KIOCL.NS,0.12144049633571848,0.015242643030184307,0.04877201279144371,1
2024-12-31,395.0,411.79998779296875,306.20001220703125,400.29998779296875,14804889,1805400000.0,-477900000.0,23181623000.0,2181436000.0,17963003000.0,1085746000.0,33.12329,-1.23,27.29,607751096,KIOCL.NS,0.12144049633571848,0.015242643030184307,0.04877201279144371,0
2025-03-31,389.04998779296875,453.70001220703125,216.22000122070312,236.77000427246094,17806737,2467063000.0,-368627000.0,22884116000.0,1933067000.0,17115036000.0,2193060000.0,33.12329,-1.23,27.29,607751096,KIOCL.NS,0.11294554098513143,-0.016108422103785876,-0.021538196004963123,1
2025-06-30,236.77000427246094,335.5,209.83999633789062,300.1499938964844,18048108,909200000.0,-377900000.0,22884116000.0,1933067000.0,17115036000.0,2193060000.0,33.12329,-1.23,27.29,607751096,KIOCL.NS,0.11294554098513143,-0.016108422103785876,-0.021538196004963123,1
2025-09-30,303.1499938964844,495.0,285.0,424.45001220703125,180659622,1425400000.0,-171600000.0,22075681000.0,1847313000.0,16585789000.0,31756000.0,33.12329,-1.23,27.29,607751096,KIOCL.NS,0.11137926570752829,-0.007773259633530671,-0.01034620662303132,0
2025-12-31,427.5,634.5499877929688,322.54998779296875,401.54998779296875,62677950,1596500000.0,181300000.0,22075681000.0,1847313000.0,16585789000.0,31756000.0,33.12329,-1.23,27.29,607751096,KIOCL.NS,0.11137926570752829,-0.007773259633530671,-0.01034620662303132,0
2026-03-31,403.0,418.3999938964844,290.6499938964844,324.6000061035156,27138686,1596500000.0,181300000.0,22075681000.0,1847313000.0,16585789000.0,31756000.0,33.12329,-1.23,27.29,607751096,KIOCL.NS,0.11137926570752829,-0.007773259633530671,-0.01034620662303132,0
2016-03-31,109.14230674376877,109.42052268024254,98.2466216334011,106.59227752685547,18421,1596500000.0,181300000.0,22075681000.0,1847313000.0,16585789000.0,31756000.0,5.681803,152.17,1416.403,29111550,MAITHANALL.NS,0.11137926570752829,-0.007773259633530671,-0.01034620662303132,1
2016-06-30,107.84410133397957,291.8189536556198,101.35305499237376,239.241455078125,2439347,1596500000.0,181300000.0,22075681000.0,1847313000.0,16585789000.0,31756000.0,5.681803,152.17,1416.403,29111550,MAITHANALL.NS,0.11137926570752829,-0.007773259633530671,-0.01034620662303132,1
2016-09-30,240.2151240009505,403.27943194056616,204.4679712850945,246.38160705566406,3496833,1596500000.0,181300000.0,22075681000.0,1847313000.0,16585789000.0,31756000.0,5.681803,152.17,1416.403,29111550,MAITHANALL.NS,0.11137926570752829,-0.007773259633530671,-0.01034620662303132,1
2016-12-31,255.0981146618126,307.8610823252067,190.0949553317843,269.3321228027344,3465327,1596500000.0,181300000.0,22075681000.0,1847313000.0,16585789000.0,31756000.0,5.681803,152.17,1416.403,29111550,MAITHANALL.NS,0.11137926570752829,-0.007773259633530671,-0.01034620662303132,1
2017-03-31,276.33314259011763,452.5187188486087,269.84209561652426,390.1119384765625,5006295,1596500000.0,181300000.0,22075681000.0,1847313000.0,16585789000.0,31756000.0,5.681803,152.17,1416.403,29111550,MAITHANALL.NS,0.11137926570752829,-0.007773259633530671,-0.01034620662303132,1
2017-06-30,390.8537452846981,504.2152285548987,354.92124863703486,421.2225646972656,6554802,1596500000.0,181300000.0,22075681000.0,1847313000.0,16585789000.0,31756000.0,5.681803,152.17,1416.403,29111550,MAITHANALL.NS,0.11137926570752829,-0.007773259633530671,-0.01034620662303132,1
2017-09-30,421.9180378454927,513.7558709647219,373.23519924920726,439.7294921875,4450835,1596500000.0,181300000.0,22075681000.0,1847313000.0,16585789000.0,31756000.0,5.681803,152.17,1416.403,29111550,MAITHANALL.NS,0.11137926570752829,-0.007773259633530671,-0.01034620662303132,1
2017-12-31,444.71745745520116,791.5411508931235,440.38216717673845,745.717529296875,8880662,1596500000.0,181300000.0,22075681000.0,1847313000.0,16585789000.0,31756000.0,5.681803,152.17,1416.403,29111550,MAITHANALL.NS,0.11137926570752829,-0.007773259633530671,-0.01034620662303132,0
2018-03-31,749.5866783373157,956.6087645998455,700.173673119521,733.2244873046875,7080778,1596500000.0,181300000.0,22075681000.0,1847313000.0,16585789000.0,31756000.0,5.681803,152.17,1416.403,29111550,MAITHANALL.NS,0.11137926570752829,-0.007773259633530671,-0.01034620662303132,0
2018-06-30,751.4512939453125,862.39764542758,499.7710053248348,528.2068481445312,3238287,1596500000.0,181300000.0,22075681000.0,1847313000.0,16585789000.0,31756000.0,5.681803,152.17,1416.403,29111550,MAITHANALL.NS,0.11137926570752829,-0.007773259633530671,-0.01034620662303132,0
2018-09-30,536.0849602010712,652.4386784834297,488.22899627186115,497.4108581542969,2430339,1596500000.0,181300000.0,22075681000.0,1847313000.0,16585789000.0,31756000.0,5.681803,152.17,1416.403,29111550,MAITHANALL.NS,0.11137926570752829,-0.007773259633530671,-0.01034620662303132,0
2018-12-31,501.2522437919934,528.4229142795484,450.6585177919743,460.8709716796875,1211378,1596500000.0,181300000.0,22075681000.0,1847313000.0,16585789000.0,31756000.0,5.681803,152.17,1416.403,29111550,MAITHANALL.NS,0.11137926570752829,-0.007773259633530671,-0.01034620662303132,1
2019-03-31,463.728634882615,503.7819536253916,318.5528186595275,479.14093017578125,3058962,1596500000.0,181300000.0,22075681000.0,1847313000.0,16585789000.0,31756000.0,5.681803,152.17,1416.403,29111550,MAITHANALL.NS,0.11137926570752829,-0.007773259633530671,-0.01034620662303132,1
2019-06-30,474.0347619842984,654.9071551637661,449.7685164882791,539.7595825195312,1603634,1596500000.0,181300000.0,22075681000.0,1847313000.0,16585789000.0,31756000.0,5.681803,152.17,1416.403,29111550,MAITHANALL.NS,0.11137926570752829,-0.007773259633530671,-0.01034620662303132,0
2019-09-30,538.729062642545,551.8459669050526,367.5032530132085,459.02264404296875,1257649,1596500000.0,181300000.0,22075681000.0,1847313000.0,16585789000.0,31756000.0,5.681803,152.17,1416.403,29111550,MAITHANALL.NS,0.11137926570752829,-0.007773259633530671,-0.01034620662303132,0
2019-12-31,455.2687469571395,465.19999439355115,376.3415300046416,437.5445556640625,1173125,1596500000.0,181300000.0,22075681000.0,1847313000.0,16585789000.0,31756000.0,5.681803,152.17,1416.403,29111550,MAITHANALL.NS,0.11137926570752829,-0.007773259633530671,-0.01034620662303132,0
2020-03-31,440.01548410095586,593.0230215795596,278.1828038120763,338.5736999511719,3089654,1596500000.0,181300000.0,22075681000.0,1847313000.0,16585789000.0,31756000.0,5.681803,152.17,1416.403,29111550,MAITHANALL.NS,0.11137926570752829,-0.007773259633530671,-0.01034620662303132,1
2020-06-30,338.57368874251586,485.43646932850373,327.21733418649126,453.34033203125,1815283,1596500000.0,181300000.0,22075681000.0,1847313000.0,16585789000.0,31756000.0,5.681803,152.17,1416.403,29111550,MAITHANALL.NS,0.11137926570752829,-0.007773259633530671,-0.01034620662303132,1
2020-09-30,458.5854148397185,599.2888650565815,406.32693173319376,481.9237060546875,4614730,1596500000.0,181300000.0,22075681000.0,1847313000.0,16585789000.0,31756000.0,5.681803,152.17,1416.403,29111550,MAITHANALL.NS,0.11137926570752829,-0.007773259633530671,-0.01034620662303132,1
2020-12-31,493.7131903140068,572.1972236335013,454.4952100845836,552.5160522460938,2651001,1596500000.0,181300000.0,22075681000.0,1847313000.0,16585789000.0,31756000.0,5.681803,152.17,1416.403,29111550,MAITHANALL.NS,0.11137926570752829,-0.007773259633530671,-0.01034620662303132,0
2021-03-31,553.3822014060464,697.7428792317709,499.9688414416468,517.2920532226562,4941718,1596500000.0,181300000.0,22075681000.0,1847313000.0,16585789000.0,31756000.0,5.681803,152.17,1416.403,29111550,MAITHANALL.NS,0.11137926570752829,-0.007773259633530671,-0.01034620662303132,1
2021-06-30,518.254427192983,1052.7735893501902,517.292023428465,973.3753051757812,13577325,1596500000.0,181300000.0,22075681000.0,1847313000.0,16585789000.0,31756000.0,5.681803,152.17,1416.403,29111550,MAITHANALL.NS,0.11137926570752829,-0.007773259633530671,-0.01034620662303132,1
2021-09-30,976.8399855363764,1207.7688285427646,876.7499244183995,1135.88330078125,12276456,1596500000.0,181300000.0,22075681000.0,1847313000.0,16585789000.0,31756000.0,5.681803,152.17,1416.403,29111550,MAITHANALL.NS,0.11137926570752829,-0.007773259633530671,-0.01034620662303132,0
2021-12-31,1129.3937096429795,1174.8697861984926,877.5563009857265,983.3280029296875,5530275,1596500000.0,181300000.0,22075681000.0,1847313000.0,16585789000.0,31756000.0,5.681803,152.17,1416.403,29111550,MAITHANALL.NS,0.11137926570752829,-0.007773259633530671,-0.01034620662303132,1
2022-03-31,987.9773835371509,1444.1904804149826,899.8342362188852,1285.9686279296875,10217346,1596500000.0,181300000.0,22075681000.0,1847313000.0,16585789000.0,31756000.0,5.681803,152.17,1416.403,29111550,MAITHANALL.NS,0.11137926570752829,-0.007773259633530671,-0.01034620662303132,0
2022-06-30,1285.96876104904,1545.7973051309516,753.0905865551658,770.8160400390625,5142399,1596500000.0,181300000.0,22075681000.0,1847313000.0,16585789000.0,31756000.0,5.681803,152.17,1416.403,29111550,MAITHANALL.NS,0.11137926570752829,-0.007773259633530671,-0.01034620662303132,1
2022-09-30,757.9336223035756,1061.5911533681178,752.6062933289178,945.9472045898438,3772978,1596500000.0,181300000.0,22075681000.0,1847313000.0,16585789000.0,31756000.0,5.681803,152.17,1416.403,29111550,MAITHANALL.NS,0.11137926570752829,-0.007773259633530671,-0.01034620662303132,1
2022-12-31,945.0702934159866,1001.4822042389809,890.022428482044,986.5753784179688,1756004,1596500000.0,181300000.0,22075681000.0,1847313000.0,16585789000.0,31756000.0,5.681803,152.17,1416.403,29111550,MAITHANALL.NS,0.11137926570752829,-0.007773259633530671,-0.01034620662303132,0
2023-03-31,986.5754152927973,1119.2751543069473,746.8490480158778,779.439453125,2532974,1596500000.0,181300000.0,22075681000.0,1847313000.0,16585789000.0,31756000.0,5.681803,152.17,1416.403,29111550,MAITHANALL.NS,0.11137926570752829,-0.007773259633530671,-0.01034620662303132,1
2023-06-30,787.1363822758584,1008.3023458962411,781.4853990927538,952.9620361328125,2011531,1596500000.0,181300000.0,22075681000.0,1847313000.0,16585789000.0,31756000.0,5.681803,152.17,1416.403,29111550,MAITHANALL.NS,0.11137926570752829,-0.007773259633530671,-0.01034620662303132,1
2023-09-30,952.9621434234851,1175.930423729958,943.2678537525155,1015.4144897460938,3782126,1596500000.0,181300000.0,22075681000.0,1847313000.0,16585789000.0,31756000.0,5.681803,152.17,1416.403,29111550,MAITHANALL.NS,0.11137926570752829,-0.007773259633530671,-0.01034620662303132,1
2023-12-31,1015.4144888157887,1308.5842610137493,962.9926875104532,1166.70263671875,5209267,1596500000.0,181300000.0,22075681000.0,1847313000.0,16585789000.0,31756000.0,5.681803,152.17,1416.403,29111550,MAITHANALL.NS,0.11137926570752829,-0.007773259633530671,-0.01034620662303132,0
2024-03-31,1184.6338353560996,1215.0091079243612,935.7529613701272,960.64111328125,4975821,1596500000.0,181300000.0,22075681000.0,1847313000.0,16585789000.0,31756000.0,5.681803,152.17,1416.403,29111550,MAITHANALL.NS,0.11137926570752829,-0.007773259633530671,-0.01034620662303132,1
2024-06-30,974.8978763998545,1331.610737586429,970.1946271424066,1166.26171875,6603981,1596500000.0,181300000.0,22075681000.0,1847313000.0,16585789000.0,31756000.0,5.681803,152.17,1416.403,29111550,MAITHANALL.NS,0.11137926570752829,-0.007773259633530671,-0.01034620662303132,0
2024-09-30,1180.714535536141,1262.8257636922401,964.8544568813708,1140.7620849609375,4429621,1596500000.0,181300000.0,46135100000.0,3734600000.0,37248700000.0,107600000.0,5.681803,152.17,1416.403,29111550,MAITHANALL.NS,0.1002612171699952,-0.007773259633530671,-0.01034620662303132,0
2024-12-31,1146.4753985702878,1221.340741663442,960.4445854581236,1102.4427490234375,3131825,5310900000.0,908300000.0,46135100000.0,3734600000.0,37248700000.0,107600000.0,5.681803,152.17,1416.403,29111550,MAITHANALL.NS,0.1002612171699952,-0.007773259633530671,-0.01034620662303132,0
2025-03-31,1103.3785244086703,1160.4140733539973,835.2490772781268,868.807373046875,2684134,4046500000.0,-610200000.0,48489400000.0,5799700000.0,37460800000.0,218000000.0,5.681803,152.17,1416.403,29111550,MAITHANALL.NS,0.15482050570196046,-0.012584193658820278,-0.016289027463375048,1
2025-06-30,862.0363704409884,1257.6107773701613,825.6116083076454,1226.1705322265625,4784685,6323100000.0,5361400000.0,48489400000.0,5799700000.0,37460800000.0,218000000.0,5.681803,152.17,1416.403,29111550,MAITHANALL.NS,0.15482050570196046,-0.012584193658820278,-0.016289027463375048,0
2025-09-30,1228.757413513909,1238.7068184670898,1024.7936167722125,1099.199951171875,2296292,4908200000.0,-1209500000.0,52622800000.0,4440300000.0,41233700000.0,1349600000.0,5.681803,152.17,1416.403,29111550,MAITHANALL.NS,0.10768618872427164,-0.02298433378687565,-0.02933280302277021,0
2025-12-31,1101.0,1188.800048828125,900.0,1020.0,1945241,4902800000.0,889000000.0,52622800000.0,4440300000.0,41233700000.0,1349600000.0,5.681803,152.17,1416.403,29111550,MAITHANALL.NS,0.10768618872427164,-0.02298433378687565,-0.02933280302277021,0
2026-03-31,1015.0,1153.9000244140625,855.0,864.5999755859375,11470655,4902800000.0,889000000.0,52622800000.0,4440300000.0,41233700000.0,1349600000.0,5.681803,152.17,1416.403,29111550,MAITHANALL.NS,0.10768618872427164,-0.02298433378687565,-0.02933280302277021,0
2016-03-31,259.7146911621094,272.67797047036447,246.7513620356298,252.58486938476562,594555,4902800000.0,889000000.0,52622800000.0,4440300000.0,41233700000.0,1349600000.0,5.681803,-19.53,80.577,15828248,MANGALAM.NS,0.10768618872427164,-0.02298433378687565,-0.02933280302277021,0
2016-06-30,241.56605697089645,255.87554878486785,133.62167554887571,153.11648559570312,6198995,4902800000.0,889000000.0,52622800000.0,4440300000.0,41233700000.0,1349600000.0,5.681803,-19.53,80.577,15828248,MANGALAM.NS,0.10768618872427164,-0.02298433378687565,-0.02933280302277021,1
2016-09-30,155.16069614566996,194.15030974949238,134.6188542938441,158.7505340576172,8014050,4902800000.0,889000000.0,52622800000.0,4440300000.0,41233700000.0,1349600000.0,5.681803,-19.53,80.577,15828248,MANGALAM.NS,0.10768618872427164,-0.02298433378687565,-0.02933280302277021,0
2016-12-31,164.53415651542386,177.29802265146122,122.25386612670114,132.72422790527344,4496615,4902800000.0,889000000.0,52622800000.0,4440300000.0,41233700000.0,1349600000.0,5.681803,-19.53,80.577,15828248,MANGALAM.NS,0.10768618872427164,-0.02298433378687565,-0.02933280302277021,1
2017-03-31,151.57086385651752,168.37329604931864,133.1230942424019,144.5906219482422,5442544,4902800000.0,889000000.0,52622800000.0,4440300000.0,41233700000.0,1349600000.0,5.681803,-19.53,80.577,15828248,MANGALAM.NS,0.10768618872427164,-0.02298433378687565,-0.02933280302277021,1
2017-06-30,145.98666104541294,214.2932702566936,144.5407643722227,158.50123596191406,9985542,4902800000.0,889000000.0,52622800000.0,4440300000.0,41233700000.0,1349600000.0,5.681803,-19.53,80.577,15828248,MANGALAM.NS,0.10768618872427164,-0.02298433378687565,-0.02933280302277021,0
2017-09-30,160.39587878513947,177.19829805751152,126.69130368934734,146.78440856933594,4683218,4902800000.0,889000000.0,52622800000.0,4440300000.0,41233700000.0,1349600000.0,5.681803,-19.53,80.577,15828248,MANGALAM.NS,0.10768618872427164,-0.02298433378687565,-0.02933280302277021,1
2017-12-31,154.46266574861087,225.6999969482422,144.59062244066945,217.89999389648438,11441795,4902800000.0,889000000.0,52622800000.0,4440300000.0,41233700000.0,1349600000.0,5.681803,-19.53,80.577,15828248,MANGALAM.NS,0.10768618872427164,-0.02298433378687565,-0.02933280302277021,0
2018-03-31,218.0,219.85000610351562,147.5,162.4499969482422,6207814,4902800000.0,889000000.0,52622800000.0,4440300000.0,41233700000.0,1349600000.0,5.681803,-19.53,80.577,15828248,MANGALAM.NS,0.10768618872427164,-0.02298433378687565,-0.02933280302277021,0
2018-06-30,163.0,182.0,83.0999984741211,93.3499984741211,3967489,4902800000.0,889000000.0,52622800000.0,4440300000.0,41233700000.0,1349600000.0,5.681803,-19.53,80.577,15828248,MANGALAM.NS,0.10768618872427164,-0.02298433378687565,-0.02933280302277021,0
2018-09-30,98.0,113.94999694824219,68.05000305175781,72.25,2919781,4902800000.0,889000000.0,52622800000.0,4440300000.0,41233700000.0,1349600000.0,5.681803,-19.53,80.577,15828248,MANGALAM.NS,0.10768618872427164,-0.02298433378687565,-0.02933280302277021,1
2018-12-31,73.0,87.25,64.8499984741211,73.19999694824219,1788696,4902800000.0,889000000.0,52622800000.0,4440300000.0,41233700000.0,1349600000.0,5.681803,-19.53,80.577,15828248,MANGALAM.NS,0.10768618872427164,-0.02298433378687565,-0.02933280302277021,0
2019-03-31,73.0999984741211,80.80000305175781,40.0,54.849998474121094,1532738,4902800000.0,889000000.0,52622800000.0,4440300000.0,41233700000.0,1349600000.0,5.681803,-19.53,80.577,15828248,MANGALAM.NS,0.10768618872427164,-0.02298433378687565,-0.02933280302277021,0
2019-06-30,56.900001525878906,59.70000076293945,28.700000762939453,30.0,556172,4902800000.0,889000000.0,52622800000.0,4440300000.0,41233700000.0,1349600000.0,5.681803,-19.53,80.577,15828248,MANGALAM.NS,0.10768618872427164,-0.02298433378687565,-0.02933280302277021,0
2019-09-30,29.549999237060547,39.849998474121094,25.0,29.850000381469727,770821,4902800000.0,889000000.0,52622800000.0,4440300000.0,41233700000.0,1349600000.0,5.681803,-19.53,80.577,15828248,MANGALAM.NS,0.10768618872427164,-0.02298433378687565,-0.02933280302277021,0
2019-12-31,30.950000762939453,39.54999923706055,24.149999618530273,27.5,728348,4902800000.0,889000000.0,52622800000.0,4440300000.0,41233700000.0,1349600000.0,5.681803,-19.53,80.577,15828248,MANGALAM.NS,0.10768618872427164,-0.02298433378687565,-0.02933280302277021,1
2020-03-31,27.149999618530273,38.45000076293945,20.649999618530273,30.450000762939453,1194241,4902800000.0,889000000.0,52622800000.0,4440300000.0,41233700000.0,1349600000.0,5.681803,-19.53,80.577,15828248,MANGALAM.NS,0.10768618872427164,-0.02298433378687565,-0.02933280302277021,1
2020-06-30,31.950000762939453,101.69999694824219,31.950000762939453,73.94999694824219,2681780,4902800000.0,889000000.0,52622800000.0,4440300000.0,41233700000.0,1349600000.0,5.681803,-19.53,80.577,15828248,MANGALAM.NS,0.10768618872427164,-0.02298433378687565,-0.02933280302277021,1
2020-09-30,74.5,170.75,61.0,132.1999969482422,5802872,4902800000.0,889000000.0,52622800000.0,4440300000.0,41233700000.0,1349600000.0,5.681803,-19.53,80.577,15828248,MANGALAM.NS,0.10768618872427164,-0.02298433378687565,-0.02933280302277021,1
2020-12-31,135.0,175.6999969482422,120.0,140.64999389648438,6509761,4902800000.0,889000000.0,52622800000.0,4440300000.0,41233700000.0,1349600000.0,5.681803,-19.53,80.577,15828248,MANGALAM.NS,0.10768618872427164,-0.02298433378687565,-0.02933280302277021,0
2021-03-31,142.0,146.89999389648438,96.0,100.1500015258789,5712896,4902800000.0,889000000.0,52622800000.0,4440300000.0,41233700000.0,1349600000.0,5.681803,-19.53,80.577,15828248,MANGALAM.NS,0.10768618872427164,-0.02298433378687565,-0.02933280302277021,1
2021-06-30,103.44999694824219,161.60000610351562,102.0,145.5,15761450,4902800000.0,889000000.0,52622800000.0,4440300000.0,41233700000.0,1349600000.0,5.681803,-19.53,80.577,15828248,MANGALAM.NS,0.10768618872427164,-0.02298433378687565,-0.02933280302277021,1
2021-09-30,147.0500030517578,196.9499969482422,132.5,149.8000030517578,14225943,4902800000.0,889000000.0,52622800000.0,4440300000.0,41233700000.0,1349600000.0,5.681803,-19.53,80.577,15828248,MANGALAM.NS,0.10768618872427164,-0.02298433378687565,-0.02933280302277021,0
2021-12-31,149.89999389648438,150.10000610351562,112.69999694824219,130.10000610351562,2363891,4902800000.0,889000000.0,52622800000.0,4440300000.0,41233700000.0,1349600000.0,5.681803,-19.53,80.577,15828248,MANGALAM.NS,0.10768618872427164,-0.02298433378687565,-0.02933280302277021,0
2022-03-31,127.25,156.75,95.5,102.4000015258789,2732170,4902800000.0,889000000.0,52622800000.0,4440300000.0,41233700000.0,1349600000.0,5.681803,-19.53,80.577,15828248,MANGALAM.NS,0.10768618872427164,-0.02298433378687565,-0.02933280302277021,1
2022-06-30,103.94999694824219,163.0,102.44999694824219,138.5500030517578,5944637,4902800000.0,889000000.0,52622800000.0,4440300000.0,41233700000.0,1349600000.0,5.681803,-19.53,80.577,15828248,MANGALAM.NS,0.10768618872427164,-0.02298433378687565,-0.02933280302277021,1
2022-09-30,137.64999389648438,173.0,135.8000030517578,145.3000030517578,3419813,4902800000.0,889000000.0,52622800000.0,4440300000.0,41233700000.0,1349600000.0,5.681803,-19.53,80.577,15828248,MANGALAM.NS,0.10768618872427164,-0.02298433378687565,-0.02933280302277021,0
2022-12-31,145.35000610351562,158.5,131.0,137.14999389648438,1736923,4902800000.0,889000000.0,52622800000.0,4440300000.0,41233700000.0,1349600000.0,5.681803,-19.53,80.577,15828248,MANGALAM.NS,0.10768618872427164,-0.02298433378687565,-0.02933280302277021,0
2023-03-31,135.35000610351562,138.8000030517578,95.25,98.0,2323175,4902800000.0,889000000.0,52622800000.0,4440300000.0,41233700000.0,1349600000.0,5.681803,-19.53,80.577,15828248,MANGALAM.NS,0.10768618872427164,-0.02298433378687565,-0.02933280302277021,1
2023-06-30,99.3499984741211,120.6500015258789,99.25,108.30000305175781,3139113,4902800000.0,889000000.0,52622800000.0,4440300000.0,41233700000.0,1349600000.0,5.681803,-19.53,80.577,15828248,MANGALAM.NS,0.10768618872427164,-0.02298433378687565,-0.02933280302277021,0
2023-09-30,109.80000305175781,114.6500015258789,99.0,103.9000015258789,3656586,4902800000.0,889000000.0,52622800000.0,4440300000.0,41233700000.0,1349600000.0,5.681803,-19.53,80.577,15828248,MANGALAM.NS,0.10768618872427164,-0.02298433378687565,-0.02933280302277021,0
2023-12-31,102.0999984741211,115.0,93.80000305175781,98.1500015258789,3732601,4902800000.0,889000000.0,52622800000.0,4440300000.0,41233700000.0,1349600000.0,5.681803,-19.53,80.577,15828248,MANGALAM.NS,0.10768618872427164,-0.02298433378687565,-0.02933280302277021,0
2024-03-31,99.5,132.4499969482422,90.80000305175781,92.0999984741211,9188634,4902800000.0,889000000.0,52622800000.0,4440300000.0,41233700000.0,1349600000.0,5.681803,-19.53,80.577,15828248,MANGALAM.NS,0.10768618872427164,-0.02298433378687565,-0.02933280302277021,1
2024-06-30,93.69999694824219,127.0,92.8499984741211,103.55000305175781,3810750,4902800000.0,889000000.0,52622800000.0,4440300000.0,41233700000.0,1349600000.0,5.681803,-19.53,80.577,15828248,MANGALAM.NS,0.10768618872427164,-0.02298433378687565,-0.02933280302277021,1
2024-09-30,103.9000015258789,144.99000549316406,102.22000122070312,127.69000244140625,7587437,4902800000.0,889000000.0,3641107000.0,830016000.0,1479686000.0,60785000.0,5.681803,-19.53,80.577,15828248,MANGALAM.NS,0.5609406319989512,-0.02298433378687565,-0.02933280302277021,0
2024-12-31,127.94000244140625,130.85000610351562,103.0,115.4800033569336,2654050,885529000.0,12868000.0,3641107000.0,830016000.0,1479686000.0,60785000.0,5.681803,-19.53,80.577,15828248,MANGALAM.NS,0.5609406319989512,-0.02298433378687565,-0.02933280302277021,0
2025-03-31,115.4800033569336,124.88999938964844,74.05000305175781,74.30000305175781,2556521,703913000.0,594000.0,3664217000.0,962302000.0,1489788000.0,25889000.0,5.681803,-19.53,80.577,15828248,MANGALAM.NS,0.6459321728997683,0.00016210830308357828,0.0003987144479617234,1
2025-06-30,75.58000183105469,86.01000213623047,70.0999984741211,80.70999908447266,1614338,572087000.0,-137983000.0,3664217000.0,962302000.0,1489788000.0,25889000.0,5.681803,-19.53,80.577,15828248,MANGALAM.NS,0.6459321728997683,0.00016210830308357828,0.0003987144479617234,0
2025-09-30,81.16000366210938,95.0,70.5,71.62999725341797,2677849,492605000.0,-73463000.0,3167223000.0,949210000.0,1275745000.0,33775000.0,5.681803,-19.53,80.577,15828248,MANGALAM.NS,0.7440436764400409,-0.02319476715090791,-0.05758439186514546,0
2025-12-31,72.30000305175781,73.9000015258789,22.799999237060547,27.510000228881836,8860716,583764000.0,-98355000.0,3167223000.0,949210000.0,1275745000.0,33775000.0,5.681803,-19.53,80.577,15828248,MANGALAM.NS,0.7440436764400409,-0.02319476715090791,-0.05758439186514546,1
2026-03-31,28.8799991607666,54.400001525878906,26.540000915527344,29.079999923706055,8501043,583764000.0,-98355000.0,3167223000.0,949210000.0,1275745000.0,33775000.0,5.681803,-19.53,80.577,15828248,MANGALAM.NS,0.7440436764400409,-0.02319476715090791,-0.05758439186514546,0
2016-03-31,85.04748852021696,85.63912547987357,77.35623213945087,80.49928283691406,720924,583764000.0,-98355000.0,3167223000.0,949210000.0,1275745000.0,33775000.0,19.961512,14.29,132.731,203485211,MOIL.NS,0.7440436764400409,-0.02319476715090791,-0.05758439186514546,1
2016-06-30,79.66729520837268,94.69852277157997,78.243673954996,88.0796127319336,13851326,583764000.0,-98355000.0,3167223000.0,949210000.0,1275745000.0,33775000.0,19.961512,14.29,132.731,203485211,MOIL.NS,0.7440436764400409,-0.02319476715090791,-0.05758439186514546,1
2016-09-30,88.20903189855096,105.0151513716961,86.93330812206825,91.82467651367188,13365056,583764000.0,-98355000.0,3167223000.0,949210000.0,1275745000.0,33775000.0,19.961512,14.29,132.731,203485211,MOIL.NS,0.7440436764400409,-0.02319476715090791,-0.05758439186514546,1
2016-12-31,95.75549332839381,146.80029068865505,93.5199565191706,134.15084838867188,58619546,583764000.0,-98355000.0,3167223000.0,949210000.0,1275745000.0,33775000.0,19.961512,14.29,132.731,203485211,MOIL.NS,0.7440436764400409,-0.02319476715090791,-0.05758439186514546,0
2017-03-31,135.99516239267413,159.8036181069719,115.59566664299265,118.52333068847656,68316412,583764000.0,-98355000.0,3167223000.0,949210000.0,1275745000.0,33775000.0,19.961512,14.29,132.731,203485211,MOIL.NS,0.7440436764400409,-0.02319476715090791,-0.05758439186514546,1
2017-06-30,117.46558000419101,133.14278747463132,111.06249587801629,120.5821533203125,32070640,583764000.0,-98355000.0,3167223000.0,949210000.0,1275745000.0,33775000.0,19.961512,14.29,132.731,203485211,MOIL.NS,0.7440436764400409,-0.02319476715090791,-0.05758439186514546,1
2017-09-30,122.22539676925592,163.19152974885915,120.1288319284658,146.44065856933594,36143823,583764000.0,-98355000.0,3167223000.0,949210000.0,1275745000.0,33775000.0,19.961512,14.29,132.731,203485211,MOIL.NS,0.7440436764400409,-0.02319476715090791,-0.05758439186514546,1
2017-12-31,152.58072849425227,219.39236424182576,147.2465130988532,186.12083435058594,66409185,583764000.0,-98355000.0,3167223000.0,949210000.0,1275745000.0,33775000.0,19.961512,14.29,132.731,203485211,MOIL.NS,0.7440436764400409,-0.02319476715090791,-0.05758439186514546,0
2018-03-31,191.109626974249,200.70350920821372,140.00899409759884,152.1397247314453,31405701,583764000.0,-98355000.0,3167223000.0,949210000.0,1275745000.0,33775000.0,19.961512,14.29,132.731,203485211,MOIL.NS,0.7440436764400409,-0.02319476715090791,-0.05758439186514546,0
2018-06-30,153.8893540333384,171.85222384763023,132.9327411047061,134.83787536621094,16448635,583764000.0,-98355000.0,3167223000.0,949210000.0,1275745000.0,33775000.0,19.961512,14.29,132.731,203485211,MOIL.NS,0.7440436764400409,-0.02319476715090791,-0.05758439186514546,0
2018-09-30,136.85964388921093,157.50394249856615,126.16868726229751,126.75991821289062,21930409,583764000.0,-98355000.0,3167223000.0,949210000.0,1275745000.0,33775000.0,19.961512,14.29,132.731,203485211,MOIL.NS,0.7440436764400409,-0.02319476715090791,-0.05758439186514546,1
2018-12-31,125.34101318553755,144.26034446971224,122.1877801494234,134.9188995361328,12934004,583764000.0,-98355000.0,3167223000.0,949210000.0,1275745000.0,33775000.0,19.961512,14.29,132.731,203485211,MOIL.NS,0.7440436764400409,-0.02319476715090791,-0.05758439186514546,0
2019-03-31,134.95833468015965,138.0492276843317,112.56941576038666,126.2336654663086,9512043,583764000.0,-98355000.0,3167223000.0,949210000.0,1275745000.0,33775000.0,19.961512,14.29,132.731,203485211,MOIL.NS,0.7440436764400409,-0.02319476715090791,-0.05758439186514546,0
2019-06-30,130.29277570109926,131.73956430537382,114.01620918530742,122.41572570800781,8220476,583764000.0,-98355000.0,3167223000.0,949210000.0,1275745000.0,33775000.0,19.961512,14.29,132.731,203485211,MOIL.NS,0.7440436764400409,-0.02319476715090791,-0.05758439186514546,0
2019-09-30,122.97837971012767,127.31877098503442,97.26451212628864,112.58306884765625,10735255,583764000.0,-98355000.0,3167223000.0,949210000.0,1275745000.0,33775000.0,19.961512,14.29,132.731,203485211,MOIL.NS,0.7440436764400409,-0.02319476715090791,-0.05758439186514546,1
2019-12-31,113.44782839583975,127.16039694266122,103.07075360488852,120.65413665771484,17174323,583764000.0,-98355000.0,3167223000.0,949210000.0,1275745000.0,33775000.0,19.961512,14.29,132.731,203485211,MOIL.NS,0.7440436764400409,-0.02319476715090791,-0.05758439186514546,0
2020-03-31,120.77767032758312,139.96697711283022,71.86668707963636,86.06361389160156,21170697,583764000.0,-98355000.0,3167223000.0,949210000.0,1275745000.0,33775000.0,19.961512,14.29,132.731,203485211,MOIL.NS,0.7440436764400409,-0.02319476715090791,-0.05758439186514546,1
2020-06-30,86.06361147018893,142.80930455452818,84.00547373948065,118.27971649169922,35117854,583764000.0,-98355000.0,3167223000.0,949210000.0,1275745000.0,33775000.0,19.961512,14.29,132.731,203485211,MOIL.NS,0.7440436764400409,-0.02319476715090791,-0.05758439186514546,1
2020-09-30,117.94366320607641,137.684944887554,114.37344491145694,120.26287078857422,33092557,583764000.0,-98355000.0,3167223000.0,949210000.0,1275745000.0,33775000.0,19.961512,14.29,132.731,203485211,MOIL.NS,0.7440436764400409,-0.02319476715090791,-0.05758439186514546,1
2020-12-31,121.7634941893743,127.76591275873294,103.41319880059008,122.66385650634766,26214926,583764000.0,-98355000.0,3167223000.0,949210000.0,1275745000.0,33775000.0,19.961512,14.29,132.731,203485211,MOIL.NS,0.7440436764400409,-0.02319476715090791,-0.05758439186514546,1
2021-03-31,126.90840835091468,155.31690117776682,114.47482519444814,131.4387969970703,51463506,583764000.0,-98355000.0,3167223000.0,949210000.0,1275745000.0,33775000.0,19.961512,14.29,132.731,203485211,MOIL.NS,0.7440436764400409,-0.02319476715090791,-0.05758439186514546,1
2021-06-30,135.06198311444874,181.55227398903534,129.256144188241,167.8452911376953,93648177,583764000.0,-98355000.0,3167223000.0,949210000.0,1275745000.0,33775000.0,19.961512,14.29,132.731,203485211,MOIL.NS,0.7440436764400409,-0.02319476715090791,-0.05758439186514546,0
2021-09-30,170.98827917873663,176.27027979167167,137.11366217253232,146.925048828125,35263033,583764000.0,-98355000.0,3167223000.0,949210000.0,1275745000.0,33775000.0,19.961512,14.29,132.731,203485211,MOIL.NS,0.7440436764400409,-0.02319476715090791,-0.05758439186514546,1
2021-12-31,146.38619791117068,165.0661519899995,138.75255846188284,151.86444091796875,36738087,583764000.0,-98355000.0,3167223000.0,949210000.0,1275745000.0,33775000.0,19.961512,14.29,132.731,203485211,MOIL.NS,0.7440436764400409,-0.02319476715090791,-0.05758439186514546,1
2022-03-31,150.87657063699095,178.69958862140172,148.2721497336073,168.5077362060547,29658625,583764000.0,-98355000.0,3167223000.0,949210000.0,1275745000.0,33775000.0,19.961512,14.29,132.731,203485211,MOIL.NS,0.7440436764400409,-0.02319476715090791,-0.05758439186514546,0
2022-06-30,169.0561804718988,180.4362709071054,125.50102018892704,128.06040954589844,17989806,583764000.0,-98355000.0,3167223000.0,949210000.0,1275745000.0,33775000.0,19.961512,14.29,132.731,203485211,MOIL.NS,0.7440436764400409,-0.02319476715090791,-0.05758439186514546,1
2022-09-30,129.4314876274194,163.25186269735363,128.60882153402827,139.087646484375,19345713,583764000.0,-98355000.0,3167223000.0,949210000.0,1275745000.0,33775000.0,19.961512,14.29,132.731,203485211,MOIL.NS,0.7440436764400409,-0.02319476715090791,-0.05758439186514546,1
2022-12-31,139.08765292238388,162.30770479131542,137.45899184788104,149.8833770751953,13781571,583764000.0,-98355000.0,3167223000.0,949210000.0,1275745000.0,33775000.0,19.961512,14.29,132.731,203485211,MOIL.NS,0.7440436764400409,-0.02319476715090791,-0.05758439186514546,0
2023-03-31,158.21280262034247,164.2620977429376,133.47571602880427,134.8507537841797,15677372,583764000.0,-98355000.0,3167223000.0,949210000.0,1275745000.0,33775000.0,19.961512,14.29,132.731,203485211,MOIL.NS,0.7440436764400409,-0.02319476715090791,-0.05758439186514546,1
2023-06-30,135.18267726154158,157.6577826136754,135.18267726154158,154.05419921875,10334630,583764000.0,-98355000.0,3167223000.0,949210000.0,1275745000.0,33775000.0,19.961512,14.29,132.731,203485211,MOIL.NS,0.7440436764400409,-0.02319476715090791,-0.05758439186514546,1
2023-09-30,155.7611567274075,237.07938549155517,155.47666968710215,211.21815490722656,71024545,583764000.0,-98355000.0,3167223000.0,949210000.0,1275745000.0,33775000.0,19.961512,14.29,132.731,203485211,MOIL.NS,0.7440436764400409,-0.02319476715090791,-0.05758439186514546,1
2023-12-31,212.12161624361707,313.73647255363585,196.90551007470788,293.8604431152344,195990709,583764000.0,-98355000.0,3167223000.0,949210000.0,1275745000.0,33775000.0,19.961512,14.29,132.731,203485211,MOIL.NS,0.7440436764400409,-0.02319476715090791,-0.05758439186514546,0
2024-03-31,294.8114675616153,351.5389150862335,249.35027163170142,267.6551818847656,164410287,583764000.0,-98355000.0,3167223000.0,949210000.0,1275745000.0,33775000.0,19.961512,14.29,132.731,203485211,MOIL.NS,0.7440436764400409,-0.02319476715090791,-0.05758439186514546,1
2024-06-30,272.8920040825433,543.8623687240937,272.8920040825433,475.01470947265625,295820550,583764000.0,-98355000.0,3167223000.0,949210000.0,1275745000.0,33775000.0,19.961512,14.29,132.731,203485211,MOIL.NS,0.7440436764400409,-0.02319476715090791,-0.05758439186514546,0
2024-09-30,461.2259787710872,565.0017870312278,355.1131068113399,394.4250183105469,124430304,583764000.0,-98355000.0,31106012000.0,0.0,26034862000.0,31661000.0,19.961512,14.29,132.731,203485211,MOIL.NS,0.0,-0.02319476715090791,-0.05758439186514546,0
2024-12-31,395.4404403161839,396.40752382368896,271.4603547148924,320.3464050292969,64462182,3668161000.0,636761000.0,31106012000.0,0.0,26034862000.0,31661000.0,19.961512,14.29,132.731,203485211,MOIL.NS,0.0,-0.02319476715090791,-0.05758439186514546,0
2025-03-31,321.8453864968043,358.78804072627315,273.1527457383538,316.5567932128906,76367720,4273437000.0,1156509000.0,32113542000.0,0.0,26378984000.0,28104000.0,19.961512,14.29,132.731,203485211,MOIL.NS,0.0,0.03601312493028642,0.043842060027785755,1
2025-06-30,317.0468073747663,397.50910338095173,268.58323080145755,380.3091735839844,62545085,3480598000.0,515058000.0,32113542000.0,0.0,26378984000.0,28104000.0,19.961512,14.29,132.731,203485211,MOIL.NS,0.0,0.03601312493028642,0.043842060027785755,0
2025-09-30,380.3091718881664,389.5706737467655,310.4804705505127,364.55755615234375,43484288,3480478000.0,704385000.0,33038595000.0,0.0,27021409000.0,6484000.0,19.961512,14.29,132.731,203485211,MOIL.NS,0.0,0.02132006521463761,0.026067663607031003,1
2025-12-31,366.2312213550816,398.6210131186603,305.4726477753063,364.6378479003906,63472782,3599134000.0,529224000.0,33038595000.0,0.0,27021409000.0,6484000.0,19.961512,14.29,132.731,203485211,MOIL.NS,0.0,0.02132006521463761,0.026067663607031003,0
2026-03-31,364.58840677172475,385.26653123329726,242.35000610351562,285.25,91797442,3599134000.0,529224000.0,33038595000.0,0.0,27021409000.0,6484000.0,19.961512,14.29,132.731,203485211,MOIL.NS,0.0,0.02132006521463761,0.026067663607031003,0
2016-03-31,21.668551417546198,22.5714111328125,20.793910420843954,22.289268493652344,5642332,3599134000.0,529224000.0,33038595000.0,0.0,27021409000.0,6484000.0,10.465291,33.42,108.064,1836631787,NATIONALUM.NS,0.0,0.02132006521463761,0.026067663607031003,1
2016-06-30,22.26105080153875,27.198542979526284,21.386408778598085,24.264257431030273,62635547,3599134000.0,529224000.0,33038595000.0,0.0,27021409000.0,6484000.0,10.465291,33.42,108.064,1836631787,NATIONALUM.NS,0.0,0.02132006521463761,0.026067663607031003,1
2016-09-30,24.207828071512832,28.976031181158625,23.86925577003011,26.244409561157227,61352244,3599134000.0,529224000.0,33038595000.0,0.0,27021409000.0,6484000.0,10.465291,33.42,108.064,1836631787,NATIONALUM.NS,0.0,0.02132006521463761,0.026067663607031003,1
2016-12-31,26.3878214922684,41.96237478722022,25.81416952440864,37.459232330322266,145983770,3599134000.0,529224000.0,33038595000.0,0.0,27021409000.0,6484000.0,10.465291,33.42,108.064,1836631787,NATIONALUM.NS,0.0,0.02132006521463761,0.026067663607031003,1
2017-03-31,37.17240856388474,46.50789657293581,36.42666885818441,45.6135139465332,134766706,3599134000.0,529224000.0,33038595000.0,0.0,27021409000.0,6484000.0,10.465291,33.42,108.064,1836631787,NATIONALUM.NS,0.0,0.02132006521463761,0.026067663607031003,0
2017-06-30,45.61351499848278,46.150148545383814,36.58025069493644,38.607513427734375,157956290,3599134000.0,529224000.0,33038595000.0,0.0,27021409000.0,6484000.0,10.465291,33.42,108.064,1836631787,NATIONALUM.NS,0.0,0.02132006521463761,0.026067663607031003,1
2017-09-30,38.279571339610285,50.920174189472654,37.057253256614786,46.59733581542969,281413937,3599134000.0,529224000.0,33038595000.0,0.0,27021409000.0,6484000.0,10.465291,33.42,108.064,1836631787,NATIONALUM.NS,0.0,0.02132006521463761,0.026067663607031003,1
2017-12-31,47.700409605211604,58.194497176692686,42.63223235299311,51.2779426574707,471706084,3599134000.0,529224000.0,33038595000.0,0.0,27021409000.0,6484000.0,10.465291,33.42,108.064,1836631787,NATIONALUM.NS,0.0,0.02132006521463761,0.026067663607031003,0
2018-03-31,51.069234783257436,53.54370180440203,38.60553294842791,42.26255416870117,476091568,3599134000.0,529224000.0,33038595000.0,0.0,27021409000.0,6484000.0,10.465291,33.42,108.064,1836631787,NATIONALUM.NS,0.0,0.02132006521463761,0.026067663607031003,0
2018-06-30,42.357962518630366,57.36770007319023,36.63391108170325,41.14954376220703,672526870,3599134000.0,529224000.0,33038595000.0,0.0,27021409000.0,6484000.0,10.465291,33.42,108.064,1836631787,NATIONALUM.NS,0.0,0.02132006521463761,0.026067663607031003,0
2018-09-30,41.24495282128342,50.592452505358054,35.96610495927039,39.08097839355469,700471039,3599134000.0,529224000.0,33038595000.0,0.0,27021409000.0,6484000.0,10.465291,33.42,108.064,1836631787,NATIONALUM.NS,0.0,0.02132006521463761,0.026067663607031003,1
2018-12-31,39.17771725930027,46.52959296369899,37.21077062966012,42.43446350097656,482707287,3599134000.0,529224000.0,33038595000.0,0.0,27021409000.0,6484000.0,10.465291,33.42,108.064,1836631787,NATIONALUM.NS,0.0,0.02132006521463761,0.026067663607031003,0
2019-03-31,42.49895721191892,42.531199294872046,29.794412677691913,37.15564727783203,813477111,3599134000.0,529224000.0,33038595000.0,0.0,27021409000.0,6484000.0,10.465291,33.42,108.064,1836631787,NATIONALUM.NS,0.0,0.02132006521463761,0.026067663607031003,0
2019-06-30,39.25681262251915,40.552534195970196,32.88326873867544,34.5992317199707,432328678,3599134000.0,529224000.0,33038595000.0,0.0,27021409000.0,6484000.0,10.465291,33.42,108.064,1836631787,NATIONALUM.NS,0.0,0.02132006521463761,0.026067663607031003,0
2019-09-30,34.9494236193898,36.0700331640956,25.84436307570629,33.493324279785156,455070818,3599134000.0,529224000.0,33038595000.0,0.0,27021409000.0,6484000.0,10.465291,33.42,108.064,1836631787,NATIONALUM.NS,0.0,0.02132006521463761,0.026067663607031003,0
2019-12-31,33.52937129286469,34.6109713797134,28.55404588737324,31.47435188293457,602193762,3599134000.0,529224000.0,33038595000.0,0.0,27021409000.0,6484000.0,10.465291,33.42,108.064,1836631787,NATIONALUM.NS,0.0,0.02132006521463761,0.026067663607031003,0
2020-03-31,31.51040467314312,35.15176193990176,18.275845282117636,21.796192169189453,626805141,3599134000.0,529224000.0,33038595000.0,0.0,27021409000.0,6484000.0,10.465291,33.42,108.064,1836631787,NATIONALUM.NS,0.0,0.02132006521463761,0.026067663607031003,1
2020-06-30,21.683834577624637,26.477498997747322,20.03601951721106,23.85596466064453,849972524,3599134000.0,529224000.0,33038595000.0,0.0,27021409000.0,6484000.0,10.465291,33.42,108.064,1836631787,NATIONALUM.NS,0.0,0.02132006521463761,0.026067663607031003,1
2020-09-30,23.85597085424915,29.99784421708572,22.432849701628452,24.15557289123535,972275600,3599134000.0,529224000.0,33038595000.0,0.0,27021409000.0,6484000.0,10.465291,33.42,108.064,1836631787,NATIONALUM.NS,0.0,0.02132006521463761,0.026067663607031003,1
2020-12-31,24.380275510577967,34.14091870585049,21.796191368011886,32.69940948486328,1052482658,3599134000.0,529224000.0,33038595000.0,0.0,27021409000.0,6484000.0,10.465291,33.42,108.064,1836631787,NATIONALUM.NS,0.0,0.02132006521463761,0.026067663607031003,1
2021-03-31,32.699411103693194,48.55597426449133,32.54767600713671,42.531471252441406,1699269851,3599134000.0,529224000.0,33038595000.0,0.0,27021409000.0,6484000.0,10.465291,33.42,108.064,1836631787,NATIONALUM.NS,0.0,0.02132006521463761,0.026067663607031003,1
2021-06-30,43.1216304148592,66.33492610841188,41.50850675702219,61.652915954589844,2463206848,3599134000.0,529224000.0,33038595000.0,0.0,27021409000.0,6484000.0,10.465291,33.42,108.064,1836631787,NATIONALUM.NS,0.0,0.02132006521463761,0.026067663607031003,1
2021-09-30,62.16439182810088,80.61699414034386,56.06598780705378,74.31452178955078,2517792326,3599134000.0,529224000.0,33038595000.0,0.0,27021409000.0,6484000.0,10.465291,33.42,108.064,1836631787,NATIONALUM.NS,0.0,0.02132006521463761,0.026067663607031003,1
2021-12-31,73.99625081167171,101.80452408170092,70.08040678171122,82.01762390136719,2104650170,3599134000.0,529224000.0,33038595000.0,0.0,27021409000.0,6484000.0,10.465291,33.42,108.064,1836631787,NATIONALUM.NS,0.0,0.02132006521463761,0.026067663607031003,1
2022-03-31,82.54544365410828,110.50408496883809,80.47472381103829,101.42726135253906,1700513093,3599134000.0,529224000.0,33038595000.0,0.0,27021409000.0,6484000.0,10.465291,33.42,108.064,1836631787,NATIONALUM.NS,0.0,0.02132006521463761,0.026067663607031003,0
2022-06-30,101.76035761361165,110.25426859902217,55.79332244371483,57.2922477722168,1046518751,3599134000.0,529224000.0,33038595000.0,0.0,27021409000.0,6484000.0,10.465291,33.42,108.064,1836631787,NATIONALUM.NS,0.0,0.02132006521463761,0.026067663607031003,1
2022-09-30,56.626056332874015,69.78328557356339,55.75168138239879,60.471580505371094,937127002,3599134000.0,529224000.0,33038595000.0,0.0,27021409000.0,6484000.0,10.465291,33.42,108.064,1836631787,NATIONALUM.NS,0.0,0.02132006521463761,0.026067663607031003,1
2022-12-31,60.1747372038033,69.97061354659705,57.71516162479622,68.18954467773438,753302552,3599134000.0,529224000.0,33038595000.0,0.0,27021409000.0,6484000.0,10.465291,33.42,108.064,1836631787,NATIONALUM.NS,0.0,0.02132006521463761,0.026067663607031003,1
2023-03-31,68.74083682295493,73.64618493372274,64.93397485572756,69.47505187988281,812371005,3599134000.0,529224000.0,33038595000.0,0.0,27021409000.0,6484000.0,10.465291,33.42,108.064,1836631787,NATIONALUM.NS,0.0,0.02132006521463761,0.026067663607031003,1
2023-06-30,69.82952640748746,77.09603913413778,69.0762861259261,72.70954132080078,406565322,3599134000.0,529224000.0,33038595000.0,0.0,27021409000.0,6484000.0,10.465291,33.42,108.064,1836631787,NATIONALUM.NS,0.0,0.02132006521463761,0.026067663607031003,1
2023-09-30,72.93109164330386,94.24326241511702,72.93109164330386,87.01113891601562,609304275,3599134000.0,529224000.0,33038595000.0,0.0,27021409000.0,6484000.0,10.465291,33.42,108.064,1836631787,NATIONALUM.NS,0.0,0.02132006521463761,0.026067663607031003,1
2023-12-31,87.01113465081157,122.78582362151494,79.31261584921843,119.3927001953125,1135907685,3599134000.0,529224000.0,33038595000.0,0.0,27021409000.0,6484000.0,10.465291,33.42,108.064,1836631787,NATIONALUM.NS,0.0,0.02132006521463761,0.026067663607031003,1
2024-03-31,120.07133730895673,156.1614695898211,110.25389346286298,139.76199340820312,1973092671,3599134000.0,529224000.0,33038595000.0,0.0,27021409000.0,6484000.0,10.465291,33.42,108.064,1836631787,NATIONALUM.NS,0.0,0.02132006521463761,0.026067663607031003,1
2024-06-30,140.9988203789497,189.00622163758948,134.81463858193632,171.42489624023438,1376197626,3599134000.0,529224000.0,33038595000.0,0.0,27021409000.0,6484000.0,10.465291,33.42,108.064,1836631787,NATIONALUM.NS,0.0,0.02132006521463761,0.026067663607031003,1
2024-09-30,172.4235171127491,198.87595365315968,149.48258865932374,194.800048828125,1024529384,3599134000.0,529224000.0,205250500000.0,908000000.0,156433000000.0,924100000.0,10.465291,33.42,108.064,1836631787,NATIONALUM.NS,0.005804401884512859,0.02132006521463761,0.026067663607031003,1
2024-12-31,198.69997074542417,243.61816239143226,185.2680076340558,199.30767822265625,1405127145,46622200000.0,15663200000.0,205250500000.0,908000000.0,156433000000.0,924100000.0,10.465291,33.42,108.064,1836631787,NATIONALUM.NS,0.005804401884512859,0.02132006521463761,0.026067663607031003,0
2025-03-31,198.7898741024744,205.4083650445458,166.8388218856702,168.78115844726562,643707499,51423900000.0,20672300000.0,228821600000.0,3111000000.0,178054400000.0,1214000000.0,10.465291,33.42,108.064,1836631787,NATIONALUM.NS,0.017472188275044032,0.09034243270740175,0.11610103429064376,1
2025-06-30,168.27154099499427,190.00259769604168,132.45372217846867,185.29100036621094,786797439,38069400000.0,10494800000.0,228821600000.0,3111000000.0,178054400000.0,1214000000.0,10.465291,33.42,108.064,1836631787,NATIONALUM.NS,0.017472188275044032,0.09034243270740175,0.11610103429064376,1
2025-09-30,185.96408395487282,212.72406456544078,173.01196979409715,208.08016967773438,464904489,42923400000.0,14299400000.0,250045900000.0,558800000.0,198363300000.0,953600000.0,10.465291,33.42,108.064,1836631787,NATIONALUM.NS,0.0028170533561399716,0.05718710044835768,0.0720869233371294,1
2025-12-31,208.98498140623153,315.8941884773235,204.50950572488284,310.4128112792969,770566522,47309500000.0,15951500000.0,250045900000.0,558800000.0,198363300000.0,953600000.0,10.465291,33.42,108.064,1836631787,NATIONALUM.NS,0.0028170533561399716,0.05718710044835768,0.0720869233371294,1
2026-03-31,311.59796942674194,426.1633315915388,308.2400258634841,349.75,961795076,47309500000.0,15951500000.0,250045900000.0,558800000.0,198363300000.0,953600000.0,10.465291,33.42,108.064,1836631787,NATIONALUM.NS,0.0028170533561399716,0.05718710044835768,0.0720869233371294,0
2016-03-31,13.782959220617366,14.242419575906236,13.36467067773863,13.71077823638916,43230990,47309500000.0,15951500000.0,250045900000.0,558800000.0,198363300000.0,953600000.0,9.565605,7.85,36.917,8791817550,NMDC.NS,0.0028170533561399716,0.05718710044835768,0.0720869233371294,0
2016-06-30,13.836692773041612,14.648147450442849,11.919983085500705,13.130169868469238,478003286,47309500000.0,15951500000.0,250045900000.0,558800000.0,198363300000.0,953600000.0,9.565605,7.85,36.917,8791817550,NMDC.NS,0.0028170533561399716,0.05718710044835768,0.0720869233371294,1
2016-09-30,13.319041217714863,16.327019155963097,13.130167644502457,14.802043914794922,667580723,47309500000.0,15951500000.0,250045900000.0,558800000.0,198363300000.0,953600000.0,9.565605,7.85,36.917,8791817550,NMDC.NS,0.0028170533561399716,0.05718710044835768,0.0720869233371294,1
2016-12-31,14.941949286166398,19.93659113489201,14.899977518508626,17.264387130737305,1095674137,47309500000.0,15951500000.0,250045900000.0,558800000.0,198363300000.0,953600000.0,9.565605,7.85,36.917,8791817550,NMDC.NS,0.0028170533561399716,0.05718710044835768,0.0720869233371294,1
2017-03-31,17.334342461108417,21.321659261530097,17.152465817391963,19.36483383178711,954800018,47309500000.0,15951500000.0,250045900000.0,558800000.0,198363300000.0,953600000.0,9.565605,7.85,36.917,8791817550,NMDC.NS,0.0028170533561399716,0.05718710044835768,0.0720869233371294,0
2017-06-30,19.37938157384684,20.004992756650335,14.956459817097734,15.749385833740234,579996835,47309500000.0,15951500000.0,250045900000.0,558800000.0,198363300000.0,953600000.0,9.565605,7.85,36.917,8791817550,NMDC.NS,0.0028170533561399716,0.05718710044835768,0.0720869233371294,1
2017-09-30,15.771209895920608,20.150487540148625,15.771209895920608,17.30059051513672,784386079,47309500000.0,15951500000.0,250045900000.0,558800000.0,198363300000.0,953600000.0,9.565605,7.85,36.917,8791817550,NMDC.NS,0.0028170533561399716,0.05718710044835768,0.0720869233371294,1
2017-12-31,17.440168800761565,20.70928518512605,17.205086506480328,20.2464656829834,678034958,47309500000.0,15951500000.0,250045900000.0,558800000.0,198363300000.0,953600000.0,9.565605,7.85,36.917,8791817550,NMDC.NS,0.0028170533561399716,0.05718710044835768,0.0720869233371294,0
2018-03-31,20.26115916415925,23.904935310161825,17.021431431550386,18.25414276123047,1339442239,47309500000.0,15951500000.0,250045900000.0,558800000.0,198363300000.0,953600000.0,9.565605,7.85,36.917,8791817550,NMDC.NS,0.0028170533561399716,0.05718710044835768,0.0720869233371294,0
2018-06-30,18.24644504230171,19.470573154389847,15.782791145077407,16.64506721496582,555657603,47309500000.0,15951500000.0,250045900000.0,558800000.0,198363300000.0,953600000.0,9.565605,7.85,36.917,8791817550,NMDC.NS,0.0028170533561399716,0.05718710044835768,0.0720869233371294,1
2018-09-30,16.783649561979907,19.154914881162505,14.396979693967328,17.430360794067383,929933465,47309500000.0,15951500000.0,250045900000.0,558800000.0,198363300000.0,953600000.0,9.565605,7.85,36.917,8791817550,NMDC.NS,0.0028170533561399716,0.05718710044835768,0.0720869233371294,0
2018-12-31,17.430356621293253,18.184854737663198,13.642490250742476,14.912810325622559,748508014,47309500000.0,15951500000.0,250045900000.0,558800000.0,198363300000.0,953600000.0,9.565605,7.85,36.917,8791817550,NMDC.NS,0.0028170533561399716,0.05718710044835768,0.0720869233371294,1
2019-03-31,14.92051145354851,18.23104203912282,13.742575161303222,16.625476837158203,1157098593,47309500000.0,15951500000.0,250045900000.0,558800000.0,198363300000.0,953600000.0,9.565605,7.85,36.917,8791817550,NMDC.NS,0.0028170533561399716,0.05718710044835768,0.0720869233371294,1
2019-06-30,17.422641082154797,18.803307956803064,14.792808631227121,18.564977645874023,967852582,47309500000.0,15951500000.0,250045900000.0,558800000.0,198363300000.0,953600000.0,9.565605,7.85,36.917,8791817550,NMDC.NS,0.0028170533561399716,0.05718710044835768,0.0720869233371294,0
2019-09-30,18.73755729528534,19.814151062771373,12.294468457543909,14.57913589477539,1445295932,47309500000.0,15951500000.0,250045900000.0,558800000.0,198363300000.0,953600000.0,9.565605,7.85,36.917,8791817550,NMDC.NS,0.0028170533561399716,0.05718710044835768,0.0720869233371294,1
2019-12-31,14.579134850086513,21.498885464578287,14.266842220828742,21.186594009399414,1529794969,47309500000.0,15951500000.0,250045900000.0,558800000.0,198363300000.0,953600000.0,9.565605,7.85,36.917,8791817550,NMDC.NS,0.0028170533561399716,0.05718710044835768,0.0720869233371294,0
2020-03-31,21.211249736962703,22.961729578050953,10.817322178250278,14.059881210327148,2392428371,47309500000.0,15951500000.0,250045900000.0,558800000.0,198363300000.0,953600000.0,9.565605,7.85,36.917,8791817550,NMDC.NS,0.0028170533561399716,0.05718710044835768,0.0720869233371294,1
2020-06-30,13.884135134099337,16.67853566734455,12.276035067623994,14.261993408203125,1453261660,47309500000.0,15951500000.0,250045900000.0,558800000.0,198363300000.0,953600000.0,9.565605,7.85,36.917,8791817550,NMDC.NS,0.0028170533561399716,0.05718710044835768,0.0720869233371294,1
2020-09-30,14.253204887295947,19.22688749446425,13.286589516790437,14.455316543579102,2331856056,47309500000.0,15951500000.0,250045900000.0,558800000.0,198363300000.0,953600000.0,9.565605,7.85,36.917,8791817550,NMDC.NS,0.0028170533561399716,0.05718710044835768,0.0720869233371294,1
2020-12-31,14.58712890708129,21.23041889160698,13.69959703451265,20.11441993713379,2395759727,47309500000.0,15951500000.0,250045900000.0,558800000.0,198363300000.0,953600000.0,9.565605,7.85,36.917,8791817550,NMDC.NS,0.0028170533561399716,0.05718710044835768,0.0720869233371294,1
2021-03-31,20.193506664643245,26.125790816416814,18.216333875247916,25.73599624633789,2963577233,47309500000.0,15951500000.0,250045900000.0,558800000.0,198363300000.0,953600000.0,9.565605,7.85,36.917,8791817550,NMDC.NS,0.0028170533561399716,0.05718710044835768,0.0720869233371294,1
2021-06-30,25.87860408632937,40.53871163167639,25.317675962687158,35.00551223754883,4355479239,47309500000.0,15951500000.0,250045900000.0,558800000.0,198363300000.0,953600000.0,9.565605,7.85,36.917,8791817550,NMDC.NS,0.0028170533561399716,0.05718710044835768,0.0720869233371294,0
2021-09-30,35.08157375416832,35.46186585874895,25.393737856261435,27.190595626831055,4398054200,47309500000.0,15951500000.0,250045900000.0,558800000.0,198363300000.0,953600000.0,9.565605,7.85,36.917,8791817550,NMDC.NS,0.0028170533561399716,0.05718710044835768,0.0720869233371294,1
2021-12-31,27.057496672003573,30.34698600585126,24.870840341381278,27.534385681152344,2912831172,47309500000.0,15951500000.0,250045900000.0,558800000.0,198363300000.0,953600000.0,9.565605,7.85,36.917,8791817550,NMDC.NS,0.0028170533561399716,0.05718710044835768,0.0720869233371294,1
2022-03-31,27.76159894153641,35.51671027346589,27.431100677754433,35.2995491027832,2487140213,47309500000.0,15951500000.0,250045900000.0,558800000.0,198363300000.0,953600000.0,9.565605,7.85,36.917,8791817550,NMDC.NS,0.0028170533561399716,0.05718710044835768,0.0720869233371294,0
2022-06-30,35.56013878813002,38.07921088213984,22.052716642278853,23.496835708618164,2016351948,47309500000.0,15951500000.0,250045900000.0,558800000.0,198363300000.0,953600000.0,9.565605,7.85,36.917,8791817550,NMDC.NS,0.0028170533561399716,0.05718710044835768,0.0720869233371294,1
2022-09-30,23.26882077019185,28.81728536967667,21.629248633399023,27.74233627319336,3348413074,47309500000.0,15951500000.0,250045900000.0,558800000.0,198363300000.0,953600000.0,9.565605,7.85,36.917,8791817550,NMDC.NS,0.0028170533561399716,0.05718710044835768,0.0720869233371294,1
2022-12-31,27.73147700656708,35.81011551429348,26.062983857137354,34.764774322509766,1888351441,47309500000.0,15951500000.0,250045900000.0,558800000.0,198363300000.0,953600000.0,9.565605,7.85,36.917,8791817550,NMDC.NS,0.0028170533561399716,0.05718710044835768,0.0720869233371294,0
2023-03-31,35.08968338904744,37.236872584698965,30.83676420231067,32.558834075927734,1495329651,47309500000.0,15951500000.0,250045900000.0,558800000.0,198363300000.0,953600000.0,9.565605,7.85,36.917,8791817550,NMDC.NS,0.0028170533561399716,0.05718710044835768,0.0720869233371294,0
2023-06-30,32.69018326590645,33.44906111064233,30.282200026626438,30.544883728027344,1271532573,47309500000.0,15951500000.0,250045900000.0,558800000.0,198363300000.0,953600000.0,9.565605,7.85,36.917,8791817550,NMDC.NS,0.0028170533561399716,0.05718710044835768,0.0720869233371294,1
2023-09-30,30.938922635887856,46.085036756712526,30.85136098024975,44.20279312133789,2480395107,47309500000.0,15951500000.0,250045900000.0,558800000.0,198363300000.0,953600000.0,9.565605,7.85,36.917,8791817550,NMDC.NS,0.0028170533561399716,0.05718710044835768,0.0720869233371294,1
2023-12-31,44.695764577290994,63.53311961622921,42.021780066971175,62.63681411743164,2744613393,47309500000.0,15951500000.0,250045900000.0,558800000.0,198363300000.0,953600000.0,9.565605,7.85,36.917,8791817550,NMDC.NS,0.0028170533561399716,0.05718710044835768,0.0720869233371294,0
2024-03-31,63.01027813391293,75.4091634845433,58.29730991150543,61.78871154785156,3684356013,47309500000.0,15951500000.0,250045900000.0,558800000.0,198363300000.0,953600000.0,9.565605,7.85,36.917,8791817550,NMDC.NS,0.0028170533561399716,0.05718710044835768,0.0720869233371294,1
2024-06-30,62.72280872460089,87.69862797251942,62.263413125505394,75.356201171875,2684916459,47309500000.0,15951500000.0,250045900000.0,558800000.0,198363300000.0,953600000.0,9.565605,7.85,36.917,8791817550,NMDC.NS,0.0028170533561399716,0.05718710044835768,0.0720869233371294,1
2024-09-30,75.03462407596787,78.21976390488346,62.753453158658644,75.52410888671875,2064037350,49189100000.0,12115700000.0,399203600000.0,41577300000.0,283687300000.0,902900000.0,9.565605,7.85,36.917,8791817550,NMDC.NS,0.14656031482551388,0.0303496762053248,0.04270793934025245,0
2024-12-31,75.47477951827071,76.62809377618318,60.64193835510296,60.984230041503906,2330345598,65678300000.0,18819600000.0,399203600000.0,41577300000.0,283687300000.0,902900000.0,9.565605,7.85,36.917,8791817550,NMDC.NS,0.14656031482551388,0.0303496762053248,0.04270793934025245,1
2025-03-31,61.31727857194124,67.46784415409063,55.22995531091679,65.93644714355469,1411639489,69998500000.0,14776800000.0,410068800000.0,42758200000.0,296957700000.0,848200000.0,9.565605,7.85,36.917,8791817550,NMDC.NS,0.1439875106791304,0.03603492877292786,0.049760622472493556,1
2025-06-30,65.09417211202347,71.94720179985424,56.97774305391566,66.99885559082031,1349576516,67388600000.0,19677400000.0,410068800000.0,42758200000.0,296957700000.0,848200000.0,9.565605,7.85,36.917,8791817550,NMDC.NS,0.1439875106791304,0.03603492877292786,0.049760622472493556,1
2025-09-30,66.8839976127991,76.13556202559882,64.12747864201258,74.09751892089844,1396645541,67388600000.0,19677400000.0,410068800000.0,42758200000.0,296957700000.0,848200000.0,9.565605,7.85,36.917,8791817550,NMDC.NS,0.1439875106791304,0.03603492877292786,0.049760622472493556,1
2025-12-31,74.3207390994782,82.14294945617237,70.10877049673599,80.71631622314453,1210741850,76107900000.0,17565900000.0,410068800000.0,42758200000.0,296957700000.0,848200000.0,9.565605,7.85,36.917,8791817550,NMDC.NS,0.1439875106791304,0.03603492877292786,0.049760622472493556,0
2026-03-31,80.71631467557225,84.16158147090952,73.80637151782881,75.08999633789062,1536176934,76107900000.0,17565900000.0,410068800000.0,42758200000.0,296957700000.0,848200000.0,9.565605,7.85,36.917,8791817550,NMDC.NS,0.1439875106791304,0.03603492877292786,0.049760622472493556,0
2016-03-31,1902.3992919921875,1979.1918390756443,1826.4051513671875,1826.4051513671875,6342,76107900000.0,17565900000.0,410068800000.0,42758200000.0,296957700000.0,848200000.0,9.565605,-44.69,-85.451,6000000,ORISSAMINE.NS,0.1439875106791304,0.03603492877292786,0.049760622472493556,1
2016-06-30,1824.2593840221514,2403.0725710448746,1737.686899577993,2177.135986328125,471714,76107900000.0,17565900000.0,410068800000.0,42758200000.0,296957700000.0,848200000.0,9.565605,-44.69,-85.451,6000000,ORISSAMINE.NS,0.1439875106791304,0.03603492877292786,0.049760622472493556,0
2016-09-30,2196.4962091369416,2430.017415096779,1898.4606335451642,1958.9615478515625,495588,76107900000.0,17565900000.0,410068800000.0,42758200000.0,296957700000.0,848200000.0,9.565605,-44.69,-85.451,6000000,ORISSAMINE.NS,0.1439875106791304,0.03603492877292786,0.049760622472493556,1
2016-12-31,1988.2378064748389,2691.8172095284394,1914.6973596683054,2104.093994140625,748990,76107900000.0,17565900000.0,410068800000.0,42758200000.0,296957700000.0,848200000.0,9.565605,-44.69,-85.451,6000000,ORISSAMINE.NS,0.1439875106791304,0.03603492877292786,0.049760622472493556,0
2017-03-31,2113.2863813669355,2497.974503048358,2044.3422139811357,2079.8134765625,582806,76107900000.0,17565900000.0,410068800000.0,42758200000.0,296957700000.0,848200000.0,9.565605,-44.69,-85.451,6000000,ORISSAMINE.NS,0.1439875106791304,0.03603492877292786,0.049760622472493556,0
2017-06-30,2093.3027033434073,2277.0037378528964,1858.792773265444,1879.725830078125,306740,76107900000.0,17565900000.0,410068800000.0,42758200000.0,296957700000.0,848200000.0,9.565605,-44.69,-85.451,6000000,ORISSAMINE.NS,0.1439875106791304,0.03603492877292786,0.049760622472493556,0
2017-09-30,1896.4622699433585,2108.2904424334433,1586.7133569361952,1730.8499755859375,492390,76107900000.0,17565900000.0,410068800000.0,42758200000.0,296957700000.0,848200000.0,9.565605,-44.69,-85.451,6000000,ORISSAMINE.NS,0.1439875106791304,0.03603492877292786,0.049760622472493556,1
2017-12-31,1732.0999755859375,2345.0,1696.949951171875,1974.550048828125,818863,76107900000.0,17565900000.0,410068800000.0,42758200000.0,296957700000.0,848200000.0,9.565605,-44.69,-85.451,6000000,ORISSAMINE.NS,0.1439875106791304,0.03603492877292786,0.049760622472493556,0
2018-03-31,1970.3499755859375,2185.0,1545.0,1561.199951171875,312436,76107900000.0,17565900000.0,410068800000.0,42758200000.0,296957700000.0,848200000.0,9.565605,-44.69,-85.451,6000000,ORISSAMINE.NS,0.1439875106791304,0.03603492877292786,0.049760622472493556,0
2018-06-30,1560.050048828125,1901.4000244140625,1168.0,1185.0,445272,76107900000.0,17565900000.0,410068800000.0,42758200000.0,296957700000.0,848200000.0,9.565605,-44.69,-85.451,6000000,ORISSAMINE.NS,0.1439875106791304,0.03603492877292786,0.049760622472493556,0
2018-09-30,1194.0,1205.3499755859375,780.0,787.0499877929688,458389,76107900000.0,17565900000.0,410068800000.0,42758200000.0,296957700000.0,848200000.0,9.565605,-44.69,-85.451,6000000,ORISSAMINE.NS,0.1439875106791304,0.03603492877292786,0.049760622472493556,1
2018-12-31,788.0499877929688,1098.699951171875,613.5,976.9000244140625,1354416,76107900000.0,17565900000.0,410068800000.0,42758200000.0,296957700000.0,848200000.0,9.565605,-44.69,-85.451,6000000,ORISSAMINE.NS,0.1439875106791304,0.03603492877292786,0.049760622472493556,0
2019-03-31,980.0,1017.7000122070312,694.5,871.9500122070312,1028980,76107900000.0,17565900000.0,410068800000.0,42758200000.0,296957700000.0,848200000.0,9.565605,-44.69,-85.451,6000000,ORISSAMINE.NS,0.1439875106791304,0.03603492877292786,0.049760622472493556,0
2019-06-30,875.0,1014.0,682.0,737.7000122070312,743236,76107900000.0,17565900000.0,410068800000.0,42758200000.0,296957700000.0,848200000.0,9.565605,-44.69,-85.451,6000000,ORISSAMINE.NS,0.1439875106791304,0.03603492877292786,0.049760622472493556,1
2019-09-30,740.0499877929688,949.0,521.3499755859375,820.1500244140625,762798,76107900000.0,17565900000.0,410068800000.0,42758200000.0,296957700000.0,848200000.0,9.565605,-44.69,-85.451,6000000,ORISSAMINE.NS,0.1439875106791304,0.03603492877292786,0.049760622472493556,1
2019-12-31,821.0,1528.9000244140625,767.8499755859375,1281.5,2070851,76107900000.0,17565900000.0,410068800000.0,42758200000.0,296957700000.0,848200000.0,9.565605,-44.69,-85.451,6000000,ORISSAMINE.NS,0.1439875106791304,0.03603492877292786,0.049760622472493556,0
2020-03-31,1270.0,2647.35009765625,862.5999755859375,936.5999755859375,3082600,76107900000.0,17565900000.0,410068800000.0,42758200000.0,296957700000.0,848200000.0,9.565605,-44.69,-85.451,6000000,ORISSAMINE.NS,0.1439875106791304,0.03603492877292786,0.049760622472493556,1
2020-06-30,983.4000244140625,1820.0,961.2000122070312,1599.199951171875,617339,76107900000.0,17565900000.0,410068800000.0,42758200000.0,296957700000.0,848200000.0,9.565605,-44.69,-85.451,6000000,ORISSAMINE.NS,0.1439875106791304,0.03603492877292786,0.049760622472493556,1
2020-09-30,1606.0,3140.0,1573.699951171875,2218.60009765625,1781375,76107900000.0,17565900000.0,410068800000.0,42758200000.0,296957700000.0,848200000.0,9.565605,-44.69,-85.451,6000000,ORISSAMINE.NS,0.1439875106791304,0.03603492877292786,0.049760622472493556,1
2020-12-31,2285.0,2785.60009765625,2000.0,2534.39990234375,1062504,76107900000.0,17565900000.0,410068800000.0,42758200000.0,296957700000.0,848200000.0,9.565605,-44.69,-85.451,6000000,ORISSAMINE.NS,0.1439875106791304,0.03603492877292786,0.049760622472493556,0
2021-03-31,2551.0,2755.0,2223.5,2466.0,798964,76107900000.0,17565900000.0,410068800000.0,42758200000.0,296957700000.0,848200000.0,9.565605,-44.69,-85.451,6000000,ORISSAMINE.NS,0.1439875106791304,0.03603492877292786,0.049760622472493556,1
2021-06-30,2470.0,3802.0,2203.949951171875,3315.75,2274882,76107900000.0,17565900000.0,410068800000.0,42758200000.0,296957700000.0,848200000.0,9.565605,-44.69,-85.451,6000000,ORISSAMINE.NS,0.1439875106791304,0.03603492877292786,0.049760622472493556,0
2021-09-30,3330.0,3451.0,2651.0,2863.949951171875,1561178,76107900000.0,17565900000.0,410068800000.0,42758200000.0,296957700000.0,848200000.0,9.565605,-44.69,-85.451,6000000,ORISSAMINE.NS,0.1439875106791304,0.03603492877292786,0.049760622472493556,0
2021-12-31,2850.0,3017.0,2200.0,2296.800048828125,683306,76107900000.0,17565900000.0,410068800000.0,42758200000.0,296957700000.0,848200000.0,9.565605,-44.69,-85.451,6000000,ORISSAMINE.NS,0.1439875106791304,0.03603492877292786,0.049760622472493556,1
2022-03-31,2308.300048828125,3125.949951171875,2282.449951171875,2849.449951171875,1683100,76107900000.0,17565900000.0,410068800000.0,42758200000.0,296957700000.0,848200000.0,9.565605,-44.69,-85.451,6000000,ORISSAMINE.NS,0.1439875106791304,0.03603492877292786,0.049760622472493556,0
2022-06-30,2859.89990234375,3674.800048828125,2250.0,2356.10009765625,1178491,76107900000.0,17565900000.0,410068800000.0,42758200000.0,296957700000.0,848200000.0,9.565605,-44.69,-85.451,6000000,ORISSAMINE.NS,0.1439875106791304,0.03603492877292786,0.049760622472493556,1
2022-09-30,2339.949951171875,3367.85009765625,2315.0,2877.0,179163,76107900000.0,17565900000.0,410068800000.0,42758200000.0,296957700000.0,848200000.0,9.565605,-44.69,-85.451,6000000,ORISSAMINE.NS,0.1439875106791304,0.03603492877292786,0.049760622472493556,1
2022-12-31,2843.0,3149.35009765625,2460.0,2918.449951171875,235750,76107900000.0,17565900000.0,410068800000.0,42758200000.0,296957700000.0,848200000.0,9.565605,-44.69,-85.451,6000000,ORISSAMINE.NS,0.1439875106791304,0.03603492877292786,0.049760622472493556,0
2023-03-31,2925.0,3299.0,2295.0,2369.25,290338,76107900000.0,17565900000.0,410068800000.0,42758200000.0,296957700000.0,848200000.0,9.565605,-44.69,-85.451,6000000,ORISSAMINE.NS,0.1439875106791304,0.03603492877292786,0.049760622472493556,1
2023-06-30,2499.949951171875,3619.949951171875,2403.0,3397.699951171875,1248826,76107900000.0,17565900000.0,410068800000.0,42758200000.0,296957700000.0,848200000.0,9.565605,-44.69,-85.451,6000000,ORISSAMINE.NS,0.1439875106791304,0.03603492877292786,0.049760622472493556,1
2023-09-30,3350.050048828125,5400.0,3350.050048828125,5326.9501953125,2575880,76107900000.0,17565900000.0,410068800000.0,42758200000.0,296957700000.0,848200000.0,9.565605,-44.69,-85.451,6000000,ORISSAMINE.NS,0.1439875106791304,0.03603492877292786,0.049760622472493556,1
2023-12-31,5298.9501953125,8344.0,5262.14990234375,7093.9501953125,3048198,76107900000.0,17565900000.0,410068800000.0,42758200000.0,296957700000.0,848200000.0,9.565605,-44.69,-85.451,6000000,ORISSAMINE.NS,0.1439875106791304,0.03603492877292786,0.049760622472493556,0
2024-03-31,7125.0,7599.0,5564.39990234375,5913.14990234375,966198,76107900000.0,17565900000.0,410068800000.0,42758200000.0,296957700000.0,848200000.0,9.565605,-44.69,-85.451,6000000,ORISSAMINE.NS,0.1439875106791304,0.03603492877292786,0.049760622472493556,1
2024-06-30,5944.9501953125,8500.0,4734.0498046875,7106.14990234375,1603817,76107900000.0,17565900000.0,410068800000.0,42758200000.0,296957700000.0,848200000.0,9.565605,-44.69,-85.451,6000000,ORISSAMINE.NS,0.1439875106791304,0.03603492877292786,0.049760622472493556,1
2024-09-30,7170.0,9624.0,6636.7001953125,9234.2998046875,2849129,76107900000.0,17565900000.0,3505170000.0,87700000.0,-120260000.0,39532000.0,9.565605,-44.69,-85.451,6000000,ORISSAMINE.NS,-0.7292532845501414,0.03603492877292786,0.049760622472493556,0
2024-12-31,9248.7998046875,9721.0498046875,7000.0,7103.4501953125,764790,206192000.0,-74933000.0,3505170000.0,87700000.0,-120260000.0,39532000.0,9.565605,-44.69,-85.451,6000000,ORISSAMINE.NS,-0.7292532845501414,0.03603492877292786,0.049760622472493556,0
2025-03-31,7125.0,7364.0,4860.0,4991.7998046875,456925,67193000.0,-314584000.0,5376753000.0,1859504000.0,-515781000.0,624459000.0,9.565605,-44.69,-85.451,6000000,ORISSAMINE.NS,-3.6052200449415546,-0.05850817398530302,0.609917775179776,0
2025-06-30,4975.0,5940.0,4310.0,4944.5,1007491,193703000.0,-27861000.0,5376753000.0,1859504000.0,-515781000.0,624459000.0,9.565605,-44.69,-85.451,6000000,ORISSAMINE.NS,-3.6052200449415546,-0.05850817398530302,0.609917775179776,0
2025-09-30,4936.0,5420.0,4601.5,4668.2998046875,1040489,251275000.0,31411000.0,5001978000.0,1453685000.0,-512231000.0,62849000.0,9.565605,-44.69,-85.451,6000000,ORISSAMINE.NS,-2.837948113253591,0.006279715744451495,-0.06132194263916085,1
2025-12-31,4700.0,6138.89990234375,4489.89990234375,5008.5,1614918,206057000.0,43441000.0,5001978000.0,1453685000.0,-512231000.0,62849000.0,9.565605,-44.69,-85.451,6000000,ORISSAMINE.NS,-2.837948113253591,0.006279715744451495,-0.06132194263916085,0
2026-03-31,5032.0,5229.0,3262.5,3291.300048828125,630234,206057000.0,43441000.0,5001978000.0,1453685000.0,-512231000.0,62849000.0,9.565605,-44.69,-85.451,6000000,ORISSAMINE.NS,-2.837948113253591,0.006279715744451495,-0.06132194263916085,0
2016-03-31,278.65275391408744,296.24727216332093,268.3474623372018,291.4088134765625,31028,206057000.0,43441000.0,5001978000.0,1453685000.0,-512231000.0,62849000.0,25.970991,83.42,552.218,70092000,RATNAMANI.NS,-2.837948113253591,0.006279715744451495,-0.06132194263916085,1
2016-06-30,289.0209509310275,383.30866695739917,279.6267668184288,313.621826171875,372580,206057000.0,43441000.0,5001978000.0,1453685000.0,-512231000.0,62849000.0,25.970991,83.42,552.218,70092000,RATNAMANI.NS,-2.837948113253591,0.006279715744451495,-0.06132194263916085,1
2016-09-30,319.7799415075469,383.18293550605125,307.90358898968424,341.2703552246094,1415837,206057000.0,43441000.0,5001978000.0,1453685000.0,-512231000.0,62849000.0,25.970991,83.42,552.218,70092000,RATNAMANI.NS,-2.837948113253591,0.006279715744451495,-0.06132194263916085,1
2016-12-31,354.3719440814013,508.95211810991543,341.270336439246,426.9492492675781,4886201,206057000.0,43441000.0,5001978000.0,1453685000.0,-512231000.0,62849000.0,25.970991,83.42,552.218,70092000,RATNAMANI.NS,-2.837948113253591,0.006279715744451495,-0.06132194263916085,1
2017-03-31,426.0380589794977,489.1583052820404,409.7003067165304,475.61688232421875,1752250,206057000.0,43441000.0,5001978000.0,1453685000.0,-512231000.0,62849000.0,25.970991,83.42,552.218,70092000,RATNAMANI.NS,-2.837948113253591,0.006279715744451495,-0.06132194263916085,1
2017-06-30,470.1185784001733,548.5711380468265,440.490681553536,515.8014526367188,946583,206057000.0,43441000.0,5001978000.0,1453685000.0,-512231000.0,62849000.0,25.970991,83.42,552.218,70092000,RATNAMANI.NS,-2.837948113253591,0.006279715744451495,-0.06132194263916085,1
2017-09-30,526.1696655098189,602.548397833683,497.98704542336554,553.3043212890625,2279798,206057000.0,43441000.0,5001978000.0,1453685000.0,-512231000.0,62849000.0,25.970991,83.42,552.218,70092000,RATNAMANI.NS,-2.837948113253591,0.006279715744451495,-0.06132194263916085,1
2017-12-31,553.3043501880579,707.5567828522226,540.9742695360023,693.2981567382812,1383341,206057000.0,43441000.0,5001978000.0,1453685000.0,-512231000.0,62849000.0,25.970991,83.42,552.218,70092000,RATNAMANI.NS,-2.837948113253591,0.006279715744451495,-0.06132194263916085,0
2018-03-31,694.2783170995932,711.3506669922025,535.0304890833178,538.2236938476562,1639631,206057000.0,43441000.0,5001978000.0,1453685000.0,-512231000.0,62849000.0,25.970991,83.42,552.218,70092000,RATNAMANI.NS,-2.837948113253591,0.006279715744451495,-0.06132194263916085,1
2018-06-30,548.9413901746788,672.0840649679415,540.721318902659,587.4175415039062,606165,206057000.0,43441000.0,5001978000.0,1453685000.0,-512231000.0,62849000.0,25.970991,83.42,552.218,70092000,RATNAMANI.NS,-2.837948113253591,0.006279715744451495,-0.06132194263916085,0
2018-09-30,585.4573716123626,592.0929719711082,522.3211305981139,548.7954711914062,660486,206057000.0,43441000.0,5001978000.0,1453685000.0,-512231000.0,62849000.0,25.970991,83.42,552.218,70092000,RATNAMANI.NS,-2.837948113253591,0.006279715744451495,-0.06132194263916085,1
2018-12-31,545.2935110892117,615.7791985119358,479.6150339454561,600.5614013671875,468907,206057000.0,43441000.0,5001978000.0,1453685000.0,-512231000.0,62849000.0,25.970991,83.42,552.218,70092000,RATNAMANI.NS,-2.837948113253591,0.006279715744451495,-0.06132194263916085,0
2019-03-31,599.0969131247259,606.1327832339307,523.6129201227649,570.5079345703125,970141,206057000.0,43441000.0,5001978000.0,1453685000.0,-512231000.0,62849000.0,25.970991,83.42,552.218,70092000,RATNAMANI.NS,-2.837948113253591,0.006279715744451495,-0.06132194263916085,1
2019-06-30,578.7853780753676,641.6303970988323,528.6748992759079,632.6843872070312,4458501,206057000.0,43441000.0,5001978000.0,1453685000.0,-512231000.0,62849000.0,25.970991,83.42,552.218,70092000,RATNAMANI.NS,-2.837948113253591,0.006279715744451495,-0.06132194263916085,0
2019-09-30,642.4582048560379,659.0130709306852,565.8241204470588,609.6754150390625,1456225,206057000.0,43441000.0,5001978000.0,1453685000.0,-512231000.0,62849000.0,25.970991,83.42,552.218,70092000,RATNAMANI.NS,-2.837948113253591,0.006279715744451495,-0.06132194263916085,1
2019-12-31,605.1745807501875,710.4950329316699,573.5398632269957,703.35791015625,2231256,206057000.0,43441000.0,5001978000.0,1453685000.0,-512231000.0,62849000.0,25.970991,83.42,552.218,70092000,RATNAMANI.NS,-2.837948113253591,0.006279715744451495,-0.06132194263916085,0
2020-03-31,705.9941570955034,893.74489734758,466.8156422356291,589.0535888671875,2442998,206057000.0,43441000.0,5001978000.0,1453685000.0,-512231000.0,62849000.0,25.970991,83.42,552.218,70092000,RATNAMANI.NS,-2.837948113253591,0.006279715744451495,-0.06132194263916085,1
2020-06-30,589.0536269527686,726.417269652672,512.9713389104006,677.89208984375,1762016,206057000.0,43441000.0,5001978000.0,1453685000.0,-512231000.0,62849000.0,25.970991,83.42,552.218,70092000,RATNAMANI.NS,-2.837948113253591,0.006279715744451495,-0.06132194263916085,1
2020-09-30,687.4672572932686,840.6704727954477,652.4122094311034,801.850341796875,1515802,206057000.0,43441000.0,5001978000.0,1453685000.0,-512231000.0,62849000.0,25.970991,83.42,552.218,70092000,RATNAMANI.NS,-2.837948113253591,0.006279715744451495,-0.06132194263916085,1
2020-12-31,808.2121963207272,1166.616916657307,775.6564258034684,1023.28125,2360795,206057000.0,43441000.0,5001978000.0,1453685000.0,-512231000.0,62849000.0,25.970991,83.42,552.218,70092000,RATNAMANI.NS,-2.837948113253591,0.006279715744451495,-0.06132194263916085,1
2021-03-31,1028.3446781453604,1361.9512658559415,942.0703421024498,1234.5848388671875,3827857,206057000.0,43441000.0,5001978000.0,1453685000.0,-512231000.0,62849000.0,25.970991,83.42,552.218,70092000,RATNAMANI.NS,-2.837948113253591,0.006279715744451495,-0.06132194263916085,1
2021-06-30,1232.507222873618,1393.7604046635447,1137.5019383940614,1331.278076171875,3841229,206057000.0,43441000.0,5001978000.0,1453685000.0,-512231000.0,62849000.0,25.970991,83.42,552.218,70092000,RATNAMANI.NS,-2.837948113253591,0.006279715744451495,-0.06132194263916085,1
2021-09-30,1334.0369500485972,1459.5533439345331,1297.5538407214124,1428.5992431640625,3364726,206057000.0,43441000.0,5001978000.0,1453685000.0,-512231000.0,62849000.0,25.970991,83.42,552.218,70092000,RATNAMANI.NS,-2.837948113253591,0.006279715744451495,-0.06132194263916085,0
2021-12-31,1457.0557153452019,1506.3234102926865,1212.481537019186,1270.53759765625,2995229,206057000.0,43441000.0,5001978000.0,1453685000.0,-512231000.0,62849000.0,25.970991,83.42,552.218,70092000,RATNAMANI.NS,-2.837948113253591,0.006279715744451495,-0.06132194263916085,1
2022-03-31,1267.6299418323918,1715.939694470121,1216.2060991211172,1694.540283203125,2465401,206057000.0,43441000.0,5001978000.0,1453685000.0,-512231000.0,62849000.0,25.970991,83.42,552.218,70092000,RATNAMANI.NS,-2.837948113253591,0.006279715744451495,-0.06132194263916085,0
2022-06-30,1698.8201750432922,1875.6675360554668,1380.1485707967204,1621.5208740234375,3205389,206057000.0,43441000.0,5001978000.0,1453685000.0,-512231000.0,62849000.0,25.970991,83.42,552.218,70092000,RATNAMANI.NS,-2.837948113253591,0.006279715744451495,-0.06132194263916085,1
2022-09-30,1601.5752754860619,2069.6326126790564,1522.6751158678853,1861.3387451171875,2263833,206057000.0,43441000.0,5001978000.0,1453685000.0,-512231000.0,62849000.0,25.970991,83.42,552.218,70092000,RATNAMANI.NS,-2.837948113253591,0.006279715744451495,-0.06132194263916085,1
2022-12-31,1870.652079086344,2109.6456063790447,1804.522417608566,1927.76416015625,1234955,206057000.0,43441000.0,5001978000.0,1453685000.0,-512231000.0,62849000.0,25.970991,83.42,552.218,70092000,RATNAMANI.NS,-2.837948113253591,0.006279715744451495,-0.06132194263916085,1
2023-03-31,1930.6714363227013,2401.759387173905,1859.1213302527678,1953.19091796875,2515598,206057000.0,43441000.0,5001978000.0,1453685000.0,-512231000.0,62849000.0,25.970991,83.42,552.218,70092000,RATNAMANI.NS,-2.837948113253591,0.006279715744451495,-0.06132194263916085,1
2023-06-30,1952.3533653561678,2491.4435302326974,1895.6848552562287,2239.34228515625,2782051,206057000.0,43441000.0,5001978000.0,1453685000.0,-512231000.0,62849000.0,25.970991,83.42,552.218,70092000,RATNAMANI.NS,-2.837948113253591,0.006279715744451495,-0.06132194263916085,1
2023-09-30,2252.9920858401756,2776.101353576325,2234.4145744429006,2575.24072265625,1805065,206057000.0,43441000.0,5001978000.0,1453685000.0,-512231000.0,62849000.0,25.970991,83.42,552.218,70092000,RATNAMANI.NS,-2.837948113253591,0.006279715744451495,-0.06132194263916085,1
2023-12-31,2592.2224689575414,3900.1666702651582,2500.4813551851403,3330.26171875,4346428,206057000.0,43441000.0,5001978000.0,1453685000.0,-512231000.0,62849000.0,25.970991,83.42,552.218,70092000,RATNAMANI.NS,-2.837948113253591,0.006279715744451495,-0.06132194263916085,0
2024-03-31,3337.836798273737,3762.381401601921,2556.1796585727147,2766.793212890625,4430303,206057000.0,43441000.0,5001978000.0,1453685000.0,-512231000.0,62849000.0,25.970991,83.42,552.218,70092000,RATNAMANI.NS,-2.837948113253591,0.006279715744451495,-0.06132194263916085,1
2024-06-30,2791.746078352328,3702.376092661825,2766.7932985780685,3573.2548828125,3090010,206057000.0,43441000.0,5001978000.0,1453685000.0,-512231000.0,62849000.0,25.970991,83.42,552.218,70092000,RATNAMANI.NS,-2.837948113253591,0.006279715744451495,-0.06132194263916085,1
2024-09-30,3573.254792377924,3955.2967699554965,3371.602473100115,3646.259765625,3205095,206057000.0,43441000.0,43169256000.0,2652700000.0,32929273000.0,579974000.0,25.970991,83.42,552.218,70092000,RATNAMANI.NS,0.08055750274231685,0.006279715744451495,-0.06132194263916085,0
2024-12-31,3663.508572073036,3747.6648745191437,3088.879671502263,3159.714111328125,2176673,13163026000.0,1313142000.0,43169256000.0,2652700000.0,32929273000.0,579974000.0,25.970991,83.42,552.218,70092000,RATNAMANI.NS,0.08055750274231685,0.006279715744451495,-0.06132194263916085,0
2025-03-31,3147.535364008481,3213.100684150019,2329.3850841615085,2575.789306640625,2023384,16748784000.0,2071350000.0,49059659000.0,1573971000.0,36370393000.0,2236984000.0,25.970991,83.42,552.218,70092000,RATNAMANI.NS,0.04327616146462866,0.04222104356656861,0.05695154297617845,1
2025-06-30,2585.7311230414366,2951.187344289927,2427.807689384929,2913.707275390625,1405501,11516204000.0,1318240000.0,49059659000.0,1573971000.0,36370393000.0,2236984000.0,25.970991,83.42,552.218,70092000,RATNAMANI.NS,0.04327616146462866,0.04222104356656861,0.05695154297617845,0
2025-09-30,2932.795310521838,3032.211882298693,2242.842816244154,2410.5,2538815,11916854000.0,1362236000.0,49777192000.0,2411175000.0,38715968000.0,286197000.0,25.970991,83.42,552.218,70092000,RATNAMANI.NS,0.06227856681770168,0.027366670261351825,0.035185378808041165,0
2025-12-31,2404.0,2771.89990234375,2270.0,2380.5,2037718,10658334000.0,1098523000.0,49777192000.0,2411175000.0,38715968000.0,286197000.0,25.970991,83.42,552.218,70092000,RATNAMANI.NS,0.06227856681770168,0.027366670261351825,0.035185378808041165,0
2026-03-31,2392.89990234375,2582.0,1936.5,2166.5,4593771,10658334000.0,1098523000.0,49777192000.0,2411175000.0,38715968000.0,286197000.0,25.970991,83.42,552.218,70092000,RATNAMANI.NS,0.06227856681770168,0.027366670261351825,0.035185378808041165,0
2016-03-31,248.92269893370135,251.1326995081847,242.29254806485974,246.6675262451172,18849,10658334000.0,1098523000.0,49777192000.0,2411175000.0,38715968000.0,286197000.0,14.034524,8.4,127.257,79524560,RUPA.NS,0.06227856681770168,0.027366670261351825,0.035185378808041165,1
2016-06-30,248.87756019795265,304.5796041818034,242.02192040681086,267.8658752441406,1425872,10658334000.0,1098523000.0,49777192000.0,2411175000.0,38715968000.0,286197000.0,14.034524,8.4,127.257,79524560,RUPA.NS,0.06227856681770168,0.027366670261351825,0.035185378808041165,0
2016-09-30,267.91100447656856,275.03729257346095,234.62510773189652,247.47943115234375,300553,10658334000.0,1098523000.0,49777192000.0,2411175000.0,38715968000.0,286197000.0,14.034524,8.4,127.257,79524560,RUPA.NS,0.06227856681770168,0.027366670261351825,0.035185378808041165,0
2016-12-31,247.5244888335277,268.72281519685504,208.3751971195622,225.06326293945312,161126,10658334000.0,1098523000.0,49777192000.0,2411175000.0,38715968000.0,286197000.0,14.034524,8.4,127.257,79524560,RUPA.NS,0.06227856681770168,0.027366670261351825,0.035185378808041165,1
2017-03-31,233.54259271533297,317.2535540191994,217.62130441350428,294.70208740234375,9868220,10658334000.0,1098523000.0,49777192000.0,2411175000.0,38715968000.0,286197000.0,14.034524,8.4,127.257,79524560,RUPA.NS,0.06227856681770168,0.027366670261351825,0.035185378808041165,1
2017-06-30,297.5886718023237,532.1686867470454,290.6879127588812,415.1267395019531,19796584,10658334000.0,1098523000.0,49777192000.0,2411175000.0,38715968000.0,286197000.0,14.034524,8.4,127.257,79524560,RUPA.NS,0.06227856681770168,0.027366670261351825,0.035185378808041165,0
2017-09-30,418.6447237143811,482.05932324328444,347.29199656480563,386.2921142578125,8970663,10658334000.0,1098523000.0,49777192000.0,2411175000.0,38715968000.0,286197000.0,14.034524,8.4,127.257,79524560,RUPA.NS,0.06227856681770168,0.027366670261351825,0.035185378808041165,1
2017-12-31,391.42264018106425,465.83883860729986,375.4861111796945,440.1859130859375,10742777,10658334000.0,1098523000.0,49777192000.0,2411175000.0,38715968000.0,286197000.0,14.034524,8.4,127.257,79524560,RUPA.NS,0.06227856681770168,0.027366670261351825,0.035185378808041165,0
2018-03-31,443.0463347333047,449.49362151971786,319.86693847511015,338.119140625,2704688,10658334000.0,1098523000.0,49777192000.0,2411175000.0,38715968000.0,286197000.0,14.034524,8.4,127.257,79524560,RUPA.NS,0.06227856681770168,0.027366670261351825,0.035185378808041165,1
2018-06-30,346.38251115037065,425.42982583656703,341.43353001612167,357.5517578125,4171593,10658334000.0,1098523000.0,49777192000.0,2411175000.0,38715968000.0,286197000.0,14.034524,8.4,127.257,79524560,RUPA.NS,0.06227856681770168,0.027366670261351825,0.035185378808041165,0
2018-09-30,358.8230953402725,393.1934174355237,277.3051309741388,279.9134521484375,1914176,10658334000.0,1098523000.0,49777192000.0,2411175000.0,38715968000.0,286197000.0,14.034524,8.4,127.257,79524560,RUPA.NS,0.06227856681770168,0.027366670261351825,0.035185378808041165,1
2018-12-31,274.65106286565845,332.21703248484334,223.62875992924234,301.6494140625,2795275,10658334000.0,1098523000.0,49777192000.0,2411175000.0,38715968000.0,286197000.0,14.034524,8.4,127.257,79524560,RUPA.NS,0.06227856681770168,0.027366670261351825,0.035185378808041165,1
2019-03-31,302.0155103374524,333.1322142769389,277.2136287390093,315.88079833984375,2385530,10658334000.0,1098523000.0,49777192000.0,2411175000.0,38715968000.0,286197000.0,14.034524,8.4,127.257,79524560,RUPA.NS,0.06227856681770168,0.027366670261351825,0.035185378808041165,0
2019-06-30,315.69771316656374,324.16329873969335,206.33150430338392,236.21273803710938,1277165,10658334000.0,1098523000.0,49777192000.0,2411175000.0,38715968000.0,286197000.0,14.034524,8.4,127.257,79524560,RUPA.NS,0.06227856681770168,0.027366670261351825,0.035185378808041165,0
2019-09-30,232.91801456702515,235.93815839741296,144.6013530783141,163.25816345214844,1650723,10658334000.0,1098523000.0,49777192000.0,2411175000.0,38715968000.0,286197000.0,14.034524,8.4,127.257,79524560,RUPA.NS,0.06227856681770168,0.027366670261351825,0.035185378808041165,1
2019-12-31,165.1197136615199,190.34377647281048,147.1557608643904,182.1063995361328,2536700,10658334000.0,1098523000.0,49777192000.0,2411175000.0,38715968000.0,286197000.0,14.034524,8.4,127.257,79524560,RUPA.NS,0.06227856681770168,0.027366670261351825,0.035185378808041165,0
2020-03-31,183.0371638488335,234.18334954518755,93.54302340994772,107.64427947998047,3694647,10658334000.0,1098523000.0,49777192000.0,2411175000.0,38715968000.0,286197000.0,14.034524,8.4,127.257,79524560,RUPA.NS,0.06227856681770168,0.027366670261351825,0.035185378808041165,1
2020-06-30,107.64427576981628,183.17677835265823,107.64427576981628,153.8573455810547,2765484,10658334000.0,1098523000.0,49777192000.0,2411175000.0,38715968000.0,286197000.0,14.034524,8.4,127.257,79524560,RUPA.NS,0.06227856681770168,0.027366670261351825,0.035185378808041165,1
2020-09-30,156.230802671751,211.7050781158108,139.80262044189035,182.59548950195312,4420787,10658334000.0,1098523000.0,49777192000.0,2411175000.0,38715968000.0,286197000.0,14.034524,8.4,127.257,79524560,RUPA.NS,0.06227856681770168,0.027366670261351825,0.035185378808041165,1
2020-12-31,183.68319078994938,315.91239837715943,166.7998727901461,290.04351806640625,9457433,10658334000.0,1098523000.0,49777192000.0,2411175000.0,38715968000.0,286197000.0,14.034524,8.4,127.257,79524560,RUPA.NS,0.06227856681770168,0.027366670261351825,0.035185378808041165,1
2021-03-31,290.4691760913886,342.15960968842404,263.89090166189357,290.6583557128906,9813709,10658334000.0,1098523000.0,49777192000.0,2411175000.0,38715968000.0,286197000.0,14.034524,8.4,127.257,79524560,RUPA.NS,0.06227856681770168,0.027366670261351825,0.035185378808041165,1
2021-06-30,293.1175271860013,479.4491073234186,273.8223361075418,447.5741271972656,42973805,10658334000.0,1098523000.0,49777192000.0,2411175000.0,38715968000.0,286197000.0,14.034524,8.4,127.257,79524560,RUPA.NS,0.06227856681770168,0.027366670261351825,0.035185378808041165,0
2021-09-30,451.0264768922633,520.2150270788404,378.15026971479557,431.66571044921875,28019314,10658334000.0,1098523000.0,49777192000.0,2411175000.0,38715968000.0,286197000.0,14.034524,8.4,127.257,79524560,RUPA.NS,0.06227856681770168,0.027366670261351825,0.035185378808041165,0
2021-12-31,428.88939862570953,486.2820815937827,369.53415714093995,423.09747314453125,15625548,10658334000.0,1098523000.0,49777192000.0,2411175000.0,38715968000.0,286197000.0,14.034524,8.4,127.257,79524560,RUPA.NS,0.06227856681770168,0.027366670261351825,0.035185378808041165,0
2022-03-31,423.14537312719864,537.1647727359692,383.0327232756096,419.4595642089844,48198492,10658334000.0,1098523000.0,49777192000.0,2411175000.0,38715968000.0,286197000.0,14.034524,8.4,127.257,79524560,RUPA.NS,0.06227856681770168,0.027366670261351825,0.035185378808041165,0
2022-06-30,420.2733271685224,560.8590602995438,287.7292617731161,332.05419921875,60173785,10658334000.0,1098523000.0,49777192000.0,2411175000.0,38715968000.0,286197000.0,14.034524,8.4,127.257,79524560,RUPA.NS,0.06227856681770168,0.027366670261351825,0.035185378808041165,0
2022-09-30,333.5381100077017,370.2043145426283,307.9283855409434,311.54766845703125,16889657,10658334000.0,1098523000.0,49777192000.0,2411175000.0,38715968000.0,286197000.0,14.034524,8.4,127.257,79524560,RUPA.NS,0.06227856681770168,0.027366670261351825,0.035185378808041165,0
2022-12-31,311.5476444049701,315.6012670246557,254.41132357885988,271.4942932128906,8276304,10658334000.0,1098523000.0,49777192000.0,2411175000.0,38715968000.0,286197000.0,14.034524,8.4,127.257,79524560,RUPA.NS,0.06227856681770168,0.027366670261351825,0.035185378808041165,0
2023-03-31,273.08681310618607,278.0089930353461,190.32590796690064,197.13014221191406,14777881,10658334000.0,1098523000.0,49777192000.0,2411175000.0,38715968000.0,286197000.0,14.034524,8.4,127.257,79524560,RUPA.NS,0.06227856681770168,0.027366670261351825,0.035185378808041165,1
2023-06-30,199.49475632360827,267.05469360655457,199.34999098122333,259.91259765625,13853786,10658334000.0,1098523000.0,49777192000.0,2411175000.0,38715968000.0,286197000.0,14.034524,8.4,127.257,79524560,RUPA.NS,0.06227856681770168,0.027366670261351825,0.035185378808041165,0
2023-09-30,261.74640260912247,300.9100813997504,248.70295353769325,253.48007202148438,17795360,10658334000.0,1098523000.0,49777192000.0,2411175000.0,38715968000.0,286197000.0,14.034524,8.4,127.257,79524560,RUPA.NS,0.06227856681770168,0.027366670261351825,0.035185378808041165,1
2023-12-31,253.4800730971459,276.9757249169827,228.08331191233248,261.7181701660156,11721191,10658334000.0,1098523000.0,49777192000.0,2411175000.0,38715968000.0,286197000.0,14.034524,8.4,127.257,79524560,RUPA.NS,0.06227856681770168,0.027366670261351825,0.035185378808041165,0
2024-03-31,262.546852387516,296.3766904900789,228.13205374672773,232.762939453125,19467505,10658334000.0,1098523000.0,49777192000.0,2411175000.0,38715968000.0,286197000.0,14.034524,8.4,127.257,79524560,RUPA.NS,0.06227856681770168,0.027366670261351825,0.035185378808041165,1
2024-06-30,233.68913282879302,287.1149393078886,221.16137455788393,272.57879638671875,14999795,10658334000.0,1098523000.0,49777192000.0,2411175000.0,38715968000.0,286197000.0,14.034524,8.4,127.257,79524560,RUPA.NS,0.06227856681770168,0.027366670261351825,0.035185378808041165,1
2024-09-30,273.66100725621243,352.92227509705145,258.5984354097549,280.25726318359375,37725333,10658334000.0,1098523000.0,14575734000.0,2213644000.0,9871190000.0,86053000.0,14.034524,8.4,127.257,79524560,RUPA.NS,0.224253002930751,0.027366670261351825,0.035185378808041165,0
2024-12-31,282.2270931682795,291.5345424413959,234.45878423814833,245.1943359375,8513328,3163954000.0,237956000.0,14575734000.0,2213644000.0,9871190000.0,86053000.0,14.034524,8.4,127.257,79524560,RUPA.NS,0.224253002930751,0.027366670261351825,0.035185378808041165,0
2025-03-31,244.5049054029653,255.83141838158087,170.93182657720797,175.8859405517578,7330563,4144895000.0,305898000.0,15116161000.0,2379201000.0,10175134000.0,208983000.0,14.034524,8.4,127.257,79524560,RUPA.NS,0.23382502874163621,0.02023648729330152,0.03006328958419614,1
2025-06-30,175.31469357809038,222.94513925686482,172.1629726459282,217.41976928710938,8086069,1826534000.0,55244000.0,15116161000.0,2379201000.0,10175134000.0,208983000.0,14.034524,8.4,127.257,79524560,RUPA.NS,0.23382502874163621,0.02023648729330152,0.03006328958419614,0
2025-09-30,218.01072475169218,229.38646507512686,185.16383294195657,206.1300048828125,11191077,3189474000.0,144976000.0,15105981000.0,2514739000.0,10136968000.0,71496000.0,14.034524,8.4,127.257,79524560,RUPA.NS,0.24807605193189916,0.009597258198590346,0.014301712306875191,0
2025-12-31,206.0,209.89999389648438,156.60000610351562,159.91000366210938,6115955,3120079000.0,162567000.0,15105981000.0,2514739000.0,10136968000.0,71496000.0,14.034524,8.4,127.257,79524560,RUPA.NS,0.24807605193189916,0.009597258198590346,0.014301712306875191,0
2026-03-31,160.36000061035156,173.1199951171875,116.0999984741211,117.88999938964844,6760372,3120079000.0,162567000.0,15105981000.0,2514739000.0,10136968000.0,71496000.0,14.034524,8.4,127.257,79524560,RUPA.NS,0.24807605193189916,0.009597258198590346,0.014301712306875191,0
2016-03-31,36.26393791105153,37.976862077176555,34.759892335428724,36.01326370239258,31412008,3120079000.0,162567000.0,15105981000.0,2514739000.0,10136968000.0,71496000.0,21.19111,6.75,140.573,4130525289,SAIL.NS,0.24807605193189916,0.009597258198590346,0.014301712306875191,1
2016-06-30,36.09681765748262,40.77604190555487,32.12785032342109,37.89329528808594,290966882,3120079000.0,162567000.0,15105981000.0,2514739000.0,10136968000.0,71496000.0,21.19111,6.75,140.573,4130525289,SAIL.NS,0.24807605193189916,0.009597258198590346,0.014301712306875191,1
2016-09-30,38.10220087945007,45.70592484460347,36.89061465550853,38.687103271484375,506202333,3120079000.0,162567000.0,15105981000.0,2514739000.0,10136968000.0,71496000.0,21.19111,6.75,140.573,4130525289,SAIL.NS,0.24807605193189916,0.009597258198590346,0.014301712306875191,1
2016-12-31,39.188451736992796,46.87573432810755,36.84884473883568,41.19382095336914,409038832,3120079000.0,162567000.0,15105981000.0,2514739000.0,10136968000.0,71496000.0,21.19111,6.75,140.573,4130525289,SAIL.NS,0.24807605193189916,0.009597258198590346,0.014301712306875191,1
2017-03-31,41.3609358532594,56.94441163874104,40.81781117818065,51.220726013183594,400022699,3120079000.0,162567000.0,15105981000.0,2514739000.0,10136968000.0,71496000.0,21.19111,6.75,140.573,4130525289,SAIL.NS,0.24807605193189916,0.009597258198590346,0.014301712306875191,0
2017-06-30,51.47139247275564,57.32041149710361,46.37439464714051,48.75577163696289,390438131,3120079000.0,162567000.0,15105981000.0,2514739000.0,10136968000.0,71496000.0,21.19111,6.75,140.573,4130525289,SAIL.NS,0.24807605193189916,0.009597258198590346,0.014301712306875191,0
2017-09-30,48.88111127806039,54.31234988668903,44.160111250694676,44.82858657836914,316357714,3120079000.0,162567000.0,15105981000.0,2514739000.0,10136968000.0,71496000.0,21.19111,6.75,140.573,4130525289,SAIL.NS,0.24807605193189916,0.009597258198590346,0.014301712306875191,1
2017-12-31,45.37170100800557,78.33511752703302,44.619685766138815,76.99819946289062,910878003,3120079000.0,162567000.0,15105981000.0,2514739000.0,10136968000.0,71496000.0,21.19111,6.75,140.573,4130525289,SAIL.NS,0.24807605193189916,0.009597258198590346,0.014301712306875191,0
2018-03-31,77.37420748599568,84.76903897030448,56.1088320885456,58.657325744628906,944201005,3120079000.0,162567000.0,15105981000.0,2514739000.0,10136968000.0,71496000.0,21.19111,6.75,140.573,4130525289,SAIL.NS,0.24807605193189916,0.009597258198590346,0.014301712306875191,1
2018-06-30,59.91069600174931,76.1208423086286,56.94441504209227,69.35269165039062,901416110,3120079000.0,162567000.0,15105981000.0,2514739000.0,10136968000.0,71496000.0,21.19111,6.75,140.573,4130525289,SAIL.NS,0.24807605193189916,0.009597258198590346,0.014301712306875191,0
2018-09-30,69.43624426747866,69.81225736459854,56.6519557420427,57.02796173095703,747223918,3120079000.0,162567000.0,15105981000.0,2514739000.0,10136968000.0,71496000.0,21.19111,6.75,140.573,4130525289,SAIL.NS,0.24807605193189916,0.009597258198590346,0.014301712306875191,0
2018-12-31,56.94440691916743,59.61824179211306,40.943151079841456,47.08462905883789,670297874,3120079000.0,162567000.0,15105981000.0,2514739000.0,10136968000.0,71496000.0,21.19111,6.75,140.573,4130525289,SAIL.NS,0.24807605193189916,0.009597258198590346,0.014301712306875191,0
2019-03-31,47.37707507328705,47.46063124880559,36.765280180805604,42.36362838745117,989587835,3120079000.0,162567000.0,15105981000.0,2514739000.0,10136968000.0,71496000.0,21.19111,6.75,140.573,4130525289,SAIL.NS,0.24807605193189916,0.009597258198590346,0.014301712306875191,1
2019-06-30,45.70592893351774,50.301590745556084,38.35287440666129,42.4054069519043,1408508064,3120079000.0,162567000.0,15105981000.0,2514739000.0,10136968000.0,71496000.0,21.19111,6.75,140.573,4130525289,SAIL.NS,0.24807605193189916,0.009597258198590346,0.014301712306875191,0
2019-09-30,42.65608262533206,43.95122253079092,25.085029269726352,28.395742416381836,1774017479,3120079000.0,162567000.0,15105981000.0,2514739000.0,10136968000.0,71496000.0,21.19111,6.75,140.573,4130525289,SAIL.NS,0.24807605193189916,0.009597258198590346,0.014301712306875191,1
2019-12-31,28.353299416183745,36.799867982699766,25.59436945914153,36.41786193847656,1840798555,3120079000.0,162567000.0,15105981000.0,2514739000.0,10136968000.0,71496000.0,21.19111,6.75,140.573,4130525289,SAIL.NS,0.24807605193189916,0.009597258198590346,0.014301712306875191,0
2020-03-31,36.63008723359985,44.05796729277896,17.105357797244476,19.567169189453125,1845282813,3120079000.0,162567000.0,15105981000.0,2514739000.0,10136968000.0,71496000.0,21.19111,6.75,140.573,4130525289,SAIL.NS,0.24807605193189916,0.009597258198590346,0.014301712306875191,1
2020-06-30,19.567170519862255,29.796428299776984,18.251373048766897,25.806591033935547,1563443930,3120079000.0,162567000.0,15105981000.0,2514739000.0,10136968000.0,71496000.0,21.19111,6.75,140.573,4130525289,SAIL.NS,0.24807605193189916,0.009597258198590346,0.014301712306875191,1
2020-09-30,25.976373987185617,37.98833035151918,25.46703300328975,28.65041732788086,2547342439,3120079000.0,162567000.0,15105981000.0,2514739000.0,10136968000.0,71496000.0,21.19111,6.75,140.573,4130525289,SAIL.NS,0.24807605193189916,0.009597258198590346,0.014301712306875191,1
2020-12-31,29.074863793531392,63.41291146232342,27.71662276906583,62.90357208251953,2350806401,3120079000.0,162567000.0,15105981000.0,2514739000.0,10136968000.0,71496000.0,21.19111,6.75,140.573,4130525289,SAIL.NS,0.24807605193189916,0.009597258198590346,0.014301712306875191,1
2021-03-31,62.7762466971114,70.29062662112524,46.944229215879545,67.96198272705078,4349077898,3120079000.0,162567000.0,15105981000.0,2514739000.0,10136968000.0,71496000.0,21.19111,6.75,140.573,4130525289,SAIL.NS,0.24807605193189916,0.009597258198590346,0.014301712306875191,1
2021-06-30,68.69508401419206,130.49048632102628,68.6088391497923,112.63752746582031,5172320631,3120079000.0,162567000.0,15105981000.0,2514739000.0,10136968000.0,71496000.0,21.19111,6.75,140.573,4130525289,SAIL.NS,0.24807605193189916,0.009597258198590346,0.014301712306875191,0
2021-09-30,113.58622637962756,125.83318869207342,91.99658076218658,99.57533264160156,3085516190,3120079000.0,162567000.0,15105981000.0,2514739000.0,10136968000.0,71496000.0,21.19111,6.75,140.573,4130525289,SAIL.NS,0.24807605193189916,0.009597258198590346,0.014301712306875191,0
2021-12-31,98.96201901200098,115.47759747230123,89.84166671496202,97.03805541992188,2616236700,3120079000.0,162567000.0,15105981000.0,2514739000.0,10136968000.0,71496000.0,21.19111,6.75,140.573,4130525289,SAIL.NS,0.24807605193189916,0.009597258198590346,0.014301712306875191,0
2022-03-31,97.49065189433442,102.87663125283903,76.35409692755339,91.42491912841797,2473423684,3120079000.0,162567000.0,15105981000.0,2514739000.0,10136968000.0,71496000.0,21.19111,6.75,140.573,4130525289,SAIL.NS,0.24807605193189916,0.009597258198590346,0.014301712306875191,0
2022-06-30,91.84238179013302,104.22719307453978,59.00177636263651,63.59389114379883,2217350172,3120079000.0,162567000.0,15105981000.0,2514739000.0,10136968000.0,71496000.0,21.19111,6.75,140.573,4130525289,SAIL.NS,0.24807605193189916,0.009597258198590346,0.014301712306875191,1
2022-09-30,63.26919490259138,81.26684752703238,62.61981632398522,73.3791732788086,1517802623,3120079000.0,162567000.0,15105981000.0,2514739000.0,10136968000.0,71496000.0,21.19111,6.75,140.573,4130525289,SAIL.NS,0.24807605193189916,0.009597258198590346,0.014301712306875191,1
2022-12-31,73.14016492743241,84.75654486851674,70.51093451969005,79.02005004882812,1054828004,3120079000.0,162567000.0,15105981000.0,2514739000.0,10136968000.0,71496000.0,21.19111,6.75,140.573,4130525289,SAIL.NS,0.24807605193189916,0.009597258198590346,0.014301712306875191,1
2023-03-31,79.64150884103559,89.77596343979195,75.0662346971645,79.99971008300781,1222699211,3120079000.0,162567000.0,15105981000.0,2514739000.0,10136968000.0,71496000.0,21.19111,6.75,140.573,4130525289,SAIL.NS,0.24807605193189916,0.009597258198590346,0.014301712306875191,1
2023-06-30,81.11216762172836,84.20768197763002,77.82317752321585,82.70829010009766,742976441,3120079000.0,162567000.0,15105981000.0,2514739000.0,10136968000.0,71496000.0,21.19111,6.75,140.573,4130525289,SAIL.NS,0.24807605193189916,0.009597258198590346,0.014301712306875191,1
2023-09-30,83.09523405487916,100.26567279817615,81.16053660279364,91.25653076171875,1051472948,3120079000.0,162567000.0,15105981000.0,2514739000.0,10136968000.0,71496000.0,21.19111,6.75,140.573,4130525289,SAIL.NS,0.24807605193189916,0.009597258198590346,0.014301712306875191,1
2023-12-31,91.40239142006749,122.27500667456323,79.53953527316854,120.23303985595703,1701792794,3120079000.0,162567000.0,15105981000.0,2514739000.0,10136968000.0,71496000.0,21.19111,6.75,140.573,4130525289,SAIL.NS,0.24807605193189916,0.009597258198590346,0.014301712306875191,1
2024-03-31,120.23304098133987,145.85486928764695,104.52932356527907,131.56556701660156,2803283242,3120079000.0,162567000.0,15105981000.0,2514739000.0,10136968000.0,71496000.0,21.19111,6.75,140.573,4130525289,SAIL.NS,0.24807605193189916,0.009597258198590346,0.014301712306875191,1
2024-06-30,132.88857694790363,171.8437533531551,122.304522539589,145.67762756347656,2643699706,3120079000.0,162567000.0,15105981000.0,2514739000.0,10136968000.0,71496000.0,21.19111,6.75,140.573,4130525289,SAIL.NS,0.24807605193189916,0.009597258198590346,0.014301712306875191,0
2024-09-30,146.90263727159675,155.57567154704077,122.2675891752234,139.6102294921875,1594943690,246752000000.0,8971500000.0,1397421300000.0,412650300000.0,575881900000.0,683900000.0,21.19111,6.75,140.573,4130525289,SAIL.NS,0.7165536892199599,0.006420039539972663,0.01557871501083816,0
2024-12-31,139.63984620990934,140.36080590697054,107.3051185342773,111.72966003417969,1209421129,244899100000.0,1418900000.0,1397421300000.0,412650300000.0,575881900000.0,683900000.0,21.19111,6.75,140.573,4130525289,SAIL.NS,0.7165536892199599,0.006420039539972663,0.01557871501083816,1
2025-03-31,111.12720643743492,117.16157394112957,97.92270688812773,113.75428771972656,1180217849,285773400000.0,12510000000.0,1363709400000.0,369339400000.0,589056100000.0,2915800000.0,21.19111,6.75,140.573,4130525289,SAIL.NS,0.6270020801074804,0.009173508666875801,0.02123736601658144,1
2025-06-30,112.93455317898646,134.6523584496154,99.87819763268249,130.35621643066406,1020402138,259217600000.0,7445800000.0,1363709400000.0,369339400000.0,589056100000.0,2915800000.0,21.19111,6.75,140.573,4130525289,SAIL.NS,0.6270020801074804,0.009173508666875801,0.02123736601658144,1
2025-09-30,130.37595998221454,138.75,116.63813628480024,134.47999572753906,672167833,259217600000.0,7445800000.0,1363709400000.0,369339400000.0,589056100000.0,2915800000.0,21.19111,6.75,140.573,4130525289,SAIL.NS,0.6270020801074804,0.009173508666875801,0.02123736601658144,1
2025-12-31,134.47999572753906,149.19000244140625,124.0,146.99000549316406,1308875799,273714200000.0,3740300000.0,1363709400000.0,369339400000.0,589056100000.0,2915800000.0,21.19111,6.75,140.573,4130525289,SAIL.NS,0.6270020801074804,0.009173508666875801,0.02123736601658144,0
2026-03-31,147.10000610351562,168.2100067138672,141.3000030517578,143.0399932861328,1264343523,273714200000.0,3740300000.0,1363709400000.0,369339400000.0,589056100000.0,2915800000.0,21.19111,6.75,140.573,4130525289,SAIL.NS,0.6270020801074804,0.009173508666875801,0.02123736601658144,0
2017-09-30,2.3864357812064037,3.1882780140319693,1.8900569615174452,2.5315310955047607,1524168000,273714200000.0,3740300000.0,1363709400000.0,369339400000.0,589056100000.0,2915800000.0,61.399998,0.1,4.704,1747950290,SALASAR.NS,0.6270020801074804,0.009173508666875801,0.02123736601658144,1
2017-12-31,2.567805151044589,3.1596410228151677,2.492871030847515,2.8950326442718506,428737100,273714200000.0,3740300000.0,1363709400000.0,369339400000.0,589056100000.0,2915800000.0,61.399998,0.1,4.704,1747950290,SALASAR.NS,0.6270020801074804,0.009173508666875801,0.02123736601658144,1
2018-03-31,3.025819080633759,3.5130354825840753,2.4921331267721603,3.183913230895996,454692000,273714200000.0,3740300000.0,1363709400000.0,369339400000.0,589056100000.0,2915800000.0,61.399998,0.1,4.704,1747950290,SALASAR.NS,0.6270020801074804,0.009173508666875801,0.02123736601658144,0
2018-06-30,3.2097831339843474,3.90826950514686,2.8744324062831415,3.0761218070983887,228318300,273714200000.0,3740300000.0,1363709400000.0,369339400000.0,589056100000.0,2915800000.0,61.399998,0.1,4.704,1747950290,SALASAR.NS,0.6270020801074804,0.009173508666875801,0.02123736601658144,0
2018-09-30,3.108698841670567,3.228945603065264,2.0190206086520757,2.165640115737915,113684500,273714200000.0,3740300000.0,1363709400000.0,369339400000.0,589056100000.0,2915800000.0,61.399998,0.1,4.704,1747950290,SALASAR.NS,0.6270020801074804,0.009173508666875801,0.02123736601658144,1
2018-12-31,2.028635272643245,2.918419027691858,1.8459620047699385,2.876906633377075,121723400,273714200000.0,3740300000.0,1363709400000.0,369339400000.0,589056100000.0,2915800000.0,61.399998,0.1,4.704,1747950290,SALASAR.NS,0.6270020801074804,0.009173508666875801,0.02123736601658144,0
2019-03-31,2.934830415300391,2.934830415300391,1.7613809209266942,2.129683256149292,144511300,273714200000.0,3740300000.0,1363709400000.0,369339400000.0,589056100000.0,2915800000.0,61.399998,0.1,4.704,1747950290,SALASAR.NS,0.6270020801074804,0.009173508666875801,0.02123736601658144,0
2019-06-30,2.1866418163538537,2.306352195562108,1.3708746358074835,1.817857265472412,309273600,273714200000.0,3740300000.0,1363709400000.0,369339400000.0,589056100000.0,2915800000.0,61.399998,0.1,4.704,1747950290,SALASAR.NS,0.6270020801074804,0.009173508666875801,0.02123736601658144,0
2019-09-30,1.8178572101484065,1.8178572101484065,1.0942914583985675,1.1206834316253662,184562800,273714200000.0,3740300000.0,1363709400000.0,369339400000.0,589056100000.0,2915800000.0,61.399998,0.1,4.704,1747950290,SALASAR.NS,0.6270020801074804,0.009173508666875801,0.02123736601658144,0
2019-12-31,1.1319246152464022,1.367498132523309,0.8435673101688483,1.0958865880966187,108979100,273714200000.0,3740300000.0,1363709400000.0,369339400000.0,589056100000.0,2915800000.0,61.399998,0.1,4.704,1747950290,SALASAR.NS,0.6270020801074804,0.009173508666875801,0.02123736601658144,0
2020-03-31,1.1042670748594836,1.3014578391697915,0.692631776563646,0.7231963872909546,212596500,273714200000.0,3740300000.0,1363709400000.0,369339400000.0,589056100000.0,2915800000.0,61.399998,0.1,4.704,1747950290,SALASAR.NS,0.6270020801074804,0.009173508666875801,0.02123736601658144,1
2020-06-30,0.7296051214785848,1.5740737165603238,0.7128438624524843,1.5597773790359497,345688200,273714200000.0,3740300000.0,1363709400000.0,369339400000.0,589056100000.0,2915800000.0,61.399998,0.1,4.704,1747950290,SALASAR.NS,0.6270020801074804,0.009173508666875801,0.02123736601658144,1
2020-09-30,1.5740737241021223,2.021203186505925,1.4942114883319373,1.9727301597595215,284677700,273714200000.0,3740300000.0,1363709400000.0,369339400000.0,589056100000.0,2915800000.0,61.399998,0.1,4.704,1747950290,SALASAR.NS,0.6270020801074804,0.009173508666875801,0.02123736601658144,1
2020-12-31,2.0128887618255016,2.399601400214201,1.8666320799830391,2.3415944576263428,416717700,273714200000.0,3740300000.0,1363709400000.0,369339400000.0,589056100000.0,2915800000.0,61.399998,0.1,4.704,1747950290,SALASAR.NS,0.6270020801074804,0.009173508666875801,0.02123736601658144,1
2021-03-31,2.353988993935446,4.035693490137875,2.337628080610108,3.610805034637451,550427700,273714200000.0,3740300000.0,1363709400000.0,369339400000.0,589056100000.0,2915800000.0,61.399998,0.1,4.704,1747950290,SALASAR.NS,0.6270020801074804,0.009173508666875801,0.02123736601658144,1
2021-06-30,3.639065127604902,7.1591405563094765,3.600889579562405,6.9439697265625,709037900,273714200000.0,3740300000.0,1363709400000.0,369339400000.0,589056100000.0,2915800000.0,61.399998,0.1,4.704,1747950290,SALASAR.NS,0.6270020801074804,0.009173508666875801,0.02123736601658144,0
2021-09-30,7.004456028527728,7.3772866744475625,4.866629151651087,5.60020637512207,340646300,273714200000.0,3740300000.0,1363709400000.0,369339400000.0,589056100000.0,2915800000.0,61.399998,0.1,4.704,1747950290,SALASAR.NS,0.6270020801074804,0.009173508666875801,0.02123736601658144,0
2021-12-31,5.550453556214117,5.671851072808337,4.398172250432613,4.765349864959717,193184350,273714200000.0,3740300000.0,1363709400000.0,369339400000.0,589056100000.0,2915800000.0,61.399998,0.1,4.704,1747950290,SALASAR.NS,0.6270020801074804,0.009173508666875801,0.02123736601658144,0
2022-03-31,4.782266707291508,5.461892915741325,4.120549829037283,4.226027011871338,399431650,273714200000.0,3740300000.0,1363709400000.0,369339400000.0,589056100000.0,2915800000.0,61.399998,0.1,4.704,1747950290,SALASAR.NS,0.6270020801074804,0.009173508666875801,0.02123736601658144,1
2022-06-30,4.338468819929194,7.035085505082325,4.278765179338533,5.60219669342041,367178950,273714200000.0,3740300000.0,1363709400000.0,369339400000.0,589056100000.0,2915800000.0,61.399998,0.1,4.704,1747950290,SALASAR.NS,0.6270020801074804,0.009173508666875801,0.02123736601658144,1
2022-09-30,5.731555211400971,6.986538439890937,4.736493710480597,6.068307399749756,303900115,273714200000.0,3740300000.0,1363709400000.0,369339400000.0,589056100000.0,2915800000.0,61.399998,0.1,4.704,1747950290,SALASAR.NS,0.6270020801074804,0.009173508666875801,0.02123736601658144,1
2022-12-31,5.988461332823229,11.677500219145418,5.529346136600249,10.320115089416504,617550155,273714200000.0,3740300000.0,1363709400000.0,369339400000.0,589056100000.0,2915800000.0,61.399998,0.1,4.704,1747950290,SALASAR.NS,0.6270020801074804,0.009173508666875801,0.02123736601658144,0
2023-03-31,10.370019226652856,11.028750349652444,7.236057747785235,7.954672813415527,305884550,273714200000.0,3740300000.0,1363709400000.0,369339400000.0,589056100000.0,2915800000.0,61.399998,0.1,4.704,1747950290,SALASAR.NS,0.6270020801074804,0.009173508666875801,0.02123736601658144,1
2023-06-30,8.034519376342518,10.679423261067342,7.445654022103634,10.160423278808594,303271315,273714200000.0,3740300000.0,1363709400000.0,369339400000.0,589056100000.0,2915800000.0,61.399998,0.1,4.704,1747950290,SALASAR.NS,0.6270020801074804,0.009173508666875801,0.02123736601658144,1
2023-09-30,10.190365518666532,11.727404066084762,9.631442116700745,10.359999656677246,454235030,273714200000.0,3740300000.0,1363709400000.0,369339400000.0,589056100000.0,2915800000.0,61.399998,0.1,4.704,1747950290,SALASAR.NS,0.6270020801074804,0.009173508666875801,0.02123736601658144,1
2023-12-31,10.430000305175781,13.920000076293945,8.729999542236328,13.149999618530273,659881045,273714200000.0,3740300000.0,1363709400000.0,369339400000.0,589056100000.0,2915800000.0,61.399998,0.1,4.704,1747950290,SALASAR.NS,0.6270020801074804,0.009173508666875801,0.02123736601658144,1
2024-03-31,13.25,33.95000076293945,13.119999885559082,20.0,1294381379,273714200000.0,3740300000.0,1363709400000.0,369339400000.0,589056100000.0,2915800000.0,61.399998,0.1,4.704,1747950290,SALASAR.NS,0.6270020801074804,0.009173508666875801,0.02123736601658144,0
2024-06-30,20.649999618530273,24.149999618530273,18.0,18.209999084472656,377068835,273714200000.0,3740300000.0,1363709400000.0,369339400000.0,589056100000.0,2915800000.0,61.399998,0.1,4.704,1747950290,SALASAR.NS,0.6270020801074804,0.009173508666875801,0.02123736601658144,1
2024-09-30,18.299999237060547,23.280000686645508,16.200000762939453,18.81999969482422,865266766,273714200000.0,3740300000.0,14367324000.0,3706004000.0,7032029000.0,17725000.0,61.399998,0.1,4.704,1747950290,SALASAR.NS,0.527017735563946,0.009173508666875801,0.02123736601658144,0
2024-12-31,18.860000610351562,20.200000762939453,13.539999961853027,14.180000305175781,416639491,3751838000.0,120618000.0,14367324000.0,3706004000.0,7032029000.0,17725000.0,61.399998,0.1,4.704,1747950290,SALASAR.NS,0.527017735563946,0.009173508666875801,0.02123736601658144,0
2025-03-31,14.199999809265137,14.260000228881836,7.800000190734863,8.15999984741211,579182559,4670418000.0,-130510000.0,17252558000.0,3173432000.0,7855530000.0,52764000.0,61.399998,0.1,4.704,1747950290,SALASAR.NS,0.4039742703547692,-0.007564675336839905,-0.016613773991061075,0
2025-06-30,8.489999771118164,10.630000114440918,7.46999979019165,7.519999980926514,515001134,3001697000.0,85147000.0,17252558000.0,3173432000.0,7855530000.0,52764000.0,61.399998,0.1,4.704,1747950290,SALASAR.NS,0.4039742703547692,-0.007564675336839905,-0.016613773991061075,1
2025-09-30,7.659999847412109,10.979999542236328,6.909999847412109,8.869999885559082,1076009808,4271684000.0,157771000.0,18477446000.0,3495781000.0,8122036000.0,43080000.0,61.399998,0.1,4.704,1747950290,SALASAR.NS,0.43040698169769254,0.008538571835090197,0.019425055491012352,0
2025-12-31,8.90999984741211,10.989999771118164,8.479999542236328,8.829999923706055,700665934,3307783000.0,54151000.0,18477446000.0,3495781000.0,8122036000.0,43080000.0,61.399998,0.1,4.704,1747950290,SALASAR.NS,0.43040698169769254,0.008538571835090197,0.019425055491012352,0
2026-03-31,8.920000076293945,9.449999809265137,6.070000171661377,6.139999866485596,260428434,3307783000.0,54151000.0,18477446000.0,3495781000.0,8122036000.0,43080000.0,61.399998,0.1,4.704,1747950290,SALASAR.NS,0.43040698169769254,0.008538571835090197,0.019425055491012352,0
2023-09-30,89.71256522873398,91.78549512895958,79.04610384189759,83.52204132080078,7256376,3307783000.0,54151000.0,18477446000.0,3495781000.0,8122036000.0,43080000.0,14.443603,11.88,59.702,486104814,SANDUMA.NS,0.43040698169769254,0.008538571835090197,0.019425055491012352,1
2023-12-31,82.44107406129471,164.2075814093945,79.26728457366713,160.63844299316406,94222728,3307783000.0,54151000.0,18477446000.0,3495781000.0,8122036000.0,43080000.0,14.443603,11.88,59.702,486104814,SANDUMA.NS,0.43040698169769254,0.008538571835090197,0.019425055491012352,0
2024-03-31,161.95164837896758,203.69745873145848,109.47908722001601,119.23268127441406,57416310,3307783000.0,54151000.0,18477446000.0,3495781000.0,8122036000.0,43080000.0,14.443603,11.88,59.702,486104814,SANDUMA.NS,0.43040698169769254,0.008538571835090197,0.019425055491012352,1
2024-06-30,120.42699500724466,210.59795013466513,118.4364661641497,180.02674865722656,55839726,3307783000.0,54151000.0,18477446000.0,3495781000.0,8122036000.0,43080000.0,14.443603,11.88,59.702,486104814,SANDUMA.NS,0.43040698169769254,0.008538571835090197,0.019425055491012352,0
2024-09-30,180.05992788549887,203.91310584743408,157.28496166913817,163.98818969726562,34972827,3307783000.0,54151000.0,29738000000.0,2750000000.0,23182200000.0,1560100000.0,14.443603,11.88,59.702,486104814,SANDUMA.NS,0.11862549714867442,0.008538571835090197,0.019425055491012352,0
2024-12-31,164.66968115719789,182.1721740518998,130.5622651629451,137.37709045410156,28669941,9518700000.0,1374800000.0,29738000000.0,2750000000.0,23182200000.0,1560100000.0,14.443603,11.88,59.702,486104814,SANDUMA.NS,0.11862549714867442,0.008538571835090197,0.019425055491012352,1
2025-03-31,139.95342611392815,166.19885009125528,112.0957204015193,146.28623962402344,59617218,12892400000.0,1560600000.0,56482100000.0,18897900000.0,26126900000.0,140100000.0,14.443603,11.88,59.702,486104814,SANDUMA.NS,0.7233119887931595,0.027629992510901685,0.05973154105538736,1
2025-06-30,144.60747158379496,185.41336510345164,125.42619845589323,158.7191619873047,77807316,11353800000.0,1666300000.0,56482100000.0,18897900000.0,26126900000.0,140100000.0,14.443603,11.88,59.702,486104814,SANDUMA.NS,0.7233119887931595,0.027629992510901685,0.05973154105538736,1
2025-09-30,159.5336140089388,174.4499969482422,140.98397017188168,168.85000610351562,50346473,12323400000.0,1388700000.0,58022100000.0,18542100000.0,29017300000.0,391800000.0,14.443603,11.88,59.702,486104814,SANDUMA.NS,0.6390015611376662,0.023933983775147747,0.04785765732855917,1
2025-12-31,168.00999450683594,253.3000030517578,166.5,242.7899932861328,402788171,12093100000.0,1158300000.0,58022100000.0,18542100000.0,29017300000.0,391800000.0,14.443603,11.88,59.702,486104814,SANDUMA.NS,0.6390015611376662,0.023933983775147747,0.04785765732855917,0
2026-03-31,243.5,273.0,171.10000610351562,171.58999633789062,163609490,12093100000.0,1158300000.0,58022100000.0,18542100000.0,29017300000.0,391800000.0,14.443603,11.88,59.702,486104814,SANDUMA.NS,0.6390015611376662,0.023933983775147747,0.04785765732855917,0
2021-06-30,360.82254752130166,385.5103449098249,342.87635753798435,350.9473876953125,44405240,12093100000.0,1158300000.0,58022100000.0,18542100000.0,29017300000.0,391800000.0,22.382734,34.75,393.795,278228412,SHYAMMETL.NS,0.6390015611376662,0.023933983775147747,0.04785765732855917,1
2021-09-30,351.4221958913933,437.8771264814836,343.1137179847126,352.54949951171875,95236769,12093100000.0,1158300000.0,58022100000.0,18542100000.0,29017300000.0,391800000.0,22.382734,34.75,393.795,278228412,SHYAMMETL.NS,0.6390015611376662,0.023933983775147747,0.04785765732855917,0
2021-12-31,351.83246464276255,365.5519936221895,288.68242147963053,329.9158935546875,29180488,12093100000.0,1158300000.0,58022100000.0,18542100000.0,29017300000.0,391800000.0,22.382734,34.75,393.795,278228412,SHYAMMETL.NS,0.6390015611376662,0.023933983775147747,0.04785765732855917,1
2022-03-31,330.9744050729806,373.5199101164115,280.1641687127206,351.08935546875,22905542,12093100000.0,1158300000.0,58022100000.0,18542100000.0,29017300000.0,391800000.0,22.382734,34.75,393.795,278228412,SHYAMMETL.NS,0.6390015611376662,0.023933983775147747,0.04785765732855917,0
2022-06-30,352.9787449951816,365.76854714297633,264.6129340090045,271.73455810546875,12662660,12093100000.0,1158300000.0,58022100000.0,18542100000.0,29017300000.0,391800000.0,22.382734,34.75,393.795,278228412,SHYAMMETL.NS,0.6390015611376662,0.023933983775147747,0.04785765732855917,1
2022-09-30,273.23637867193366,313.87090365734167,265.72724237291834,281.57293701171875,7257425,12093100000.0,1158300000.0,58022100000.0,18542100000.0,29017300000.0,391800000.0,22.382734,34.75,393.795,278228412,SHYAMMETL.NS,0.6390015611376662,0.023933983775147747,0.04785765732855917,1
2022-12-31,283.2448887615,312.5037242255502,275.4261203627052,308.4222412109375,10044050,12093100000.0,1158300000.0,58022100000.0,18542100000.0,29017300000.0,391800000.0,22.382734,34.75,393.795,278228412,SHYAMMETL.NS,0.6390015611376662,0.023933983775147747,0.04785765732855917,0
2023-03-31,308.76644369911577,329.370517058455,250.34720967282306,258.51019287109375,9888052,12093100000.0,1158300000.0,58022100000.0,18542100000.0,29017300000.0,391800000.0,22.382734,34.75,393.795,278228412,SHYAMMETL.NS,0.6390015611376662,0.023933983775147747,0.04785765732855917,1
2023-06-30,263.67351748643387,370.0336452221394,260.72304924901846,355.09173583984375,15511713,12093100000.0,1158300000.0,58022100000.0,18542100000.0,29017300000.0,391800000.0,22.382734,34.75,393.795,278228412,SHYAMMETL.NS,0.6390015611376662,0.023933983775147747,0.04785765732855917,1
2023-09-30,356.22973464439656,489.1726912767816,339.70459194440303,436.7772216796875,63280960,12093100000.0,1158300000.0,58022100000.0,18542100000.0,29017300000.0,391800000.0,22.382734,34.75,393.795,278228412,SHYAMMETL.NS,0.6390015611376662,0.023933983775147747,0.04785765732855917,1
2023-12-31,439.34998381758015,627.063269189602,415.7992481909932,621.2250366210938,67814683,12093100000.0,1158300000.0,58022100000.0,18542100000.0,29017300000.0,391800000.0,22.382734,34.75,393.795,278228412,SHYAMMETL.NS,0.6390015611376662,0.023933983775147747,0.04785765732855917,0
2024-03-31,629.3392559967823,730.0729683027042,505.84617060396295,585.15673828125,75087805,12093100000.0,1158300000.0,58022100000.0,18542100000.0,29017300000.0,391800000.0,22.382734,34.75,393.795,278228412,SHYAMMETL.NS,0.6390015611376662,0.023933983775147747,0.04785765732855917,1
2024-06-30,590.4507778517032,681.7841022784287,518.7100626788024,662.3893432617188,34845948,12093100000.0,1158300000.0,58022100000.0,18542100000.0,29017300000.0,391800000.0,22.382734,34.75,393.795,278228412,SHYAMMETL.NS,0.6390015611376662,0.023933983775147747,0.04785765732855917,1
2024-09-30,662.9831324120674,950.1657336902705,639.9271192878902,901.5105590820312,85019660,12093100000.0,1158300000.0,159826300000.0,10861300000.0,101974800000.0,131800000.0,22.382734,34.75,393.795,278228412,SHYAMMETL.NS,0.10650964748153466,0.023933983775147747,0.04785765732855917,0
2024-12-31,903.5957347403328,938.3494667126166,698.052553577301,724.2667846679688,19202794,37562700000.0,1977100000.0,159826300000.0,10861300000.0,101974800000.0,131800000.0,22.382734,34.75,393.795,278228412,SHYAMMETL.NS,0.10650964748153466,0.023933983775147747,0.04785765732855917,1
2025-03-31,721.6850771518931,901.2198981682527,623.8286517798159,849.7357788085938,28431585,40433000000.0,2187500000.0,163156300000.0,7894300000.0,105533300000.0,631300000.0,22.382734,34.75,393.795,278228412,SHYAMMETL.NS,0.0748038770700812,0.013407389110932278,0.020728054557187164,1
2025-06-30,841.4207249558782,946.0319012586227,741.8881738562578,866.764404296875,26650589,44188400000.0,2921500000.0,163156300000.0,7894300000.0,105533300000.0,631300000.0,22.382734,34.75,393.795,278228412,SHYAMMETL.NS,0.0748038770700812,0.013407389110932278,0.020728054557187164,1
2025-09-30,866.4158555369575,998.6739974638178,835.4955139195197,913.2999877929688,21458447,44570200000.0,2617600000.0,179119800000.0,11174700000.0,110128000000.0,506900000.0,22.382734,34.75,393.795,278228412,SHYAMMETL.NS,0.10147010751125962,0.014613683132741327,0.023768705506319918,0
2025-12-31,919.9500122070312,988.0,776.4000244140625,847.6500244140625,12782860,44214600000.0,1972400000.0,179119800000.0,11174700000.0,110128000000.0,506900000.0,22.382734,34.75,393.795,278228412,SHYAMMETL.NS,0.10147010751125962,0.014613683132741327,0.023768705506319918,0
2026-03-31,842.0,912.7999877929688,746.0,777.7999877929688,9594692,44214600000.0,1972400000.0,179119800000.0,11174700000.0,110128000000.0,506900000.0,22.382734,34.75,393.795,278228412,SHYAMMETL.NS,0.10147010751125962,0.014613683132741327,0.023768705506319918,0
2016-03-31,22.93244027738495,23.958442929773863,21.873344168965676,23.51347541809082,495137248,44214600000.0,1972400000.0,179119800000.0,11174700000.0,110128000000.0,506900000.0,0.29613632,632.04,76.221,12471847611,TATASTEEL.NS,0.10147010751125962,0.014613683132741327,0.023768705506319918,1
2016-06-30,23.362699512707042,26.775354866223452,21.792440508257222,23.678958892822266,4548025754,44214600000.0,1972400000.0,179119800000.0,11174700000.0,110128000000.0,506900000.0,0.29613632,632.04,76.221,12471847611,TATASTEEL.NS,0.10147010751125962,0.014613683132741327,0.023768705506319918,1
2016-09-30,24.013605611253073,30.729071651421467,22.954505666081957,28.1457576751709,4459773299,44214600000.0,1972400000.0,179119800000.0,11174700000.0,110128000000.0,506900000.0,0.29613632,632.04,76.221,12471847611,TATASTEEL.NS,0.10147010751125962,0.014613683132741327,0.023768705506319918,1
2016-12-31,28.345051175715852,33.2033379518764,27.547868434770585,29.42425537109375,3718583770,44214600000.0,1972400000.0,179119800000.0,11174700000.0,110128000000.0,506900000.0,0.29613632,632.04,76.221,12471847611,TATASTEEL.NS,0.10147010751125962,0.014613683132741327,0.023768705506319918,1
2017-03-31,29.589704728035915,38.26093588472499,29.247516011536586,36.30181884765625,3413739559,44214600000.0,1972400000.0,179119800000.0,11174700000.0,110128000000.0,506900000.0,0.29613632,632.04,76.221,12471847611,TATASTEEL.NS,0.10147010751125962,0.014613683132741327,0.023768705506319918,1
2017-06-30,36.54999829501983,41.20524053273796,32.18806437209631,41.043548583984375,4331793388,44214600000.0,1972400000.0,179119800000.0,11174700000.0,110128000000.0,506900000.0,0.29613632,632.04,76.221,12471847611,TATASTEEL.NS,0.10147010751125962,0.014613683132741327,0.023768705506319918,1
2017-09-30,41.02474796622058,53.29505144203053,40.7652886446035,49.94999694824219,3190784347,44214600000.0,1972400000.0,179119800000.0,11174700000.0,110128000000.0,506900000.0,0.29613632,632.04,76.221,12471847611,TATASTEEL.NS,0.10147010751125962,0.014613683132741327,0.023768705506319918,1
2017-12-31,50.25235096770932,57.015165416065,50.09543100824131,56.06217575073242,2673105746,44214600000.0,1972400000.0,179119800000.0,11174700000.0,110128000000.0,506900000.0,0.29613632,632.04,76.221,12471847611,TATASTEEL.NS,0.10147010751125962,0.014613683132741327,0.023768705506319918,0
2018-03-31,56.069829917050654,60.7008689121371,44.4699257891066,45.87995147705078,4876677767,44214600000.0,1972400000.0,179119800000.0,11174700000.0,110128000000.0,506900000.0,0.29613632,632.04,76.221,12471847611,TATASTEEL.NS,0.10147010751125962,0.014613683132741327,0.023768705506319918,0
2018-06-30,46.04465361033206,51.16251291026282,43.108107289153516,45.61482238769531,4827130460,44214600000.0,1972400000.0,179119800000.0,11174700000.0,110128000000.0,506900000.0,0.29613632,632.04,76.221,12471847611,TATASTEEL.NS,0.10147010751125962,0.014613683132741327,0.023768705506319918,1
2018-09-30,46.273636591471416,52.95750600064282,40.315087782754524,47.531734466552734,5419017430,44214600000.0,1972400000.0,179119800000.0,11174700000.0,110128000000.0,506900000.0,0.29613632,632.04,76.221,12471847611,TATASTEEL.NS,0.10147010751125962,0.014613683132741327,0.023768705506319918,0
2018-12-31,47.42951280585768,49.931832222382056,39.75493027826621,42.6088752746582,4466468540,44214600000.0,1972400000.0,179119800000.0,11174700000.0,110128000000.0,506900000.0,0.29613632,632.04,76.221,12471847611,TATASTEEL.NS,0.10147010751125962,0.014613683132741327,0.023768705506319918,0
2019-03-31,42.85011687952583,43.49613867092919,36.09140841977294,41.4026985168457,4777778140,44214600000.0,1972400000.0,179119800000.0,11174700000.0,110128000000.0,506900000.0,0.29613632,632.04,76.221,12471847611,TATASTEEL.NS,0.10147010751125962,0.014613683132741327,0.023768705506319918,0
2019-06-30,43.34076099771924,45.928948270618044,37.21990462893549,41.247318267822266,6087693200,44214600000.0,1972400000.0,179119800000.0,11174700000.0,110128000000.0,506900000.0,0.29613632,632.04,76.221,12471847611,TATASTEEL.NS,0.10147010751125962,0.014613683132741327,0.023768705506319918,0
2019-09-30,41.69299701513281,42.17872876963301,27.03667955317122,30.250534057617188,7244586290,44214600000.0,1972400000.0,179119800000.0,11174700000.0,110128000000.0,506900000.0,0.29613632,632.04,76.221,12471847611,TATASTEEL.NS,0.10147010751125962,0.014613683132741327,0.023768705506319918,1
2019-12-31,30.376403153226672,39.96763328094819,26.881439912787776,39.61099624633789,10123724390,44214600000.0,1972400000.0,179119800000.0,11174700000.0,110128000000.0,506900000.0,0.29613632,632.04,76.221,12471847611,TATASTEEL.NS,0.10147010751125962,0.014613683132741327,0.023768705506319918,0
2020-03-31,39.690715328905995,42.45983090657959,21.049505442820333,22.622867584228516,9505823470,44214600000.0,1972400000.0,179119800000.0,11174700000.0,110128000000.0,506900000.0,0.29613632,632.04,76.221,12471847611,TATASTEEL.NS,0.10147010751125962,0.014613683132741327,0.023768705506319918,1
2020-06-30,22.320781740814574,29.436586056044185,21.062094631745353,27.414283752441406,8917855100,44214600000.0,1972400000.0,179119800000.0,11174700000.0,110128000000.0,506900000.0,0.29613632,632.04,76.221,12471847611,TATASTEEL.NS,0.10147010751125962,0.014613683132741327,0.023768705506319918,1
2020-09-30,27.607285743816902,38.1928332228183,26.877242786101448,30.970064163208008,9760743520,44214600000.0,1972400000.0,179119800000.0,11174700000.0,110128000000.0,506900000.0,0.29613632,632.04,76.221,12471847611,TATASTEEL.NS,0.10147010751125962,0.014613683132741327,0.023768705506319918,1
2020-12-31,31.361766848081366,56.25834235090196,31.206811223577233,55.410377502441406,11959930540,44214600000.0,1972400000.0,179119800000.0,11174700000.0,110128000000.0,506900000.0,0.29613632,632.04,76.221,12471847611,TATASTEEL.NS,0.10147010751125962,0.014613683132741327,0.023768705506319918,1
2021-03-31,55.52659447945485,70.893258120598,51.30829645926937,69.89033508300781,13245682350,44214600000.0,1972400000.0,179119800000.0,11174700000.0,110128000000.0,506900000.0,0.29613632,632.04,76.221,12471847611,TATASTEEL.NS,0.10147010751125962,0.014613683132741327,0.023768705506319918,1
2021-06-30,70.67804311802564,107.33850596842856,70.50587024111883,102.67743682861328,13309121150,44214600000.0,1972400000.0,179119800000.0,11174700000.0,110128000000.0,506900000.0,0.29613632,632.04,76.221,12471847611,TATASTEEL.NS,0.10147010751125962,0.014613683132741327,0.023768705506319918,1
2021-09-30,103.1438994890246,135.05786163592913,99.47371519664276,113.44157409667969,7674837790,44214600000.0,1972400000.0,179119800000.0,11174700000.0,110128000000.0,506900000.0,0.29613632,632.04,76.221,12471847611,TATASTEEL.NS,0.10147010751125962,0.014613683132741327,0.023768705506319918,0
2021-12-31,112.21817254887668,125.55674141169466,93.5591519372905,97.82344055175781,4856981530,44214600000.0,1972400000.0,179119800000.0,11174700000.0,110128000000.0,506900000.0,0.29613632,632.04,76.221,12471847611,TATASTEEL.NS,0.10147010751125962,0.014613683132741327,0.023768705506319918,1
2022-03-31,98.13590125388657,120.22746667854958,93.40951906917459,115.05223846435547,5335545680,44214600000.0,1972400000.0,179119800000.0,11174700000.0,110128000000.0,506900000.0,0.29613632,632.04,76.221,12471847611,TATASTEEL.NS,0.10147010751125962,0.014613683132741327,0.023768705506319918,0
2022-06-30,115.2986616730078,122.04935906489378,76.71538280084665,80.43057250976562,5290489420,44214600000.0,1972400000.0,179119800000.0,11174700000.0,110128000000.0,506900000.0,0.29613632,632.04,76.221,12471847611,TATASTEEL.NS,0.10147010751125962,0.014613683132741327,0.023768705506319918,1
2022-09-30,80.42128926415317,105.47206486193298,77.74042513895863,92.1141357421875,4697518907,44214600000.0,1972400000.0,179119800000.0,11174700000.0,110128000000.0,506900000.0,0.29613632,632.04,76.221,12471847611,TATASTEEL.NS,0.10147010751125962,0.014613683132741327,0.023768705506319918,1
2022-12-31,92.39242311927852,107.69839275667204,90.90820887956036,104.49805450439453,2693530305,44214600000.0,1972400000.0,179119800000.0,11174700000.0,110128000000.0,506900000.0,0.29613632,632.04,76.221,12471847611,TATASTEEL.NS,0.10147010751125962,0.014613683132741327,0.023768705506319918,0
2023-03-31,106.12141807598307,115.30500187809137,94.2013148215229,96.93783569335938,3109315747,44214600000.0,1972400000.0,179119800000.0,11174700000.0,110128000000.0,506900000.0,0.29613632,632.04,76.221,12471847611,TATASTEEL.NS,0.10147010751125962,0.014613683132741327,0.023768705506319918,1
2023-06-30,97.4944148790524,107.47762811050997,95.73190578603526,107.28604125976562,1868480666,44214600000.0,1972400000.0,179119800000.0,11174700000.0,110128000000.0,506900000.0,0.29613632,632.04,76.221,12471847611,TATASTEEL.NS,0.10147010751125962,0.014613683132741327,0.023768705506319918,1
2023-09-30,107.52552916192752,129.31800171034126,106.56761798814367,123.47473907470703,2331049528,44214600000.0,1972400000.0,179119800000.0,11174700000.0,110128000000.0,506900000.0,0.29613632,632.04,76.221,12471847611,TATASTEEL.NS,0.10147010751125962,0.014613683132741327,0.023768705506319918,1
2023-12-31,123.57053625583649,135.30494322440936,109.77662142718634,133.72439575195312,1825313560,44214600000.0,1972400000.0,179119800000.0,11174700000.0,110128000000.0,506900000.0,0.29613632,632.04,76.221,12471847611,TATASTEEL.NS,0.10147010751125962,0.014613683132741327,0.023768705506319918,1
2024-03-31,134.10756327460035,152.45155612938402,122.8042120084954,149.29046630859375,3040429883,44214600000.0,1972400000.0,179119800000.0,11174700000.0,110128000000.0,506900000.0,0.29613632,632.04,76.221,12471847611,TATASTEEL.NS,0.10147010751125962,0.014613683132741327,0.023768705506319918,1
2024-06-30,150.20047590370478,176.83039789776666,141.91452135121878,170.04446411132812,3153979194,44214600000.0,1972400000.0,179119800000.0,11174700000.0,110128000000.0,506900000.0,0.29613632,632.04,76.221,12471847611,TATASTEEL.NS,0.10147010751125962,0.014613683132741327,0.023768705506319918,0
2024-09-30,170.52329715532775,174.12921641052586,139.10597514494546,164.70889282226562,2900896148,44214600000.0,1972400000.0,2808406900000.0,993917600000.0,901470800000.0,87111400000.0,0.29613632,632.04,76.221,12471847611,TATASTEEL.NS,1.102551075420302,0.014613683132741327,0.023768705506319918,0
2024-12-31,165.6274712369101,166.11608162848148,132.98863039970797,134.90396118164062,2297139858,532312800000.0,3266400000.0,2808406900000.0,993917600000.0,901470800000.0,87111400000.0,0.29613632,632.04,76.221,12471847611,TATASTEEL.NS,1.102551075420302,0.014613683132741327,0.023768705506319918,1
2025-03-31,134.95283250600994,156.45147500190663,119.82559942608383,150.72500610351562,2022377722,557069900000.0,13008100000.0,2793948000000.0,948010500000.0,911696300000.0,96049600000.0,0.29613632,632.04,76.221,12471847611,TATASTEEL.NS,1.0398314658071992,0.004655813207690336,0.014268018856717966,1
2025-06-30,148.60446419671834,163.3000030517578,122.44452351663803,159.75999450683594,2122714715,527440700000.0,20776800000.0,2793948000000.0,948010500000.0,911696300000.0,96049600000.0,0.29613632,632.04,76.221,12471847611,TATASTEEL.NS,1.0398314658071992,0.004655813207690336,0.014268018856717966,1
2025-09-30,160.00999450683594,174.44000244140625,152.50999450683594,168.77000427246094,1450918895,582160400000.0,31017500000.0,2855653200000.0,956431300000.0,949473000000.0,66948000000.0,0.29613632,632.04,76.221,12471847611,TATASTEEL.NS,1.0073285917556372,0.01086178811908953,0.03266812221095281,1
2025-12-31,169.0,186.94000244140625,160.05999755859375,180.0800018310547,1574139137,566460500000.0,26887000000.0,2855653200000.0,956431300000.0,949473000000.0,66948000000.0,0.29613632,632.04,76.221,12471847611,TATASTEEL.NS,1.0073285917556372,0.01086178811908953,0.03266812221095281,1
2026-03-31,180.60000610351562,216.4499969482422,177.3300018310547,187.1699981689453,1860504988,566460500000.0,26887000000.0,2855653200000.0,956431300000.0,949473000000.0,66948000000.0,0.29613632,632.04,76.221,12471847611,TATASTEEL.NS,1.0073285917556372,0.01086178811908953,0.03266812221095281,0
2016-03-31,32.52669730287323,33.15123639297686,29.049526760482287,30.33237075805664,133917657,566460500000.0,26887000000.0,2855653200000.0,956431300000.0,949473000000.0,66948000000.0,17.922565,36.03,102.928,3908170671,VEDL.NS,1.0073285917556372,0.01086178811908953,0.03266812221095281,1
2016-06-30,30.298607465038227,44.89932642187459,28.627539612119584,44.544857025146484,1014587506,566460500000.0,26887000000.0,2855653200000.0,956431300000.0,949473000000.0,66948000000.0,17.922565,36.03,102.928,3908170671,VEDL.NS,1.0073285917556372,0.01086178811908953,0.03266812221095281,1
2016-09-30,44.882449856660486,61.03608535789938,44.71365538171916,58.08218002319336,853129767,566460500000.0,26887000000.0,2855653200000.0,956431300000.0,949473000000.0,66948000000.0,17.922565,36.03,102.928,3908170671,VEDL.NS,1.0073285917556372,0.01086178811908953,0.03266812221095281,1
2016-12-31,58.689829737532214,84.63768899965662,58.47039387148962,73.57504272460938,805296496,566460500000.0,26887000000.0,2855653200000.0,956431300000.0,949473000000.0,66948000000.0,17.922565,36.03,102.928,3908170671,VEDL.NS,1.0073285917556372,0.01086178811908953,0.03266812221095281,1
2017-03-31,73.67716587848926,94.66213514519157,73.01340865675763,93.58991241455078,649611734,566460500000.0,26887000000.0,2855653200000.0,956431300000.0,949473000000.0,66948000000.0,17.922565,36.03,102.928,3908170671,VEDL.NS,1.0073285917556372,0.01086178811908953,0.03266812221095281,0
2017-06-30,93.98137873194732,95.56269317951921,79.27153550473005,90.66622924804688,786119079,566460500000.0,26887000000.0,2855653200000.0,956431300000.0,949473000000.0,66948000000.0,17.922565,36.03,102.928,3908170671,VEDL.NS,1.0073285917556372,0.01086178811908953,0.03266812221095281,1
2017-09-30,91.37613115598077,121.82876943147821,91.15769993522686,114.40218353271484,646692531,566460500000.0,26887000000.0,2855653200000.0,956431300000.0,949473000000.0,66948000000.0,17.922565,36.03,102.928,3908170671,VEDL.NS,1.0073285917556372,0.01086178811908953,0.03266812221095281,1
2017-12-31,115.80379340176684,126.10633630867396,101.07802296845684,120.09955596923828,516277783,566460500000.0,26887000000.0,2855653200000.0,956431300000.0,949473000000.0,66948000000.0,17.922565,36.03,102.928,3908170671,VEDL.NS,1.0073285917556372,0.01086178811908953,0.03266812221095281,0
2018-03-31,120.50000182852283,129.49199357748006,105.09032491203978,108.64871215820312,639084304,566460500000.0,26887000000.0,2855653200000.0,956431300000.0,949473000000.0,66948000000.0,17.922565,36.03,102.928,3908170671,VEDL.NS,1.0073285917556372,0.01086178811908953,0.03266812221095281,0
2018-06-30,111.05357127027722,122.58907935803629,86.65308001908525,92.3621826171875,911816942,566460500000.0,26887000000.0,2855653200000.0,956431300000.0,949473000000.0,66948000000.0,17.922565,36.03,102.928,3908170671,VEDL.NS,1.0073285917556372,0.01086178811908953,0.03266812221095281,0
2018-09-30,91.79516952937277,96.50712541529414,78.46090892567663,90.83712768554688,873745974,566460500000.0,26887000000.0,2855653200000.0,956431300000.0,949473000000.0,66948000000.0,17.922565,36.03,102.928,3908170671,VEDL.NS,1.0073285917556372,0.01086178811908953,0.03266812221095281,0
2018-12-31,89.93777706360945,96.54622394837459,77.52244260665728,85.60943603515625,851646342,566460500000.0,26887000000.0,2855653200000.0,956431300000.0,949473000000.0,66948000000.0,17.922565,36.03,102.928,3908170671,VEDL.NS,1.0073285917556372,0.01086178811908953,0.03266812221095281,0
2019-03-31,85.73645389905461,85.88464294675069,61.73024115547724,76.17428588867188,766244369,566460500000.0,26887000000.0,2855653200000.0,956431300000.0,949473000000.0,66948000000.0,17.922565,36.03,102.928,3908170671,VEDL.NS,1.0073285917556372,0.01086178811908953,0.03266812221095281,0
2019-06-30,80.17442443292757,83.46868913070799,65.37168944327568,74.5913314819336,614728963,566460500000.0,26887000000.0,2855653200000.0,956431300000.0,949473000000.0,66948000000.0,17.922565,36.03,102.928,3908170671,VEDL.NS,1.0073285917556372,0.01086178811908953,0.03266812221095281,0
2019-09-30,75.72506529367668,75.7892364665859,53.606490260703225,65.94924926757812,710764785,566460500000.0,26887000000.0,2855653200000.0,956431300000.0,949473000000.0,66948000000.0,17.922565,36.03,102.928,3908170671,VEDL.NS,1.0073285917556372,0.01086178811908953,0.03266812221095281,0
2019-12-31,66.05621964144105,69.73551009910013,58.419537713034636,65.22193908691406,827688981,566460500000.0,26887000000.0,2855653200000.0,956431300000.0,949473000000.0,66948000000.0,17.922565,36.03,102.928,3908170671,VEDL.NS,1.0073285917556372,0.01086178811908953,0.03266812221095281,0
2020-03-31,65.37168284976863,71.06176632380283,26.6251073364368,28.615358352661133,1266707273,566460500000.0,26887000000.0,2855653200000.0,956431300000.0,949473000000.0,66948000000.0,17.922565,36.03,102.928,3908170671,VEDL.NS,1.0073285917556372,0.01086178811908953,0.03266812221095281,1
2020-06-30,28.74803237128274,50.19849761219811,27.509654832155693,47.05832290649414,2077986928,566460500000.0,26887000000.0,2855653200000.0,956431300000.0,949473000000.0,66948000000.0,17.922565,36.03,102.928,3908170671,VEDL.NS,1.0073285917556372,0.01086178811908953,0.03266812221095281,1
2020-09-30,47.05832679557183,62.582267634913805,45.84206177896754,60.547794342041016,1255594223,566460500000.0,26887000000.0,2855653200000.0,956431300000.0,949473000000.0,66948000000.0,17.922565,36.03,102.928,3908170671,VEDL.NS,1.0073285917556372,0.01086178811908953,0.03266812221095281,1
2020-12-31,60.85738418461341,83.2088147517997,40.75586960351227,78.67546081542969,2761683852,566460500000.0,26887000000.0,2855653200000.0,956431300000.0,949473000000.0,66948000000.0,17.922565,36.03,102.928,3908170671,VEDL.NS,1.0073285917556372,0.01086178811908953,0.03266812221095281,1
2021-03-31,78.87044696244499,112.94363851616706,77.99302395534843,111.5056381225586,1137807051,566460500000.0,26887000000.0,2855653200000.0,956431300000.0,949473000000.0,66948000000.0,17.922565,36.03,102.928,3908170671,VEDL.NS,1.0073285917556372,0.01086178811908953,0.03266812221095281,1
2021-06-30,111.74938373462574,144.43328787504385,102.24397432594192,128.1279296875,966209280,566460500000.0,26887000000.0,2855653200000.0,956431300000.0,949473000000.0,66948000000.0,17.922565,36.03,102.928,3908170671,VEDL.NS,1.0073285917556372,0.01086178811908953,0.03266812221095281,1
2021-09-30,128.78595428270523,166.4419984507802,124.30140323062102,149.05650329589844,942391240,566460500000.0,26887000000.0,2855653200000.0,956431300000.0,949473000000.0,66948000000.0,17.922565,36.03,102.928,3908170671,VEDL.NS,1.0073285917556372,0.01086178811908953,0.03266812221095281,1
2021-12-31,148.09787571082492,199.96842869836217,146.72468297647015,183.74404907226562,1364738744,566460500000.0,26887000000.0,2855653200000.0,956431300000.0,949473000000.0,66948000000.0,17.922565,36.03,102.928,3908170671,VEDL.NS,1.0073285917556372,0.01086178811908953,0.03266812221095281,1
2022-03-31,183.6363462556621,232.96343204914794,165.4342606830611,224.8792724609375,784491585,566460500000.0,26887000000.0,2855653200000.0,956431300000.0,949473000000.0,66948000000.0,17.922565,36.03,102.928,3908170671,VEDL.NS,1.0073285917556372,0.01086178811908953,0.03266812221095281,0
2022-06-30,225.9663833451584,245.73082927048105,130.6376610883577,134.8088836669922,827819247,566460500000.0,26887000000.0,2855653200000.0,956431300000.0,949473000000.0,66948000000.0,17.922565,36.03,102.928,3908170671,VEDL.NS,1.0073285917556372,0.01086178811908953,0.03266812221095281,1
2022-09-30,133.66030525531966,209.85277109755634,124.5319860810173,176.59938049316406,966236846,566460500000.0,26887000000.0,2855653200000.0,956431300000.0,949473000000.0,66948000000.0,17.922565,36.03,102.928,3908170671,VEDL.NS,1.0073285917556372,0.01086178811908953,0.03266812221095281,1
2022-12-31,177.22060540914535,223.2854242785925,173.6892763038293,213.72190856933594,731332428,566460500000.0,26887000000.0,2855653200000.0,956431300000.0,949473000000.0,66948000000.0,17.922565,36.03,102.928,3908170671,VEDL.NS,1.0073285917556372,0.01086178811908953,0.03266812221095281,0
2023-03-31,214.79611418586856,236.14059275116662,188.7459581459379,197.7527313232422,678299363,566460500000.0,26887000000.0,2855653200000.0,956431300000.0,949473000000.0,66948000000.0,17.922565,36.03,102.928,3908170671,VEDL.NS,1.0073285917556372,0.01086178811908953,0.03266812221095281,1
2023-06-30,200.27463498235386,238.56768877052696,199.30189899483335,229.8834686279297,442141344,566460500000.0,26887000000.0,2855653200000.0,956431300000.0,949473000000.0,66948000000.0,17.922565,36.03,102.928,3908170671,VEDL.NS,1.0073285917556372,0.01086178811908953,0.03266812221095281,0
2023-09-30,231.0000039611382,236.8721699815625,172.03007083563966,184.0639190673828,812938941,566460500000.0,26887000000.0,2855653200000.0,956431300000.0,949473000000.0,66948000000.0,17.922565,36.03,102.928,3908170671,VEDL.NS,1.0073285917556372,0.01086178811908953,0.03266812221095281,1
2023-12-31,190.22558540848456,224.04113165983765,174.67669662572467,223.22093200683594,579312445,566460500000.0,26887000000.0,2855653200000.0,956431300000.0,949473000000.0,66948000000.0,17.922565,36.03,102.928,3908170671,VEDL.NS,1.0073285917556372,0.01086178811908953,0.03266812221095281,1
2024-03-31,223.2209320263334,249.72602675249982,215.40759303772757,234.5309295654297,691335817,566460500000.0,26887000000.0,2855653200000.0,956431300000.0,949473000000.0,66948000000.0,17.922565,36.03,102.928,3908170671,VEDL.NS,1.0073285917556372,0.01086178811908953,0.03266812221095281,1
2024-06-30,236.12816488514778,437.5061654750816,235.9986665907389,401.3026123046875,1291505836,566460500000.0,26887000000.0,2855653200000.0,956431300000.0,949473000000.0,66948000000.0,17.922565,36.03,102.928,3908170671,VEDL.NS,1.0073285917556372,0.01086178811908953,0.03266812221095281,1
2024-09-30,403.95440595073086,488.2540783541889,360.5457013748086,477.99761962890625,1015035343,371710000000.0,43520000000.0,2051750000000.0,797490000000.0,374880000000.0,76690000000.0,17.922565,36.03,102.928,3908170671,VEDL.NS,2.127320742637644,0.021211161203850373,0.11609048228766539,0
2024-12-31,475.8064117121507,491.33100228636135,401.16739059071375,421.98760986328125,610715522,167420000000.0,35470000000.0,2051750000000.0,797490000000.0,374880000000.0,76690000000.0,17.922565,36.03,102.928,3908170671,VEDL.NS,2.127320742637644,0.021211161203850373,0.11609048228766539,1
2025-03-31,422.2724363415491,451.99053620318296,369.5299639053962,439.9798889160156,492088909,397890000000.0,34830000000.0,2032930000000.0,751850000000.0,382990000000.0,39930000000.0,17.922565,36.03,102.928,3908170671,VEDL.NS,1.9631060863207916,0.017132906691327297,0.09094232225384474,1
2025-06-30,434.852793516022,454.2644886602931,344.6540750615777,444.4751281738281,596865626,374340000000.0,31850000000.0,2032930000000.0,751850000000.0,382990000000.0,39930000000.0,17.922565,36.03,102.928,3908170671,VEDL.NS,1.9631060863207916,0.017132906691327297,0.09094232225384474,1
2025-09-30,445.5842832440022,471.0,405.70350980413184,465.79998779296875,547475527,374340000000.0,31850000000.0,2032930000000.0,751850000000.0,382990000000.0,39930000000.0,17.922565,36.03,102.928,3908170671,VEDL.NS,1.9631060863207916,0.017132906691327297,0.09094232225384474,1
2025-12-31,468.54998779296875,616.0,458.5,604.4000244140625,724621489,229790000000.0,57100000000.0,2032930000000.0,751850000000.0,382990000000.0,39930000000.0,17.922565,36.03,102.928,3908170671,VEDL.NS,1.9631060863207916,0.017132906691327297,0.09094232225384474,1
2026-03-31,603.0,769.7999877929688,595.0,645.75,896158706,229790000000.0,57100000000.0,2032930000000.0,751850000000.0,382990000000.0,39930000000.0,17.922565,36.03,102.928,3908170671,VEDL.NS,1.9631060863207916,0.017132906691327297,0.09094232225384474,0
2016-03-31,82.82460902624857,90.47780686565703,80.1459800093774,83.93006896972656,2586036,229790000000.0,57100000000.0,2032930000000.0,751850000000.0,382990000000.0,39930000000.0,10.470596,73.63,310.136,263703928,WELCORP.NS,1.9631060863207916,0.017132906691327297,0.09094232225384474,0
2016-06-30,83.71748432841228,96.47283018188627,58.887105764697495,68.008056640625,38177810,229790000000.0,57100000000.0,2032930000000.0,751850000000.0,382990000000.0,39930000000.0,10.470596,73.63,310.136,263703928,WELCORP.NS,1.9631060863207916,0.017132906691327297,0.09094232225384474,0
2016-09-30,68.39300576352385,78.70114637284557,59.11140450283221,59.7957649230957,34721549,229790000000.0,57100000000.0,2032930000000.0,751850000000.0,382990000000.0,39930000000.0,10.470596,73.63,310.136,263703928,WELCORP.NS,1.9631060863207916,0.017132906691327297,0.09094232225384474,1
2016-12-31,59.881311163202035,75.66430573373064,47.09237153417722,64.3724136352539,33751078,229790000000.0,57100000000.0,2032930000000.0,751850000000.0,382990000000.0,39930000000.0,10.470596,73.63,310.136,263703928,WELCORP.NS,1.9631060863207916,0.017132906691327297,0.09094232225384474,1
2017-03-31,64.62904062479326,79.04332841597497,64.32962887404138,70.65994262695312,23448410,229790000000.0,57100000000.0,2032930000000.0,751850000000.0,382990000000.0,39930000000.0,10.470596,73.63,310.136,263703928,WELCORP.NS,1.9631060863207916,0.017132906691327297,0.09094232225384474,1
2017-06-30,70.40330607449067,94.3184489513883,68.99183991800197,92.55589294433594,40560433,229790000000.0,57100000000.0,2032930000000.0,751850000000.0,382990000000.0,39930000000.0,10.470596,73.63,310.136,263703928,WELCORP.NS,1.9631060863207916,0.017132906691327297,0.09094232225384474,1
2017-09-30,90.27745159610728,125.52864121173606,88.6438517930895,113.74958801269531,46603635,229790000000.0,57100000000.0,2032930000000.0,751850000000.0,382990000000.0,39930000000.0,10.470596,73.63,310.136,263703928,WELCORP.NS,1.9631060863207916,0.017132906691327297,0.09094232225384474,1
2017-12-31,114.78133586315289,142.2944744012962,106.61337286316522,116.71585083007812,32924037,229790000000.0,57100000000.0,2032930000000.0,751850000000.0,382990000000.0,39930000000.0,10.470596,73.63,310.136,263703928,WELCORP.NS,1.9631060863207916,0.017132906691327297,0.09094232225384474,0
2018-03-31,116.93078723254504,169.50666453744236,103.86206643411982,115.98503875732422,48128010,229790000000.0,57100000000.0,2032930000000.0,751850000000.0,382990000000.0,39930000000.0,10.470596,73.63,310.136,263703928,WELCORP.NS,1.9631060863207916,0.017132906691327297,0.09094232225384474,0
2018-06-30,116.93079714836556,135.20122659009675,96.7299309249028,102.21172332763672,22147287,229790000000.0,57100000000.0,2032930000000.0,751850000000.0,382990000000.0,39930000000.0,10.470596,73.63,310.136,263703928,WELCORP.NS,1.9631060863207916,0.017132906691327297,0.09094232225384474,1
2018-09-30,103.16132982041518,161.00073176699135,88.70146684902838,107.26187133789062,67081711,229790000000.0,57100000000.0,2032930000000.0,751850000000.0,382990000000.0,39930000000.0,10.470596,73.63,310.136,263703928,WELCORP.NS,1.9631060863207916,0.017132906691327297,0.09094232225384474,1
2018-12-31,107.90933741489694,141.49072092649834,98.6722872538571,120.25416564941406,35715006,229790000000.0,57100000000.0,2032930000000.0,751850000000.0,382990000000.0,39930000000.0,10.470596,73.63,310.136,263703928,WELCORP.NS,1.9631060863207916,0.017132906691327297,0.09094232225384474,0
2019-03-31,119.64985731822624,122.36916686851693,74.93224750755222,113.69327545166016,38583286,229790000000.0,57100000000.0,2032930000000.0,751850000000.0,382990000000.0,39930000000.0,10.470596,73.63,310.136,263703928,WELCORP.NS,1.9631060863207916,0.017132906691327297,0.09094232225384474,1
2019-06-30,123.44828346163462,131.21772590005398,108.51361232435501,121.2469253540039,32582759,229790000000.0,57100000000.0,2032930000000.0,751850000000.0,382990000000.0,39930000000.0,10.470596,73.63,310.136,263703928,WELCORP.NS,1.9631060863207916,0.017132906691327297,0.09094232225384474,0
2019-09-30,121.0742715835074,129.49119955455336,90.18121719100108,115.69359588623047,28854338,229790000000.0,57100000000.0,2032930000000.0,751850000000.0,382990000000.0,39930000000.0,10.470596,73.63,310.136,263703928,WELCORP.NS,1.9631060863207916,0.017132906691327297,0.09094232225384474,1
2019-12-31,116.38662374666455,134.10233742194632,103.86866466258735,124.96293640136719,53372827,229790000000.0,57100000000.0,2032930000000.0,751850000000.0,382990000000.0,39930000000.0,10.470596,73.63,310.136,263703928,WELCORP.NS,1.9631060863207916,0.017132906691327297,0.09094232225384474,0
2020-03-31,124.39985298010566,202.6695036913781,54.32493342309876,56.27482604980469,88690470,229790000000.0,57100000000.0,2032930000000.0,751850000000.0,382990000000.0,39930000000.0,10.470596,73.63,310.136,263703928,WELCORP.NS,1.9631060863207916,0.017132906691327297,0.09094232225384474,1
2020-06-30,57.136400495256694,81.07927306705581,49.88099003697301,72.32743072509766,72336497,229790000000.0,57100000000.0,2032930000000.0,751850000000.0,382990000000.0,39930000000.0,10.470596,73.63,310.136,263703928,WELCORP.NS,1.9631060863207916,0.017132906691327297,0.09094232225384474,1
2020-09-30,72.59952473518779,109.83140341209742,70.24150849249288,103.63345336914062,80584172,229790000000.0,57100000000.0,2032930000000.0,751850000000.0,382990000000.0,39930000000.0,10.470596,73.63,310.136,263703928,WELCORP.NS,1.9631060863207916,0.017132906691327297,0.09094232225384474,1
2020-12-31,104.81834637313743,128.78986944913933,90.23494200209669,121.31586456298828,96848893,229790000000.0,57100000000.0,2032930000000.0,751850000000.0,382990000000.0,39930000000.0,10.470596,73.63,310.136,263703928,WELCORP.NS,1.9631060863207916,0.017132906691327297,0.09094232225384474,1
2021-03-31,120.76897740817341,132.61799587916576,107.1881540099452,126.10105895996094,68002863,229790000000.0,57100000000.0,2032930000000.0,751850000000.0,382990000000.0,39930000000.0,10.470596,73.63,310.136,263703928,WELCORP.NS,1.9631060863207916,0.017132906691327297,0.09094232225384474,1
2021-06-30,128.24298369177015,151.21187049783174,121.68044857516908,130.4304962158203,119541131,229790000000.0,57100000000.0,2032930000000.0,751850000000.0,382990000000.0,39930000000.0,10.470596,73.63,310.136,263703928,WELCORP.NS,1.9631060863207916,0.017132906691327297,0.09094232225384474,1
2021-09-30,130.79508298576908,146.47226352700557,100.21215021206244,137.1349334716797,147340549,229790000000.0,57100000000.0,2032930000000.0,751850000000.0,382990000000.0,39930000000.0,10.470596,73.63,310.136,263703928,WELCORP.NS,1.9631060863207916,0.017132906691327297,0.09094232225384474,1
2021-12-31,136.33017543979457,183.66704459174204,116.54335800468729,168.9452667236328,240630219,229790000000.0,57100000000.0,2032930000000.0,751850000000.0,382990000000.0,39930000000.0,10.470596,73.63,310.136,263703928,WELCORP.NS,1.9631060863207916,0.017132906691327297,0.09094232225384474,0
2022-03-31,167.5725092505604,186.79127836292594,128.28291627080273,158.4838409423828,83989996,229790000000.0,57100000000.0,2032930000000.0,751850000000.0,382990000000.0,39930000000.0,10.470596,73.63,310.136,263703928,WELCORP.NS,1.9631060863207916,0.017132906691327297,0.09094232225384474,1
2022-06-30,159.38323121564653,237.29971207727334,151.24129866284892,211.66078186035156,155485538,229790000000.0,57100000000.0,2032930000000.0,751850000000.0,382990000000.0,39930000000.0,10.470596,73.63,310.136,263703928,WELCORP.NS,1.9631060863207916,0.017132906691327297,0.09094232225384474,1
2022-09-30,209.87154800543843,288.6942772867141,195.79950949073665,256.3914489746094,106651113,229790000000.0,57100000000.0,2032930000000.0,751850000000.0,382990000000.0,39930000000.0,10.470596,73.63,310.136,263703928,WELCORP.NS,1.9631060863207916,0.017132906691327297,0.09094232225384474,0
2022-12-31,255.76283802838785,269.73812573533246,194.9774350484008,229.1661834716797,59715985,229790000000.0,57100000000.0,2032930000000.0,751850000000.0,382990000000.0,39930000000.0,10.470596,73.63,310.136,263703928,WELCORP.NS,1.9631060863207916,0.017132906691327297,0.09094232225384474,0
2023-03-31,224.95908790853883,234.7756541566678,171.81418854535565,193.91355895996094,44010359,229790000000.0,57100000000.0,2032930000000.0,751850000000.0,382990000000.0,39930000000.0,10.470596,73.63,310.136,263703928,WELCORP.NS,1.9631060863207916,0.017132906691327297,0.09094232225384474,1
2023-06-30,194.3971418193015,274.67057687929326,194.3971418193015,257.2033996582031,51629273,229790000000.0,57100000000.0,2032930000000.0,751850000000.0,382990000000.0,39930000000.0,10.470596,73.63,310.136,263703928,WELCORP.NS,1.9631060863207916,0.017132906691327297,0.09094232225384474,1
2023-09-30,258.23829470012345,400.8607514087159,258.23829470012345,387.8995666503906,104063968,229790000000.0,57100000000.0,2032930000000.0,751850000000.0,382990000000.0,39930000000.0,10.470596,73.63,310.136,263703928,WELCORP.NS,1.9631060863207916,0.017132906691327297,0.09094232225384474,1
2023-12-31,388.7373244351427,561.2247979782827,370.7493599584329,540.2799072265625,84588923,229790000000.0,57100000000.0,2032930000000.0,751850000000.0,382990000000.0,39930000000.0,10.470596,73.63,310.136,263703928,WELCORP.NS,1.9631060863207916,0.017132906691327297,0.09094232225384474,0
2024-03-31,540.13204038885,614.9422873426487,463.15332166812925,508.0000915527344,49838490,229790000000.0,57100000000.0,2032930000000.0,751850000000.0,382990000000.0,39930000000.0,10.470596,73.63,310.136,263703928,WELCORP.NS,1.9631060863207916,0.017132906691327297,0.09094232225384474,1
2024-06-30,520.4191793866108,621.9403308448602,433.8304652920887,546.1041259765625,78147646,229790000000.0,57100000000.0,2032930000000.0,751850000000.0,382990000000.0,39930000000.0,10.470596,73.63,310.136,263703928,WELCORP.NS,1.9631060863207916,0.017132906691327297,0.09094232225384474,1
2024-09-30,546.1041562669886,765.172380341845,541.9266784896888,762.1884765625,81724320,33018300000.0,2869500000.0,126815600000.0,22616600000.0,60377100000.0,5094300000.0,10.470596,73.63,310.136,263703928,WELCORP.NS,0.3745890412093327,0.022627342377436216,0.04752629722195998,1
2024-12-31,762.8847774798313,820.0265385377627,646.661737732767,809.4336547851562,44478593,36135100000.0,6747000000.0,126815600000.0,22616600000.0,60377100000.0,5094300000.0,10.470596,73.63,310.136,263703928,WELCORP.NS,0.3745890412093327,0.022627342377436216,0.04752629722195998,1
2025-03-31,808.6876974569947,895.171178583789,662.4266722447584,865.1331787109375,51223974,32692500000.0,6983100000.0,152369200000.0,10826400000.0,74627200000.0,11471200000.0,10.470596,73.63,310.136,263703928,WELCORP.NS,0.14507311007246687,0.04583012839865275,0.09357312079241885,1
2025-06-30,856.3804200631954,988.6667984808635,660.7357860357555,919.5397338867188,71239430,35514900000.0,3504200000.0,152369200000.0,10826400000.0,74627200000.0,11471200000.0,10.470596,73.63,310.136,263703928,WELCORP.NS,0.14507311007246687,0.04583012839865275,0.09357312079241885,0
2025-09-30,926.9994570338354,949.8760870524387,821.4500122070312,857.3499755859375,33390620,35514900000.0,3504200000.0,152369200000.0,10826400000.0,74627200000.0,11471200000.0,10.470596,73.63,310.136,263703928,WELCORP.NS,0.14507311007246687,0.04583012839865275,0.09357312079241885,0
2025-12-31,851.4000244140625,992.7999877929688,775.0,814.4000244140625,44946121,45324800000.0,4525900000.0,152369200000.0,10826400000.0,74627200000.0,11471200000.0,10.470596,73.63,310.136,263703928,WELCORP.NS,0.14507311007246687,0.04583012839865275,0.09357312079241885,0
2026-03-31,812.0,869.7999877929688,710.0,770.9500122070312,29830048,45324800000.0,4525900000.0,152369200000.0,10826400000.0,74627200000.0,11471200000.0,10.470596,73.63,310.136,263703928,WELCORP.NS,0.14507311007246687,0.04583012839865275,0.09357312079241885,0
