Date,open,high,low,close,volume,Revenue,NetIncome,TotalAssets,TotalDebt,Equity,Cash,PE,EPS,BookValue,SharesOutstanding,Ticker,Debt_Equity,ROA,ROE,Label
2016-03-31,4170.01943250465,4319.31714688241,4080.236006548541,4182.6416015625,8770,,,,,,,35.595562,715.96,1887.476,21249302.0,ABBOTINDIA.NS,,,,0
2016-06-30,4182.641742661175,4311.360886618442,3870.179595449309,4103.43701171875,129464,,,,,,,35.595562,715.96,1887.476,21249302.0,ABBOTINDIA.NS,,,,1
2016-09-30,4098.01495878988,4325.209550708643,4039.637167807945,4248.86865234375,179749,,,,,,,35.595562,715.96,1887.476,21249302.0,ABBOTINDIA.NS,,,,0
2016-12-31,4248.197009736405,4513.261826482371,3950.0002753366384,4228.76513671875,139978,,,,,,,35.595562,715.96,1887.476,21249302.0,ABBOTINDIA.NS,,,,0
2017-03-31,4217.392008900945,4334.164550678059,3904.329355126679,4157.39404296875,667446,,,,,,,35.595562,715.96,1887.476,21249302.0,ABBOTINDIA.NS,,,,0
2017-06-30,4127.350609411459,4334.164537824367,3571.207701309043,3826.153564453125,241479,,,,,,,35.595562,715.96,1887.476,21249302.0,ABBOTINDIA.NS,,,,0
2017-09-30,3814.825040929554,4176.097146993404,3616.572114128231,3824.51806640625,222787,,,,,,,35.595562,715.96,1887.476,21249302.0,ABBOTINDIA.NS,,,,1
2017-12-31,3819.0492433990516,5151.3778133059195,3706.0601263866483,4994.09619140625,472673,,,,,,,35.595562,715.96,1887.476,21249302.0,ABBOTINDIA.NS,,,,0
2018-03-31,4994.141504265949,5567.2255225200415,4735.485887244098,4929.01416015625,289099,,,,,,,35.595562,715.96,1887.476,21249302.0,ABBOTINDIA.NS,,,,1
2018-06-30,4926.34693083014,7095.748698035284,4908.042614252286,6542.73193359375,622216,,,,,,,35.595562,715.96,1887.476,21249302.0,ABBOTINDIA.NS,,,,1
2018-09-30,6543.455726034414,8034.378789409561,6360.909321655145,7081.09912109375,696081,,,,,,,35.595562,715.96,1887.476,21249302.0,ABBOTINDIA.NS,,,,0
2018-12-31,7087.065638278675,7276.445876069361,6285.362796207139,6847.0830078125,246647,,,,,,,35.595562,715.96,1887.476,21249302.0,ABBOTINDIA.NS,,,,0
2019-03-31,6877.461929450651,7583.4266628421,6514.187424707928,6626.8671875,337287,,,,,,,35.595562,715.96,1887.476,21249302.0,ABBOTINDIA.NS,,,,1
2019-06-30,6695.278219297991,8193.745337978102,6522.202860407938,8096.23095703125,371692,,,,,,,35.595562,715.96,1887.476,21249302.0,ABBOTINDIA.NS,,,,1
2019-09-30,8107.20621274998,10090.806311754879,7540.612829661085,9722.470703125,639144,,,,,,,35.595562,715.96,1887.476,21249302.0,ABBOTINDIA.NS,,,,1
2019-12-31,9702.698737347217,12358.944144171977,9496.257527166616,11996.939453125,592213,,,,,,,35.595562,715.96,1887.476,21249302.0,ABBOTINDIA.NS,,,,1
2020-03-31,12084.195654947318,15487.617652876785,11181.316490893481,14176.583984375,1106809,,,,,,,35.595562,715.96,1887.476,21249302.0,ABBOTINDIA.NS,,,,1
2020-06-30,14244.709170511542,17138.909667201093,13948.031719643444,14438.4404296875,1224557,,,,,,,35.595562,715.96,1887.476,21249302.0,ABBOTINDIA.NS,,,,1
2020-09-30,14496.565386835515,16011.009583748923,13589.28362773535,15351.890625,893919,,,,,,,35.595562,715.96,1887.476,21249302.0,ABBOTINDIA.NS,,,,0
2020-12-31,15336.108037733387,15550.180515886213,14013.869170694275,14683.4609375,790303,,,,,,,35.595562,715.96,1887.476,21249302.0,ABBOTINDIA.NS,,,,0
2021-03-31,14712.233488862252,14770.805066662124,12998.725839998264,13951.7607421875,1164401,,,,,,,35.595562,715.96,1887.476,21249302.0,ABBOTINDIA.NS,,,,1
2021-06-30,13967.311080603233,15745.815238540883,13581.859986685307,15651.67578125,939441,,,,,,,35.595562,715.96,1887.476,21249302.0,ABBOTINDIA.NS,,,,1
2021-09-30,15666.994793255673,20689.753871691988,15503.71726970592,19410.52734375,1082234,,,,,,,35.595562,715.96,1887.476,21249302.0,ABBOTINDIA.NS,,,,0
2021-12-31,19393.213951329788,22642.791562345352,16727.4351686076,18434.076171875,1153346,,,,,,,35.595562,715.96,1887.476,21249302.0,ABBOTINDIA.NS,,,,0
2022-03-31,18494.95424383969,18561.17658640075,14676.764350403882,16747.48828125,1593351,,,,,,,35.595562,715.96,1887.476,21249302.0,ABBOTINDIA.NS,,,,1
2022-06-30,16782.633247936257,18116.54190208173,15325.741946319544,17747.96875,913279,,,,,,,35.595562,715.96,1887.476,21249302.0,ABBOTINDIA.NS,,,,1
2022-09-30,17691.205729993166,20041.136593542047,16612.411292340123,18351.943359375,1130881,,,,,,,35.595562,715.96,1887.476,21249302.0,ABBOTINDIA.NS,,,,1
2022-12-31,18351.94164236329,21275.295540044703,17259.64734373861,20488.349609375,941207,,,,,,,35.595562,715.96,1887.476,21249302.0,ABBOTINDIA.NS,,,,1
2023-03-31,20488.351233395995,21573.599981997955,19081.497602371543,21157.306640625,742562,,,,,,,35.595562,715.96,1887.476,21249302.0,ABBOTINDIA.NS,,,,1
2023-06-30,21332.92293159743,22531.50954318411,19757.550112205765,22455.90234375,728788,,,,,,,35.595562,715.96,1887.476,21249302.0,ABBOTINDIA.NS,,,,1
2023-09-30,22533.427599785817,24056.881173261696,21388.86461256042,22535.548828125,778655,,,,,,,35.595562,715.96,1887.476,21249302.0,ABBOTINDIA.NS,,,,0
2023-12-31,22599.229459105,23775.717479084167,21388.86432833067,22216.466796875,756881,,,,,,,35.595562,715.96,1887.476,21249302.0,ABBOTINDIA.NS,,,,1
2024-03-31,22217.195586322367,28815.610832418522,22088.862406845972,26367.416015625,1236514,,,,,,,35.595562,715.96,1887.476,21249302.0,ABBOTINDIA.NS,,,,1
2024-06-30,26517.3302483176,27659.689178744688,24499.97262903796,26856.732421875,927608,,,,,,,35.595562,715.96,1887.476,21249302.0,ABBOTINDIA.NS,,,,1
2024-09-30,27010.34466552225,30101.756313454967,26402.28026769474,28764.875,1013167,,,50630200000.0,605000000.0,35211100000.0,6376900000.0,35.595562,715.96,1887.476,21249302.0,ABBOTINDIA.NS,0.017182081786709304,,,1
2024-12-31,28650.96276864669,29676.528433086627,26542.42749604445,29332.470703125,619410,16142800000.0,3607800000.0,50630200000.0,605000000.0,35211100000.0,6376900000.0,35.595562,715.96,1887.476,21249302.0,ABBOTINDIA.NS,0.017182081786709304,,,1
2025-03-31,29420.443788293906,31460.777726523964,24977.130415708973,30298.56640625,940381,16024100000.0,3670400000.0,59173100000.0,1966700000.0,42331500000.0,5605900000.0,35.595562,715.96,1887.476,21249302.0,ABBOTINDIA.NS,0.04645949234021946,0.0620281851043802,0.0867061171940517,1
2025-06-30,30298.566172250445,36491.75796901832,27122.302474362346,35180.02734375,608473,17383500000.0,3658600000.0,59173100000.0,1966700000.0,42331500000.0,5605900000.0,35.595562,715.96,1887.476,21249302.0,ABBOTINDIA.NS,0.04645949234021946,0.0620281851043802,0.0867061171940517,0
2025-09-30,35184.95839362018,35461.1120273239,29060.0,29290.0,524095,17571500000.0,4152700000.0,56944600000.0,1824500000.0,40109100000.0,5911000000.0,35.595562,715.96,1887.476,21249302.0,ABBOTINDIA.NS,0.04548843030633946,0.07292526420415632,0.10353510799294922,0
2025-12-31,29500.0,30655.0,27430.0,29025.0,489490,17240400000.0,3759600000.0,56944600000.0,1824500000.0,40109100000.0,5911000000.0,35.595562,715.96,1887.476,21249302.0,ABBOTINDIA.NS,0.04548843030633946,0.07292526420415632,0.10353510799294922,0
2026-03-31,28860.0,28990.0,25420.0,25485.0,414452,17240400000.0,3759600000.0,56944600000.0,1824500000.0,40109100000.0,5911000000.0,35.595562,715.96,1887.476,21249302.0,ABBOTINDIA.NS,0.04548843030633946,0.07292526420415632,0.10353510799294922,0
2016-03-31,117.76002502441406,119.62456631673217,104.3157642884762,109.90936279296875,2484,17240400000.0,3759600000.0,56944600000.0,1824500000.0,40109100000.0,5911000000.0,35.595562,715.96,-70.319,11651200.0,AHLWEST.NS,0.04548843030633946,0.07292526420415632,0.10353510799294922,1
2016-06-30,110.00749127028229,155.98296740710438,109.95842908416233,152.40110778808594,65131,17240400000.0,3759600000.0,56944600000.0,1824500000.0,40109100000.0,5911000000.0,35.595562,715.96,-70.319,11651200.0,AHLWEST.NS,0.04548843030633946,0.07292526420415632,0.10353510799294922,1
2016-09-30,153.57871362882884,199.42568610450041,140.1409782586658,197.0069122314453,109737,17240400000.0,3759600000.0,56944600000.0,1824500000.0,40109100000.0,5911000000.0,35.595562,715.96,-70.319,11651200.0,AHLWEST.NS,0.04548843030633946,0.07292526420415632,0.10353510799294922,1
2016-12-31,192.51490745544433,221.09596724388737,167.83350365677165,210.53231811523438,93846,17240400000.0,3759600000.0,56944600000.0,1824500000.0,40109100000.0,5911000000.0,35.595562,715.96,-70.319,11651200.0,AHLWEST.NS,0.04548843030633946,0.07292526420415632,0.10353510799294922,1
2017-03-31,207.42247734647466,235.85544229717925,188.5165142909953,220.20742797851562,68577,17240400000.0,3759600000.0,56944600000.0,1824500000.0,40109100000.0,5911000000.0,35.595562,715.96,-70.319,11651200.0,AHLWEST.NS,0.04548843030633946,0.07292526420415632,0.10353510799294922,0
2017-06-30,217.1963085011592,243.85221103651185,148.08838268750935,164.97047424316406,51478,17240400000.0,3759600000.0,56944600000.0,1824500000.0,40109100000.0,5911000000.0,35.595562,715.96,-70.319,11651200.0,AHLWEST.NS,0.04548843030633946,0.07292526420415632,0.10353510799294922,0
2017-09-30,161.64322863623102,206.8338202876864,144.56020822034824,162.88473510742188,156301,17240400000.0,3759600000.0,56944600000.0,1824500000.0,40109100000.0,5911000000.0,35.595562,715.96,-70.319,11651200.0,AHLWEST.NS,0.04548843030633946,0.07292526420415632,0.10353510799294922,1
2017-12-31,159.95481460751097,332.4239252115455,159.40855174187655,267.17071533203125,410060,17240400000.0,3759600000.0,56944600000.0,1824500000.0,40109100000.0,5911000000.0,35.595562,715.96,-70.319,11651200.0,AHLWEST.NS,0.04548843030633946,0.07292526420415632,0.10353510799294922,0
2018-03-31,270.1006616050006,304.9122705388903,245.41963394709433,263.1979064941406,80897,17240400000.0,3759600000.0,56944600000.0,1824500000.0,40109100000.0,5911000000.0,35.595562,715.96,-70.319,11651200.0,AHLWEST.NS,0.04548843030633946,0.07292526420415632,0.10353510799294922,1
2018-06-30,272.68294057967876,421.1166653087619,236.38152154876823,309.8768615722656,272029,17240400000.0,3759600000.0,56944600000.0,1824500000.0,40109100000.0,5911000000.0,35.595562,715.96,-70.319,11651200.0,AHLWEST.NS,0.04548843030633946,0.07292526420415632,0.10353510799294922,0
2018-09-30,299.96277113345474,331.7973987003114,269.0747455074488,289.1021423339844,81949,17240400000.0,3759600000.0,56944600000.0,1824500000.0,40109100000.0,5911000000.0,35.595562,715.96,-70.319,11651200.0,AHLWEST.NS,0.04548843030633946,0.07292526420415632,0.10353510799294922,1
2018-12-31,261.10361462351995,323.82629642641643,254.07910117811625,299.0162353515625,32656,17240400000.0,3759600000.0,56944600000.0,1824500000.0,40109100000.0,5911000000.0,35.595562,715.96,-70.319,11651200.0,AHLWEST.NS,0.04548843030633946,0.07292526420415632,0.10353510799294922,1
2019-03-31,295.1801383141244,374.5923024041319,285.06679682211154,332.29559326171875,58418,17240400000.0,3759600000.0,56944600000.0,1824500000.0,40109100000.0,5911000000.0,35.595562,715.96,-70.319,11651200.0,AHLWEST.NS,0.04548843030633946,0.07292526420415632,0.10353510799294922,1
2019-06-30,348.73602345621737,393.4738694300519,304.8949290231814,339.021240234375,94935,17240400000.0,3759600000.0,56944600000.0,1824500000.0,40109100000.0,5911000000.0,35.595562,715.96,-70.319,11651200.0,AHLWEST.NS,0.04548843030633946,0.07292526420415632,0.10353510799294922,1
2019-09-30,335.4342170043689,395.0,239.13326600282585,341.8999938964844,95901,17240400000.0,3759600000.0,56944600000.0,1824500000.0,40109100000.0,5911000000.0,35.595562,715.96,-70.319,11651200.0,AHLWEST.NS,0.04548843030633946,0.07292526420415632,0.10353510799294922,1
2019-12-31,349.95001220703125,401.54998779296875,258.04998779296875,362.6499938964844,249273,17240400000.0,3759600000.0,56944600000.0,1824500000.0,40109100000.0,5911000000.0,35.595562,715.96,-70.319,11651200.0,AHLWEST.NS,0.04548843030633946,0.07292526420415632,0.10353510799294922,0
2020-03-31,346.04998779296875,399.95001220703125,224.25,281.95001220703125,133047,17240400000.0,3759600000.0,56944600000.0,1824500000.0,40109100000.0,5911000000.0,35.595562,715.96,-70.319,11651200.0,AHLWEST.NS,0.04548843030633946,0.07292526420415632,0.10353510799294922,0
2020-06-30,295.04998779296875,320.0,215.6999969482422,257.8999938964844,50982,17240400000.0,3759600000.0,56944600000.0,1824500000.0,40109100000.0,5911000000.0,35.595562,715.96,-70.319,11651200.0,AHLWEST.NS,0.04548843030633946,0.07292526420415632,0.10353510799294922,1
2020-09-30,261.54998779296875,295.0,235.0,271.3500061035156,135212,17240400000.0,3759600000.0,56944600000.0,1824500000.0,40109100000.0,5911000000.0,35.595562,715.96,-70.319,11651200.0,AHLWEST.NS,0.04548843030633946,0.07292526420415632,0.10353510799294922,0
2020-12-31,277.95001220703125,339.3999938964844,236.0,263.8500061035156,126459,17240400000.0,3759600000.0,56944600000.0,1824500000.0,40109100000.0,5911000000.0,35.595562,715.96,-70.319,11651200.0,AHLWEST.NS,0.04548843030633946,0.07292526420415632,0.10353510799294922,0
2021-03-31,260.1499938964844,287.5,200.89999389648438,225.39999389648438,168771,17240400000.0,3759600000.0,56944600000.0,1824500000.0,40109100000.0,5911000000.0,35.595562,715.96,-70.319,11651200.0,AHLWEST.NS,0.04548843030633946,0.07292526420415632,0.10353510799294922,0
2021-06-30,225.25,269.95001220703125,191.0,224.0,990172,17240400000.0,3759600000.0,56944600000.0,1824500000.0,40109100000.0,5911000000.0,35.595562,715.96,-70.319,11651200.0,AHLWEST.NS,0.04548843030633946,0.07292526420415632,0.10353510799294922,1
2021-09-30,227.0,319.3999938964844,221.0,276.54998779296875,798730,17240400000.0,3759600000.0,56944600000.0,1824500000.0,40109100000.0,5911000000.0,35.595562,715.96,-70.319,11651200.0,AHLWEST.NS,0.04548843030633946,0.07292526420415632,0.10353510799294922,0
2021-12-31,277.0,288.0,199.89999389648438,221.3000030517578,64827,17240400000.0,3759600000.0,56944600000.0,1824500000.0,40109100000.0,5911000000.0,35.595562,715.96,-70.319,11651200.0,AHLWEST.NS,0.04548843030633946,0.07292526420415632,0.10353510799294922,0
2022-03-31,221.0,221.0,145.39999389648438,145.39999389648438,89275,17240400000.0,3759600000.0,56944600000.0,1824500000.0,40109100000.0,5911000000.0,35.595562,715.96,-70.319,11651200.0,AHLWEST.NS,0.04548843030633946,0.07292526420415632,0.10353510799294922,0
2022-06-30,145.39999389648438,167.85000610351562,140.0,144.14999389648438,12283,17240400000.0,3759600000.0,56944600000.0,1824500000.0,40109100000.0,5911000000.0,35.595562,715.96,-70.319,11651200.0,AHLWEST.NS,0.04548843030633946,0.07292526420415632,0.10353510799294922,0
2022-09-30,144.14999389648438,144.14999389648438,144.14999389648438,144.14999389648438,0,17240400000.0,3759600000.0,56944600000.0,1824500000.0,40109100000.0,5911000000.0,35.595562,715.96,-70.319,11651200.0,AHLWEST.NS,0.04548843030633946,0.07292526420415632,0.10353510799294922,0
2022-12-31,144.14999389648438,144.14999389648438,144.14999389648438,144.14999389648438,0,17240400000.0,3759600000.0,56944600000.0,1824500000.0,40109100000.0,5911000000.0,35.595562,715.96,-70.319,11651200.0,AHLWEST.NS,0.04548843030633946,0.07292526420415632,0.10353510799294922,0
2023-03-31,144.14999389648438,144.14999389648438,144.14999389648438,144.14999389648438,0,17240400000.0,3759600000.0,56944600000.0,1824500000.0,40109100000.0,5911000000.0,35.595562,715.96,-70.319,11651200.0,AHLWEST.NS,0.04548843030633946,0.07292526420415632,0.10353510799294922,0
2023-06-30,144.14999389648438,144.14999389648438,144.14999389648438,144.14999389648438,0,17240400000.0,3759600000.0,56944600000.0,1824500000.0,40109100000.0,5911000000.0,35.595562,715.96,-70.319,11651200.0,AHLWEST.NS,0.04548843030633946,0.07292526420415632,0.10353510799294922,0
2023-09-30,144.14999389648438,144.14999389648438,144.14999389648438,144.14999389648438,0,17240400000.0,3759600000.0,56944600000.0,1824500000.0,40109100000.0,5911000000.0,35.595562,715.96,-70.319,11651200.0,AHLWEST.NS,0.04548843030633946,0.07292526420415632,0.10353510799294922,0
2023-12-31,144.14999389648438,144.14999389648438,144.14999389648438,144.14999389648438,0,17240400000.0,3759600000.0,56944600000.0,1824500000.0,40109100000.0,5911000000.0,35.595562,715.96,-70.319,11651200.0,AHLWEST.NS,0.04548843030633946,0.07292526420415632,0.10353510799294922,0
2024-03-31,144.14999389648438,144.14999389648438,144.14999389648438,144.14999389648438,0,17240400000.0,3759600000.0,56944600000.0,1824500000.0,40109100000.0,5911000000.0,35.595562,715.96,-70.319,11651200.0,AHLWEST.NS,0.04548843030633946,0.07292526420415632,0.10353510799294922,0
2024-06-30,144.14999389648438,144.14999389648438,144.14999389648438,144.14999389648438,0,17240400000.0,3759600000.0,56944600000.0,1824500000.0,40109100000.0,5911000000.0,35.595562,715.96,-70.319,11651200.0,AHLWEST.NS,0.04548843030633946,0.07292526420415632,0.10353510799294922,0
2024-09-30,144.14999389648438,144.14999389648438,144.14999389648438,144.14999389648438,0,961013000.0,180605000.0,10034842000.0,9505153000.0,-819350000.0,172353000.0,35.595562,715.96,-70.319,11651200.0,AHLWEST.NS,-11.600845792396411,0.0179977920927903,-0.22042472691767864,0
2024-12-31,144.14999389648438,144.14999389648438,144.14999389648438,144.14999389648438,0,1100486000.0,51004000.0,10034842000.0,9505153000.0,-819350000.0,172353000.0,35.595562,715.96,-70.319,11651200.0,AHLWEST.NS,-11.600845792396411,0.0179977920927903,-0.22042472691767864,0
2025-03-31,144.14999389648438,144.14999389648438,144.14999389648438,144.14999389648438,0,1147666000.0,-9408000.0,9683010000.0,9152375000.0,-780083000.0,453695000.0,35.595562,715.96,-70.319,11651200.0,AHLWEST.NS,-11.732565637246292,-0.0009715987074267196,0.012060255126698057,0
2025-06-30,144.14999389648438,144.14999389648438,144.14999389648438,144.14999389648438,0,1147666000.0,-9408000.0,9683010000.0,9152375000.0,-780083000.0,453695000.0,35.595562,715.96,-70.319,11651200.0,AHLWEST.NS,-11.732565637246292,-0.0009715987074267196,0.012060255126698057,0
2025-09-30,144.14999389648438,144.14999389648438,144.14999389648438,144.14999389648438,0,1137849000.0,244011000.0,9316977000.0,8500427000.0,-451578000.0,267428000.0,35.595562,715.96,-70.319,11651200.0,AHLWEST.NS,-18.8238288844895,0.026189932635875348,-0.5403518329059431,0
2025-12-31,144.14999389648438,144.14999389648438,144.14999389648438,144.14999389648438,0,1108228000.0,216502000.0,9316977000.0,8500427000.0,-451578000.0,267428000.0,35.595562,715.96,-70.319,11651200.0,AHLWEST.NS,-18.8238288844895,0.026189932635875348,-0.5403518329059431,0
2026-03-31,144.14999389648438,144.14999389648438,144.14999389648438,144.14999389648438,0,1108228000.0,216502000.0,9316977000.0,8500427000.0,-451578000.0,267428000.0,35.595562,715.96,-70.319,11651200.0,AHLWEST.NS,-18.8238288844895,0.026189932635875348,-0.5403518329059431,0
2016-03-31,32.73607680436224,33.22533886027164,29.978417077236763,31.401718139648438,1047449,1108228000.0,216502000.0,9316977000.0,8500427000.0,-451578000.0,267428000.0,6.0652175,12.42,98.677,256781828.0,ALEMBICLTD.NS,-18.8238288844895,0.026189932635875348,-0.5403518329059431,1
2016-06-30,31.490681244779864,36.828089448376616,30.289762726441424,34.51520538330078,11997871,1108228000.0,216502000.0,9316977000.0,8500427000.0,-451578000.0,267428000.0,6.0652175,12.42,98.677,256781828.0,ALEMBICLTD.NS,-18.8238288844895,0.026189932635875348,-0.5403518329059431,0
2016-09-30,34.60416248938112,36.660688651835336,32.150669045644264,34.11543655395508,14784724,1108228000.0,216502000.0,9316977000.0,8500427000.0,-451578000.0,267428000.0,6.0652175,12.42,98.677,256781828.0,ALEMBICLTD.NS,-18.8238288844895,0.026189932635875348,-0.5403518329059431,0
2016-12-31,34.29404830932617,41.79586239867104,28.846294403736298,32.77581787109375,17316994,1108228000.0,216502000.0,9316977000.0,8500427000.0,-451578000.0,267428000.0,6.0652175,12.42,98.677,256781828.0,ALEMBICLTD.NS,-18.8238288844895,0.026189932635875348,-0.5403518329059431,0
2017-03-31,32.641862757562585,37.687731249255926,31.614827939373505,32.731170654296875,36202380,1108228000.0,216502000.0,9316977000.0,8500427000.0,-451578000.0,267428000.0,6.0652175,12.42,98.677,256781828.0,ALEMBICLTD.NS,-18.8238288844895,0.026189932635875348,-0.5403518329059431,1
2017-06-30,32.775821413999346,46.17193009753195,32.23997488927229,35.14246368408203,85836522,1108228000.0,216502000.0,9316977000.0,8500427000.0,-451578000.0,267428000.0,6.0652175,12.42,98.677,256781828.0,ALEMBICLTD.NS,-18.8238288844895,0.026189932635875348,-0.5403518329059431,0
2017-09-30,35.14246561477812,40.660325112291154,30.2035318236131,34.601661682128906,30292820,1108228000.0,216502000.0,9316977000.0,8500427000.0,-451578000.0,267428000.0,6.0652175,12.42,98.677,256781828.0,ALEMBICLTD.NS,-18.8238288844895,0.026189932635875348,-0.5403518329059431,1
2017-12-31,35.00557563334683,56.09867789528587,34.10799677095332,51.83517837524414,97977663,1108228000.0,216502000.0,9316977000.0,8500427000.0,-451578000.0,267428000.0,6.0652175,12.42,98.677,256781828.0,ALEMBICLTD.NS,-18.8238288844895,0.026189932635875348,-0.5403518329059431,0
2018-03-31,51.835177873040806,64.44615801013856,47.0780133313609,47.8409538269043,107438432,1108228000.0,216502000.0,9316977000.0,8500427000.0,-451578000.0,267428000.0,6.0652175,12.42,98.677,256781828.0,ALEMBICLTD.NS,-18.8238288844895,0.026189932635875348,-0.5403518329059431,0
2018-06-30,48.0653385335693,56.09868314235092,33.56945355399472,35.499244689941406,33671688,1108228000.0,216502000.0,9316977000.0,8500427000.0,-451578000.0,267428000.0,6.0652175,12.42,98.677,256781828.0,ALEMBICLTD.NS,-18.8238288844895,0.026189932635875348,-0.5403518329059431,1
2018-09-30,35.723637920333836,50.88746160452828,32.31283839018931,38.07536697387695,37594892,1108228000.0,216502000.0,9316977000.0,8500427000.0,-451578000.0,267428000.0,6.0652175,12.42,98.677,256781828.0,ALEMBICLTD.NS,-18.8238288844895,0.026189932635875348,-0.5403518329059431,1
2018-12-31,38.21070570131057,46.01525453251438,35.00768492507699,43.128021240234375,20559505,1108228000.0,216502000.0,9316977000.0,8500427000.0,-451578000.0,267428000.0,6.0652175,12.42,98.677,256781828.0,ALEMBICLTD.NS,-18.8238288844895,0.026189932635875348,-0.5403518329059431,0
2019-03-31,42.67688531402045,43.624257359319174,35.2783572441799,37.39867401123047,9677795,1108228000.0,216502000.0,9316977000.0,8500427000.0,-451578000.0,267428000.0,6.0652175,12.42,98.677,256781828.0,ALEMBICLTD.NS,-18.8238288844895,0.026189932635875348,-0.5403518329059431,1
2019-06-30,37.89491457194951,41.503949428991525,35.36858529041639,39.383644104003906,8811232,1108228000.0,216502000.0,9316977000.0,8500427000.0,-451578000.0,267428000.0,6.0652175,12.42,98.677,256781828.0,ALEMBICLTD.NS,-18.8238288844895,0.026189932635875348,-0.5403518329059431,1
2019-09-30,39.3836469894963,50.742472700639205,30.180592196136995,45.89475631713867,10730697,1108228000.0,216502000.0,9316977000.0,8500427000.0,-451578000.0,267428000.0,6.0652175,12.42,98.677,256781828.0,ALEMBICLTD.NS,-18.8238288844895,0.026189932635875348,-0.5403518329059431,1
2019-12-31,47.072704139155164,55.18244297710989,38.962972324916294,54.00448989868164,13583396,1108228000.0,216502000.0,9316977000.0,8500427000.0,-451578000.0,267428000.0,6.0652175,12.42,98.677,256781828.0,ALEMBICLTD.NS,-18.8238288844895,0.026189932635875348,-0.5403518329059431,0
2020-03-31,55.046522259428606,58.80690963741381,22.471664284047705,32.031185150146484,14963801,1108228000.0,216502000.0,9316977000.0,8500427000.0,-451578000.0,267428000.0,6.0652175,12.42,98.677,256781828.0,ALEMBICLTD.NS,-18.8238288844895,0.026189932635875348,-0.5403518329059431,1
2020-06-30,32.16710710349001,81.0067441023217,31.759348926870793,73.39537048339844,66942215,1108228000.0,216502000.0,9316977000.0,8500427000.0,-451578000.0,267428000.0,6.0652175,12.42,98.677,256781828.0,ALEMBICLTD.NS,-18.8238288844895,0.026189932635875348,-0.5403518329059431,1
2020-09-30,73.84842307356578,112.1374844780082,67.05255966694061,95.88301849365234,113248296,1108228000.0,216502000.0,9316977000.0,8500427000.0,-451578000.0,267428000.0,6.0652175,12.42,98.677,256781828.0,ALEMBICLTD.NS,-18.8238288844895,0.026189932635875348,-0.5403518329059431,1
2020-12-31,96.79619520971593,103.91893688928508,79.8568550891271,97.84634399414062,41160234,1108228000.0,216502000.0,9316977000.0,8500427000.0,-451578000.0,267428000.0,6.0652175,12.42,98.677,256781828.0,ALEMBICLTD.NS,-18.8238288844895,0.026189932635875348,-0.5403518329059431,0
2021-03-31,97.93766444315348,107.43465100521968,84.24008482735555,94.01102447509766,46257220,1108228000.0,216502000.0,9316977000.0,8500427000.0,-451578000.0,267428000.0,6.0652175,12.42,98.677,256781828.0,ALEMBICLTD.NS,-18.8238288844895,0.026189932635875348,-0.5403518329059431,1
2021-06-30,94.51327058150476,130.8575123539049,90.40398622617708,115.28792572021484,101752139,1108228000.0,216502000.0,9316977000.0,8500427000.0,-451578000.0,267428000.0,6.0652175,12.42,98.677,256781828.0,ALEMBICLTD.NS,-18.8238288844895,0.026189932635875348,-0.5403518329059431,0
2021-09-30,115.24226199590053,127.250481031372,89.17596159470985,105.36481475830078,52577545,1108228000.0,216502000.0,9316977000.0,8500427000.0,-451578000.0,267428000.0,6.0652175,12.42,98.677,256781828.0,ALEMBICLTD.NS,-18.8238288844895,0.026189932635875348,-0.5403518329059431,0
2021-12-31,104.9075063336075,107.46845880783921,82.63638176468856,97.40758514404297,14640207,1108228000.0,216502000.0,9316977000.0,8500427000.0,-451578000.0,267428000.0,6.0652175,12.42,98.677,256781828.0,ALEMBICLTD.NS,-18.8238288844895,0.026189932635875348,-0.5403518329059431,0
2022-03-31,98.09354497993628,104.72459002664499,65.94447759728304,66.26459503173828,16472619,1108228000.0,216502000.0,9316977000.0,8500427000.0,-451578000.0,267428000.0,6.0652175,12.42,98.677,256781828.0,ALEMBICLTD.NS,-18.8238288844895,0.026189932635875348,-0.5403518329059431,0
2022-06-30,66.35605836931833,79.9382423878534,51.67632195386224,57.026878356933594,15291258,1108228000.0,216502000.0,9316977000.0,8500427000.0,-451578000.0,267428000.0,6.0652175,12.42,98.677,256781828.0,ALEMBICLTD.NS,-18.8238288844895,0.026189932635875348,-0.5403518329059431,1
2022-09-30,57.438464687230294,72.02673397785061,56.47810887780013,63.043495178222656,20597632,1108228000.0,216502000.0,9316977000.0,8500427000.0,-451578000.0,267428000.0,6.0652175,12.42,98.677,256781828.0,ALEMBICLTD.NS,-18.8238288844895,0.026189932635875348,-0.5403518329059431,1
2022-12-31,62.52827537193298,75.83017276394844,61.21682321850343,66.69682312011719,16641820,1108228000.0,216502000.0,9316977000.0,8500427000.0,-451578000.0,267428000.0,6.0652175,12.42,98.677,256781828.0,ALEMBICLTD.NS,-18.8238288844895,0.026189932635875348,-0.5403518329059431,0
2023-03-31,67.35255035332985,68.4298218956638,51.708777268746545,55.315277099609375,8104439,1108228000.0,216502000.0,9316977000.0,8500427000.0,-451578000.0,267428000.0,6.0652175,12.42,98.677,256781828.0,ALEMBICLTD.NS,-18.8238288844895,0.026189932635875348,-0.5403518329059431,1
2023-06-30,56.20519102019053,71.84896664519688,55.73681442835561,67.58674621582031,17264462,1108228000.0,216502000.0,9316977000.0,8500427000.0,-451578000.0,267428000.0,6.0652175,12.42,98.677,256781828.0,ALEMBICLTD.NS,-18.8238288844895,0.026189932635875348,-0.5403518329059431,1
2023-09-30,67.8677645874427,84.35933972236069,66.46263482665208,75.98118591308594,35773371,1108228000.0,216502000.0,9316977000.0,8500427000.0,-451578000.0,267428000.0,6.0652175,12.42,98.677,256781828.0,ALEMBICLTD.NS,-18.8238288844895,0.026189932635875348,-0.5403518329059431,1
2023-12-31,75.93303021779253,94.3264464038151,71.40690344841818,87.15205383300781,181949037,1108228000.0,216502000.0,9316977000.0,8500427000.0,-451578000.0,267428000.0,6.0652175,12.42,98.677,256781828.0,ALEMBICLTD.NS,-18.8238288844895,0.026189932635875348,-0.5403518329059431,0
2024-03-31,87.4409575620577,103.66761113245262,75.21077451750035,80.36286163330078,98722404,1108228000.0,216502000.0,9316977000.0,8500427000.0,-451578000.0,267428000.0,6.0652175,12.42,98.677,256781828.0,ALEMBICLTD.NS,-18.8238288844895,0.026189932635875348,-0.5403518329059431,1
2024-06-30,81.3258585319887,112.46948293622376,81.13326025955132,107.52926635742188,103161942,1108228000.0,216502000.0,9316977000.0,8500427000.0,-451578000.0,267428000.0,6.0652175,12.42,98.677,256781828.0,ALEMBICLTD.NS,-18.8238288844895,0.026189932635875348,-0.5403518329059431,1
2024-09-30,107.48111299036682,165.4529940157328,106.90331079129511,138.38331604003906,150612199,1108228000.0,216502000.0,24409600000.0,162100000.0,22464300000.0,17500000.0,6.0652175,12.42,98.677,256781828.0,ALEMBICLTD.NS,0.007215893662388768,0.026189932635875348,-0.5403518329059431,0
2024-12-31,138.55953670998423,150.17061814544496,112.69404270519026,128.89669799804688,49691417,579200000.0,653900000.0,24409600000.0,162100000.0,22464300000.0,17500000.0,6.0652175,12.42,98.677,256781828.0,ALEMBICLTD.NS,0.007215893662388768,0.026189932635875348,-0.5403518329059431,0
2025-03-31,127.76104278105048,134.77077185440527,83.6663468437264,96.4718246459961,27633556,495613000.0,684468000.0,25030036000.0,144473000.0,23385908000.0,27103000.0,6.0652175,12.42,98.677,256781828.0,ALEMBICLTD.NS,0.006177780225595688,0.027345865583253654,0.029268395308832993,1
2025-06-30,95.56134116296063,122.90513902906476,90.06908575251764,119.24363708496094,50117890,497500000.0,616400000.0,25030036000.0,144473000.0,23385908000.0,27103000.0,6.0652175,12.42,98.677,256781828.0,ALEMBICLTD.NS,0.006177780225595688,0.027345865583253654,0.029268395308832993,0
2025-09-30,122.08276277853052,122.08276277853052,99.4000015258789,99.77999877929688,20902978,558600000.0,1284900000.0,27268900000.0,125800000.0,25358000000.0,14100000.0,6.0652175,12.42,98.677,256781828.0,ALEMBICLTD.NS,0.004960959066172411,0.0471196124522808,0.05067039987380708,1
2025-12-31,99.77999877929688,106.38999938964844,94.83000183105469,101.19000244140625,18293967,743400000.0,601300000.0,27268900000.0,125800000.0,25358000000.0,14100000.0,6.0652175,12.42,98.677,256781828.0,ALEMBICLTD.NS,0.004960959066172411,0.0471196124522808,0.05067039987380708,0
2026-03-31,101.19000244140625,105.0,74.93000030517578,75.33000183105469,12836276,743400000.0,601300000.0,27268900000.0,125800000.0,25358000000.0,14100000.0,6.0652175,12.42,98.677,256781828.0,ALEMBICLTD.NS,0.004960959066172411,0.0471196124522808,0.05067039987380708,0
2016-03-31,1232.2699952479195,1295.1595845674133,1226.6647243457332,1236.3260498046875,506532,743400000.0,601300000.0,27268900000.0,125800000.0,25358000000.0,14100000.0,25.954794,198.21,1116.264,119565000.0,ALKEM.NS,0.004960959066172411,0.0471196124522808,0.05067039987380708,1
2016-06-30,1168.4691074904667,1297.6661444034587,1050.437369910065,1261.80078125,5024751,743400000.0,601300000.0,27268900000.0,125800000.0,25358000000.0,14100000.0,25.954794,198.21,1116.264,119565000.0,ALKEM.NS,0.004960959066172411,0.0471196124522808,0.05067039987380708,1
2016-09-30,1264.1705421145034,1691.6372114262315,1222.2441132195856,1514.1336669921875,3804781,743400000.0,601300000.0,27268900000.0,125800000.0,25358000000.0,14100000.0,25.954794,198.21,1116.264,119565000.0,ALKEM.NS,0.004960959066172411,0.0471196124522808,0.05067039987380708,0
2016-12-31,1549.4518054072105,1606.8728396174222,1326.1486191208548,1489.7484130859375,2741548,743400000.0,601300000.0,27268900000.0,125800000.0,25358000000.0,14100000.0,25.954794,198.21,1116.264,119565000.0,ALKEM.NS,0.004960959066172411,0.0471196124522808,0.05067039987380708,1
2017-03-31,1487.3243411024907,2037.9363641572077,1472.917601636092,2016.8516845703125,3638589,743400000.0,601300000.0,27268900000.0,125800000.0,25358000000.0,14100000.0,25.954794,198.21,1116.264,119565000.0,ALKEM.NS,0.004960959066172411,0.0471196124522808,0.05067039987380708,0
2017-06-30,2018.819139860035,2195.3127372590534,1646.4846991903705,1697.3426513671875,1683643,743400000.0,601300000.0,27268900000.0,125800000.0,25358000000.0,14100000.0,25.954794,198.21,1116.264,119565000.0,ALKEM.NS,0.004960959066172411,0.0471196124522808,0.05067039987380708,0
2017-09-30,1678.499143221553,1758.7619774424857,1443.692615725385,1692.337158203125,2250776,743400000.0,601300000.0,27268900000.0,125800000.0,25358000000.0,14100000.0,25.954794,198.21,1116.264,119565000.0,ALKEM.NS,0.004960959066172411,0.0471196124522808,0.05067039987380708,1
2017-12-31,1696.1525360277149,2056.6392517470376,1664.0663112802677,2024.369140625,1845088,743400000.0,601300000.0,27268900000.0,125800000.0,25358000000.0,14100000.0,25.954794,198.21,1116.264,119565000.0,ALKEM.NS,0.004960959066172411,0.0471196124522808,0.05067039987380708,0
2018-03-31,2023.5416499999835,2269.933683188361,1705.6868466498843,1833.1949462890625,2157107,743400000.0,601300000.0,27268900000.0,125800000.0,25358000000.0,14100000.0,25.954794,198.21,1116.264,119565000.0,ALKEM.NS,0.004960959066172411,0.0471196124522808,0.05067039987380708,0
2018-06-30,1833.1947498772124,1907.7361477103286,1591.3166204117927,1743.57958984375,2181193,743400000.0,601300000.0,27268900000.0,125800000.0,25358000000.0,14100000.0,25.954794,198.21,1116.264,119565000.0,ALKEM.NS,0.004960959066172411,0.0471196124522808,0.05067039987380708,1
2018-09-30,1748.973098248667,2098.0355189867664,1661.4322051836375,1900.951416015625,4474301,743400000.0,601300000.0,27268900000.0,125800000.0,25358000000.0,14100000.0,25.954794,198.21,1116.264,119565000.0,ALKEM.NS,0.004960959066172411,0.0471196124522808,0.05067039987380708,0
2018-12-31,1877.8711525439041,1940.6828612349182,1699.1497500850703,1803.1263427734375,2854833,743400000.0,601300000.0,27268900000.0,125800000.0,25358000000.0,14100000.0,25.954794,198.21,1116.264,119565000.0,ALKEM.NS,0.004960959066172411,0.0471196124522808,0.05067039987380708,0
2019-03-31,1810.341884881841,1842.7190863236633,1570.2891157012036,1618.32666015625,2357990,743400000.0,601300000.0,27268900000.0,125800000.0,25358000000.0,14100000.0,25.954794,198.21,1116.264,119565000.0,ALKEM.NS,0.004960959066172411,0.0471196124522808,0.05067039987380708,0
2019-06-30,1637.188584369942,1846.436923871842,1543.3431687580746,1550.7764892578125,2504181,743400000.0,601300000.0,27268900000.0,125800000.0,25358000000.0,14100000.0,25.954794,198.21,1116.264,119565000.0,ALKEM.NS,0.004960959066172411,0.0471196124522808,0.05067039987380708,1
2019-09-30,1564.713968703393,1864.053196035932,1542.4140824879835,1778.2266845703125,2498429,743400000.0,601300000.0,27268900000.0,125800000.0,25358000000.0,14100000.0,25.954794,198.21,1116.264,119565000.0,ALKEM.NS,0.004960959066172411,0.0471196124522808,0.05067039987380708,1
2019-12-31,1782.8001391440066,2006.816992962066,1748.264364155907,1879.7811279296875,2923122,743400000.0,601300000.0,27268900000.0,125800000.0,25358000000.0,14100000.0,25.954794,198.21,1116.264,119565000.0,ALKEM.NS,0.004960959066172411,0.0471196124522808,0.05067039987380708,1
2020-03-31,1879.7809340714166,2557.2368428887216,1770.7422135475708,2189.167236328125,7327495,743400000.0,601300000.0,27268900000.0,125800000.0,25358000000.0,14100000.0,25.954794,198.21,1116.264,119565000.0,ALKEM.NS,0.004960959066172411,0.0471196124522808,0.05067039987380708,1
2020-06-30,2225.969932364924,2709.810687375271,2091.42055816741,2229.122802734375,10875482,743400000.0,601300000.0,27268900000.0,125800000.0,25358000000.0,14100000.0,25.954794,198.21,1116.264,119565000.0,ALKEM.NS,0.004960959066172411,0.0471196124522808,0.05067039987380708,1
2020-09-30,2226.957557321126,2908.4107480333946,2188.367518002541,2617.33203125,16715642,743400000.0,601300000.0,27268900000.0,125800000.0,25358000000.0,14100000.0,25.954794,198.21,1116.264,119565000.0,ALKEM.NS,0.004960959066172411,0.0471196124522808,0.05067039987380708,1
2020-12-31,2623.032228413263,2815.2375563102732,2415.422449463,2757.01025390625,6777932,743400000.0,601300000.0,27268900000.0,125800000.0,25358000000.0,14100000.0,25.954794,198.21,1116.264,119565000.0,ALKEM.NS,0.004960959066172411,0.0471196124522808,0.05067039987380708,0
2021-03-31,2760.590853821592,2969.284051155529,2414.097163797212,2632.455078125,7605350,743400000.0,601300000.0,27268900000.0,125800000.0,25358000000.0,14100000.0,25.954794,198.21,1116.264,119565000.0,ALKEM.NS,0.004960959066172411,0.0471196124522808,0.05067039987380708,1
2021-06-30,2628.8433472085353,3097.3968982060455,2537.698734420011,3040.705078125,15324193,743400000.0,601300000.0,27268900000.0,125800000.0,25358000000.0,14100000.0,25.954794,198.21,1116.264,119565000.0,ALKEM.NS,0.004960959066172411,0.0471196124522808,0.05067039987380708,1
2021-09-30,3038.803665543958,3873.760927352568,3018.797982350577,3788.81396484375,12968946,743400000.0,601300000.0,27268900000.0,125800000.0,25358000000.0,14100000.0,25.954794,198.21,1116.264,119565000.0,ALKEM.NS,0.004960959066172411,0.0471196124522808,0.05067039987380708,0
2021-12-31,3785.244943889662,3854.7247998396133,3087.6353246415806,3449.3125,8666236,743400000.0,601300000.0,27268900000.0,125800000.0,25358000000.0,14100000.0,25.954794,198.21,1116.264,119565000.0,ALKEM.NS,0.004960959066172411,0.0471196124522808,0.05067039987380708,1
2022-03-31,3476.866907993364,3603.4541219136468,2983.4335866727047,3475.752197265625,5832248,743400000.0,601300000.0,27268900000.0,125800000.0,25358000000.0,14100000.0,25.954794,198.21,1116.264,119565000.0,ALKEM.NS,0.004960959066172411,0.0471196124522808,0.05067039987380708,0
2022-06-30,3455.8812122911513,3474.936651055701,2714.7867739348794,2878.5087890625,6477991,743400000.0,601300000.0,27268900000.0,125800000.0,25358000000.0,14100000.0,25.954794,198.21,1116.264,119565000.0,ALKEM.NS,0.004960959066172411,0.0471196124522808,0.05067039987380708,1
2022-09-30,2875.100973240238,3268.087305978841,2744.232053117219,3150.05126953125,9048453,743400000.0,601300000.0,27268900000.0,125800000.0,25358000000.0,14100000.0,25.954794,198.21,1116.264,119565000.0,ALKEM.NS,0.004960959066172411,0.0471196124522808,0.05067039987380708,0
2022-12-31,3166.584098920483,3217.816551167297,2825.9822511876246,2888.1240234375,4733023,743400000.0,601300000.0,27268900000.0,125800000.0,25358000000.0,14100000.0,25.954794,198.21,1116.264,119565000.0,ALKEM.NS,0.004960959066172411,0.0471196124522808,0.05067039987380708,1
2023-03-31,2888.4126364324875,3322.055014549471,2857.654165761659,3304.29833984375,5492716,743400000.0,601300000.0,27268900000.0,125800000.0,25358000000.0,14100000.0,25.954794,198.21,1116.264,119565000.0,ALKEM.NS,0.004960959066172411,0.0471196124522808,0.05067039987380708,1
2023-06-30,3317.8226689428616,3527.0108629603915,3100.1693434533718,3417.89208984375,11846791,743400000.0,601300000.0,27268900000.0,125800000.0,25358000000.0,14100000.0,25.954794,198.21,1116.264,119565000.0,ALKEM.NS,0.004960959066172411,0.0471196124522808,0.05067039987380708,1
2023-09-30,3419.984320468137,4138.093945390173,3348.957619075769,3516.745849609375,11304152,743400000.0,601300000.0,27268900000.0,125800000.0,25358000000.0,14100000.0,25.954794,198.21,1116.264,119565000.0,ALKEM.NS,0.004960959066172411,0.0471196124522808,0.05067039987380708,1
2023-12-31,3540.201491577611,5087.768314394517,3361.774500279623,5073.96826171875,15728610,743400000.0,601300000.0,27268900000.0,125800000.0,25358000000.0,14100000.0,25.954794,198.21,1116.264,119565000.0,ALKEM.NS,0.004960959066172411,0.0471196124522808,0.05067039987380708,0
2024-03-31,5081.136370865256,5419.237467973871,4565.118143048453,4851.7880859375,15766075,743400000.0,601300000.0,27268900000.0,125800000.0,25358000000.0,14100000.0,25.954794,198.21,1116.264,119565000.0,ALKEM.NS,0.004960959066172411,0.0471196124522808,0.05067039987380708,1
2024-06-30,4840.154599826559,5476.963626850892,4326.603337541527,4900.23779296875,15241242,743400000.0,601300000.0,27268900000.0,125800000.0,25358000000.0,14100000.0,25.954794,198.21,1116.264,119565000.0,ALKEM.NS,0.004960959066172411,0.0471196124522808,0.05067039987380708,1
2024-09-30,4900.875667305058,6327.908665569784,4783.0659697520205,5947.5400390625,15943031,743400000.0,601300000.0,171170300000.0,14779000000.0,114928500000.0,4125800000.0,25.954794,198.21,1116.264,119565000.0,ALKEM.NS,0.1285929947750123,0.0471196124522808,0.05067039987380708,0
2024-12-31,5992.9369600627415,6264.67731819104,5248.659213225284,5535.92529296875,17454887,33742800000.0,6258200000.0,171170300000.0,14779000000.0,114928500000.0,4125800000.0,25.954794,198.21,1116.264,119565000.0,ALKEM.NS,0.1285929947750123,0.0471196124522808,0.05067039987380708,0
2025-03-31,5575.229592067894,5575.229592067894,4448.413475651284,4834.708984375,8524620,29838500000.0,3058600000.0,176911000000.0,13809000000.0,119848700000.0,3041400000.0,25.954794,198.21,1116.264,119565000.0,ALKEM.NS,0.11522027356158222,0.017288919287099164,0.025520510443584287,1
2025-06-30,4842.87966358583,5348.020234869277,4567.45685145703,4891.45751953125,9562098,33711400000.0,6642600000.0,176911000000.0,13809000000.0,119848700000.0,3041400000.0,25.954794,198.21,1116.264,119565000.0,ALKEM.NS,0.11522027356158222,0.017288919287099164,0.025520510443584287,1
2025-09-30,4894.4285163903,5546.288391778152,4670.802364864473,5381.6162109375,10461993,40009900000.0,7650600000.0,202874500000.0,23556000000.0,133459800000.0,2261000000.0,25.954794,198.21,1116.264,119565000.0,ALKEM.NS,0.17650258729594978,0.037710998671592534,0.057325127116929595,1
2025-12-31,5348.880130105779,5821.073311009955,5278.447730445019,5462.46435546875,7625442,37368200000.0,6360200000.0,202874500000.0,23556000000.0,133459800000.0,2261000000.0,25.954794,198.21,1116.264,119565000.0,ALKEM.NS,0.17650258729594978,0.037710998671592534,0.057325127116929595,0
2026-03-31,5433.200145264454,5886.049582427304,5111.5,5144.5,6941078,37368200000.0,6360200000.0,202874500000.0,23556000000.0,133459800000.0,2261000000.0,25.954794,198.21,1116.264,119565000.0,ALKEM.NS,0.17650258729594978,0.037710998671592534,0.057325127116929595,0
2025-09-30,723.0499877929688,873.5,701.9000244140625,761.2000122070312,124902785,5500270000.0,1734280000.0,32842970000.0,1100170000.0,27525450000.0,5038310000.0,73.245926,8.58,49.043,561713851.0,ANTHEM.NS,0.039969192147630644,0.05280521219609554,0.06300641769707671,0
2025-12-31,767.0499877929688,806.0,620.0,651.5,27865531,4231530000.0,928170000.0,32842970000.0,1100170000.0,27525450000.0,5038310000.0,73.245926,8.58,49.043,561713851.0,ANTHEM.NS,0.039969192147630644,0.05280521219609554,0.06300641769707671,0
2026-03-31,649.5,713.9500122070312,579.1500244140625,628.4500122070312,13439322,4231530000.0,928170000.0,32842970000.0,1100170000.0,27525450000.0,5038310000.0,73.245926,8.58,49.043,561713851.0,ANTHEM.NS,0.039969192147630644,0.05280521219609554,0.06300641769707671,0
2016-03-31,548.9589231860581,569.4891338339767,510.1747581813019,534.1416015625,1212769,4231530000.0,928170000.0,32842970000.0,1100170000.0,27525450000.0,5038310000.0,20.179462,32.04,270.702,196563124.0,APLLTD.NS,0.039969192147630644,0.05280521219609554,0.06300641769707671,0
2016-06-30,540.0327596004852,573.5058862365432,459.25091381707665,512.18310546875,8931753,4231530000.0,928170000.0,32842970000.0,1100170000.0,27525450000.0,5038310000.0,20.179462,32.04,270.702,196563124.0,APLLTD.NS,0.039969192147630644,0.05280521219609554,0.06300641769707671,1
2016-09-30,517.5834975478688,627.3746105142013,510.5763653198671,588.5458374023438,6211031,4231530000.0,928170000.0,32842970000.0,1100170000.0,27525450000.0,5038310000.0,20.179462,32.04,270.702,196563124.0,APLLTD.NS,0.039969192147630644,0.05280521219609554,0.06300641769707671,0
2016-12-31,594.7924726190843,628.2735022155197,528.504769275613,534.8863525390625,4771824,4231530000.0,928170000.0,32842970000.0,1100170000.0,27525450000.0,5038310000.0,20.179462,32.04,270.702,196563124.0,APLLTD.NS,0.039969192147630644,0.05280521219609554,0.06300641769707671,1
2017-03-31,534.7964794637755,582.4337511497854,484.82217737191246,563.963134765625,3779989,4231530000.0,928170000.0,32842970000.0,1100170000.0,27525450000.0,5038310000.0,20.179462,32.04,270.702,196563124.0,APLLTD.NS,0.039969192147630644,0.05280521219609554,0.06300641769707671,0
2017-06-30,566.2551141881243,578.838402321724,447.6111490806213,454.9814453125,3587545,4231530000.0,928170000.0,32842970000.0,1100170000.0,27525450000.0,5038310000.0,20.179462,32.04,270.702,196563124.0,APLLTD.NS,0.039969192147630644,0.05280521219609554,0.06300641769707671,1
2017-09-30,460.1046727841785,523.5658272519103,425.60100347234834,458.48236083984375,4062740,4231530000.0,928170000.0,32842970000.0,1100170000.0,27525450000.0,5038310000.0,20.179462,32.04,270.702,196563124.0,APLLTD.NS,0.039969192147630644,0.05280521219609554,0.06300641769707671,1
2017-12-31,460.15818652399804,498.1121342967147,435.1574387089453,480.6297302246094,4056627,4231530000.0,928170000.0,32842970000.0,1100170000.0,27525450000.0,5038310000.0,20.179462,32.04,270.702,196563124.0,APLLTD.NS,0.039969192147630644,0.05280521219609554,0.06300641769707671,1
2018-03-31,482.71318925451646,533.8922329864955,448.3824663474065,496.70806884765625,5693427,4231530000.0,928170000.0,32842970000.0,1100170000.0,27525450000.0,5038310000.0,20.179462,32.04,270.702,196563124.0,APLLTD.NS,0.039969192147630644,0.05280521219609554,0.06300641769707671,0
2018-06-30,491.0920489997977,516.3191394850598,375.37313255195875,455.2667541503906,7486542,4231530000.0,928170000.0,32842970000.0,1100170000.0,27525450000.0,5038310000.0,20.179462,32.04,270.702,196563124.0,APLLTD.NS,0.039969192147630644,0.05280521219609554,0.06300641769707671,1
2018-09-30,453.8173872433592,606.1259812415738,453.8173872433592,574.1765747070312,5746673,4231530000.0,928170000.0,32842970000.0,1100170000.0,27525450000.0,5038310000.0,20.179462,32.04,270.702,196563124.0,APLLTD.NS,0.039969192147630644,0.05280521219609554,0.06300641769707671,0
2018-12-31,561.3967462959744,594.2590113885486,487.18284167264983,547.4303588867188,3616217,4231530000.0,928170000.0,32842970000.0,1100170000.0,27525450000.0,5038310000.0,20.179462,32.04,270.702,196563124.0,APLLTD.NS,0.039969192147630644,0.05280521219609554,0.06300641769707671,0
2019-03-31,550.4427734933619,560.4839717634877,471.0256180404823,475.49853515625,2785191,4231530000.0,928170000.0,32842970000.0,1100170000.0,27525450000.0,5038310000.0,20.179462,32.04,270.702,196563124.0,APLLTD.NS,0.039969192147630644,0.05280521219609554,0.06300641769707671,0
2019-06-30,493.84654464516024,532.0032963746003,397.222457283384,464.4075012207031,2273764,4231530000.0,928170000.0,32842970000.0,1100170000.0,27525450000.0,5038310000.0,20.179462,32.04,270.702,196563124.0,APLLTD.NS,0.039969192147630644,0.05280521219609554,0.06300641769707671,1
2019-09-30,469.19989180324626,524.0606854001312,450.49289043587856,469.9111022949219,3202228,4231530000.0,928170000.0,32842970000.0,1100170000.0,27525450000.0,5038310000.0,20.179462,32.04,270.702,196563124.0,APLLTD.NS,0.039969192147630644,0.05280521219609554,0.06300641769707671,1
2019-12-31,469.911118476292,548.8752870003875,469.8650057554723,527.0125122070312,7068198,4231530000.0,928170000.0,32842970000.0,1100170000.0,27525450000.0,5038310000.0,20.179462,32.04,270.702,196563124.0,APLLTD.NS,0.039969192147630644,0.05280521219609554,0.06300641769707671,0
2020-03-31,531.16367285535,631.8985635339632,408.20380921167896,501.5706481933594,16007148,4231530000.0,928170000.0,32842970000.0,1100170000.0,27525450000.0,5038310000.0,20.179462,32.04,270.702,196563124.0,APLLTD.NS,0.039969192147630644,0.05280521219609554,0.06300641769707671,1
2020-06-30,509.7853766771224,923.0120428009885,487.25342632675233,856.9652709960938,32307040,4231530000.0,928170000.0,32842970000.0,1100170000.0,27525450000.0,5038310000.0,20.179462,32.04,270.702,196563124.0,APLLTD.NS,0.039969192147630644,0.05280521219609554,0.06300641769707671,1
2020-09-30,860.8144888519641,1059.8466067288066,812.8870909881248,880.6707153320312,35132694,4231530000.0,928170000.0,32842970000.0,1100170000.0,27525450000.0,5038310000.0,20.179462,32.04,270.702,196563124.0,APLLTD.NS,0.039969192147630644,0.05280521219609554,0.06300641769707671,1
2020-12-31,889.0732793990774,1074.9617857174587,861.9410307396013,970.516845703125,18405876,4231530000.0,928170000.0,32842970000.0,1100170000.0,27525450000.0,5038310000.0,20.179462,32.04,270.702,196563124.0,APLLTD.NS,0.039969192147630644,0.05280521219609554,0.06300641769707671,0
2021-03-31,971.6904054558617,1051.4911809376433,811.4318175402664,905.92529296875,24274612,4231530000.0,928170000.0,32842970000.0,1100170000.0,27525450000.0,5038310000.0,20.179462,32.04,270.702,196563124.0,APLLTD.NS,0.039969192147630644,0.05280521219609554,0.06300641769707671,1
2021-06-30,905.8782780516501,974.5068355706471,867.4801637849415,923.9977416992188,26524922,4231530000.0,928170000.0,32842970000.0,1100170000.0,27525450000.0,5038310000.0,20.179462,32.04,270.702,196563124.0,APLLTD.NS,0.039969192147630644,0.05280521219609554,0.06300641769707671,0
2021-09-30,924.7487985796904,954.509716815511,686.2054283904472,751.6967163085938,29488938,4231530000.0,928170000.0,32842970000.0,1100170000.0,27525450000.0,5038310000.0,20.179462,32.04,270.702,196563124.0,APLLTD.NS,0.039969192147630644,0.05280521219609554,0.06300641769707671,1
2021-12-31,747.7910346509926,823.0940821989674,690.0157643418165,763.8899536132812,27395605,4231530000.0,928170000.0,32842970000.0,1100170000.0,27525450000.0,5038310000.0,20.179462,32.04,270.702,196563124.0,APLLTD.NS,0.039969192147630644,0.05280521219609554,0.06300641769707671,0
2022-03-31,763.9852662039275,808.3287858465939,646.1486298674091,706.4481201171875,18456813,4231530000.0,928170000.0,32842970000.0,1100170000.0,27525450000.0,5038310000.0,20.179462,32.04,270.702,196563124.0,APLLTD.NS,0.039969192147630644,0.05280521219609554,0.06300641769707671,0
2022-06-30,707.4960444690857,755.316567978879,669.8683084421755,693.73095703125,12318945,4231530000.0,928170000.0,32842970000.0,1100170000.0,27525450000.0,5038310000.0,20.179462,32.04,270.702,196563124.0,APLLTD.NS,0.039969192147630644,0.05280521219609554,0.06300641769707671,0
2022-09-30,693.2546212032396,712.2114806867557,558.855277556819,584.8755493164062,6184805,4231530000.0,928170000.0,32842970000.0,1100170000.0,27525450000.0,5038310000.0,20.179462,32.04,270.702,196563124.0,APLLTD.NS,0.039969192147630644,0.05280521219609554,0.06300641769707671,0
2022-12-31,585.2141344799318,652.9248928650587,522.3398693662276,554.1638793945312,10743356,4231530000.0,928170000.0,32842970000.0,1100170000.0,27525450000.0,5038310000.0,20.179462,32.04,270.702,196563124.0,APLLTD.NS,0.039969192147630644,0.05280521219609554,0.06300641769707671,0
2023-03-31,556.9690459978096,563.8369030977786,447.18096719402166,480.117431640625,7707999,4231530000.0,928170000.0,32842970000.0,1100170000.0,27525450000.0,5038310000.0,20.179462,32.04,270.702,196563124.0,APLLTD.NS,0.039969192147630644,0.05280521219609554,0.06300641769707671,1
2023-06-30,476.6351516741907,642.1394695064205,472.0404952146222,615.5872192382812,12199885,4231530000.0,928170000.0,32842970000.0,1100170000.0,27525450000.0,5038310000.0,20.179462,32.04,270.702,196563124.0,APLLTD.NS,0.039969192147630644,0.05280521219609554,0.06300641769707671,1
2023-09-30,620.9073507993797,808.5425074675397,601.3196060175275,767.174072265625,15296104,4231530000.0,928170000.0,32842970000.0,1100170000.0,27525450000.0,5038310000.0,20.179462,32.04,270.702,196563124.0,APLLTD.NS,0.039969192147630644,0.05280521219609554,0.06300641769707671,0
2023-12-31,766.7339822755296,820.5227561964706,691.5765285550142,742.67578125,14591197,4231530000.0,928170000.0,32842970000.0,1100170000.0,27525450000.0,5038310000.0,20.179462,32.04,270.702,196563124.0,APLLTD.NS,0.039969192147630644,0.05280521219609554,0.06300641769707671,1
2024-03-31,743.4092857160097,1069.906765146443,740.0352529222627,963.1117553710938,20723571,4231530000.0,928170000.0,32842970000.0,1100170000.0,27525450000.0,5038310000.0,20.179462,32.04,270.702,196563124.0,APLLTD.NS,0.039969192147630644,0.05280521219609554,0.06300641769707671,0
2024-06-30,963.1117506877695,1027.658272655316,805.2662988689218,857.2946166992188,8573999,4231530000.0,928170000.0,32842970000.0,1100170000.0,27525450000.0,5038310000.0,20.179462,32.04,270.702,196563124.0,APLLTD.NS,0.039969192147630644,0.05280521219609554,0.06300641769707671,1
2024-09-30,861.1087329246964,1270.821182571683,861.0598460137763,1192.2447509765625,30975380,16479800000.0,1534100000.0,72302500000.0,10663500000.0,48880600000.0,1220500000.0,20.179462,32.04,270.702,196563124.0,APLLTD.NS,0.21815403247914306,0.021217800214377098,0.03138463930475485,0
2024-12-31,1190.7613013487492,1289.562796062957,981.4879705707291,1054.52587890625,9782540,16927400000.0,1384200000.0,72302500000.0,10663500000.0,48880600000.0,1220500000.0,20.179462,32.04,270.702,196563124.0,APLLTD.NS,0.21815403247914306,0.021217800214377098,0.03138463930475485,0
2025-03-31,1041.6688447121328,1111.5913747847176,717.2260087371483,919.5267944335938,13535258,16372600000.0,1568900000.0,77729400000.0,12575000000.0,51909400000.0,834800000.0,20.179462,32.04,270.702,196563124.0,APLLTD.NS,0.24224899536500133,0.020184125954915387,0.030223813028083545,1
2025-06-30,911.8125707447538,1095.7179888642277,765.8849956426769,1027.6744384765625,26133968,17107200000.0,1543800000.0,77729400000.0,12575000000.0,51909400000.0,834800000.0,20.179462,32.04,270.702,196563124.0,APLLTD.NS,0.24224899536500133,0.020184125954915387,0.030223813028083545,0
2025-09-30,1013.531741597432,1040.1358629598758,885.0,901.3499755859375,8629098,17107200000.0,1543800000.0,77729400000.0,12575000000.0,51909400000.0,834800000.0,20.179462,32.04,270.702,196563124.0,APLLTD.NS,0.24224899536500133,0.020184125954915387,0.030223813028083545,0
2025-12-31,901.3499755859375,998.0,834.9500122070312,846.1500244140625,9862252,18763100000.0,1329700000.0,77729400000.0,12575000000.0,51909400000.0,834800000.0,20.179462,32.04,270.702,196563124.0,APLLTD.NS,0.24224899536500133,0.020184125954915387,0.030223813028083545,0
2026-03-31,843.0,849.0,635.7999877929688,646.5499877929688,3274499,18763100000.0,1329700000.0,77729400000.0,12575000000.0,51909400000.0,834800000.0,20.179462,32.04,270.702,196563124.0,APLLTD.NS,0.24224899536500133,0.020184125954915387,0.030223813028083545,0
2016-06-30,147.37119674682617,201.09849548339844,140.00263690948486,201.09849548339844,394635,18763100000.0,1329700000.0,77729400000.0,12575000000.0,51909400000.0,834800000.0,17.041563,12.03,238.671,7818288.0,ASPINWALL.NS,0.24224899536500133,0.020184125954915387,0.030223813028083545,0
2016-09-30,208.55124898102463,296.8897661350536,166.73995238638085,174.15061950683594,430965,18763100000.0,1329700000.0,77729400000.0,12575000000.0,51909400000.0,834800000.0,17.041563,12.03,238.671,7818288.0,ASPINWALL.NS,0.24224899536500133,0.020184125954915387,0.030223813028083545,0
2016-12-31,174.31906887147485,186.95087121422247,138.2762558891847,161.68724060058594,165632,18763100000.0,1329700000.0,77729400000.0,12575000000.0,51909400000.0,834800000.0,17.041563,12.03,238.671,7818288.0,ASPINWALL.NS,0.24224899536500133,0.020184125954915387,0.030223813028083545,1
2017-03-31,168.08736568092473,205.05647361366633,155.9186921900314,182.78237915039062,299769,18763100000.0,1329700000.0,77729400000.0,12575000000.0,51909400000.0,834800000.0,17.041563,12.03,238.671,7818288.0,ASPINWALL.NS,0.24224899536500133,0.020184125954915387,0.030223813028083545,0
2017-06-30,181.05600613891775,197.05632739052447,171.37162396960179,171.8347930908203,215738,18763100000.0,1329700000.0,77729400000.0,12575000000.0,51909400000.0,834800000.0,17.041563,12.03,238.671,7818288.0,ASPINWALL.NS,0.24224899536500133,0.020184125954915387,0.030223813028083545,1
2017-09-30,165.26624924795968,252.6362927610209,165.26624924795968,233.39385986328125,531461,18763100000.0,1329700000.0,77729400000.0,12575000000.0,51909400000.0,834800000.0,17.041563,12.03,238.671,7818288.0,ASPINWALL.NS,0.24224899536500133,0.020184125954915387,0.030223813028083545,1
2017-12-31,240.00450614985922,488.00910849962514,231.58329397008038,428.55535888671875,1046173,18763100000.0,1329700000.0,77729400000.0,12575000000.0,51909400000.0,834800000.0,17.041563,12.03,238.671,7818288.0,ASPINWALL.NS,0.24224899536500133,0.020184125954915387,0.030223813028083545,0
2018-03-31,435.58700940432834,478.9142121844336,307.3741581558612,318.70068359375,297792,18763100000.0,1329700000.0,77729400000.0,12575000000.0,51909400000.0,834800000.0,17.041563,12.03,238.671,7818288.0,ASPINWALL.NS,0.24224899536500133,0.020184125954915387,0.030223813028083545,0
2018-06-30,320.005994852416,344.4275194137651,211.37237200125048,222.48838806152344,195855,18763100000.0,1329700000.0,77729400000.0,12575000000.0,51909400000.0,834800000.0,17.041563,12.03,238.671,7818288.0,ASPINWALL.NS,0.24224899536500133,0.020184125954915387,0.030223813028083545,0
2018-09-30,223.16207992182473,239.96242299815646,162.26092774352702,163.92579650878906,332105,18763100000.0,1329700000.0,77729400000.0,12575000000.0,51909400000.0,834800000.0,17.041563,12.03,238.671,7818288.0,ASPINWALL.NS,0.24224899536500133,0.020184125954915387,0.030223813028083545,0
2018-12-31,159.2299856233075,174.46996532968146,138.44044914735537,145.99639892578125,88968,18763100000.0,1329700000.0,77729400000.0,12575000000.0,51909400000.0,834800000.0,17.041563,12.03,238.671,7818288.0,ASPINWALL.NS,0.24224899536500133,0.020184125954915387,0.030223813028083545,0
2019-03-31,150.09456462371637,159.65688082544196,122.13328778355353,144.28884887695312,173397,18763100000.0,1329700000.0,77729400000.0,12575000000.0,51909400000.0,834800000.0,17.041563,12.03,238.671,7818288.0,ASPINWALL.NS,0.24224899536500133,0.020184125954915387,0.030223813028083545,0
2019-06-30,152.82663981119794,154.021947093718,114.06503277296007,124.65191650390625,127463,18763100000.0,1329700000.0,77729400000.0,12575000000.0,51909400000.0,834800000.0,17.041563,12.03,238.671,7818288.0,ASPINWALL.NS,0.24224899536500133,0.020184125954915387,0.030223813028083545,0
2019-09-30,121.2367959861509,134.8922753069058,98.30984194581693,113.58890533447266,104878,18763100000.0,1329700000.0,77729400000.0,12575000000.0,51909400000.0,834800000.0,17.041563,12.03,238.671,7818288.0,ASPINWALL.NS,0.24224899536500133,0.020184125954915387,0.030223813028083545,1
2019-12-31,117.86703135269777,143.18661390032088,106.08032765768695,121.31575012207031,120849,18763100000.0,1329700000.0,77729400000.0,12575000000.0,51909400000.0,834800000.0,17.041563,12.03,238.671,7818288.0,ASPINWALL.NS,0.24224899536500133,0.020184125954915387,0.030223813028083545,0
2020-03-31,123.49845888156814,147.5520718322283,63.82707164408833,77.32551574707031,150027,18763100000.0,1329700000.0,77729400000.0,12575000000.0,51909400000.0,834800000.0,17.041563,12.03,238.671,7818288.0,ASPINWALL.NS,0.24224899536500133,0.020184125954915387,0.030223813028083545,1
2020-06-30,86.62245607086678,119.787501650917,73.34749608560138,110.08828735351562,121809,18763100000.0,1329700000.0,77729400000.0,12575000000.0,51909400000.0,834800000.0,17.041563,12.03,238.671,7818288.0,ASPINWALL.NS,0.24224899536500133,0.020184125954915387,0.030223813028083545,1
2020-09-30,114.42388217401026,156.43890380859375,92.96940266927083,113.44055938720703,407521,18763100000.0,1329700000.0,77729400000.0,12575000000.0,51909400000.0,834800000.0,17.041563,12.03,238.671,7818288.0,ASPINWALL.NS,0.24224899536500133,0.020184125954915387,0.030223813028083545,1
2020-12-31,116.21176013161133,167.1661466378745,83.80656013013422,151.5222625732422,271978,18763100000.0,1329700000.0,77729400000.0,12575000000.0,51909400000.0,834800000.0,17.041563,12.03,238.671,7818288.0,ASPINWALL.NS,0.24224899536500133,0.020184125954915387,0.030223813028083545,1
2021-03-31,151.74573272920384,208.91299206138407,130.06778720444396,170.5631103515625,407354,18763100000.0,1329700000.0,77729400000.0,12575000000.0,51909400000.0,834800000.0,17.041563,12.03,238.671,7818288.0,ASPINWALL.NS,0.24224899536500133,0.020184125954915387,0.030223813028083545,0
2021-06-30,178.69794085247744,209.6281132969654,139.72228107951946,170.11611938476562,390482,18763100000.0,1329700000.0,77729400000.0,12575000000.0,51909400000.0,834800000.0,17.041563,12.03,238.671,7818288.0,ASPINWALL.NS,0.24224899536500133,0.020184125954915387,0.030223813028083545,0
2021-09-30,173.37903213581373,239.84318036477913,156.52176291019936,163.39434814453125,2579329,18763100000.0,1329700000.0,77729400000.0,12575000000.0,51909400000.0,834800000.0,17.041563,12.03,238.671,7818288.0,ASPINWALL.NS,0.24224899536500133,0.020184125954915387,0.030223813028083545,0
2021-12-31,162.25650320745373,186.33325455775062,122.88711625888942,136.768798828125,651090,18763100000.0,1329700000.0,77729400000.0,12575000000.0,51909400000.0,834800000.0,17.041563,12.03,238.671,7818288.0,ASPINWALL.NS,0.24224899536500133,0.020184125954915387,0.030223813028083545,1
2022-03-31,140.72849511400065,207.4516534419499,136.5867418348368,156.33970642089844,1926257,18763100000.0,1329700000.0,77729400000.0,12575000000.0,51909400000.0,834800000.0,17.041563,12.03,238.671,7818288.0,ASPINWALL.NS,0.24224899536500133,0.020184125954915387,0.030223813028083545,0
2022-06-30,159.11605250836797,178.41386852091898,134.72067867017947,148.37481689453125,319379,18763100000.0,1329700000.0,77729400000.0,12575000000.0,51909400000.0,834800000.0,17.041563,12.03,238.671,7818288.0,ASPINWALL.NS,0.24224899536500133,0.020184125954915387,0.030223813028083545,1
2022-09-30,146.28117051827894,297.6463784715438,146.28117051827894,237.2008514404297,1916358,18763100000.0,1329700000.0,77729400000.0,12575000000.0,51909400000.0,834800000.0,17.041563,12.03,238.671,7818288.0,ASPINWALL.NS,0.24224899536500133,0.020184125954915387,0.030223813028083545,0
2022-12-31,238.41631144293348,247.76595078473642,193.53793679953083,217.893798828125,505302,18763100000.0,1329700000.0,77729400000.0,12575000000.0,51909400000.0,834800000.0,17.041563,12.03,238.671,7818288.0,ASPINWALL.NS,0.24224899536500133,0.020184125954915387,0.030223813028083545,0
2023-03-31,219.52999663313818,233.46096998517896,171.65973751940228,176.5215606689453,276085,18763100000.0,1329700000.0,77729400000.0,12575000000.0,51909400000.0,834800000.0,17.041563,12.03,238.671,7818288.0,ASPINWALL.NS,0.24224899536500133,0.020184125954915387,0.030223813028083545,1
2023-06-30,176.521556665382,275.6746932967087,176.521556665382,220.8389434814453,938324,18763100000.0,1329700000.0,77729400000.0,12575000000.0,51909400000.0,834800000.0,17.041563,12.03,238.671,7818288.0,ASPINWALL.NS,0.24224899536500133,0.020184125954915387,0.030223813028083545,1
2023-09-30,223.45684223055804,272.31990772853385,206.01974515936448,261.6764221191406,874784,18763100000.0,1329700000.0,77729400000.0,12575000000.0,51909400000.0,834800000.0,17.041563,12.03,238.671,7818288.0,ASPINWALL.NS,0.24224899536500133,0.020184125954915387,0.030223813028083545,0
2023-12-31,261.772327127411,267.5255755495667,217.6641625261617,237.32106018066406,664657,18763100000.0,1329700000.0,77729400000.0,12575000000.0,51909400000.0,834800000.0,17.041563,12.03,238.671,7818288.0,ASPINWALL.NS,0.24224899536500133,0.020184125954915387,0.030223813028083545,1
2024-03-31,242.64280653367598,344.23537929065196,220.5407781441177,241.25244140625,2692375,18763100000.0,1329700000.0,77729400000.0,12575000000.0,51909400000.0,834800000.0,17.041563,12.03,238.671,7818288.0,ASPINWALL.NS,0.24224899536500133,0.020184125954915387,0.030223813028083545,1
2024-06-30,244.5126102307966,302.04499448784657,214.49987543618624,263.2106628417969,839216,18763100000.0,1329700000.0,77729400000.0,12575000000.0,51909400000.0,834800000.0,17.041563,12.03,238.671,7818288.0,ASPINWALL.NS,0.24224899536500133,0.020184125954915387,0.030223813028083545,1
2024-09-30,264.2653769439394,312.07449418572105,260.95883518101726,280.91595458984375,1753346,18763100000.0,1329700000.0,2702600000.0,401000000.0,1854100000.0,394900000.0,17.041563,12.03,238.671,7818288.0,ASPINWALL.NS,0.21627743918882478,0.020184125954915387,0.030223813028083545,1
2024-12-31,282.4323163647348,322.34653396979286,254.4042736637998,299.5034484863281,1035660,897700000.0,48200000.0,2702600000.0,401000000.0,1854100000.0,394900000.0,17.041563,12.03,238.671,7818288.0,ASPINWALL.NS,0.21627743918882478,0.020184125954915387,0.030223813028083545,0
2025-03-31,300.9708906220504,338.39047711633594,221.33808682098712,227.59913635253906,1206873,848400000.0,22600000.0,3116400000.0,753400000.0,1926300000.0,139700000.0,17.041563,12.03,238.671,7818288.0,ASPINWALL.NS,0.39111249545761306,0.007251957386728276,0.011732336603851944,1
2025-06-30,233.48844869489855,303.26987272108266,215.56618833573722,294.367431640625,712075,900000000.0,-32700000.0,3116400000.0,753400000.0,1926300000.0,139700000.0,17.041563,12.03,238.671,7818288.0,ASPINWALL.NS,0.39111249545761306,0.007251957386728276,0.011732336603851944,0
2025-09-30,291.0412384444214,308.1613225058785,262.29998779296875,264.29998779296875,230975,831900000.0,28000000.0,3149100000.0,815900000.0,1866700000.0,139800000.0,17.041563,12.03,238.671,7818288.0,ASPINWALL.NS,0.43708148068784486,0.008891429297259534,0.014999732147640221,0
2025-12-31,263.0,284.0,209.3000030517578,261.0799865722656,405527,1136600000.0,76200000.0,3149100000.0,815900000.0,1866700000.0,139800000.0,17.041563,12.03,238.671,7818288.0,ASPINWALL.NS,0.43708148068784486,0.008891429297259534,0.014999732147640221,0
2026-03-31,294.79998779296875,299.79998779296875,200.25,205.00999450683594,570334,1136600000.0,76200000.0,3149100000.0,815900000.0,1866700000.0,139800000.0,17.041563,12.03,238.671,7818288.0,ASPINWALL.NS,0.43708148068784486,0.008891429297259534,0.014999732147640221,0
2016-03-31,188.83020027197205,199.23584373629822,188.33704225869974,194.99465942382812,103962,1136600000.0,76200000.0,3149100000.0,815900000.0,1866700000.0,139800000.0,17.041563,-42.33,192.333,22281661.0,ASTEC.NS,0.43708148068784486,0.008891429297259534,0.014999732147640221,1
2016-06-30,192.57820072600032,410.3074880239891,192.57820072600032,363.3587951660156,8657748,1136600000.0,76200000.0,3149100000.0,815900000.0,1866700000.0,139800000.0,17.041563,-42.33,192.333,22281661.0,ASTEC.NS,0.43708148068784486,0.008891429297259534,0.014999732147640221,1
2016-09-30,366.7122493672767,442.80656403030247,341.2653371530813,406.0169982910156,6383426,1136600000.0,76200000.0,3149100000.0,815900000.0,1866700000.0,139800000.0,17.041563,-42.33,192.333,22281661.0,ASTEC.NS,0.43708148068784486,0.008891429297259534,0.014999732147640221,1
2016-12-31,409.321145321606,684.5033335137387,396.79489338814216,610.085693359375,10835592,1136600000.0,76200000.0,3149100000.0,815900000.0,1866700000.0,139800000.0,17.041563,-42.33,192.333,22281661.0,ASTEC.NS,0.43708148068784486,0.008891429297259534,0.014999732147640221,0
2017-03-31,598.6937418770376,629.6642342421402,549.9204497921768,595.1431274414062,4429179,1136600000.0,76200000.0,3149100000.0,815900000.0,1866700000.0,139800000.0,17.041563,-42.33,192.333,22281661.0,ASTEC.NS,0.43708148068784486,0.008891429297259534,0.014999732147640221,0
2017-06-30,596.4253266602078,674.640175033823,537.5422087751766,554.2603149414062,2216291,1136600000.0,76200000.0,3149100000.0,815900000.0,1866700000.0,139800000.0,17.041563,-42.33,192.333,22281661.0,ASTEC.NS,0.43708148068784486,0.008891429297259534,0.014999732147640221,1
2017-09-30,562.2000950172408,667.3443948461411,522.9081262272897,593.3214111328125,2789442,1136600000.0,76200000.0,3149100000.0,815900000.0,1866700000.0,139800000.0,17.041563,-42.33,192.333,22281661.0,ASTEC.NS,0.43708148068784486,0.008891429297259534,0.014999732147640221,0
2017-12-31,594.3598008655314,632.9289111622105,471.7792630573853,544.9122924804688,2374294,1136600000.0,76200000.0,3149100000.0,815900000.0,1866700000.0,139800000.0,17.041563,-42.33,192.333,22281661.0,ASTEC.NS,0.43708148068784486,0.008891429297259534,0.014999732147640221,1
2018-03-31,545.20891498605,628.8742558948499,514.7492497086671,574.0863037109375,2081184,1136600000.0,76200000.0,3149100000.0,815900000.0,1866700000.0,139800000.0,17.041563,-42.33,192.333,22281661.0,ASTEC.NS,0.43708148068784486,0.008891429297259534,0.014999732147640221,1
2018-06-30,581.4045897983668,774.3490139327001,566.2241486103064,639.6043701171875,2876138,1136600000.0,76200000.0,3149100000.0,815900000.0,1866700000.0,139800000.0,17.041563,-42.33,192.333,22281661.0,ASTEC.NS,0.43708148068784486,0.008891429297259534,0.014999732147640221,0
2018-09-30,640.4449731244921,711.5347755324802,506.9010402221368,518.2007446289062,2351206,1136600000.0,76200000.0,3149100000.0,815900000.0,1866700000.0,139800000.0,17.041563,-42.33,192.333,22281661.0,ASTEC.NS,0.43708148068784486,0.008891429297259534,0.014999732147640221,1
2018-12-31,516.5652862514994,572.8160144135041,496.5925194796969,524.4949340820312,607833,1136600000.0,76200000.0,3149100000.0,815900000.0,1866700000.0,139800000.0,17.041563,-42.33,192.333,22281661.0,ASTEC.NS,0.43708148068784486,0.008891429297259534,0.014999732147640221,1
2019-03-31,522.9088995930624,541.9895618933474,440.04439846817945,530.2438354492188,596957,1136600000.0,76200000.0,3149100000.0,815900000.0,1866700000.0,139800000.0,17.041563,-42.33,192.333,22281661.0,ASTEC.NS,0.43708148068784486,0.008891429297259534,0.014999732147640221,0
2019-06-30,530.3924561282421,557.8489090313383,416.30510766229486,468.1449890136719,654174,1136600000.0,76200000.0,3149100000.0,815900000.0,1866700000.0,139800000.0,17.041563,-42.33,192.333,22281661.0,ASTEC.NS,0.43708148068784486,0.008891429297259534,0.014999732147640221,0
2019-09-30,466.60861648022177,469.73089857041765,303.6219555033904,407.60003662109375,1173133,1136600000.0,76200000.0,3149100000.0,815900000.0,1866700000.0,139800000.0,17.041563,-42.33,192.333,22281661.0,ASTEC.NS,0.43708148068784486,0.008891429297259534,0.014999732147640221,1
2019-12-31,417.106864996716,461.9036065430062,338.01581223931527,453.2926940917969,485395,1136600000.0,76200000.0,3149100000.0,815900000.0,1866700000.0,139800000.0,17.041563,-42.33,192.333,22281661.0,ASTEC.NS,0.43708148068784486,0.008891429297259534,0.014999732147640221,0
2020-03-31,461.90355830847096,499.6821595371034,308.5993761467594,386.5455627441406,1063603,1136600000.0,76200000.0,3149100000.0,815900000.0,1866700000.0,139800000.0,17.041563,-42.33,192.333,22281661.0,ASTEC.NS,0.43708148068784486,0.008891429297259534,0.014999732147640221,1
2020-06-30,457.92164194660063,940.2325652103685,372.2604227345048,785.982666015625,9699535,1136600000.0,76200000.0,3149100000.0,815900000.0,1866700000.0,139800000.0,17.041563,-42.33,192.333,22281661.0,ASTEC.NS,0.43708148068784486,0.008891429297259534,0.014999732147640221,1
2020-09-30,786.430591118045,1362.9686940397269,778.7156074710009,1081.451416015625,12124804,1136600000.0,76200000.0,3149100000.0,815900000.0,1866700000.0,139800000.0,17.041563,-42.33,192.333,22281661.0,ASTEC.NS,0.43708148068784486,0.008891429297259534,0.014999732147640221,1
2020-12-31,1103.585842136429,1314.013635931204,905.4719339046669,1286.843994140625,7743028,1136600000.0,76200000.0,3149100000.0,815900000.0,1866700000.0,139800000.0,17.041563,-42.33,192.333,22281661.0,ASTEC.NS,0.43708148068784486,0.008891429297259534,0.014999732147640221,0
2021-03-31,1288.1899100735568,1324.2831160600294,993.0627970774387,1000.8397827148438,2856101,1136600000.0,76200000.0,3149100000.0,815900000.0,1866700000.0,139800000.0,17.041563,-42.33,192.333,22281661.0,ASTEC.NS,0.43708148068784486,0.008891429297259534,0.014999732147640221,1
2021-06-30,1012.00675496018,1525.4882095665964,995.3062170264749,1341.6817626953125,3533214,1136600000.0,76200000.0,3149100000.0,815900000.0,1866700000.0,139800000.0,17.041563,-42.33,192.333,22281661.0,ASTEC.NS,0.43708148068784486,0.008891429297259534,0.014999732147640221,0
2021-09-30,1349.608356657466,1482.6149263362508,1239.647927137291,1285.363037109375,1955356,1136600000.0,76200000.0,3149100000.0,815900000.0,1866700000.0,139800000.0,17.041563,-42.33,192.333,22281661.0,ASTEC.NS,0.43708148068784486,0.008891429297259534,0.014999732147640221,1
2021-12-31,1292.549706513854,1626.2301234777049,1112.9832920091742,1429.695068359375,1782298,1136600000.0,76200000.0,3149100000.0,815900000.0,1866700000.0,139800000.0,17.041563,-42.33,192.333,22281661.0,ASTEC.NS,0.43708148068784486,0.008891429297259534,0.014999732147640221,1
2022-03-31,1439.426987035167,1853.1587018520806,1272.6866816680754,1751.99658203125,2541295,1136600000.0,76200000.0,3149100000.0,815900000.0,1866700000.0,139800000.0,17.041563,-42.33,192.333,22281661.0,ASTEC.NS,0.43708148068784486,0.008891429297259534,0.014999732147640221,1
2022-06-30,1751.9465615396712,2095.908014761165,1609.0120836033777,1819.8206787109375,2206581,1136600000.0,76200000.0,3149100000.0,815900000.0,1866700000.0,139800000.0,17.041563,-42.33,192.333,22281661.0,ASTEC.NS,0.43708148068784486,0.008891429297259534,0.014999732147640221,1
2022-09-30,1814.630256780453,2177.222256173634,1765.721080442586,1850.244384765625,2213940,1136600000.0,76200000.0,3149100000.0,815900000.0,1866700000.0,139800000.0,17.041563,-42.33,192.333,22281661.0,ASTEC.NS,0.43708148068784486,0.008891429297259534,0.014999732147640221,0
2022-12-31,1819.9289058839317,2286.1983568850465,1629.1459898135868,1749.0096435546875,2048234,1136600000.0,76200000.0,3149100000.0,815900000.0,1866700000.0,139800000.0,17.041563,-42.33,192.333,22281661.0,ASTEC.NS,0.43708148068784486,0.008891429297259534,0.014999732147640221,0
2023-03-31,1757.7996232895487,1797.8040785630099,1043.8120943286044,1383.4256591796875,2415375,1136600000.0,76200000.0,3149100000.0,815900000.0,1866700000.0,139800000.0,17.041563,-42.33,192.333,22281661.0,ASTEC.NS,0.43708148068784486,0.008891429297259534,0.014999732147640221,0
2023-06-30,1359.4528878815518,1539.8976172327166,1210.172883687098,1326.340576171875,1932163,1136600000.0,76200000.0,3149100000.0,815900000.0,1866700000.0,139800000.0,17.041563,-42.33,192.333,22281661.0,ASTEC.NS,0.43708148068784486,0.008891429297259534,0.014999732147640221,0
2023-09-30,1325.4915269757987,1490.0,1190.0,1323.6500244140625,1947457,1136600000.0,76200000.0,3149100000.0,815900000.0,1866700000.0,139800000.0,17.041563,-42.33,192.333,22281661.0,ASTEC.NS,0.43708148068784486,0.008891429297259534,0.014999732147640221,0
2023-12-31,1323.6500244140625,1385.050048828125,1085.5,1095.25,751850,1136600000.0,76200000.0,3149100000.0,815900000.0,1866700000.0,139800000.0,17.041563,-42.33,192.333,22281661.0,ASTEC.NS,0.43708148068784486,0.008891429297259534,0.014999732147640221,0
2024-03-31,1100.75,1147.0,825.0499877929688,1067.449951171875,3937819,1136600000.0,76200000.0,3149100000.0,815900000.0,1866700000.0,139800000.0,17.041563,-42.33,192.333,22281661.0,ASTEC.NS,0.43708148068784486,0.008891429297259534,0.014999732147640221,1
2024-06-30,1067.5,1406.5999755859375,1031.0,1301.4000244140625,4636870,1136600000.0,76200000.0,3149100000.0,815900000.0,1866700000.0,139800000.0,17.041563,-42.33,192.333,22281661.0,ASTEC.NS,0.43708148068784486,0.008891429297259534,0.014999732147640221,0
2024-09-30,1301.4000244140625,1474.4000244140625,1130.0999755859375,1187.550048828125,3373779,985456000.0,-385590000.0,8820968000.0,5004597000.0,2914970000.0,444000.0,17.041563,-42.33,192.333,22281661.0,ASTEC.NS,1.716860550880455,-0.043712889560420125,-0.1322792344346597,0
2024-12-31,1187.0,1196.300048828125,965.0,999.25,1797066,938584000.0,-403811000.0,8820968000.0,5004597000.0,2914970000.0,444000.0,17.041563,-42.33,192.333,22281661.0,ASTEC.NS,1.716860550880455,-0.043712889560420125,-0.1322792344346597,0
2025-03-31,1010.0,1263.8499755859375,647.5,675.25,2953144,1195270000.0,-160877000.0,8814238000.0,5545441000.0,2347452000.0,5754000.0,17.041563,-42.33,192.333,22281661.0,ASTEC.NS,2.362323489468581,-0.018251946453000246,-0.06853260471353621,1
2025-06-30,678.0,998.4000244140625,634.5999755859375,924.6500244140625,3834647,910821000.0,-330378000.0,8814238000.0,5545441000.0,2347452000.0,5754000.0,17.041563,-42.33,192.333,22281661.0,ASTEC.NS,2.362323489468581,-0.018251946453000246,-0.06853260471353621,0
2025-09-30,918.2255249023438,978.2999877929688,780.2000122070312,804.7000122070312,2568287,910821000.0,-330378000.0,8814238000.0,5545441000.0,2347452000.0,5754000.0,17.041563,-42.33,192.333,22281661.0,ASTEC.NS,2.362323489468581,-0.018251946453000246,-0.06853260471353621,0
2025-12-31,796.6500244140625,941.75,607.0499877929688,705.0,91826474,1247203000.0,-156954000.0,8814238000.0,5545441000.0,2347452000.0,5754000.0,17.041563,-42.33,192.333,22281661.0,ASTEC.NS,2.362323489468581,-0.018251946453000246,-0.06853260471353621,0
2026-03-31,715.0,729.0,513.4000244140625,521.8499755859375,4487850,1247203000.0,-156954000.0,8814238000.0,5545441000.0,2347452000.0,5754000.0,17.041563,-42.33,192.333,22281661.0,ASTEC.NS,2.362323489468581,-0.018251946453000246,-0.06853260471353621,0
2016-03-31,1154.180744081584,1215.8131618857901,1092.8435755076107,1136.9022216796875,121110,1247203000.0,-156954000.0,8814238000.0,5545441000.0,2347452000.0,5754000.0,101.03457,80.71,319.629,25000000.0,ASTRAZEN.NS,2.362323489468581,-0.018251946453000246,-0.06853260471353621,0
2016-06-30,1143.6954305169402,1201.1435772118552,990.4511750875579,1056.021728515625,366801,1247203000.0,-156954000.0,8814238000.0,5545441000.0,2347452000.0,5754000.0,101.03457,80.71,319.629,25000000.0,ASTRAZEN.NS,2.362323489468581,-0.018251946453000246,-0.06853260471353621,0
2016-09-30,1069.1653952523825,1127.3027753302595,905.3373085959934,914.4443359375,949513,1247203000.0,-156954000.0,8814238000.0,5545441000.0,2347452000.0,5754000.0,101.03457,80.71,319.629,25000000.0,ASTRAZEN.NS,2.362323489468581,-0.018251946453000246,-0.06853260471353621,0
2016-12-31,917.5948084326556,1042.6320147925244,895.6395504405392,911.9828491210938,507626,1247203000.0,-156954000.0,8814238000.0,5545441000.0,2347452000.0,5754000.0,101.03457,80.71,319.629,25000000.0,ASTRAZEN.NS,2.362323489468581,-0.018251946453000246,-0.06853260471353621,1
2017-03-31,923.5021231307134,1004.1362580041056,893.9657731687411,920.794677734375,739554,1247203000.0,-156954000.0,8814238000.0,5545441000.0,2347452000.0,5754000.0,101.03457,80.71,319.629,25000000.0,ASTRAZEN.NS,2.362323489468581,-0.018251946453000246,-0.06853260471353621,0
2017-06-30,925.4711959488596,1073.4482577827948,888.1077728883256,900.5130615234375,1316925,1247203000.0,-156954000.0,8814238000.0,5545441000.0,2347452000.0,5754000.0,101.03457,80.71,319.629,25000000.0,ASTRAZEN.NS,2.362323489468581,-0.018251946453000246,-0.06853260471353621,0
2017-09-30,900.5623062182761,1030.522039649728,866.5954467498872,898.1993408203125,873669,1247203000.0,-156954000.0,8814238000.0,5545441000.0,2347452000.0,5754000.0,101.03457,80.71,319.629,25000000.0,ASTRAZEN.NS,2.362323489468581,-0.018251946453000246,-0.06853260471353621,1
2017-12-31,889.2891932754351,1258.2469868314795,889.2891932754351,1149.1103515625,1343235,1247203000.0,-156954000.0,8814238000.0,5545441000.0,2347452000.0,5754000.0,101.03457,80.71,319.629,25000000.0,ASTRAZEN.NS,2.362323489468581,-0.018251946453000246,-0.06853260471353621,0
2018-03-31,1142.0709570270917,1250.6661624437122,905.7311067620457,913.2136840820312,403812,1247203000.0,-156954000.0,8814238000.0,5545441000.0,2347452000.0,5754000.0,101.03457,80.71,319.629,25000000.0,ASTRAZEN.NS,2.362323489468581,-0.018251946453000246,-0.06853260471353621,1
2018-06-30,922.1238030726789,1505.17059003703,915.6751272514059,1397.5106201171875,3587266,1247203000.0,-156954000.0,8814238000.0,5545441000.0,2347452000.0,5754000.0,101.03457,80.71,319.629,25000000.0,ASTRAZEN.NS,2.362323489468581,-0.018251946453000246,-0.06853260471353621,1
2018-09-30,1397.5106814812136,1929.7060159447344,1348.9234356458371,1539.6788330078125,2515483,1247203000.0,-156954000.0,8814238000.0,5545441000.0,2347452000.0,5754000.0,101.03457,80.71,319.629,25000000.0,ASTRAZEN.NS,2.362323489468581,-0.018251946453000246,-0.06853260471353621,0
2018-12-31,1540.860472279666,1757.9031865839254,1285.8635767621363,1429.1639404296875,865162,1247203000.0,-156954000.0,8814238000.0,5545441000.0,2347452000.0,5754000.0,101.03457,80.71,319.629,25000000.0,ASTRAZEN.NS,2.362323489468581,-0.018251946453000246,-0.06853260471353621,1
2019-03-31,1430.542211798084,2102.001055979297,1375.99850775641,1929.1153564453125,1430490,1247203000.0,-156954000.0,8814238000.0,5545441000.0,2347452000.0,5754000.0,101.03457,80.71,319.629,25000000.0,ASTRAZEN.NS,2.362323489468581,-0.018251946453000246,-0.06853260471353621,1
2019-06-30,1973.0259981636186,2360.6409326636353,1782.0243927352303,2096.04443359375,1072602,1247203000.0,-156954000.0,8814238000.0,5545441000.0,2347452000.0,5754000.0,101.03457,80.71,319.629,25000000.0,ASTRAZEN.NS,2.362323489468581,-0.018251946453000246,-0.06853260471353621,1
2019-09-30,2097.078397502979,2312.6470097710458,1608.2432326819549,2279.79345703125,1313143,1247203000.0,-156954000.0,8814238000.0,5545441000.0,2347452000.0,5754000.0,101.03457,80.71,319.629,25000000.0,ASTRAZEN.NS,2.362323489468581,-0.018251946453000246,-0.06853260471353621,1
2019-12-31,2297.2792807553196,2888.198469547456,2090.405658144895,2577.641845703125,1613395,1247203000.0,-156954000.0,8814238000.0,5545441000.0,2347452000.0,5754000.0,101.03457,80.71,319.629,25000000.0,ASTRAZEN.NS,2.362323489468581,-0.018251946453000246,-0.06853260471353621,0
2020-03-31,2595.571105784343,2896.1282718972043,1856.934598942207,2368.059814453125,1863990,1247203000.0,-156954000.0,8814238000.0,5545441000.0,2347452000.0,5754000.0,101.03457,80.71,319.629,25000000.0,ASTRAZEN.NS,2.362323489468581,-0.018251946453000246,-0.06853260471353621,1
2020-06-30,2382.98397176027,3615.3577998344135,2310.5782991995507,3494.878662109375,3934710,1247203000.0,-156954000.0,8814238000.0,5545441000.0,2347452000.0,5754000.0,101.03457,80.71,319.629,25000000.0,ASTRAZEN.NS,2.362323489468581,-0.018251946453000246,-0.06853260471353621,1
2020-09-30,3502.070174281114,4898.918226836342,3201.6117045972146,4242.19677734375,6618637,1247203000.0,-156954000.0,8814238000.0,5545441000.0,2347452000.0,5754000.0,101.03457,80.71,319.629,25000000.0,ASTRAZEN.NS,2.362323489468581,-0.018251946453000246,-0.06853260471353621,1
2020-12-31,4275.759990387796,4703.749482667766,3997.053249854483,4553.134765625,4327038,1247203000.0,-156954000.0,8814238000.0,5545441000.0,2347452000.0,5754000.0,101.03457,80.71,319.629,25000000.0,ASTRAZEN.NS,2.362323489468581,-0.018251946453000246,-0.06853260471353621,0
2021-03-31,4572.651616848805,4839.776150063218,2962.021705499058,2966.26025390625,4036657,1247203000.0,-156954000.0,8814238000.0,5545441000.0,2347452000.0,5754000.0,101.03457,80.71,319.629,25000000.0,ASTRAZEN.NS,2.362323489468581,-0.018251946453000246,-0.06853260471353621,1
2021-06-30,2996.521059010158,4514.347154232745,2986.7134148579717,3559.55126953125,6962952,1247203000.0,-156954000.0,8814238000.0,5545441000.0,2347452000.0,5754000.0,101.03457,80.71,319.629,25000000.0,ASTRAZEN.NS,2.362323489468581,-0.018251946453000246,-0.06853260471353621,0
2021-09-30,3559.3544422857017,3622.4387860237375,3009.7389825889627,3047.367431640625,1259067,1247203000.0,-156954000.0,8814238000.0,5545441000.0,2347452000.0,5754000.0,101.03457,80.71,319.629,25000000.0,ASTRAZEN.NS,2.362323489468581,-0.018251946453000246,-0.06853260471353621,1
2021-12-31,3048.7484206930935,3303.2216487706855,2917.763516039323,3055.8994140625,1234332,1247203000.0,-156954000.0,8814238000.0,5545441000.0,2347452000.0,5754000.0,101.03457,80.71,319.629,25000000.0,ASTRAZEN.NS,2.362323489468581,-0.018251946453000246,-0.06853260471353621,0
2022-03-31,3056.638716880071,3114.733974859187,2491.4221503954745,2516.96826171875,767255,1247203000.0,-156954000.0,8814238000.0,5545441000.0,2347452000.0,5754000.0,101.03457,80.71,319.629,25000000.0,ASTRAZEN.NS,2.362323489468581,-0.018251946453000246,-0.06853260471353621,1
2022-06-30,2517.116186089793,2983.6506731999934,2412.2690519782045,2668.2216796875,840574,1247203000.0,-156954000.0,8814238000.0,5545441000.0,2347452000.0,5754000.0,101.03457,80.71,319.629,25000000.0,ASTRAZEN.NS,2.362323489468581,-0.018251946453000246,-0.06853260471353621,1
2022-09-30,2663.0928702879382,3331.4743471832444,2627.5849653507657,3077.39453125,1006053,1247203000.0,-156954000.0,8814238000.0,5545441000.0,2347452000.0,5754000.0,101.03457,80.71,319.629,25000000.0,ASTRAZEN.NS,2.362323489468581,-0.018251946453000246,-0.06853260471353621,1
2022-12-31,3016.5200562295067,3580.2631811666183,2879.045802855425,3260.95703125,852404,1247203000.0,-156954000.0,8814238000.0,5545441000.0,2347452000.0,5754000.0,101.03457,80.71,319.629,25000000.0,ASTRAZEN.NS,2.362323489468581,-0.018251946453000246,-0.06853260471353621,0
2023-03-31,3217.2918080282066,3559.49376486121,3069.5317514241356,3217.093994140625,315413,1247203000.0,-156954000.0,8814238000.0,5545441000.0,2347452000.0,5754000.0,101.03457,80.71,319.629,25000000.0,ASTRAZEN.NS,2.362323489468581,-0.018251946453000246,-0.06853260471353621,1
2023-06-30,3204.434275883963,3757.2983866717987,3063.9931634877535,3666.802734375,660130,1247203000.0,-156954000.0,8814238000.0,5545441000.0,2347452000.0,5754000.0,101.03457,80.71,319.629,25000000.0,ASTRAZEN.NS,2.362323489468581,-0.018251946453000246,-0.06853260471353621,1
2023-09-30,3659.6816126383146,4608.626241658976,3657.4563110358017,4472.80126953125,1080857,1247203000.0,-156954000.0,8814238000.0,5545441000.0,2347452000.0,5754000.0,101.03457,80.71,319.629,25000000.0,ASTRAZEN.NS,2.362323489468581,-0.018251946453000246,-0.06853260471353621,1
2023-12-31,4445.835071118385,5719.0667317985135,4420.904687075569,5489.23193359375,1633186,1247203000.0,-156954000.0,8814238000.0,5545441000.0,2347452000.0,5754000.0,101.03457,80.71,319.629,25000000.0,ASTRAZEN.NS,2.362323489468581,-0.018251946453000246,-0.06853260471353621,0
2024-03-31,5462.8117351144665,7172.125578897419,4752.645950328586,5292.421875,1531395,1247203000.0,-156954000.0,8814238000.0,5545441000.0,2347452000.0,5754000.0,101.03457,80.71,319.629,25000000.0,ASTRAZEN.NS,2.362323489468581,-0.018251946453000246,-0.06853260471353621,1
2024-06-30,5220.759126423453,6951.676034969553,4767.6937076948525,6208.4853515625,1322838,1247203000.0,-156954000.0,8814238000.0,5545441000.0,2347452000.0,5754000.0,101.03457,80.71,319.629,25000000.0,ASTRAZEN.NS,2.362323489468581,-0.018251946453000246,-0.06853260471353621,1
2024-09-30,6182.909632835926,8109.780178625276,6108.416745693325,7942.900390625,5099461,1247203000.0,-156954000.0,12413000000.0,171200000.0,6793500000.0,4965200000.0,101.03457,80.71,319.629,25000000.0,ASTRAZEN.NS,0.025200559358210053,-0.018251946453000246,-0.06853260471353621,0
2024-12-31,7708.701252153922,8111.275292970002,6198.812075243067,7280.265625,3647513,4402900000.0,308500000.0,12413000000.0,171200000.0,6793500000.0,4965200000.0,101.03457,80.71,319.629,25000000.0,ASTRAZEN.NS,0.025200559358210053,-0.018251946453000246,-0.06853260471353621,1
2025-03-31,7200.388495674963,9028.19117518653,6596.951165733871,8578.3291015625,2312508,4774800000.0,582500000.0,15181200000.0,357300000.0,7703500000.0,5361400000.0,101.03457,80.71,319.629,25000000.0,ASTRAZEN.NS,0.04638151489582657,0.03836982583721972,0.07561498020380347,1
2025-06-30,8572.697819829049,10654.58192950054,7176.619668404796,8878.154296875,4638866,5263100000.0,558300000.0,15181200000.0,357300000.0,7703500000.0,5361400000.0,101.03457,80.71,319.629,25000000.0,ASTRAZEN.NS,0.04638151489582657,0.03836982583721972,0.07561498020380347,1
2025-09-30,8879.649303385051,9617.626008972435,7955.0,9105.5,1805254,5590900000.0,542200000.0,16145700000.0,347900000.0,7990000000.0,3993900000.0,101.03457,80.71,319.629,25000000.0,ASTRAZEN.NS,0.04354192740926158,0.03358169667465641,0.06785982478097621,0
2025-12-31,9100.0,9849.5,8617.5,9029.0,664355,6115700000.0,325900000.0,16145700000.0,347900000.0,7990000000.0,3993900000.0,101.03457,80.71,319.629,25000000.0,ASTRAZEN.NS,0.04354192740926158,0.03358169667465641,0.06785982478097621,0
2026-03-31,9000.0,9220.0,8001.0,8154.5,503780,6115700000.0,325900000.0,16145700000.0,347900000.0,7990000000.0,3993900000.0,101.03457,80.71,319.629,25000000.0,ASTRAZEN.NS,0.04354192740926158,0.03358169667465641,0.06785982478097621,0
2016-03-31,709.3668025743909,723.1763797499954,672.6361048933111,706.993896484375,13072450,6115700000.0,325900000.0,16145700000.0,347900000.0,7990000000.0,3993900000.0,21.29392,60.05,603.395,580801623.0,AUROPHARMA.NS,0.04354192740926158,0.03358169667465641,0.06785982478097621,0
2016-06-30,694.5606034384504,780.5026418939142,633.67967298017,705.355224609375,99376014,6115700000.0,325900000.0,16145700000.0,347900000.0,7990000000.0,3993900000.0,21.29392,60.05,603.395,580801623.0,AUROPHARMA.NS,0.04354192740926158,0.03358169667465641,0.06785982478097621,1
2016-09-30,709.1549737620393,838.6363432423343,692.5303488879077,812.6546020507812,123133654,6115700000.0,325900000.0,16145700000.0,347900000.0,7990000000.0,3993900000.0,21.29392,60.05,603.395,580801623.0,AUROPHARMA.NS,0.04354192740926158,0.03358169667465641,0.06785982478097621,0
2016-12-31,818.8768384911548,850.2259333709914,591.8014312436501,636.9072875976562,137631867,6115700000.0,325900000.0,16145700000.0,347900000.0,7990000000.0,3993900000.0,21.29392,60.05,603.395,580801623.0,AUROPHARMA.NS,0.04354192740926158,0.03358169667465641,0.06785982478097621,1
2017-03-31,640.4283064158204,695.4309647087997,597.8440716210821,642.5218505859375,131346634,6115700000.0,325900000.0,16145700000.0,347900000.0,7990000000.0,3993900000.0,21.29392,60.05,603.395,580801623.0,AUROPHARMA.NS,0.04354192740926158,0.03358169667465641,0.06785982478097621,1
2017-06-30,642.8071598316736,660.507957997075,478.7034374297732,652.83154296875,199054770,6115700000.0,325900000.0,16145700000.0,347900000.0,7990000000.0,3993900000.0,21.29392,60.05,603.395,580801623.0,AUROPHARMA.NS,0.04354192740926158,0.03358169667465641,0.06785982478097621,1
2017-09-30,653.2128950784955,757.8222981721257,634.140985733138,659.5545043945312,170583154,6115700000.0,325900000.0,16145700000.0,347900000.0,7990000000.0,3993900000.0,21.29392,60.05,603.395,580801623.0,AUROPHARMA.NS,0.04354192740926158,0.03358169667465641,0.06785982478097621,0
2017-12-31,667.5167873656753,771.8879040535874,621.1560188053501,657.4219970703125,146656422,6115700000.0,325900000.0,16145700000.0,347900000.0,7990000000.0,3993900000.0,21.29392,60.05,603.395,580801623.0,AUROPHARMA.NS,0.04354192740926158,0.03358169667465641,0.06785982478097621,0
2018-03-31,659.3810047388696,667.7904899455616,520.8488823114651,534.01123046875,156551922,6115700000.0,325900000.0,16145700000.0,347900000.0,7990000000.0,3993900000.0,21.29392,60.05,603.395,580801623.0,AUROPHARMA.NS,0.04354192740926158,0.03358169667465641,0.06785982478097621,1
2018-06-30,536.117224589533,625.0950647510073,504.47954638408885,581.1566772460938,142971943,6115700000.0,325900000.0,16145700000.0,347900000.0,7990000000.0,3993900000.0,21.29392,60.05,603.395,580801623.0,AUROPHARMA.NS,0.04354192740926158,0.03358169667465641,0.06785982478097621,1
2018-09-30,583.645567271442,792.0903434640749,540.9035880131844,712.6371459960938,233727621,6115700000.0,325900000.0,16145700000.0,347900000.0,7990000000.0,3993900000.0,21.29392,60.05,603.395,580801623.0,AUROPHARMA.NS,0.04354192740926158,0.03358169667465641,0.06785982478097621,0
2018-12-31,712.1107572153085,796.2155534981987,668.3628428797695,702.7349243164062,178060061,6115700000.0,325900000.0,16145700000.0,347900000.0,7990000000.0,3993900000.0,21.29392,60.05,603.395,580801623.0,AUROPHARMA.NS,0.04354192740926158,0.03358169667465641,0.06785982478097621,1
2019-03-31,703.7416330264995,771.7667880025948,667.4636687012568,738.7718505859375,128858288,6115700000.0,325900000.0,16145700000.0,347900000.0,7990000000.0,3993900000.0,21.29392,60.05,603.395,580801623.0,AUROPHARMA.NS,0.04354192740926158,0.03358169667465641,0.06785982478097621,0
2019-06-30,761.48479849675,804.7979566766262,553.1785702181622,583.9585571289062,170214389,6115700000.0,325900000.0,16145700000.0,347900000.0,7990000000.0,3993900000.0,21.29392,60.05,603.395,580801623.0,AUROPHARMA.NS,0.04354192740926158,0.03358169667465641,0.06785982478097621,0
2019-09-30,585.8314152082933,613.9705385441437,515.3396372995519,565.6634521484375,158850821,6115700000.0,325900000.0,16145700000.0,347900000.0,7990000000.0,3993900000.0,21.29392,60.05,603.395,580801623.0,AUROPHARMA.NS,0.04354192740926158,0.03358169667465641,0.06785982478097621,0
2019-12-31,565.7115193395605,572.866358168314,373.9237643868364,439.9857482910156,288841661,6115700000.0,325900000.0,16145700000.0,347900000.0,7990000000.0,3993900000.0,21.29392,60.05,603.395,580801623.0,AUROPHARMA.NS,0.04354192740926158,0.03358169667465641,0.06785982478097621,0
2020-03-31,442.6342956310522,596.784207804221,279.1371418697724,399.2573547363281,329043355,6115700000.0,325900000.0,16145700000.0,347900000.0,7990000000.0,3993900000.0,21.29392,60.05,603.395,580801623.0,AUROPHARMA.NS,0.04354192740926158,0.03358169667465641,0.06785982478097621,1
2020-06-30,401.04515823788716,792.1850069235345,322.28570295334987,745.7506103515625,475444113,6115700000.0,325900000.0,16145700000.0,347900000.0,7990000000.0,3993900000.0,21.29392,60.05,603.395,580801623.0,AUROPHARMA.NS,0.04354192740926158,0.03358169667465641,0.06785982478097621,1
2020-09-30,747.0070225638495,934.9667444103477,714.2734108982768,770.8403930664062,277279079,6115700000.0,325900000.0,16145700000.0,347900000.0,7990000000.0,3993900000.0,21.29392,60.05,603.395,580801623.0,AUROPHARMA.NS,0.04354192740926158,0.03358169667465641,0.06785982478097621,1
2020-12-31,775.1954940376934,914.4764554877615,725.0642079846046,892.9593505859375,216855004,6115700000.0,325900000.0,16145700000.0,347900000.0,7990000000.0,3993900000.0,21.29392,60.05,603.395,580801623.0,AUROPHARMA.NS,0.04354192740926158,0.03358169667465641,0.06785982478097621,0
2021-03-31,895.2855337595753,992.2093271742557,774.0805517043086,855.6342163085938,173869519,6115700000.0,325900000.0,16145700000.0,347900000.0,7990000000.0,3993900000.0,21.29392,60.05,603.395,580801623.0,AUROPHARMA.NS,0.04354192740926158,0.03358169667465641,0.06785982478097621,1
2021-06-30,853.4012102039591,1032.9163925986113,841.1195877419904,937.0908203125,158729066,6115700000.0,325900000.0,16145700000.0,347900000.0,7990000000.0,3993900000.0,21.29392,60.05,603.395,580801623.0,AUROPHARMA.NS,0.04354192740926158,0.03358169667465641,0.06785982478097621,0
2021-09-30,937.1879362884149,983.4987592526552,641.0702752558182,705.2049560546875,195910160,6115700000.0,325900000.0,16145700000.0,347900000.0,7990000000.0,3993900000.0,21.29392,60.05,603.395,580801623.0,AUROPHARMA.NS,0.04354192740926158,0.03358169667465641,0.06785982478097621,1
2021-12-31,702.383327613551,731.5723813107405,605.0460916589368,716.0606689453125,142204865,6115700000.0,325900000.0,16145700000.0,347900000.0,7990000000.0,3993900000.0,21.29392,60.05,603.395,580801623.0,AUROPHARMA.NS,0.04354192740926158,0.03358169667465641,0.06785982478097621,0
2022-03-31,719.7172665430891,723.5201707322141,570.9685365003658,653.3521118164062,149225350,6115700000.0,325900000.0,16145700000.0,347900000.0,7990000000.0,3993900000.0,21.29392,60.05,603.395,580801623.0,AUROPHARMA.NS,0.04354192740926158,0.03358169667465641,0.06785982478097621,0
2022-06-30,658.5316061012303,698.452971753355,496.2313232228138,505.742919921875,125018133,6115700000.0,325900000.0,16145700000.0,347900000.0,7990000000.0,3993900000.0,21.29392,60.05,603.395,580801623.0,AUROPHARMA.NS,0.04354192740926158,0.03358169667465641,0.06785982478097621,0
2022-09-30,504.9051029805413,595.3395120992977,487.2124832749123,503.27880859375,82440416,6115700000.0,325900000.0,16145700000.0,347900000.0,7990000000.0,3993900000.0,21.29392,60.05,603.395,580801623.0,AUROPHARMA.NS,0.04354192740926158,0.03358169667465641,0.06785982478097621,0
2022-12-31,503.22953949759983,561.2849543804448,428.17137349436393,432.0154113769531,104077109,6115700000.0,325900000.0,16145700000.0,347900000.0,7990000000.0,3993900000.0,21.29392,60.05,603.395,580801623.0,AUROPHARMA.NS,0.04354192740926158,0.03358169667465641,0.06785982478097621,1
2023-03-31,433.5924925132179,516.5617064425923,391.50475796071277,513.8836669921875,112887276,6115700000.0,325900000.0,16145700000.0,347900000.0,7990000000.0,3993900000.0,21.29392,60.05,603.395,580801623.0,AUROPHARMA.NS,0.04354192740926158,0.03358169667465641,0.06785982478097621,1
2023-06-30,514.7763669893333,735.8127850294113,512.2471310511221,721.4307250976562,113030971,6115700000.0,325900000.0,16145700000.0,347900000.0,7990000000.0,3993900000.0,21.29392,60.05,603.395,580801623.0,AUROPHARMA.NS,0.04354192740926158,0.03358169667465641,0.06785982478097621,1
2023-09-30,722.1746622255117,922.4315990363608,703.081339914534,906.908935546875,126415986,6115700000.0,325900000.0,16145700000.0,347900000.0,7990000000.0,3993900000.0,21.29392,60.05,603.395,580801623.0,AUROPHARMA.NS,0.04354192740926158,0.03358169667465641,0.06785982478097621,1
2023-12-31,909.5373940323183,1094.2076056620976,827.8576252233413,1078.389892578125,126373950,6115700000.0,325900000.0,16145700000.0,347900000.0,7990000000.0,3993900000.0,21.29392,60.05,603.395,580801623.0,AUROPHARMA.NS,0.04354192740926158,0.03358169667465641,0.06785982478097621,1
2024-03-31,1079.434479273919,1171.0081256647393,953.5393823825366,1084.6783447265625,166210366,6115700000.0,325900000.0,16145700000.0,347900000.0,7990000000.0,3993900000.0,21.29392,60.05,603.395,580801623.0,AUROPHARMA.NS,0.04354192740926158,0.03358169667465641,0.06785982478097621,1
2024-06-30,1108.8377345784465,1287.2678667231557,1065.3012155480876,1203.0838623046875,99444627,6115700000.0,325900000.0,16145700000.0,347900000.0,7990000000.0,3993900000.0,21.29392,60.05,603.395,580801623.0,AUROPHARMA.NS,0.04354192740926158,0.03358169667465641,0.06785982478097621,1
2024-09-30,1209.5098962782483,1586.0463578222204,1198.501085606099,1455.2373046875,91101124,76462100000.0,8173800000.0,480944500000.0,84272500000.0,308783900000.0,39039700000.0,21.29392,60.05,603.395,580801623.0,AUROPHARMA.NS,0.2729174027531876,0.01699530819044609,0.026470939708967987,0
2024-12-31,1449.5587633207538,1514.3654373051534,1168.712943900066,1329.5093994140625,64921196,78931500000.0,8458100000.0,480944500000.0,84272500000.0,308783900000.0,39039700000.0,21.29392,60.05,603.395,580801623.0,AUROPHARMA.NS,0.2729174027531876,0.01699530819044609,0.026470939708967987,0
2025-03-31,1329.8579957125567,1351.1282105945957,1027.194232858358,1156.1600341796875,56097869,83811200000.0,9034700000.0,497849700000.0,82628700000.0,326533200000.0,55689500000.0,21.29392,60.05,603.395,580801623.0,AUROPHARMA.NS,0.2530483883415224,0.018147444901543578,0.027668549476745397,0
2025-06-30,1152.1749612553367,1273.8183316431084,1006.2228922021169,1130.5562744140625,83906154,77917700000.0,8247500000.0,497849700000.0,82628700000.0,326533200000.0,55689500000.0,21.29392,60.05,603.395,580801623.0,AUROPHARMA.NS,0.2530483883415224,0.018147444901543578,0.027668549476745397,0
2025-09-30,1132.8475434868935,1192.5236058951975,1016.0999755859375,1083.9000244140625,85603777,77917700000.0,8247500000.0,497849700000.0,82628700000.0,326533200000.0,55689500000.0,21.29392,60.05,603.395,580801623.0,AUROPHARMA.NS,0.2530483883415224,0.018147444901543578,0.027668549476745397,1
2025-12-31,1086.9000244140625,1249.9000244140625,1066.800048828125,1183.0,67501605,86045100000.0,9102900000.0,497849700000.0,82628700000.0,326533200000.0,55689500000.0,21.29392,60.05,603.395,580801623.0,AUROPHARMA.NS,0.2530483883415224,0.018147444901543578,0.027668549476745397,1
2026-03-31,1190.0,1319.800048828125,1106.0,1278.699951171875,90817533,86045100000.0,9102900000.0,497849700000.0,82628700000.0,326533200000.0,55689500000.0,21.29392,60.05,603.395,580801623.0,AUROPHARMA.NS,0.2530483883415224,0.018147444901543578,0.027668549476745397,0
2016-03-31,96.1645601816691,98.05366497304676,87.5736090786198,90.90204620361328,912038,86045100000.0,9102900000.0,497849700000.0,82628700000.0,326533200000.0,55689500000.0,12.97446,5.09,49.678,15920872.0,BALPHARMA.NS,0.2530483883415224,0.018147444901543578,0.027668549476745397,0
2016-06-30,91.71165635623107,98.54842552747941,72.55071039496659,79.29753112792969,6983539,86045100000.0,9102900000.0,497849700000.0,82628700000.0,326533200000.0,55689500000.0,12.97446,5.09,49.678,15920872.0,BALPHARMA.NS,0.2530483883415224,0.018147444901543578,0.027668549476745397,1
2016-09-30,79.38748373259047,102.33229154645623,73.81012318066644,98.96669006347656,13719555,86045100000.0,9102900000.0,497849700000.0,82628700000.0,326533200000.0,55689500000.0,12.97446,5.09,49.678,15920872.0,BALPHARMA.NS,0.2530483883415224,0.018147444901543578,0.027668549476745397,0
2016-12-31,100.24015670301573,112.29263087797112,79.59178362080971,82.68449401855469,7303777,86045100000.0,9102900000.0,497849700000.0,82628700000.0,326533200000.0,55689500000.0,12.97446,5.09,49.678,15920872.0,BALPHARMA.NS,0.2530483883415224,0.018147444901543578,0.027668549476745397,0
2017-03-31,82.00228121101195,92.78127568736828,76.36263195113524,79.2734146118164,2180908,86045100000.0,9102900000.0,497849700000.0,82628700000.0,326533200000.0,55689500000.0,12.97446,5.09,49.678,15920872.0,BALPHARMA.NS,0.2530483883415224,0.018147444901543578,0.027668549476745397,1
2017-06-30,80.95620761811156,105.06114887546849,78.8640781284442,85.59527587890625,4784920,86045100000.0,9102900000.0,497849700000.0,82628700000.0,326533200000.0,55689500000.0,12.97446,5.09,49.678,15920872.0,BALPHARMA.NS,0.2530483883415224,0.018147444901543578,0.027668549476745397,0
2017-09-30,85.50431515747803,104.97019691414461,81.86583676177173,85.58465576171875,4996128,86045100000.0,9102900000.0,497849700000.0,82628700000.0,326533200000.0,55689500000.0,12.97446,5.09,49.678,15920872.0,BALPHARMA.NS,0.2530483883415224,0.018147444901543578,0.027668549476745397,1
2017-12-31,84.66537664775781,114.1741519954977,83.33242219571787,101.763916015625,7344770,86045100000.0,9102900000.0,497849700000.0,82628700000.0,326533200000.0,55689500000.0,12.97446,5.09,49.678,15920872.0,BALPHARMA.NS,0.2530483883415224,0.018147444901543578,0.027668549476745397,0
2018-03-31,101.76390814056089,117.85124726932762,70.00291832018003,70.92219543457031,4780958,86045100000.0,9102900000.0,497849700000.0,82628700000.0,326533200000.0,55689500000.0,12.97446,5.09,49.678,15920872.0,BALPHARMA.NS,0.2530483883415224,0.018147444901543578,0.027668549476745397,1
2018-06-30,72.8986361383858,92.38730243055153,63.751828907922054,71.51972198486328,2618087,86045100000.0,9102900000.0,497849700000.0,82628700000.0,326533200000.0,55689500000.0,12.97446,5.09,49.678,15920872.0,BALPHARMA.NS,0.2530483883415224,0.018147444901543578,0.027668549476745397,1
2018-09-30,71.51972334189182,100.38500731472298,64.44128008551866,77.67694091796875,6927314,86045100000.0,9102900000.0,497849700000.0,82628700000.0,326533200000.0,55689500000.0,12.97446,5.09,49.678,15920872.0,BALPHARMA.NS,0.2530483883415224,0.018147444901543578,0.027668549476745397,0
2018-12-31,78.5121835936241,85.84370191709543,66.81887886067703,73.407958984375,1428270,86045100000.0,9102900000.0,497849700000.0,82628700000.0,326533200000.0,55689500000.0,12.97446,5.09,49.678,15920872.0,BALPHARMA.NS,0.2530483883415224,0.018147444901543578,0.027668549476745397,0
2019-03-31,74.24319980172261,77.02731590824814,58.46651509122469,65.56603240966797,1182831,86045100000.0,9102900000.0,497849700000.0,82628700000.0,326533200000.0,55689500000.0,12.97446,5.09,49.678,15920872.0,BALPHARMA.NS,0.2530483883415224,0.018147444901543578,0.027668549476745397,0
2019-06-30,65.28761877912395,72.66552463595234,48.861306539064785,49.46453094482422,925418,86045100000.0,9102900000.0,497849700000.0,82628700000.0,326533200000.0,55689500000.0,12.97446,5.09,49.678,15920872.0,BALPHARMA.NS,0.2530483883415224,0.018147444901543578,0.027668549476745397,0
2019-09-30,51.04219933495279,53.73351889247643,30.67171857487396,36.7751579284668,972755,86045100000.0,9102900000.0,497849700000.0,82628700000.0,326533200000.0,55689500000.0,12.97446,5.09,49.678,15920872.0,BALPHARMA.NS,0.2530483883415224,0.018147444901543578,0.027668549476745397,1
2019-12-31,36.44299700571258,47.45181847750671,34.307665640219874,39.10029983520508,537174,86045100000.0,9102900000.0,497849700000.0,82628700000.0,326533200000.0,55689500000.0,12.97446,5.09,49.678,15920872.0,BALPHARMA.NS,0.2530483883415224,0.018147444901543578,0.027668549476745397,0
2020-03-31,39.0053970173465,51.15305591860052,21.827836424333924,30.274259567260742,1304082,86045100000.0,9102900000.0,497849700000.0,82628700000.0,326533200000.0,55689500000.0,12.97446,5.09,49.678,15920872.0,BALPHARMA.NS,0.2530483883415224,0.018147444901543578,0.027668549476745397,1
2020-06-30,30.36916223300109,50.20402588395506,28.044022142431665,41.04582595825195,2005566,86045100000.0,9102900000.0,497849700000.0,82628700000.0,326533200000.0,55689500000.0,12.97446,5.09,49.678,15920872.0,BALPHARMA.NS,0.2530483883415224,0.018147444901543578,0.027668549476745397,0
2020-09-30,41.04582301977398,49.919315900072085,37.01241795066645,40.85601043701172,2382797,86045100000.0,9102900000.0,497849700000.0,82628700000.0,326533200000.0,55689500000.0,12.97446,5.09,49.678,15920872.0,BALPHARMA.NS,0.2530483883415224,0.018147444901543578,0.027668549476745397,1
2020-12-31,41.235630315888216,69.84907119812236,40.42894724261038,53.47819519042969,6272699,86045100000.0,9102900000.0,497849700000.0,82628700000.0,326533200000.0,55689500000.0,12.97446,5.09,49.678,15920872.0,BALPHARMA.NS,0.2530483883415224,0.018147444901543578,0.027668549476745397,0
2021-03-31,53.43074813833822,61.87716457144638,47.024750560159156,50.96324920654297,2821983,86045100000.0,9102900000.0,497849700000.0,82628700000.0,326533200000.0,55689500000.0,12.97446,5.09,49.678,15920872.0,BALPHARMA.NS,0.2530483883415224,0.018147444901543578,0.027668549476745397,1
2021-06-30,51.20051099591503,130.68230346388387,50.29892285664876,97.51348114013672,15736965,86045100000.0,9102900000.0,497849700000.0,82628700000.0,326533200000.0,55689500000.0,12.97446,5.09,49.678,15920872.0,BALPHARMA.NS,0.2530483883415224,0.018147444901543578,0.027668549476745397,1
2021-09-30,100.97747452326111,107.30246016982912,83.18304553111486,98.63203430175781,6279353,86045100000.0,9102900000.0,497849700000.0,82628700000.0,326533200000.0,55689500000.0,12.97446,5.09,49.678,15920872.0,BALPHARMA.NS,0.2530483883415224,0.018147444901543578,0.027668549476745397,1
2021-12-31,98.63203266184644,109.60179263049133,86.99164041889172,101.410400390625,4399522,86045100000.0,9102900000.0,497849700000.0,82628700000.0,326533200000.0,55689500000.0,12.97446,5.09,49.678,15920872.0,BALPHARMA.NS,0.2530483883415224,0.018147444901543578,0.027668549476745397,1
2022-03-31,102.03313587218757,142.606900499741,94.27287716307482,103.37442016601562,11841648,86045100000.0,9102900000.0,497849700000.0,82628700000.0,326533200000.0,55689500000.0,12.97446,5.09,49.678,15920872.0,BALPHARMA.NS,0.2530483883415224,0.018147444901543578,0.027668549476745397,0
2022-06-30,101.84152896786748,128.76294329219007,81.67441792938826,92.30885314941406,3739962,86045100000.0,9102900000.0,497849700000.0,82628700000.0,326533200000.0,55689500000.0,12.97446,5.09,49.678,15920872.0,BALPHARMA.NS,0.2530483883415224,0.018147444901543578,0.027668549476745397,0
2022-09-30,94.12916166246183,100.50024753301214,86.84793281203548,90.8648452758789,1891169,86045100000.0,9102900000.0,497849700000.0,82628700000.0,326533200000.0,55689500000.0,12.97446,5.09,49.678,15920872.0,BALPHARMA.NS,0.2530483883415224,0.018147444901543578,0.027668549476745397,0
2022-12-31,90.96161662253269,99.09010307414816,82.30090973605053,88.2037353515625,2569598,86045100000.0,9102900000.0,497849700000.0,82628700000.0,326533200000.0,55689500000.0,12.97446,5.09,49.678,15920872.0,BALPHARMA.NS,0.2530483883415224,0.018147444901543578,0.027668549476745397,0
2023-03-31,89.31656493842287,90.38100930954158,61.302321111896674,64.88272857666016,1050143,86045100000.0,9102900000.0,497849700000.0,82628700000.0,326533200000.0,55689500000.0,12.97446,5.09,49.678,15920872.0,BALPHARMA.NS,0.2530483883415224,0.018147444901543578,0.027668549476745397,1
2023-06-30,65.46333569635391,95.79999778763833,65.31818270267925,88.6391830444336,4281645,86045100000.0,9102900000.0,497849700000.0,82628700000.0,326533200000.0,55689500000.0,12.97446,5.09,49.678,15920872.0,BALPHARMA.NS,0.2530483883415224,0.018147444901543578,0.027668549476745397,1
2023-09-30,88.63918417138352,103.05757094774488,85.4458555037384,93.435302734375,4282276,86045100000.0,9102900000.0,497849700000.0,82628700000.0,326533200000.0,55689500000.0,12.97446,5.09,49.678,15920872.0,BALPHARMA.NS,0.2530483883415224,0.018147444901543578,0.027668549476745397,1
2023-12-31,92.06628343398803,115.73069691265944,79.40288842463946,97.83570861816406,3968563,86045100000.0,9102900000.0,497849700000.0,82628700000.0,326533200000.0,55689500000.0,12.97446,5.09,49.678,15920872.0,BALPHARMA.NS,0.2530483883415224,0.018147444901543578,0.027668549476745397,0
2024-03-31,100.32927083218324,129.5186353300517,86.98137287240768,89.18157196044922,4863591,86045100000.0,9102900000.0,497849700000.0,82628700000.0,326533200000.0,55689500000.0,12.97446,5.09,49.678,15920872.0,BALPHARMA.NS,0.2530483883415224,0.018147444901543578,0.027668549476745397,1
2024-06-30,90.3550172592605,128.9808033121806,90.3550172592605,115.0853042602539,2848756,86045100000.0,9102900000.0,497849700000.0,82628700000.0,326533200000.0,55689500000.0,12.97446,5.09,49.678,15920872.0,BALPHARMA.NS,0.2530483883415224,0.018147444901543578,0.027668549476745397,1
2024-09-30,115.3884373538828,154.48360707279818,106.76364662456683,134.78224182128906,7629636,86045100000.0,9102900000.0,3395064000.0,1549527000.0,687918000.0,19497000.0,12.97446,5.09,49.678,15920872.0,BALPHARMA.NS,2.2524879418767934,0.018147444901543578,0.027668549476745397,0
2024-12-31,137.14025762150473,139.0641635431855,107.03846476348524,120.97942352294922,909625,731544000.0,4812000.0,3395064000.0,1549527000.0,687918000.0,19497000.0,12.97446,5.09,49.678,15920872.0,BALPHARMA.NS,2.2524879418767934,0.018147444901543578,0.027668549476745397,0
2025-03-31,120.97942088057735,130.23392018360462,77.01560460169229,82.77747344970703,1299916,818762000.0,54332000.0,3356903000.0,1523074000.0,774159000.0,17516000.0,12.97446,5.09,49.678,15920872.0,BALPHARMA.NS,1.9673917115217934,0.016185156377768437,0.07018196520353054,1
2025-06-30,84.454723539095,127.01754503331564,84.454723539095,100.1419906616211,5291931,658709000.0,2006000.0,3356903000.0,1523074000.0,774159000.0,17516000.0,12.97446,5.09,49.678,15920872.0,BALPHARMA.NS,1.9673917115217934,0.016185156377768437,0.07018196520353054,0
2025-09-30,101.62192122335419,103.10185447807768,82.45999908447266,82.91999816894531,1390770,740249000.0,7095000.0,3493705000.0,1548791000.0,783261000.0,15807000.0,12.97446,5.09,49.678,15920872.0,BALPHARMA.NS,1.9773625905030379,0.002030795387704457,0.009058283254240924,0
2025-12-31,83.48999786376953,90.30000305175781,69.0,73.31999969482422,725880,876897000.0,17799000.0,3493705000.0,1548791000.0,783261000.0,15807000.0,12.97446,5.09,49.678,15920872.0,BALPHARMA.NS,1.9773625905030379,0.002030795387704457,0.009058283254240924,0
2026-03-31,71.5,81.5,65.06999969482422,66.04000091552734,591315,876897000.0,17799000.0,3493705000.0,1548791000.0,783261000.0,15807000.0,12.97446,5.09,49.678,15920872.0,BALPHARMA.NS,1.9773625905030379,0.002030795387704457,0.009058283254240924,0
2016-03-31,76.3898059948534,81.00630905507147,75.61902054087825,79.26795196533203,16295322,876897000.0,17799000.0,3493705000.0,1548791000.0,783261000.0,15807000.0,75.23565,4.88,207.921,1619331350.0,BIOCON.NS,1.9773625905030379,0.002030795387704457,0.009058283254240924,1
2016-06-30,79.33354885324091,125.45769706505793,79.07115014954556,121.55457305908203,368854884,876897000.0,17799000.0,3493705000.0,1548791000.0,783261000.0,15807000.0,75.23565,4.88,207.921,1619331350.0,BIOCON.NS,1.9773625905030379,0.002030795387704457,0.009058283254240924,1
2016-09-30,122.17776057562129,161.49603118887916,112.98572999089383,153.0911865234375,528171690,876897000.0,17799000.0,3493705000.0,1548791000.0,783261000.0,15807000.0,75.23565,4.88,207.921,1619331350.0,BIOCON.NS,1.9773625905030379,0.002030795387704457,0.009058283254240924,1
2016-12-31,155.79712231949392,167.2769120005783,131.91918680377307,155.77256774902344,332025912,876897000.0,17799000.0,3493705000.0,1548791000.0,783261000.0,15807000.0,75.23565,4.88,207.921,1619331350.0,BIOCON.NS,1.9773625905030379,0.002030795387704457,0.009058283254240924,1
2017-03-31,155.23954844265612,190.71210875165266,152.3942041951124,185.69378662109375,251054034,876897000.0,17799000.0,3493705000.0,1548791000.0,783261000.0,15807000.0,75.23565,4.88,207.921,1619331350.0,BIOCON.NS,1.9773625905030379,0.002030795387704457,0.009058283254240924,0
2017-06-30,185.89878612933066,194.8284249379135,145.15375469159312,162.8736114501953,354919530,876897000.0,17799000.0,3493705000.0,1548791000.0,783261000.0,15807000.0,75.23565,4.88,207.921,1619331350.0,BIOCON.NS,1.9773625905030379,0.002030795387704457,0.009058283254240924,1
2017-09-30,162.35701505466358,215.91026644396655,155.5921522038326,163.8076629638672,388791064,876897000.0,17799000.0,3493705000.0,1548791000.0,783261000.0,15807000.0,75.23565,4.88,207.921,1619331350.0,BIOCON.NS,1.9773625905030379,0.002030795387704457,0.009058283254240924,1
2017-12-31,165.2132372757094,270.60448047122793,164.57211730049963,264.9822998046875,424979512,876897000.0,17799000.0,3493705000.0,1548791000.0,783261000.0,15807000.0,75.23565,4.88,207.921,1619331350.0,BIOCON.NS,1.9773625905030379,0.002030795387704457,0.009058283254240924,1
2018-03-31,266.3878503997696,324.26173321667835,259.03948871181717,292.89593505859375,356011536,876897000.0,17799000.0,3493705000.0,1548791000.0,783261000.0,15807000.0,75.23565,4.88,207.921,1619331350.0,BIOCON.NS,1.9773625905030379,0.002030795387704457,0.009058283254240924,1
2018-06-30,295.8549756263021,343.5448499432045,283.8955041461006,305.5458068847656,306050464,876897000.0,17799000.0,3493705000.0,1548791000.0,783261000.0,15807000.0,75.23565,4.88,207.921,1619331350.0,BIOCON.NS,1.9773625905030379,0.002030795387704457,0.009058283254240924,1
2018-09-30,305.2745903698327,354.7053097132626,268.4002747312188,341.5397033691406,309629612,876897000.0,17799000.0,3493705000.0,1548791000.0,783261000.0,15807000.0,75.23565,4.88,207.921,1619331350.0,BIOCON.NS,1.9773625905030379,0.002030795387704457,0.009058283254240924,0
2018-12-31,340.8728337463469,342.03376539448203,285.9132206207446,310.76239013671875,255994780,876897000.0,17799000.0,3493705000.0,1548791000.0,783261000.0,15807000.0,75.23565,4.88,207.921,1619331350.0,BIOCON.NS,1.9773625905030379,0.002030795387704457,0.009058283254240924,0
2019-03-31,311.9480161556258,337.1429750184523,292.5083801948811,299.8445739746094,176199144,876897000.0,17799000.0,3493705000.0,1548791000.0,783261000.0,15807000.0,75.23565,4.88,207.921,1619331350.0,BIOCON.NS,1.9773625905030379,0.002030795387704457,0.009058283254240924,0
2019-06-30,304.3154296875,314.5663084326807,236.14086610569282,247.55270385742188,227708073,876897000.0,17799000.0,3493705000.0,1548791000.0,783261000.0,15807000.0,75.23565,4.88,207.921,1619331350.0,BIOCON.NS,1.9773625905030379,0.002030795387704457,0.009058283254240924,0
2019-09-30,248.04673143887138,262.82372272241173,208.92258280883405,220.70263671875,234146460,876897000.0,17799000.0,3493705000.0,1548791000.0,783261000.0,15807000.0,75.23565,4.88,207.921,1619331350.0,BIOCON.NS,1.9773625905030379,0.002030795387704457,0.009058283254240924,1
2019-12-31,220.75212822850642,295.9860520680919,218.37632661243308,290.7394714355469,240722693,876897000.0,17799000.0,3493705000.0,1548791000.0,783261000.0,15807000.0,75.23565,4.88,207.921,1619331350.0,BIOCON.NS,1.9773625905030379,0.002030795387704457,0.009058283254240924,0
2020-03-31,291.03642776373437,320.23909573187024,233.17560877200845,267.82281494140625,286831479,876897000.0,17799000.0,3493705000.0,1548791000.0,783261000.0,15807000.0,75.23565,4.88,207.921,1619331350.0,BIOCON.NS,1.9773625905030379,0.002030795387704457,0.009058283254240924,1
2020-06-30,275.1482126758954,406.31258613164414,271.6339793597763,386.167724609375,505920291,876897000.0,17799000.0,3493705000.0,1548791000.0,783261000.0,15807000.0,75.23565,4.88,207.921,1619331350.0,BIOCON.NS,1.9773625905030379,0.002030795387704457,0.009058283254240924,1
2020-09-30,386.46471896985173,459.22381503170044,368.4976561136612,443.1871337890625,395550066,876897000.0,17799000.0,3493705000.0,1548791000.0,783261000.0,15807000.0,75.23565,4.88,207.921,1619331350.0,BIOCON.NS,1.9773625905030379,0.002030795387704457,0.009058283254240924,1
2020-12-31,446.0083511112723,482.83341162034395,385.82125619695245,460.7087097167969,271093484,876897000.0,17799000.0,3493705000.0,1548791000.0,783261000.0,15807000.0,75.23565,4.88,207.921,1619331350.0,BIOCON.NS,1.9773625905030379,0.002030795387704457,0.009058283254240924,0
2021-03-31,461.3026252128204,469.56848759727706,359.5883905969808,404.7781982421875,279471361,876897000.0,17799000.0,3493705000.0,1548791000.0,783261000.0,15807000.0,75.23565,4.88,207.921,1619331350.0,BIOCON.NS,1.9773625905030379,0.002030795387704457,0.009058283254240924,0
2021-06-30,405.07525333676324,420.12197081169944,366.4188504083745,400.3730773925781,200705715,876897000.0,17799000.0,3493705000.0,1548791000.0,783261000.0,15807000.0,75.23565,4.88,207.921,1619331350.0,BIOCON.NS,1.9773625905030379,0.002030795387704457,0.009058283254240924,0
2021-09-30,400.42254662599856,410.22278079746985,324.2482372310663,359.0439453125,161560738,876897000.0,17799000.0,3493705000.0,1548791000.0,783261000.0,15807000.0,75.23565,4.88,207.921,1619331350.0,BIOCON.NS,1.9773625905030379,0.002030795387704457,0.009058283254240924,1
2021-12-31,358.3509829033053,383.98991208352135,311.62676949012376,360.9742736816406,179844453,876897000.0,17799000.0,3493705000.0,1548791000.0,783261000.0,15807000.0,75.23565,4.88,207.921,1619331350.0,BIOCON.NS,1.9773625905030379,0.002030795387704457,0.009058283254240924,0
2022-03-31,360.97422524314146,406.56009303325266,315.8834625553678,332.21710205078125,203622805,876897000.0,17799000.0,3493705000.0,1548791000.0,783261000.0,15807000.0,75.23565,4.88,207.921,1619331350.0,BIOCON.NS,1.9773625905030379,0.002030795387704457,0.009058283254240924,0
2022-06-30,335.5828515664783,384.08889950261283,304.396030003411,305.7841491699219,155555818,876897000.0,17799000.0,3493705000.0,1548791000.0,783261000.0,15807000.0,75.23565,4.88,207.921,1619331350.0,BIOCON.NS,1.9773625905030379,0.002030795387704457,0.009058283254240924,0
2022-09-30,306.1311714714753,338.75213618400875,271.1801842710558,288.482177734375,113157038,876897000.0,17799000.0,3493705000.0,1548791000.0,783261000.0,15807000.0,75.23565,4.88,207.921,1619331350.0,BIOCON.NS,1.9773625905030379,0.002030795387704457,0.009058283254240924,0
2022-12-31,288.482218723658,296.6126476528965,256.0595623649883,259.6289978027344,140965382,876897000.0,17799000.0,3493705000.0,1548791000.0,783261000.0,15807000.0,75.23565,4.88,207.921,1619331350.0,BIOCON.NS,1.9773625905030379,0.002030795387704457,0.009058283254240924,0
2023-03-31,259.62899173849127,263.69422154931897,189.92528664889062,204.59974670410156,305923221,876897000.0,17799000.0,3493705000.0,1548791000.0,783261000.0,15807000.0,75.23565,4.88,207.921,1619331350.0,BIOCON.NS,1.9773625905030379,0.002030795387704457,0.009058283254240924,1
2023-06-30,207.326430789657,265.52852632635734,204.89719940336093,263.248046875,237627130,876897000.0,17799000.0,3493705000.0,1548791000.0,783261000.0,15807000.0,75.23565,4.88,207.921,1619331350.0,BIOCON.NS,1.9773625905030379,0.002030795387704457,0.009058283254240924,1
2023-09-30,265.77637877422023,279.13942024214725,242.73859545155554,271.4603576660156,248606213,876897000.0,17799000.0,3493705000.0,1548791000.0,783261000.0,15807000.0,75.23565,4.88,207.921,1619331350.0,BIOCON.NS,1.9773625905030379,0.002030795387704457,0.009058283254240924,0
2023-12-31,268.3687608332694,274.15298789214336,216.90897946242654,248.97161865234375,190550708,876897000.0,17799000.0,3493705000.0,1548791000.0,783261000.0,15807000.0,75.23565,4.88,207.921,1619331350.0,BIOCON.NS,1.9773625905030379,0.002030795387704457,0.009058283254240924,1
2024-03-31,249.121215434999,306.26552439103835,243.88549170053244,263.43218994140625,466115636,876897000.0,17799000.0,3493705000.0,1548791000.0,783261000.0,15807000.0,75.23565,4.88,207.921,1619331350.0,BIOCON.NS,1.9773625905030379,0.002030795387704457,0.009058283254240924,1
2024-06-30,264.7785634673942,353.93562770039983,259.14392909982126,350.1459655761719,546820823,876897000.0,17799000.0,3493705000.0,1548791000.0,783261000.0,15807000.0,75.23565,4.88,207.921,1619331350.0,BIOCON.NS,1.9773625905030379,0.002030795387704457,0.009058283254240924,1
2024-09-30,351.64186593133445,395.27148759089135,319.9721829146113,362.61517333984375,329499161,876897000.0,17799000.0,571279000000.0,167708000000.0,209932000000.0,16877000000.0,75.23565,4.88,207.921,1619331350.0,BIOCON.NS,0.7988682049425528,0.002030795387704457,0.009058283254240924,1
2024-12-31,361.9161059922875,380.9905870070995,302.59540382691,364.8621826171875,216131589,38214000000.0,251000000.0,571279000000.0,167708000000.0,209932000000.0,16877000000.0,75.23565,4.88,207.921,1619331350.0,BIOCON.NS,0.7988682049425528,0.002030795387704457,0.009058283254240924,0
2025-03-31,366.41009917869724,404.15963392121716,290.61144213644866,341.2437438964844,252859851,43581000000.0,3445000000.0,587973000000.0,183620000000.0,216440000000.0,32267000000.0,75.23565,4.88,207.921,1619331350.0,BIOCON.NS,0.8483644428017002,0.005859112578298663,0.015916651265939753,1
2025-06-30,338.0480118621671,364.16308431463773,298.6007659663999,355.2250671386719,242794058,39101000000.0,314000000.0,587973000000.0,183620000000.0,216440000000.0,32267000000.0,75.23565,4.88,207.921,1619331350.0,BIOCON.NS,0.8483644428017002,0.005859112578298663,0.015916651265939753,0
2025-09-30,355.5246400188578,406.0,331.0,341.0,236635594,42625000000.0,845000000.0,627598000000.0,165355000000.0,268036000000.0,42747000000.0,75.23565,4.88,207.921,1619331350.0,BIOCON.NS,0.6169133996925786,0.001346403270883591,0.003152561596203495,1
2025-12-31,341.0,424.95001220703125,341.0,393.8999938964844,214213570,41730000000.0,1438000000.0,627598000000.0,165355000000.0,268036000000.0,42747000000.0,75.23565,4.88,207.921,1619331350.0,BIOCON.NS,0.6169133996925786,0.001346403270883591,0.003152561596203495,0
2026-03-31,393.0,402.79998779296875,359.04998779296875,367.1499938964844,175926748,41730000000.0,1438000000.0,627598000000.0,165355000000.0,268036000000.0,42747000000.0,75.23565,4.88,207.921,1619331350.0,BIOCON.NS,0.6169133996925786,0.001346403270883591,0.003152561596203495,0
2017-09-30,22.0,23.0,15.0,16.200000762939453,101615,41730000000.0,1438000000.0,627598000000.0,165355000000.0,268036000000.0,42747000000.0,17.064705,1.7,12.742,16273800.0,BIOFILCHEM.NS,0.6169133996925786,0.001346403270883591,0.003152561596203495,1
2017-12-31,17.0,23.850000381469727,15.800000190734863,17.5,204992,41730000000.0,1438000000.0,627598000000.0,165355000000.0,268036000000.0,42747000000.0,17.064705,1.7,12.742,16273800.0,BIOFILCHEM.NS,0.6169133996925786,0.001346403270883591,0.003152561596203495,0
2018-03-31,17.549999237060547,18.649999618530273,13.100000381469727,13.850000381469727,266341,41730000000.0,1438000000.0,627598000000.0,165355000000.0,268036000000.0,42747000000.0,17.064705,1.7,12.742,16273800.0,BIOFILCHEM.NS,0.6169133996925786,0.001346403270883591,0.003152561596203495,0
2018-06-30,14.0,15.800000190734863,11.350000381469727,11.350000381469727,59465,41730000000.0,1438000000.0,627598000000.0,165355000000.0,268036000000.0,42747000000.0,17.064705,1.7,12.742,16273800.0,BIOFILCHEM.NS,0.6169133996925786,0.001346403270883591,0.003152561596203495,0
2018-09-30,10.800000190734863,12.600000381469727,8.199999809265137,8.550000190734863,139752,41730000000.0,1438000000.0,627598000000.0,165355000000.0,268036000000.0,42747000000.0,17.064705,1.7,12.742,16273800.0,BIOFILCHEM.NS,0.6169133996925786,0.001346403270883591,0.003152561596203495,0
2018-12-31,8.550000190734863,9.25,6.400000095367432,6.849999904632568,103442,41730000000.0,1438000000.0,627598000000.0,165355000000.0,268036000000.0,42747000000.0,17.064705,1.7,12.742,16273800.0,BIOFILCHEM.NS,0.6169133996925786,0.001346403270883591,0.003152561596203495,0
2019-03-31,6.849999904632568,7.75,5.75,6.650000095367432,79948,41730000000.0,1438000000.0,627598000000.0,165355000000.0,268036000000.0,42747000000.0,17.064705,1.7,12.742,16273800.0,BIOFILCHEM.NS,0.6169133996925786,0.001346403270883591,0.003152561596203495,0
2019-06-30,7.0,8.050000190734863,6.0,6.0,61979,41730000000.0,1438000000.0,627598000000.0,165355000000.0,268036000000.0,42747000000.0,17.064705,1.7,12.742,16273800.0,BIOFILCHEM.NS,0.6169133996925786,0.001346403270883591,0.003152561596203495,0
2019-09-30,6.0,6.599999904632568,4.449999809265137,4.550000190734863,46483,41730000000.0,1438000000.0,627598000000.0,165355000000.0,268036000000.0,42747000000.0,17.064705,1.7,12.742,16273800.0,BIOFILCHEM.NS,0.6169133996925786,0.001346403270883591,0.003152561596203495,1
2019-12-31,4.550000190734863,22.700000762939453,4.050000190734863,20.600000381469727,483500,41730000000.0,1438000000.0,627598000000.0,165355000000.0,268036000000.0,42747000000.0,17.064705,1.7,12.742,16273800.0,BIOFILCHEM.NS,0.6169133996925786,0.001346403270883591,0.003152561596203495,0
2020-03-31,19.600000381469727,19.600000381469727,6.449999809265137,7.5,663049,41730000000.0,1438000000.0,627598000000.0,165355000000.0,268036000000.0,42747000000.0,17.064705,1.7,12.742,16273800.0,BIOFILCHEM.NS,0.6169133996925786,0.001346403270883591,0.003152561596203495,1
2020-06-30,7.800000190734863,16.600000381469727,7.199999809265137,12.800000190734863,1171693,41730000000.0,1438000000.0,627598000000.0,165355000000.0,268036000000.0,42747000000.0,17.064705,1.7,12.742,16273800.0,BIOFILCHEM.NS,0.6169133996925786,0.001346403270883591,0.003152561596203495,1
2020-09-30,13.25,59.04999923706055,12.199999809265137,54.349998474121094,2999589,41730000000.0,1438000000.0,627598000000.0,165355000000.0,268036000000.0,42747000000.0,17.064705,1.7,12.742,16273800.0,BIOFILCHEM.NS,0.6169133996925786,0.001346403270883591,0.003152561596203495,1
2020-12-31,56.0,356.1000061035156,52.45000076293945,174.3000030517578,5250284,41730000000.0,1438000000.0,627598000000.0,165355000000.0,268036000000.0,42747000000.0,17.064705,1.7,12.742,16273800.0,BIOFILCHEM.NS,0.6169133996925786,0.001346403270883591,0.003152561596203495,0
2021-03-31,165.60000610351562,211.8000030517578,58.29999923706055,65.8499984741211,7087658,41730000000.0,1438000000.0,627598000000.0,165355000000.0,268036000000.0,42747000000.0,17.064705,1.7,12.742,16273800.0,BIOFILCHEM.NS,0.6169133996925786,0.001346403270883591,0.003152561596203495,1
2021-06-30,65.8499984741211,85.5,61.70000076293945,67.94999694824219,3485666,41730000000.0,1438000000.0,627598000000.0,165355000000.0,268036000000.0,42747000000.0,17.064705,1.7,12.742,16273800.0,BIOFILCHEM.NS,0.6169133996925786,0.001346403270883591,0.003152561596203495,0
2021-09-30,67.55000305175781,92.1500015258789,57.099998474121094,62.79999923706055,5301873,41730000000.0,1438000000.0,627598000000.0,165355000000.0,268036000000.0,42747000000.0,17.064705,1.7,12.742,16273800.0,BIOFILCHEM.NS,0.6169133996925786,0.001346403270883591,0.003152561596203495,0
2021-12-31,62.04999923706055,75.30000305175781,54.45000076293945,62.349998474121094,2284351,41730000000.0,1438000000.0,627598000000.0,165355000000.0,268036000000.0,42747000000.0,17.064705,1.7,12.742,16273800.0,BIOFILCHEM.NS,0.6169133996925786,0.001346403270883591,0.003152561596203495,0
2022-03-31,63.400001525878906,107.0,55.5,57.650001525878906,9305421,41730000000.0,1438000000.0,627598000000.0,165355000000.0,268036000000.0,42747000000.0,17.064705,1.7,12.742,16273800.0,BIOFILCHEM.NS,0.6169133996925786,0.001346403270883591,0.003152561596203495,0
2022-06-30,60.5,72.3499984741211,39.599998474121094,50.79999923706055,2453556,41730000000.0,1438000000.0,627598000000.0,165355000000.0,268036000000.0,42747000000.0,17.064705,1.7,12.742,16273800.0,BIOFILCHEM.NS,0.6169133996925786,0.001346403270883591,0.003152561596203495,0
2022-09-30,49.599998474121094,62.5,44.349998474121094,47.79999923706055,1966426,41730000000.0,1438000000.0,627598000000.0,165355000000.0,268036000000.0,42747000000.0,17.064705,1.7,12.742,16273800.0,BIOFILCHEM.NS,0.6169133996925786,0.001346403270883591,0.003152561596203495,1
2022-12-31,48.45000076293945,65.0,46.54999923706055,55.20000076293945,7032443,41730000000.0,1438000000.0,627598000000.0,165355000000.0,268036000000.0,42747000000.0,17.064705,1.7,12.742,16273800.0,BIOFILCHEM.NS,0.6169133996925786,0.001346403270883591,0.003152561596203495,0
2023-03-31,56.0,59.150001525878906,39.29999923706055,41.400001525878906,1829107,41730000000.0,1438000000.0,627598000000.0,165355000000.0,268036000000.0,42747000000.0,17.064705,1.7,12.742,16273800.0,BIOFILCHEM.NS,0.6169133996925786,0.001346403270883591,0.003152561596203495,1
2023-06-30,41.400001525878906,48.5,41.29999923706055,44.400001525878906,1329605,41730000000.0,1438000000.0,627598000000.0,165355000000.0,268036000000.0,42747000000.0,17.064705,1.7,12.742,16273800.0,BIOFILCHEM.NS,0.6169133996925786,0.001346403270883591,0.003152561596203495,1
2023-09-30,45.25,54.25,44.0,48.54999923706055,3161710,41730000000.0,1438000000.0,627598000000.0,165355000000.0,268036000000.0,42747000000.0,17.064705,1.7,12.742,16273800.0,BIOFILCHEM.NS,0.6169133996925786,0.001346403270883591,0.003152561596203495,1
2023-12-31,48.54999923706055,63.5,45.349998474121094,54.150001525878906,5910443,41730000000.0,1438000000.0,627598000000.0,165355000000.0,268036000000.0,42747000000.0,17.064705,1.7,12.742,16273800.0,BIOFILCHEM.NS,0.6169133996925786,0.001346403270883591,0.003152561596203495,1
2024-03-31,54.95000076293945,79.0,53.45000076293945,60.599998474121094,11105687,41730000000.0,1438000000.0,627598000000.0,165355000000.0,268036000000.0,42747000000.0,17.064705,1.7,12.742,16273800.0,BIOFILCHEM.NS,0.6169133996925786,0.001346403270883591,0.003152561596203495,1
2024-06-30,61.5,77.5999984741211,53.54999923706055,64.36000061035156,4290743,41730000000.0,1438000000.0,627598000000.0,165355000000.0,268036000000.0,42747000000.0,17.064705,1.7,12.742,16273800.0,BIOFILCHEM.NS,0.6169133996925786,0.001346403270883591,0.003152561596203495,1
2024-09-30,65.9000015258789,91.87000274658203,58.65999984741211,81.94999694824219,14659613,41730000000.0,1438000000.0,420401000.0,4551000.0,183965000.0,1568000.0,17.064705,1.7,12.742,16273800.0,BIOFILCHEM.NS,0.02473840132633925,0.001346403270883591,0.003152561596203495,0
2024-12-31,82.12999725341797,83.0,56.5,57.45000076293945,3183312,141952000.0,1646000.0,420401000.0,4551000.0,183965000.0,1568000.0,17.064705,1.7,12.742,16273800.0,BIOFILCHEM.NS,0.02473840132633925,0.001346403270883591,0.003152561596203495,0
2025-03-31,58.5,62.97999954223633,40.400001525878906,41.15999984741211,1697007,83510000.0,1997000.0,509604000.0,4713000.0,187814000.0,1325000.0,17.064705,1.7,12.742,16273800.0,BIOFILCHEM.NS,0.025093975954934136,0.003918729052362227,0.010632860170168358,1
2025-06-30,41.15999984741211,57.189998626708984,41.0,47.16999816894531,2446798,64326000.0,24110000.0,509604000.0,4713000.0,187814000.0,1325000.0,17.064705,1.7,12.742,16273800.0,BIOFILCHEM.NS,0.025093975954934136,0.003918729052362227,0.010632860170168358,0
2025-09-30,47.16999816894531,47.95000076293945,40.599998474121094,41.63999938964844,537925,135408000.0,836000.0,553636000.0,200000.0,213043000.0,2344000.0,17.064705,1.7,12.742,16273800.0,BIOFILCHEM.NS,0.0009387776176640396,0.0015100174121625038,0.003924090441835686,0
2025-12-31,40.720001220703125,43.470001220703125,32.52000045776367,33.56999969482422,839467,8563000.0,792000.0,553636000.0,200000.0,213043000.0,2344000.0,17.064705,1.7,12.742,16273800.0,BIOFILCHEM.NS,0.0009387776176640396,0.0015100174121625038,0.003924090441835686,0
2026-03-31,33.91999816894531,46.34000015258789,28.350000381469727,29.010000228881836,3059110,8563000.0,792000.0,553636000.0,200000.0,213043000.0,2344000.0,17.064705,1.7,12.742,16273800.0,BIOFILCHEM.NS,0.0009387776176640396,0.0015100174121625038,0.003924090441835686,0
2023-12-31,378.6060420523965,431.8101381730131,318.32798844633504,366.74969482421875,52399610,8563000.0,792000.0,553636000.0,200000.0,213043000.0,2344000.0,20.15948,16.93,72.497,173465425.0,BLUEJET.NS,0.0009387776176640396,0.0015100174121625038,0.003924090441835686,1
2024-03-31,368.6427195686628,410.3890149467529,322.8114461174756,381.4953918457031,17283458,8563000.0,792000.0,553636000.0,200000.0,213043000.0,2344000.0,20.15948,16.93,72.497,173465425.0,BLUEJET.NS,0.0009387776176640396,0.0015100174121625038,0.003924090441835686,1
2024-06-30,385.4807104426148,441.17563632010837,346.32489014378575,402.51800537109375,10762532,8563000.0,792000.0,553636000.0,200000.0,213043000.0,2344000.0,20.15948,16.93,72.497,173465425.0,BLUEJET.NS,0.0009387776176640396,0.0015100174121625038,0.003924090441835686,1
2024-09-30,407.350213933045,552.3781761627206,398.5326626583713,507.10784912109375,20539659,2082600000.0,583490000.0,11810310000.0,10780000.0,9240030000.0,298300000.0,20.15948,16.93,72.497,173465425.0,BLUEJET.NS,0.0011666628788001771,0.049405138391794966,0.06314806337208861,1
2024-12-31,505.111360401526,601.9409876433385,462.88567114390355,563.7083129882812,14129236,3183820000.0,989830000.0,11810310000.0,10780000.0,9240030000.0,298300000.0,20.15948,16.93,72.497,173465425.0,BLUEJET.NS,0.0011666628788001771,0.049405138391794966,0.06314806337208861,1
2025-03-31,563.7083042254658,966.599472351842,533.0621791579673,883.2960205078125,28784690,3365550000.0,1100930000.0,14175310000.0,199860000.0,11331110000.0,329790000.0,20.15948,16.93,72.497,173465425.0,BLUEJET.NS,0.017638166075521287,0.07766532089950766,0.09715994284761158,0
2025-06-30,840.7209449067841,984.2684171935819,624.0021567204822,876.20849609375,30128500,3547580000.0,911700000.0,14175310000.0,199860000.0,11331110000.0,329790000.0,20.15948,16.93,72.497,173465425.0,BLUEJET.NS,0.017638166075521287,0.07766532089950766,0.09715994284761158,0
2025-09-30,878.3547410455602,1025.9950413860854,628.4000244140625,630.1500244140625,48014312,3547580000.0,911700000.0,14175310000.0,199860000.0,11331110000.0,329790000.0,20.15948,16.93,72.497,173465425.0,BLUEJET.NS,0.017638166075521287,0.07766532089950766,0.09715994284761158,0
2025-12-31,638.7000122070312,692.9000244140625,512.4000244140625,530.2000122070312,26223980,1924140000.0,401660000.0,14175310000.0,199860000.0,11331110000.0,329790000.0,20.15948,16.93,72.497,173465425.0,BLUEJET.NS,0.017638166075521287,0.07766532089950766,0.09715994284761158,0
2026-03-31,532.0,541.1500244140625,335.79998779296875,341.29998779296875,39944726,1924140000.0,401660000.0,14175310000.0,199860000.0,11331110000.0,329790000.0,20.15948,16.93,72.497,173465425.0,BLUEJET.NS,0.017638166075521287,0.07766532089950766,0.09715994284761158,0
2016-03-31,195.35461531754711,196.55313284276608,189.84156245301307,193.715087890625,231525,1924140000.0,401660000.0,14175310000.0,199860000.0,11331110000.0,329790000.0,19.37539,80.53,405.843,76011696.0,CAPLIPOINT.NS,0.017638166075521287,0.07766532089950766,0.09715994284761158,0
2016-06-30,193.48497805912072,214.57850753568286,176.41841127530955,190.57981872558594,3521555,1924140000.0,401660000.0,14175310000.0,199860000.0,11331110000.0,329790000.0,19.37539,80.53,405.843,76011696.0,CAPLIPOINT.NS,0.017638166075521287,0.07766532089950766,0.09715994284761158,1
2016-09-30,189.26629763748807,267.3215777190586,189.26629763748807,250.26292419433594,4422960,1924140000.0,401660000.0,14175310000.0,199860000.0,11331110000.0,329790000.0,19.37539,80.53,405.843,76011696.0,CAPLIPOINT.NS,0.017638166075521287,0.07766532089950766,0.09715994284761158,1
2016-12-31,253.85930627754885,410.59817433412474,253.09004739060356,329.96893310546875,6440994,1924140000.0,401660000.0,14175310000.0,199860000.0,11331110000.0,329790000.0,19.37539,80.53,405.843,76011696.0,CAPLIPOINT.NS,0.017638166075521287,0.07766532089950766,0.09715994284761158,1
2017-03-31,330.0170940439725,442.28251948565276,315.40093182809386,373.43280029296875,3517534,1924140000.0,401660000.0,14175310000.0,199860000.0,11331110000.0,329790000.0,19.37539,80.53,405.843,76011696.0,CAPLIPOINT.NS,0.017638166075521287,0.07766532089950766,0.09715994284761158,1
2017-06-30,373.4328242422238,607.6755516736647,366.36510526668104,531.4698486328125,9270728,1924140000.0,401660000.0,14175310000.0,199860000.0,11331110000.0,329790000.0,19.37539,80.53,405.843,76011696.0,CAPLIPOINT.NS,0.017638166075521287,0.07766532089950766,0.09715994284761158,1
2017-09-30,529.9312770964149,754.654410058048,529.9312770964149,665.8201293945312,9472768,1924140000.0,401660000.0,14175310000.0,199860000.0,11331110000.0,329790000.0,19.37539,80.53,405.843,76011696.0,CAPLIPOINT.NS,0.017638166075521287,0.07766532089950766,0.09715994284761158,0
2017-12-31,668.8563832718897,701.5787379331257,585.0024050138774,608.6165161132812,2671855,1924140000.0,401660000.0,14175310000.0,199860000.0,11331110000.0,329790000.0,19.37539,80.53,405.843,76011696.0,CAPLIPOINT.NS,0.017638166075521287,0.07766532089950766,0.09715994284761158,0
2018-03-31,611.4599002132703,666.9768425298405,502.64224923503843,548.9547729492188,2943463,1924140000.0,401660000.0,14175310000.0,199860000.0,11331110000.0,329790000.0,19.37539,80.53,405.843,76011696.0,CAPLIPOINT.NS,0.017638166075521287,0.07766532089950766,0.09715994284761158,0
2018-06-30,554.014884543009,600.4721068769676,323.8982510976845,412.61968994140625,4536422,1924140000.0,401660000.0,14175310000.0,199860000.0,11331110000.0,329790000.0,19.37539,80.53,405.843,76011696.0,CAPLIPOINT.NS,0.017638166075521287,0.07766532089950766,0.09715994284761158,0
2018-09-30,419.2702028221077,518.4492764625179,354.259215413633,397.663818359375,3961673,1924140000.0,401660000.0,14175310000.0,199860000.0,11331110000.0,329790000.0,19.37539,80.53,405.843,76011696.0,CAPLIPOINT.NS,0.017638166075521287,0.07766532089950766,0.09715994284761158,0
2018-12-31,398.679861852548,473.91613361599093,366.8435140234768,369.6497802734375,1640420,1924140000.0,401660000.0,14175310000.0,199860000.0,11331110000.0,329790000.0,19.37539,80.53,405.843,76011696.0,CAPLIPOINT.NS,0.017638166075521287,0.07766532089950766,0.09715994284761158,1
2019-03-31,370.3271179199219,433.5159529941666,286.47853719187066,387.79351806640625,2989432,1924140000.0,401660000.0,14175310000.0,199860000.0,11331110000.0,329790000.0,19.37539,80.53,405.843,76011696.0,CAPLIPOINT.NS,0.017638166075521287,0.07766532089950766,0.09715994284761158,1
2019-06-30,391.90617796034854,451.8048803231969,310.6219255154451,436.3221740722656,2719548,1924140000.0,401660000.0,14175310000.0,199860000.0,11331110000.0,329790000.0,19.37539,80.53,405.843,76011696.0,CAPLIPOINT.NS,0.017638166075521287,0.07766532089950766,0.09715994284761158,0
2019-09-30,444.74093273795836,444.74093273795836,370.6658157976309,412.62591552734375,1686541,1924140000.0,401660000.0,14175310000.0,199860000.0,11331110000.0,329790000.0,19.37539,80.53,405.843,76011696.0,CAPLIPOINT.NS,0.017638166075521287,0.07766532089950766,0.09715994284761158,0
2019-12-31,418.1703993438878,427.02207736271816,272.45764518384516,292.6414794921875,4403658,1924140000.0,401660000.0,14175310000.0,199860000.0,11331110000.0,329790000.0,19.37539,80.53,405.843,76011696.0,CAPLIPOINT.NS,0.017638166075521287,0.07766532089950766,0.09715994284761158,0
2020-03-31,296.5808754222573,373.0363844521954,172.522863182353,276.506591796875,11558604,1924140000.0,401660000.0,14175310000.0,199860000.0,11331110000.0,329790000.0,19.37539,80.53,405.843,76011696.0,CAPLIPOINT.NS,0.017638166075521287,0.07766532089950766,0.09715994284761158,1
2020-06-30,280.03144914560664,412.899529537761,257.51142000226065,305.88055419921875,15326047,1924140000.0,401660000.0,14175310000.0,199860000.0,11331110000.0,329790000.0,19.37539,80.53,405.843,76011696.0,CAPLIPOINT.NS,0.017638166075521287,0.07766532089950766,0.09715994284761158,1
2020-09-30,301.6702932165707,671.6839305494854,298.73292885972336,542.4613037109375,49455301,1924140000.0,401660000.0,14175310000.0,199860000.0,11331110000.0,329790000.0,19.37539,80.53,405.843,76011696.0,CAPLIPOINT.NS,0.017638166075521287,0.07766532089950766,0.09715994284761158,0
2020-12-31,543.8329805984064,575.5294534952404,428.90356883644193,496.1661682128906,10431233,1924140000.0,401660000.0,14175310000.0,199860000.0,11331110000.0,329790000.0,19.37539,80.53,405.843,76011696.0,CAPLIPOINT.NS,0.017638166075521287,0.07766532089950766,0.09715994284761158,0
2021-03-31,494.79444045981916,504.69032852758556,392.89619197821526,395.29669189453125,8602761,1924140000.0,401660000.0,14175310000.0,199860000.0,11331110000.0,329790000.0,19.37539,80.53,405.843,76011696.0,CAPLIPOINT.NS,0.017638166075521287,0.07766532089950766,0.09715994284761158,1
2021-06-30,399.215938047558,682.0895279224706,399.11795294698277,655.1791381835938,28542583,1924140000.0,401660000.0,14175310000.0,199860000.0,11331110000.0,329790000.0,19.37539,80.53,405.843,76011696.0,CAPLIPOINT.NS,0.017638166075521287,0.07766532089950766,0.09715994284761158,1
2021-09-30,658.0274061555442,1016.3086264266697,644.2775538917084,869.947021484375,49374880,1924140000.0,401660000.0,14175310000.0,199860000.0,11331110000.0,329790000.0,19.37539,80.53,405.843,76011696.0,CAPLIPOINT.NS,0.017638166075521287,0.07766532089950766,0.09715994284761158,0
2021-12-31,861.3878032755272,933.6497624387562,702.25409424582,844.3184204101562,13508087,1924140000.0,401660000.0,14175310000.0,199860000.0,11331110000.0,329790000.0,19.37539,80.53,405.843,76011696.0,CAPLIPOINT.NS,0.017638166075521287,0.07766532089950766,0.09715994284761158,0
2022-03-31,846.5812935871078,873.6364923752031,639.4861982994266,667.2300415039062,5742982,1924140000.0,401660000.0,14175310000.0,199860000.0,11331110000.0,329790000.0,19.37539,80.53,405.843,76011696.0,CAPLIPOINT.NS,0.017638166075521287,0.07766532089950766,0.09715994284761158,1
2022-06-30,672.3458809910734,816.5746073838219,615.8743489971804,700.7136840820312,6111985,1924140000.0,401660000.0,14175310000.0,199860000.0,11331110000.0,329790000.0,19.37539,80.53,405.843,76011696.0,CAPLIPOINT.NS,0.017638166075521287,0.07766532089950766,0.09715994284761158,1
2022-09-30,694.4008873456789,845.1174285188322,681.9530471055537,736.3055419921875,5136463,1924140000.0,401660000.0,14175310000.0,199860000.0,11331110000.0,329790000.0,19.37539,80.53,405.843,76011696.0,CAPLIPOINT.NS,0.017638166075521287,0.07766532089950766,0.09715994284761158,0
2022-12-31,727.007689718663,777.2057531731317,689.0746236583971,705.5436401367188,2722482,1924140000.0,401660000.0,14175310000.0,199860000.0,11331110000.0,329790000.0,19.37539,80.53,405.843,76011696.0,CAPLIPOINT.NS,0.017638166075521287,0.07766532089950766,0.09715994284761158,0
2023-03-31,709.302237483496,747.5320075070582,568.7474839093816,589.4696655273438,4646583,1924140000.0,401660000.0,14175310000.0,199860000.0,11331110000.0,329790000.0,19.37539,80.53,405.843,76011696.0,CAPLIPOINT.NS,0.017638166075521287,0.07766532089950766,0.09715994284761158,1
2023-06-30,592.5853956750002,824.5461151614702,589.5191290516724,799.7567138671875,6359043,1924140000.0,401660000.0,14175310000.0,199860000.0,11331110000.0,329790000.0,19.37539,80.53,405.843,76011696.0,CAPLIPOINT.NS,0.017638166075521287,0.07766532089950766,0.09715994284761158,1
2023-09-30,803.9709415443785,1118.400254992913,776.454679754074,1024.7271728515625,13124075,1924140000.0,401660000.0,14175310000.0,199860000.0,11331110000.0,329790000.0,19.37539,80.53,405.843,76011696.0,CAPLIPOINT.NS,0.017638166075521287,0.07766532089950766,0.09715994284761158,1
2023-12-31,1031.735184077006,1420.6116627158951,948.3336124464103,1348.094970703125,8238280,1924140000.0,401660000.0,14175310000.0,199860000.0,11331110000.0,329790000.0,19.37539,80.53,405.843,76011696.0,CAPLIPOINT.NS,0.017638166075521287,0.07766532089950766,0.09715994284761158,0
2024-03-31,1360.1729840647795,1609.4336147616173,1232.6348854751209,1307.537353515625,8079392,1924140000.0,401660000.0,14175310000.0,199860000.0,11331110000.0,329790000.0,19.37539,80.53,405.843,76011696.0,CAPLIPOINT.NS,0.017638166075521287,0.07766532089950766,0.09715994284761158,1
2024-06-30,1341.782838737528,1536.909617352639,1220.0859466899942,1466.6925048828125,7226366,1924140000.0,401660000.0,14175310000.0,199860000.0,11331110000.0,329790000.0,19.37539,80.53,405.843,76011696.0,CAPLIPOINT.NS,0.017638166075521287,0.07766532089950766,0.09715994284761158,1
2024-09-30,1466.34399821864,2150.139865690346,1402.3517593580705,1892.77587890625,25935775,4831000000.0,1308000000.0,29242200000.0,24300000.0,25425300000.0,1768400000.0,19.37539,80.53,405.843,76011696.0,CAPLIPOINT.NS,0.000955740935210204,0.044729876685064736,0.051444820710080115,1
2024-12-31,1894.820276101414,2633.8005058865483,1775.1973681755314,2493.832763671875,13172656,4929600000.0,1389600000.0,29242200000.0,24300000.0,25425300000.0,1768400000.0,19.37539,80.53,405.843,76011696.0,CAPLIPOINT.NS,0.000955740935210204,0.044729876685064736,0.051444820710080115,0
2025-03-31,2508.1437626070406,2618.7910684851486,1601.621795076721,1994.348388671875,9907904,4862100000.0,1425700000.0,32078500000.0,50200000.0,28504900000.0,1994500000.0,19.37539,80.53,405.843,76011696.0,CAPLIPOINT.NS,0.0017611007230335838,0.04444409807191733,0.050015962167907976,1
2025-06-30,1988.8134028200668,2290.6382335095473,1594.6408598843104,2114.760986328125,7998495,5102200000.0,1528000000.0,32078500000.0,50200000.0,28504900000.0,1994500000.0,19.37539,80.53,405.843,76011696.0,CAPLIPOINT.NS,0.0017611007230335838,0.04444409807191733,0.050015962167907976,0
2025-09-30,2112.9632999040978,2395.0,1883.4712540226033,1966.0999755859375,7049665,5102200000.0,1528000000.0,32078500000.0,50200000.0,28504900000.0,1994500000.0,19.37539,80.53,405.843,76011696.0,CAPLIPOINT.NS,0.0017611007230335838,0.04444409807191733,0.050015962167907976,0
2025-12-31,1973.800048828125,2086.89990234375,1747.0,1838.0999755859375,3818591,5427700000.0,1638800000.0,32078500000.0,50200000.0,28504900000.0,1994500000.0,19.37539,80.53,405.843,76011696.0,CAPLIPOINT.NS,0.0017611007230335838,0.04444409807191733,0.050015962167907976,0
2026-03-31,1840.0999755859375,1939.0,1555.199951171875,1560.300048828125,3688017,5427700000.0,1638800000.0,32078500000.0,50200000.0,28504900000.0,1994500000.0,19.37539,80.53,405.843,76011696.0,CAPLIPOINT.NS,0.0017611007230335838,0.04444409807191733,0.050015962167907976,0
2016-03-31,500.8726636840344,503.26089956025305,463.1761492263293,479.4723205566406,17271622,5427700000.0,1638800000.0,32078500000.0,50200000.0,28504900000.0,1994500000.0,21.705454,56.29,407.531,807780677.0,CIPLA.NS,0.0017611007230335838,0.04444409807191733,0.050015962167907976,0
2016-06-30,481.20492803219236,512.2987789557457,428.42974348269746,469.2169494628906,116388869,5427700000.0,1638800000.0,32078500000.0,50200000.0,28504900000.0,1994500000.0,21.705454,56.29,407.531,807780677.0,CIPLA.NS,0.0017611007230335838,0.04444409807191733,0.050015962167907976,1
2016-09-30,470.1535317375908,580.6076286265142,468.13993169048643,545.130126953125,108899000,5427700000.0,1638800000.0,32078500000.0,50200000.0,28504900000.0,1994500000.0,21.705454,56.29,407.531,807780677.0,CIPLA.NS,0.0017611007230335838,0.04444409807191733,0.050015962167907976,0
2016-12-31,549.5002607953588,567.4974161111519,457.2590871790082,534.5575561523438,75568326,5427700000.0,1638800000.0,32078500000.0,50200000.0,28504900000.0,1994500000.0,21.705454,56.29,407.531,807780677.0,CIPLA.NS,0.0017611007230335838,0.04444409807191733,0.050015962167907976,1
2017-03-31,535.4502088189546,583.8499408874083,528.1668619068078,557.2535400390625,67397591,5427700000.0,1638800000.0,32078500000.0,50200000.0,28504900000.0,1994500000.0,21.705454,56.29,407.531,807780677.0,CIPLA.NS,0.0017611007230335838,0.04444409807191733,0.050015962167907976,0
2017-06-30,559.4621729426834,567.5444453003894,451.2912986941243,522.1521606445312,79558067,5427700000.0,1638800000.0,32078500000.0,50200000.0,28504900000.0,1994500000.0,21.705454,56.29,407.531,807780677.0,CIPLA.NS,0.0017611007230335838,0.04444409807191733,0.050015962167907976,1
2017-09-30,525.3474520295836,565.8845421461144,495.57331810028086,552.77490234375,77163625,5427700000.0,1638800000.0,32078500000.0,50200000.0,28504900000.0,1994500000.0,21.705454,56.29,407.531,807780677.0,CIPLA.NS,0.0017611007230335838,0.04444409807191733,0.050015962167907976,1
2017-12-31,556.5474464559941,625.6796368010881,539.1464023718846,573.9012451171875,91625083,5427700000.0,1638800000.0,32078500000.0,50200000.0,28504900000.0,1994500000.0,21.705454,56.29,407.531,807780677.0,CIPLA.NS,0.0017611007230335838,0.04444409807191733,0.050015962167907976,0
2018-03-31,573.4295373824611,598.894372709034,493.16841840740955,514.4362182617188,97020113,5427700000.0,1638800000.0,32078500000.0,50200000.0,28504900000.0,1994500000.0,21.705454,56.29,407.531,807780677.0,CIPLA.NS,0.0017611007230335838,0.04444409807191733,0.050015962167907976,1
2018-06-30,516.8411367950108,587.3409119625671,478.3609965365053,581.5878295898438,164806800,5427700000.0,1638800000.0,32078500000.0,50200000.0,28504900000.0,1994500000.0,21.705454,56.29,407.531,807780677.0,CIPLA.NS,0.0017611007230335838,0.04444409807191733,0.050015962167907976,1
2018-09-30,584.7473302807182,642.9798028149162,567.9123415796828,619.8555297851562,157892249,5427700000.0,1638800000.0,32078500000.0,50200000.0,28504900000.0,1994500000.0,21.705454,56.29,407.531,807780677.0,CIPLA.NS,0.0017611007230335838,0.04444409807191733,0.050015962167907976,0
2018-12-31,618.9077919269881,629.2378638893944,476.7025597581469,492.3399353027344,158943829,5427700000.0,1638800000.0,32078500000.0,50200000.0,28504900000.0,1994500000.0,21.705454,56.29,407.531,807780677.0,CIPLA.NS,0.0017611007230335838,0.04444409807191733,0.050015962167907976,1
2019-03-31,492.81369334643847,529.1114409292379,458.4589861384148,498.1210021972656,122208862,5427700000.0,1638800000.0,32078500000.0,50200000.0,28504900000.0,1994500000.0,21.705454,56.29,407.531,807780677.0,CIPLA.NS,0.0017611007230335838,0.04444409807191733,0.050015962167907976,1
2019-06-30,489.30716079030765,555.3632209771088,489.30716079030765,524.5149536132812,143395255,5427700000.0,1638800000.0,32078500000.0,50200000.0,28504900000.0,1994500000.0,21.705454,56.29,407.531,807780677.0,CIPLA.NS,0.0017611007230335838,0.04444409807191733,0.050015962167907976,0
2019-09-30,526.6473777172945,536.8827033181618,398.4452235651072,405.5943603515625,124295633,5427700000.0,1638800000.0,32078500000.0,50200000.0,28504900000.0,1994500000.0,21.705454,56.29,407.531,807780677.0,CIPLA.NS,0.0017611007230335838,0.04444409807191733,0.050015962167907976,1
2019-12-31,406.92884902772334,469.2692554279832,371.3261041363935,455.82891845703125,205134473,5427700000.0,1638800000.0,32078500000.0,50200000.0,28504900000.0,1994500000.0,21.705454,56.29,407.531,807780677.0,CIPLA.NS,0.0017611007230335838,0.04444409807191733,0.050015962167907976,0
2020-03-31,458.4979234387764,464.6462333628026,338.6784189293182,407.2889099121094,236992227,5427700000.0,1638800000.0,32078500000.0,50200000.0,28504900000.0,1994500000.0,21.705454,56.29,407.531,807780677.0,CIPLA.NS,0.0017611007230335838,0.04444409807191733,0.050015962167907976,1
2020-06-30,409.26350388229565,667.015595856923,395.2971096918099,616.6885375976562,563821422,5427700000.0,1638800000.0,32078500000.0,50200000.0,28504900000.0,1994500000.0,21.705454,56.29,407.531,807780677.0,CIPLA.NS,0.0017611007230335838,0.04444409807191733,0.050015962167907976,1
2020-09-30,618.9520551154992,789.1493314471356,598.1951149677664,746.190673828125,568842006,5427700000.0,1638800000.0,32078500000.0,50200000.0,28504900000.0,1994500000.0,21.705454,56.29,407.531,807780677.0,CIPLA.NS,0.0017611007230335838,0.04444409807191733,0.050015962167907976,1
2020-12-31,751.10296757899,808.1243898138822,680.5004719099154,789.7754516601562,468284814,5427700000.0,1638800000.0,32078500000.0,50200000.0,28504900000.0,1994500000.0,21.705454,56.29,407.531,807780677.0,CIPLA.NS,0.0017611007230335838,0.04444409807191733,0.050015962167907976,0
2021-03-31,792.5205178082123,846.5560816672222,710.9375193349734,785.1038818359375,273331350,5427700000.0,1638800000.0,32078500000.0,50200000.0,28504900000.0,1994500000.0,21.705454,56.29,407.531,807780677.0,CIPLA.NS,0.0017611007230335838,0.04444409807191733,0.050015962167907976,1
2021-06-30,789.3419472863,960.3098269801885,776.4351274405775,936.133544921875,393632481,5427700000.0,1638800000.0,32078500000.0,50200000.0,28504900000.0,1994500000.0,21.705454,56.29,407.531,807780677.0,CIPLA.NS,0.0017611007230335838,0.04444409807191733,0.050015962167907976,1
2021-09-30,941.2385634380049,973.3559405266897,839.9100099455999,952.581298828125,152272226,5427700000.0,1638800000.0,32078500000.0,50200000.0,28504900000.0,1994500000.0,21.705454,56.29,407.531,807780677.0,CIPLA.NS,0.0017611007230335838,0.04444409807191733,0.050015962167907976,0
2021-12-31,949.1430935243384,966.5763592181428,823.2364462326898,914.3734741210938,156856064,5427700000.0,1638800000.0,32078500000.0,50200000.0,28504900000.0,1994500000.0,21.705454,56.29,407.531,807780677.0,CIPLA.NS,0.0017611007230335838,0.04444409807191733,0.050015962167907976,1
2022-03-31,917.2306683037805,1048.900004297405,832.9215262187312,985.9950561523438,171589644,5427700000.0,1638800000.0,32078500000.0,50200000.0,28504900000.0,1994500000.0,21.705454,56.29,407.531,807780677.0,CIPLA.NS,0.0017611007230335838,0.04444409807191733,0.050015962167907976,0
2022-06-30,990.789220945166,1029.1907315413298,873.5990393909314,888.3204956054688,116284529,5427700000.0,1638800000.0,32078500000.0,50200000.0,28504900000.0,1994500000.0,21.705454,56.29,407.531,807780677.0,CIPLA.NS,0.0017611007230335838,0.04444409807191733,0.050015962167907976,1
2022-09-30,882.5093933050063,1097.790638812219,882.5093933050063,1085.090087890625,99826460,5427700000.0,1638800000.0,32078500000.0,50200000.0,28504900000.0,1994500000.0,21.705454,56.29,407.531,807780677.0,CIPLA.NS,0.0017611007230335838,0.04444409807191733,0.050015962167907976,0
2022-12-31,1086.8904465918465,1153.5072248167046,1041.3439160150003,1047.134521484375,94811930,5427700000.0,1638800000.0,32078500000.0,50200000.0,28504900000.0,1994500000.0,21.705454,56.29,407.531,807780677.0,CIPLA.NS,0.0017611007230335838,0.04444409807191733,0.050015962167907976,0
2023-03-31,1051.3192901650043,1067.5721149522399,829.1822013176072,876.3833618164062,113948402,5427700000.0,1638800000.0,32078500000.0,50200000.0,28504900000.0,1994500000.0,21.705454,56.29,407.531,807780677.0,CIPLA.NS,0.0017611007230335838,0.04444409807191733,0.050015962167907976,1
2023-06-30,885.6289380238987,998.6195961169996,862.5636314516281,987.7682495117188,122701238,5427700000.0,1638800000.0,32078500000.0,50200000.0,28504900000.0,1994500000.0,21.705454,56.29,407.531,807780677.0,CIPLA.NS,0.0017611007230335838,0.04444409807191733,0.050015962167907976,1
2023-09-30,993.1695357800482,1253.7626708818739,969.8123388918547,1163.7457275390625,120712553,5427700000.0,1638800000.0,32078500000.0,50200000.0,28504900000.0,1994500000.0,21.705454,56.29,407.531,807780677.0,CIPLA.NS,0.0017611007230335838,0.04444409807191733,0.050015962167907976,1
2023-12-31,1161.6361483329683,1259.3059643413953,1110.6183742633327,1222.759521484375,104991736,5427700000.0,1638800000.0,32078500000.0,50200000.0,28504900000.0,1994500000.0,21.705454,56.29,407.531,807780677.0,CIPLA.NS,0.0017611007230335838,0.04444409807191733,0.050015962167907976,1
2024-03-31,1228.7932915876,1490.3087748355792,1223.1518993547065,1468.675048828125,99819896,5427700000.0,1638800000.0,32078500000.0,50200000.0,28504900000.0,1994500000.0,21.705454,56.29,407.531,807780677.0,CIPLA.NS,0.0017611007230335838,0.04444409807191733,0.050015962167907976,0
2024-06-30,1481.4786109992708,1552.118643606194,1292.369331073302,1452.8302001953125,125295664,5427700000.0,1638800000.0,32078500000.0,50200000.0,28504900000.0,1994500000.0,21.705454,56.29,407.531,807780677.0,CIPLA.NS,0.0017611007230335838,0.04444409807191733,0.050015962167907976,1
2024-09-30,1456.9018332529126,1665.2115784834396,1439.2908422575395,1636.6170654296875,102583782,69612200000.0,13025300000.0,346552800000.0,4613800000.0,283621000000.0,7978000000.0,21.705454,56.29,407.531,807780677.0,CIPLA.NS,0.0162674837194707,0.037585326103266224,0.045925019656513445,0
2024-12-31,1642.454703983612,1684.0603137461426,1388.1710716985888,1512.83935546875,146821074,69616000000.0,15705100000.0,346552800000.0,4613800000.0,283621000000.0,7978000000.0,21.705454,56.29,407.531,807780677.0,CIPLA.NS,0.0162674837194707,0.037585326103266224,0.045925019656513445,0
2025-03-31,1515.7580853381512,1531.4900552659242,1351.6609980432322,1426.9566650390625,91730796,65977200000.0,12218400000.0,373870400000.0,4381900000.0,311934500000.0,5886900000.0,21.705454,56.29,407.531,807780677.0,CIPLA.NS,0.014047500356645386,0.032680843415258336,0.039169761600592434,1
2025-06-30,1423.3454014584745,1554.1975939435076,1320.889802425397,1505.9000244140625,100880806,68370400000.0,12976200000.0,373870400000.0,4381900000.0,311934500000.0,5886900000.0,21.705454,56.29,407.531,807780677.0,CIPLA.NS,0.014047500356645386,0.032680843415258336,0.039169761600592434,0
2025-09-30,1505.9000244140625,1607.800048828125,1454.5,1503.300048828125,90565813,68370400000.0,12976200000.0,373870400000.0,4381900000.0,311934500000.0,5886900000.0,21.705454,56.29,407.531,807780677.0,CIPLA.NS,0.014047500356645386,0.032680843415258336,0.039169761600592434,1
2025-12-31,1505.0,1673.0,1475.9000244140625,1511.300048828125,78413954,69629700000.0,6758000000.0,373870400000.0,4381900000.0,311934500000.0,5886900000.0,21.705454,56.29,407.531,807780677.0,CIPLA.NS,0.014047500356645386,0.032680843415258336,0.039169761600592434,0
2026-03-31,1512.0,1539.699951171875,1217.800048828125,1221.800048828125,101787409,69629700000.0,6758000000.0,373870400000.0,4381900000.0,311934500000.0,5886900000.0,21.705454,56.29,407.531,807780677.0,CIPLA.NS,0.014047500356645386,0.032680843415258336,0.039169761600592434,0
2023-09-30,889.3679636687957,1077.162344886588,889.3679636687957,1071.134765625,37914558,69629700000.0,6758000000.0,373870400000.0,4381900000.0,311934500000.0,5886900000.0,34.755974,29.71,173.316,104616204.0,CONCORDBIO.NS,0.014047500356645386,0.032680843415258336,0.039169761600592434,1
2023-12-31,1077.0636316693185,1521.6241068689526,1038.526395739797,1454.3323974609375,12673595,69629700000.0,6758000000.0,373870400000.0,4381900000.0,311934500000.0,5886900000.0,34.755974,29.71,173.316,104616204.0,CONCORDBIO.NS,0.014047500356645386,0.032680843415258336,0.039169761600592434,1
2024-03-31,1454.4803875788618,1587.9276913914646,1334.0272961805645,1502.750732421875,6914500,69629700000.0,6758000000.0,373870400000.0,4381900000.0,311934500000.0,5886900000.0,34.755974,29.71,173.316,104616204.0,CONCORDBIO.NS,0.014047500356645386,0.032680843415258336,0.039169761600592434,1
2024-06-30,1546.4261817704562,1704.527306853255,1311.3003451827142,1539.2342529296875,11824338,69629700000.0,6758000000.0,373870400000.0,4381900000.0,311934500000.0,5886900000.0,34.755974,29.71,173.316,104616204.0,CONCORDBIO.NS,0.014047500356645386,0.032680843415258336,0.039169761600592434,1
2024-09-30,1534.2659725350625,2647.1192496113704,1463.3680548043642,2019.6705322265625,16140675,69629700000.0,6758000000.0,17643448000.0,34236000.0,15903792000.0,74000000.0,34.755974,29.71,173.316,104616204.0,CONCORDBIO.NS,0.00215269414992349,0.032680843415258336,0.039169761600592434,1
2024-12-31,2022.4526873903212,2385.785659826275,1750.4373688177313,2196.7412109375,6740399,2442202000.0,759211000.0,17643448000.0,34236000.0,15903792000.0,74000000.0,34.755974,29.71,173.316,104616204.0,CONCORDBIO.NS,0.00215269414992349,0.032680843415258336,0.039169761600592434,0
2025-03-31,2197.0892887231985,2436.164502451807,1470.6715265869814,1669.95068359375,12086073,4096147000.0,1403872000.0,20342515000.0,29693000.0,18127175000.0,9045000.0,34.755974,29.71,173.316,104616204.0,CONCORDBIO.NS,0.0016380379182084357,0.06901172249350683,0.0774457134109424,1
2025-06-30,1644.9103179159383,2136.7736584400814,1336.4772081769397,1827.943115234375,13097788,2039876000.0,440578000.0,20342515000.0,29693000.0,18127175000.0,9045000.0,34.755974,29.71,173.316,104616204.0,CONCORDBIO.NS,0.0016380379182084357,0.06901172249350683,0.0774457134109424,0
2025-09-30,1836.9854787076567,1967.453424295676,1470.5224798854958,1647.699951171875,8666810,2470575000.0,630628000.0,20232186000.0,16066000.0,18274622000.0,172880000.0,34.755974,29.71,173.316,104616204.0,CONCORDBIO.NS,0.0008791426711863042,0.03116954341957908,0.03450840187009067,0
2025-12-31,1647.699951171875,1667.5999755859375,1314.9000244140625,1345.5999755859375,5463989,2777660000.0,636415000.0,20232186000.0,16066000.0,18274622000.0,172880000.0,34.755974,29.71,173.316,104616204.0,CONCORDBIO.NS,0.0008791426711863042,0.03116954341957908,0.03450840187009067,0
2026-03-31,1345.5999755859375,1455.0,1020.0999755859375,1032.5999755859375,27226678,2777660000.0,636415000.0,20232186000.0,16066000.0,18274622000.0,172880000.0,34.755974,29.71,173.316,104616204.0,CONCORDBIO.NS,0.0008791426711863042,0.03116954341957908,0.03450840187009067,0
2016-03-31,915.3516346637286,925.7719715261208,873.9041166229512,922.64111328125,2465157,2777660000.0,636415000.0,20232186000.0,16066000.0,18274622000.0,172880000.0,64.432655,93.33,580.952,265468580.0,DIVISLAB.NS,0.0008791426711863042,0.03116954341957908,0.03450840187009067,1
2016-06-30,920.4917833418931,1092.0295264670401,908.2488924703267,1037.031005859375,20234301,2777660000.0,636415000.0,20232186000.0,16066000.0,18274622000.0,172880000.0,64.432655,93.33,580.952,265468580.0,DIVISLAB.NS,0.0008791426711863042,0.03116954341957908,0.03450840187009067,1
2016-09-30,1046.7036244524415,1291.1836411142046,1037.3579275948318,1206.3260498046875,22988458,2777660000.0,636415000.0,20232186000.0,16066000.0,18274622000.0,172880000.0,64.432655,93.33,580.952,265468580.0,DIVISLAB.NS,0.0008791426711863042,0.03116954341957908,0.03450840187009067,0
2016-12-31,1206.5129144901155,1231.7459498822404,694.9830889870666,732.412109375,73978619,2777660000.0,636415000.0,20232186000.0,16066000.0,18274622000.0,172880000.0,64.432655,93.33,580.952,265468580.0,DIVISLAB.NS,0.0008791426711863042,0.03116954341957908,0.03450840187009067,0
2017-03-31,742.7856608093614,758.3460236902081,571.4347555053731,583.0232543945312,141742929,2777660000.0,636415000.0,20232186000.0,16066000.0,18274622000.0,172880000.0,64.432655,93.33,580.952,265468580.0,DIVISLAB.NS,0.0008791426711863042,0.03116954341957908,0.03450840187009067,1
2017-06-30,586.9017598616341,620.6859150910369,497.79170695580444,604.891845703125,81374263,2777660000.0,636415000.0,20232186000.0,16066000.0,18274622000.0,172880000.0,64.432655,93.33,580.952,265468580.0,DIVISLAB.NS,0.0008791426711863042,0.03116954341957908,0.03450840187009067,1
2017-09-30,606.1535167083298,949.5356572120498,571.0141612848134,809.0457153320312,190465899,2777660000.0,636415000.0,20232186000.0,16066000.0,18274622000.0,172880000.0,64.432655,93.33,580.952,265468580.0,DIVISLAB.NS,0.0008791426711863042,0.03116954341957908,0.03450840187009067,1
2017-12-31,822.5181075962234,1079.6731420961737,803.8459957580179,1038.4056396484375,72341322,2777660000.0,636415000.0,20232186000.0,16066000.0,18274622000.0,172880000.0,64.432655,93.33,580.952,265468580.0,DIVISLAB.NS,0.0008791426711863042,0.03116954341957908,0.03450840187009067,0
2018-03-31,1035.2381295636835,1073.4335674843994,924.9546276305291,1030.7001953125,37297090,2777660000.0,636415000.0,20232186000.0,16066000.0,18274622000.0,172880000.0,64.432655,93.33,580.952,265468580.0,DIVISLAB.NS,0.0008791426711863042,0.03116954341957908,0.03450840187009067,0
2018-06-30,1032.4965314197798,1156.2524142107052,940.6486082845337,981.9163818359375,39174559,2777660000.0,636415000.0,20232186000.0,16066000.0,18274622000.0,172880000.0,64.432655,93.33,580.952,265468580.0,DIVISLAB.NS,0.0008791426711863042,0.03116954341957908,0.03450840187009067,1
2018-09-30,985.036352369068,1357.6646297088844,969.2950346501176,1248.9561767578125,64863395,2777660000.0,636415000.0,20232186000.0,16066000.0,18274622000.0,172880000.0,64.432655,93.33,580.952,265468580.0,DIVISLAB.NS,0.0008791426711863042,0.03116954341957908,0.03450840187009067,1
2018-12-31,1252.0050078570487,1503.4350897706133,1155.205838974208,1412.590576171875,74276212,2777660000.0,636415000.0,20232186000.0,16066000.0,18274622000.0,172880000.0,64.432655,93.33,580.952,265468580.0,DIVISLAB.NS,0.0008791426711863042,0.03116954341957908,0.03450840187009067,1
2019-03-31,1414.8294945447487,1691.0783525014413,1360.7610876912004,1576.36767578125,41227652,2777660000.0,636415000.0,20232186000.0,16066000.0,18274622000.0,172880000.0,64.432655,93.33,580.952,265468580.0,DIVISLAB.NS,0.0008791426711863042,0.03116954341957908,0.03450840187009067,0
2019-06-30,1628.2448104357825,1690.1733103202007,1424.4044652406924,1521.4893798828125,35597662,2777660000.0,636415000.0,20232186000.0,16066000.0,18274622000.0,172880000.0,64.432655,93.33,580.952,265468580.0,DIVISLAB.NS,0.0008791426711863042,0.03116954341957908,0.03450840187009067,1
2019-09-30,1523.2043738502366,1641.6646763119982,1411.5428222633489,1603.6318359375,35343632,2777660000.0,636415000.0,20232186000.0,16066000.0,18274622000.0,172880000.0,64.432655,93.33,580.952,265468580.0,DIVISLAB.NS,0.0008791426711863042,0.03116954341957908,0.03450840187009067,1
2019-12-31,1609.7942464905768,1800.4873011867103,1535.798998383574,1777.234375,30883570,2777660000.0,636415000.0,20232186000.0,16066000.0,18274622000.0,172880000.0,64.432655,93.33,580.952,265468580.0,DIVISLAB.NS,0.0008791426711863042,0.03116954341957908,0.03450840187009067,1
2020-03-31,1776.4641571933566,2191.265486619993,1577.2804894356032,1929.452392578125,42644742,2777660000.0,636415000.0,20232186000.0,16066000.0,18274622000.0,172880000.0,64.432655,93.33,580.952,265468580.0,DIVISLAB.NS,0.0008791426711863042,0.03116954341957908,0.03450840187009067,1
2020-06-30,1940.074207303876,2461.905430832576,1768.329117649718,2210.617431640625,50251628,2777660000.0,636415000.0,20232186000.0,16066000.0,18274622000.0,172880000.0,64.432655,93.33,580.952,265468580.0,DIVISLAB.NS,0.0008791426711863042,0.03116954341957908,0.03450840187009067,1
2020-09-30,2215.564790156163,3287.4558901445994,2027.4262121637205,2956.624267578125,100116690,2777660000.0,636415000.0,20232186000.0,16066000.0,18274622000.0,172880000.0,64.432655,93.33,580.952,265468580.0,DIVISLAB.NS,0.0008791426711863042,0.03116954341957908,0.03450840187009067,1
2020-12-31,2968.313563271129,3743.3734851006634,2924.66173405779,3726.78564453125,82487120,2777660000.0,636415000.0,20232186000.0,16066000.0,18274622000.0,172880000.0,64.432655,93.33,580.952,265468580.0,DIVISLAB.NS,0.0008791426711863042,0.03116954341957908,0.03450840187009067,0
2021-03-31,3723.9722715927333,3797.6472828752267,3058.8181064764913,3514.250732421875,50803894,2777660000.0,636415000.0,20232186000.0,16066000.0,18274622000.0,172880000.0,64.432655,93.33,580.952,265468580.0,DIVISLAB.NS,0.0008791426711863042,0.03116954341957908,0.03450840187009067,1
2021-06-30,3509.5944407153715,4299.204396585947,3454.932323129065,4276.166015625,41237099,2777660000.0,636415000.0,20232186000.0,16066000.0,18274622000.0,172880000.0,64.432655,93.33,580.952,265468580.0,DIVISLAB.NS,0.0008791426711863042,0.03116954341957908,0.03450840187009067,1
2021-09-30,4284.654061275293,5134.658102462788,4280.628501861427,4673.9990234375,29277606,2777660000.0,636415000.0,20232186000.0,16066000.0,18274622000.0,172880000.0,64.432655,93.33,580.952,265468580.0,DIVISLAB.NS,0.0008791426711863042,0.03116954341957908,0.03450840187009067,0
2021-12-31,4675.265137851069,5284.121225463993,4242.802936831409,4556.63037109375,37247097,2777660000.0,636415000.0,20232186000.0,16066000.0,18274622000.0,172880000.0,64.432655,93.33,580.952,265468580.0,DIVISLAB.NS,0.0008791426711863042,0.03116954341957908,0.03450840187009067,0
2022-03-31,4567.149381361697,4586.386148323073,3690.48871572521,4287.65576171875,33100761,2777660000.0,636415000.0,20232186000.0,16066000.0,18274622000.0,172880000.0,64.432655,93.33,580.952,265468580.0,DIVISLAB.NS,0.0008791426711863042,0.03116954341957908,0.03450840187009067,0
2022-06-30,4310.009829283852,4520.201970305303,3278.091432815037,3536.058837890625,36291915,2777660000.0,636415000.0,20232186000.0,16066000.0,18274622000.0,172880000.0,64.432655,93.33,580.952,265468580.0,DIVISLAB.NS,0.0008791426711863042,0.03116954341957908,0.03450840187009067,1
2022-09-30,3497.049799321468,3884.854610578223,3382.145815211798,3636.542724609375,29059968,2777660000.0,636415000.0,20232186000.0,16066000.0,18274622000.0,172880000.0,64.432655,93.33,580.952,265468580.0,DIVISLAB.NS,0.0008791426711863042,0.03116954341957908,0.03450840187009067,0
2022-12-31,3631.4391813839316,3831.6099642667414,3135.9440026720354,3349.953369140625,35426832,2777660000.0,636415000.0,20232186000.0,16066000.0,18274622000.0,172880000.0,64.432655,93.33,580.952,265468580.0,DIVISLAB.NS,0.0008791426711863042,0.03116954341957908,0.03450840187009067,0
2023-03-31,3356.627734271564,3454.7745227864348,2679.413102613267,2771.033447265625,28928678,2777660000.0,636415000.0,20232186000.0,16066000.0,18274622000.0,172880000.0,64.432655,93.33,580.952,265468580.0,DIVISLAB.NS,0.0008791426711863042,0.03116954341957908,0.03450840187009067,1
2023-06-30,2797.1896226262065,3584.2302553163113,2772.4075040397815,3517.196044921875,36421102,2777660000.0,636415000.0,20232186000.0,16066000.0,18274622000.0,172880000.0,64.432655,93.33,580.952,265468580.0,DIVISLAB.NS,0.0008791426711863042,0.03116954341957908,0.03450840187009067,1
2023-09-30,3520.3366514046857,3861.790321863643,3474.452829229021,3725.219482421875,27977955,2777660000.0,636415000.0,20232186000.0,16066000.0,18274622000.0,172880000.0,64.432655,93.33,580.952,265468580.0,DIVISLAB.NS,0.0008791426711863042,0.03116954341957908,0.03450840187009067,1
2023-12-31,3720.173474581744,3910.087781566963,3260.3525459322045,3862.498046875,25738615,2777660000.0,636415000.0,20232186000.0,16066000.0,18274622000.0,172880000.0,64.432655,93.33,580.952,265468580.0,DIVISLAB.NS,0.0008791426711863042,0.03116954341957908,0.03450840187009067,0
2024-03-31,3868.533517137601,4031.189717741583,3314.472264521033,3408.76171875,29465335,2777660000.0,636415000.0,20232186000.0,16066000.0,18274622000.0,172880000.0,64.432655,93.33,580.952,265468580.0,DIVISLAB.NS,0.0008791426711863042,0.03116954341957908,0.03450840187009067,1
2024-06-30,3413.4117810315265,4599.152139392071,3413.4117810315265,4547.70361328125,36619030,2777660000.0,636415000.0,20232186000.0,16066000.0,18274622000.0,172880000.0,64.432655,93.33,580.952,265468580.0,DIVISLAB.NS,0.0008791426711863042,0.03116954341957908,0.03450840187009067,1
2024-09-30,4547.703473582657,5557.643851678541,4348.686272631583,5418.6767578125,43193626,23380000000.0,5100000000.0,155860000000.0,80000000.0,137170000000.0,380000000.0,64.432655,93.33,580.952,265468580.0,DIVISLAB.NS,0.000583217904789677,0.03272167329654818,0.037180141430341915,1
2024-12-31,5415.888919469877,6256.959811548738,5217.940814684587,6071.1552734375,36436181,23190000000.0,5890000000.0,155860000000.0,80000000.0,137170000000.0,380000000.0,64.432655,93.33,580.952,265468580.0,DIVISLAB.NS,0.000583217904789677,0.03272167329654818,0.037180141430341915,0
2025-03-31,6062.395599631566,6220.575101709977,5327.392345496702,5749.271484375,22340225,25500000000.0,6620000000.0,169320000000.0,40000000.0,149690000000.0,4150000000.0,64.432655,93.33,580.952,265468580.0,DIVISLAB.NS,0.00026721891909947226,0.03909756673753839,0.04422473111096266,1
2025-06-30,5723.439088682472,6831.3938333163915,4932.540321884288,6778.63427734375,33449130,24100000000.0,5450000000.0,169320000000.0,40000000.0,149690000000.0,4150000000.0,64.432655,93.33,580.952,265468580.0,DIVISLAB.NS,0.00026721891909947226,0.03909756673753839,0.04422473111096266,0
2025-09-30,6797.548302954712,7039.446635250951,5636.5,5689.5,24036714,24100000000.0,5450000000.0,169320000000.0,40000000.0,149690000000.0,4150000000.0,64.432655,93.33,580.952,265468580.0,DIVISLAB.NS,0.00026721891909947226,0.03909756673753839,0.04422473111096266,1
2025-12-31,5692.5,6904.5,5675.0,6392.5,24313889,26040000000.0,5830000000.0,169320000000.0,40000000.0,149690000000.0,4150000000.0,64.432655,93.33,580.952,265468580.0,DIVISLAB.NS,0.00026721891909947226,0.03909756673753839,0.04422473111096266,0
2026-03-31,6398.0,6793.0,5890.0,6013.5,18834514,26040000000.0,5830000000.0,169320000000.0,40000000.0,149690000000.0,4150000000.0,64.432655,93.33,580.952,265468580.0,DIVISLAB.NS,0.00026721891909947226,0.03909756673753839,0.04422473111096266,0
2016-03-31,572.2442251249805,575.7506235632463,539.9199521048886,567.6065063476562,11578055,26040000000.0,5830000000.0,169320000000.0,40000000.0,149690000000.0,4150000000.0,18.449875,67.93,447.25,832591130.0,DRREDDY.NS,0.00026721891909947226,0.03909756673753839,0.04422473111096266,1
2016-06-30,564.8014118919407,634.5365847862992,527.7363980226625,632.4047241210938,113627340,26040000000.0,5830000000.0,169320000000.0,40000000.0,149690000000.0,4150000000.0,18.449875,67.93,447.25,832591130.0,DRREDDY.NS,0.00026721891909947226,0.03909756673753839,0.04422473111096266,0
2016-09-30,641.4371856523501,693.8991684351229,550.0831169030502,584.3657836914062,119969840,26040000000.0,5830000000.0,169320000000.0,40000000.0,149690000000.0,4150000000.0,18.449875,67.93,447.25,832591130.0,DRREDDY.NS,0.00026721891909947226,0.03909756673753839,0.04422473111096266,0
2016-12-31,585.7197779150011,639.3721437154218,556.6556038817017,575.5271606445312,85098050,26040000000.0,5830000000.0,169320000000.0,40000000.0,149690000000.0,4150000000.0,18.449875,67.93,447.25,832591130.0,DRREDDY.NS,0.00026721891909947226,0.03909756673753839,0.04422473111096266,0
2017-03-31,576.5802578336996,602.5038311121414,480.5211740262781,495.0296936035156,136761880,26040000000.0,5830000000.0,169320000000.0,40000000.0,149690000000.0,4150000000.0,18.449875,67.93,447.25,832591130.0,DRREDDY.NS,0.00026721891909947226,0.03909756673753839,0.04422473111096266,1
2017-06-30,497.37104683701176,520.9156849447437,447.63960374809966,505.8898620605469,105776010,26040000000.0,5830000000.0,169320000000.0,40000000.0,149690000000.0,4150000000.0,18.449875,67.93,447.25,832591130.0,DRREDDY.NS,0.00026721891909947226,0.03909756673753839,0.04422473111096266,0
2017-09-30,507.7516945045494,528.0195429471315,360.1881214319507,441.2004089355469,271029390,26040000000.0,5830000000.0,169320000000.0,40000000.0,149690000000.0,4150000000.0,18.449875,67.93,447.25,832591130.0,DRREDDY.NS,0.00026721891909947226,0.03909756673753839,0.04422473111096266,1
2017-12-31,457.54110043864404,474.4028760152312,411.3133571838453,457.38958740234375,169903680,26040000000.0,5830000000.0,169320000000.0,40000000.0,149690000000.0,4150000000.0,18.449875,67.93,447.25,832591130.0,DRREDDY.NS,0.00026721891909947226,0.03909756673753839,0.04422473111096266,0
2018-03-31,456.5938157395256,495.43275729427825,379.9675121874707,394.17681884765625,182954945,26040000000.0,5830000000.0,169320000000.0,40000000.0,149690000000.0,4150000000.0,18.449875,67.93,447.25,832591130.0,DRREDDY.NS,0.00026721891909947226,0.03909756673753839,0.04422473111096266,1
2018-06-30,394.0726457462647,460.307217333432,357.5072600313861,423.4481506347656,255827495,26040000000.0,5830000000.0,169320000000.0,40000000.0,149690000000.0,4150000000.0,18.449875,67.93,447.25,832591130.0,DRREDDY.NS,0.00026721891909947226,0.03909756673753839,0.04422473111096266,1
2018-09-30,422.49140349254526,510.4047918816359,386.0333044502806,483.62139892578125,301000695,26040000000.0,5830000000.0,169320000000.0,40000000.0,149690000000.0,4150000000.0,18.449875,67.93,447.25,832591130.0,DRREDDY.NS,0.00026721891909947226,0.03909756673753839,0.04422473111096266,1
2018-12-31,483.68827708606887,525.5307891761354,445.65822615798766,500.0277404785156,276560225,26040000000.0,5830000000.0,169320000000.0,40000000.0,149690000000.0,4150000000.0,18.449875,67.93,447.25,832591130.0,DRREDDY.NS,0.00026721891909947226,0.03909756673753839,0.04422473111096266,1
2019-03-31,500.33357016552964,550.0020429679681,357.93122306908845,519.2720947265625,295018865,26040000000.0,5830000000.0,169320000000.0,40000000.0,149690000000.0,4150000000.0,18.449875,67.93,447.25,832591130.0,DRREDDY.NS,0.00026721891909947226,0.03909756673753839,0.04422473111096266,0
2019-06-30,534.8949749255656,566.4369801693906,458.6533794666457,487.4052429199219,208188235,26040000000.0,5830000000.0,169320000000.0,40000000.0,149690000000.0,4150000000.0,18.449875,67.93,447.25,832591130.0,DRREDDY.NS,0.00026721891909947226,0.03909756673753839,0.04422473111096266,1
2019-09-30,490.587184212005,551.1376562365439,452.77243242366217,520.3744506835938,195137145,26040000000.0,5830000000.0,169320000000.0,40000000.0,149690000000.0,4150000000.0,18.449875,67.93,447.25,832591130.0,DRREDDY.NS,0.00026721891909947226,0.03909756673753839,0.04422473111096266,1
2019-12-31,518.0153734563621,576.1621511386988,496.11051232897614,553.5542602539062,170648195,26040000000.0,5830000000.0,169320000000.0,40000000.0,149690000000.0,4150000000.0,18.449875,67.93,447.25,832591130.0,DRREDDY.NS,0.00026721891909947226,0.03909756673753839,0.04422473111096266,1
2020-03-31,554.6038800587331,647.9911139108129,480.47379637517554,600.96533203125,272190965,26040000000.0,5830000000.0,169320000000.0,40000000.0,149690000000.0,4150000000.0,18.449875,67.93,447.25,832591130.0,DRREDDY.NS,0.00026721891909947226,0.03909756673753839,0.04422473111096266,1
2020-06-30,600.8112235782797,806.871624180756,582.5459768286526,759.68212890625,373738000,26040000000.0,5830000000.0,169320000000.0,40000000.0,149690000000.0,4150000000.0,18.449875,67.93,447.25,832591130.0,DRREDDY.NS,0.00026721891909947226,0.03909756673753839,0.04422473111096266,1
2020-09-30,763.5816364666484,1068.414643848693,734.4649875659818,1005.4550170898438,705149740,26040000000.0,5830000000.0,169320000000.0,40000000.0,149690000000.0,4150000000.0,18.449875,67.93,447.25,832591130.0,DRREDDY.NS,0.00026721891909947226,0.03909756673753839,0.04422473111096266,1
2020-12-31,1012.6647083949086,1031.6196503228691,902.444177926987,1008.8079223632812,515621580,26040000000.0,5830000000.0,169320000000.0,40000000.0,149690000000.0,4150000000.0,18.449875,67.93,447.25,832591130.0,DRREDDY.NS,0.00026721891909947226,0.03909756673753839,0.04422473111096266,0
2021-03-31,1011.1627569327543,1055.0127055456871,801.410297620008,875.2525024414062,335362315,26040000000.0,5830000000.0,169320000000.0,40000000.0,149690000000.0,4150000000.0,18.449875,67.93,447.25,832591130.0,DRREDDY.NS,0.00026721891909947226,0.03909756673753839,0.04422473111096266,1
2021-06-30,881.8420698669019,1068.8700099330836,857.4024589895807,1051.049072265625,320748355,26040000000.0,5830000000.0,169320000000.0,40000000.0,149690000000.0,4150000000.0,18.449875,67.93,447.25,832591130.0,DRREDDY.NS,0.00026721891909947226,0.03909756673753839,0.04422473111096266,0
2021-09-30,1051.6208860567563,1088.1738810888862,865.5858952494137,950.28125,200706835,26040000000.0,5830000000.0,169320000000.0,40000000.0,149690000000.0,4150000000.0,18.449875,67.93,447.25,832591130.0,DRREDDY.NS,0.00026721891909947226,0.03909756673753839,0.04422473111096266,1
2021-12-31,944.8879350270439,988.5011937621548,864.7292681998819,955.40185546875,124027815,26040000000.0,5830000000.0,169320000000.0,40000000.0,149690000000.0,4150000000.0,18.449875,67.93,447.25,832591130.0,DRREDDY.NS,0.00026721891909947226,0.03909756673753839,0.04422473111096266,0
2022-03-31,955.4018876778363,959.9384140972963,711.4404042582639,836.3319702148438,172866860,26040000000.0,5830000000.0,169320000000.0,40000000.0,149690000000.0,4150000000.0,18.449875,67.93,447.25,832591130.0,DRREDDY.NS,0.00026721891909947226,0.03909756673753839,0.04422473111096266,1
2022-06-30,836.2443962027261,871.8067083128686,737.8906567773984,855.4808959960938,135334280,26040000000.0,5830000000.0,169320000000.0,40000000.0,149690000000.0,4150000000.0,18.449875,67.93,447.25,832591130.0,DRREDDY.NS,0.00026721891909947226,0.03909756673753839,0.04422473111096266,0
2022-09-30,853.7675245066404,904.4734983270384,783.5581252688654,849.9556884765625,140499735,26040000000.0,5830000000.0,169320000000.0,40000000.0,149690000000.0,4150000000.0,18.449875,67.93,447.25,832591130.0,DRREDDY.NS,0.00026721891909947226,0.03909756673753839,0.04422473111096266,0
2022-12-31,845.897745311193,910.5897745263684,823.5496273661671,830.7147827148438,139454940,26040000000.0,5830000000.0,169320000000.0,40000000.0,149690000000.0,4150000000.0,18.449875,67.93,447.25,832591130.0,DRREDDY.NS,0.00026721891909947226,0.03909756673753839,0.04422473111096266,1
2023-03-31,834.8707274634493,912.8441999934649,818.4722665613759,906.2279663085938,95309210,26040000000.0,5830000000.0,169320000000.0,40000000.0,149690000000.0,4150000000.0,18.449875,67.93,447.25,832591130.0,DRREDDY.NS,0.00026721891909947226,0.03909756673753839,0.04422473111096266,1
2023-06-30,911.364152667198,1014.479323205174,859.4340825035072,1011.47021484375,124890055,26040000000.0,5830000000.0,169320000000.0,40000000.0,149690000000.0,4150000000.0,18.449875,67.93,447.25,832591130.0,DRREDDY.NS,0.00026721891909947226,0.03909756673753839,0.04422473111096266,1
2023-09-30,1011.4702967834278,1183.382624476447,996.8556683462533,1103.8214111328125,154721805,26040000000.0,5830000000.0,169320000000.0,40000000.0,149690000000.0,4150000000.0,18.449875,67.93,447.25,832591130.0,DRREDDY.NS,0.00026721891909947226,0.03909756673753839,0.04422473111096266,1
2023-12-31,1103.8015471533258,1163.8431280167792,1028.4584216588312,1145.48876953125,132702595,26040000000.0,5830000000.0,169320000000.0,40000000.0,149690000000.0,4150000000.0,18.449875,67.93,447.25,832591130.0,DRREDDY.NS,0.00026721891909947226,0.03909756673753839,0.04422473111096266,1
2024-03-31,1145.903691800678,1285.3681662044673,1090.7126864176385,1216.61376953125,117609570,26040000000.0,5830000000.0,169320000000.0,40000000.0,149690000000.0,4150000000.0,18.449875,67.93,447.25,832591130.0,DRREDDY.NS,0.00026721891909947226,0.03909756673753839,0.04422473111096266,1
2024-06-30,1227.8951177829601,1268.3969226691936,1106.3897953243375,1264.9097900390625,153474530,26040000000.0,5830000000.0,169320000000.0,40000000.0,149690000000.0,4150000000.0,18.449875,67.93,447.25,832591130.0,DRREDDY.NS,0.00026721891909947226,0.03909756673753839,0.04422473111096266,1
2024-09-30,1270.3725439490208,1412.5315374247275,1241.5766916600555,1341.8099365234375,123310670,26040000000.0,5830000000.0,169320000000.0,40000000.0,149690000000.0,4150000000.0,18.449875,67.93,447.25,832591130.0,DRREDDY.NS,0.00026721891909947226,0.03909756673753839,0.04422473111096266,1
2024-12-31,1341.8099592513136,1389.437948533408,1162.825135139902,1379.7493896484375,125046670,83586000000.0,14133000000.0,481059000000.0,51085000000.0,317721000000.0,12289000000.0,18.449875,67.93,447.25,832591130.0,DRREDDY.NS,0.1607857208053607,0.029378932729665175,0.04448242325814158,0
2025-03-31,1379.6996885157137,1397.0398318187918,1085.5651454472936,1136.989013671875,133006657,85060000000.0,15938000000.0,492989000000.0,46766000000.0,333388000000.0,14654000000.0,18.449875,67.93,447.25,832591130.0,DRREDDY.NS,0.14027499490083625,0.0323293217495725,0.047806159789794474,1
2025-06-30,1136.9890159412437,1371.0048010133999,1013.5718351625553,1275.2125244140625,130120326,85452000000.0,14178000000.0,519537000000.0,48644000000.0,350059000000.0,9004000000.0,18.449875,67.93,447.25,832591130.0,DRREDDY.NS,0.13895943255279825,0.02728968292922352,0.04050174399172711,0
2025-09-30,1278.1935472057169,1326.800048828125,1183.4000244140625,1223.699951171875,94029577,88051000000.0,14372000000.0,542005000000.0,58539000000.0,358489000000.0,9906000000.0,18.449875,67.93,447.25,832591130.0,DRREDDY.NS,0.1632937133356951,0.026516360550179426,0.04009049092161824,1
2025-12-31,1227.9000244140625,1303.5999755859375,1180.9000244140625,1271.4000244140625,108949803,87268000000.0,12098000000.0,562899000000.0,67732000000.0,372366000000.0,18657000000.0,18.449875,67.93,447.25,832591130.0,DRREDDY.NS,0.18189630632227433,0.021492310343418624,0.03248953986131924,0
2026-03-31,1270.0,1337.300048828125,1148.4000244140625,1253.300048828125,92833429,87268000000.0,12098000000.0,562899000000.0,67732000000.0,372366000000.0,18657000000.0,18.449875,67.93,447.25,832591130.0,DRREDDY.NS,0.18189630632227433,0.021492310343418624,0.03248953986131924,0
2024-09-30,1322.3157286706244,1576.7395359648845,1222.4721415735355,1466.3677978515625,27030797,87268000000.0,12098000000.0,81244780000.0,11887720000.0,41183720000.0,1620790000.0,32.01218,45.97,250.313,189589547.0,EMCURE.NS,0.28865095236661475,0.021492310343418624,0.03248953986131924,0
2024-12-31,1465.818910039625,1529.7865571277755,1275.3627986980944,1444.11376953125,8020069,19626300000.0,1537220000.0,81244780000.0,11887720000.0,41183720000.0,1620790000.0,32.01218,45.97,250.313,189589547.0,EMCURE.NS,0.28865095236661475,0.021492310343418624,0.03248953986131924,0
2025-03-31,1446.9080764901514,1488.8213198088338,909.0702277736715,1070.18701171875,6645266,20285190000.0,1889570000.0,82327230000.0,10227490000.0,44461860000.0,1218240000.0,32.01218,45.97,250.313,189589547.0,EMCURE.NS,0.23002838837601486,0.022951944332391602,0.04249867189541778,1
2025-06-30,1067.7920254584174,1427.0491287973523,887.1654715183055,1291.1302490234375,11376374,21005370000.0,2069530000.0,82327230000.0,10227490000.0,44461860000.0,1218240000.0,32.01218,45.97,250.313,189589547.0,EMCURE.NS,0.23002838837601486,0.022951944332391602,0.04249867189541778,0
2025-09-30,1307.2967416388835,1519.9000244140625,1226.3641410232713,1279.9000244140625,14292642,22698220000.0,2434640000.0,93925420000.0,16592180000.0,47425790000.0,4722510000.0,32.01218,45.97,250.313,189589547.0,EMCURE.NS,0.3498556376182663,0.02592099135675944,0.05133578164960457,1
2025-12-31,1260.0,1469.0,1260.0,1364.5,12727754,23634780000.0,2305410000.0,93925420000.0,16592180000.0,47425790000.0,4722510000.0,32.01218,45.97,250.313,189589547.0,EMCURE.NS,0.3498556376182663,0.02592099135675944,0.05133578164960457,1
2026-03-31,1360.0,1585.5999755859375,1356.0,1471.5999755859375,13513858,23634780000.0,2305410000.0,93925420000.0,16592180000.0,47425790000.0,4722510000.0,32.01218,45.97,250.313,189589547.0,EMCURE.NS,0.3498556376182663,0.02592099135675944,0.05133578164960457,0
2017-06-30,574.4428959130274,581.1581603642042,565.9049519565783,577.0330810546875,518461,23634780000.0,2305410000.0,93925420000.0,16592180000.0,47425790000.0,4722510000.0,40.208794,31.61,226.841,138542887.0,ERIS.NS,0.3498556376182663,0.02592099135675944,0.05133578164960457,0
2017-09-30,574.634692445026,698.3873988432699,489.2548921714165,553.2896728515625,19795282,23634780000.0,2305410000.0,93925420000.0,16592180000.0,47425790000.0,4722510000.0,40.208794,31.61,226.841,138542887.0,ERIS.NS,0.3498556376182663,0.02592099135675944,0.05133578164960457,1
2017-12-31,556.4075164656244,799.8837641657459,538.1804313837305,762.0383911132812,9459212,23634780000.0,2305410000.0,93925420000.0,16592180000.0,47425790000.0,4722510000.0,40.208794,31.61,226.841,138542887.0,ERIS.NS,0.3498556376182663,0.02592099135675944,0.05133578164960457,1
2018-03-31,763.6213781666295,814.4654750539016,683.3260181041303,767.2188110351562,8073211,23634780000.0,2305410000.0,93925420000.0,16592180000.0,47425790000.0,4722510000.0,40.208794,31.61,226.841,138542887.0,ERIS.NS,0.3498556376182663,0.02592099135675944,0.05133578164960457,0
2018-06-30,754.9875034352997,786.6450545621263,633.6330697919752,657.1845092773438,2628733,23634780000.0,2305410000.0,93925420000.0,16592180000.0,47425790000.0,4722510000.0,40.208794,31.61,226.841,138542887.0,ERIS.NS,0.3498556376182663,0.02592099135675944,0.05133578164960457,1
2018-09-30,659.1031640514655,754.0281634567507,626.9178547733866,700.2101440429688,2247446,23634780000.0,2305410000.0,93925420000.0,16592180000.0,47425790000.0,4722510000.0,40.208794,31.61,226.841,138542887.0,ERIS.NS,0.3498556376182663,0.02592099135675944,0.05133578164960457,0
2018-12-31,714.1203094805784,714.1203094805784,549.212622114332,659.1990356445312,1878729,23634780000.0,2305410000.0,93925420000.0,16592180000.0,47425790000.0,4722510000.0,40.208794,31.61,226.841,138542887.0,ERIS.NS,0.3498556376182663,0.02592099135675944,0.05133578164960457,0
2019-03-31,661.4534362575711,715.6552004541188,570.7973511612801,613.822998046875,1268444,23634780000.0,2305410000.0,93925420000.0,16592180000.0,47425790000.0,4722510000.0,40.208794,31.61,226.841,138542887.0,ERIS.NS,0.3498556376182663,0.02592099135675944,0.05133578164960457,0
2019-06-30,621.9772964329757,623.4642945293125,454.2396151250207,489.20697021484375,1490992,23634780000.0,2305410000.0,93925420000.0,16592180000.0,47425790000.0,4722510000.0,40.208794,31.61,226.841,138542887.0,ERIS.NS,0.3498556376182663,0.02592099135675944,0.05133578164960457,0
2019-09-30,487.3362267672798,497.79288643443454,343.53369414901704,432.8466796875,5772864,23634780000.0,2305410000.0,93925420000.0,16592180000.0,47425790000.0,4722510000.0,40.208794,31.61,226.841,138542887.0,ERIS.NS,0.3498556376182663,0.02592099135675944,0.05133578164960457,1
2019-12-31,434.52552618419674,488.96713414091323,381.52289888880625,454.71923828125,11832593,23634780000.0,2305410000.0,93925420000.0,16592180000.0,47425790000.0,4722510000.0,40.208794,31.61,226.841,138542887.0,ERIS.NS,0.3498556376182663,0.02592099135675944,0.05133578164960457,0
2020-03-31,455.6785565750965,537.2210165535996,307.9427822392061,356.5291748046875,6354353,23634780000.0,2305410000.0,93925420000.0,16592180000.0,47425790000.0,4722510000.0,40.208794,31.61,226.841,138542887.0,ERIS.NS,0.3498556376182663,0.02592099135675944,0.05133578164960457,1
2020-06-30,364.8891273656771,575.0471244412996,352.80830564791273,441.91644287109375,4665811,23634780000.0,2305410000.0,93925420000.0,16592180000.0,47425790000.0,4722510000.0,40.208794,31.61,226.841,138542887.0,ERIS.NS,0.3498556376182663,0.02592099135675944,0.05133578164960457,1
2020-09-30,442.15808084599803,570.2147749505436,387.35946464193967,525.3056640625,16862137,23634780000.0,2305410000.0,93925420000.0,16592180000.0,47425790000.0,4722510000.0,40.208794,31.61,226.841,138542887.0,ERIS.NS,0.3498556376182663,0.02592099135675944,0.05133578164960457,1
2020-12-31,530.9666775934838,590.5051601189547,472.4041553413127,566.0553588867188,9385235,23634780000.0,2305410000.0,93925420000.0,16592180000.0,47425790000.0,4722510000.0,40.208794,31.61,226.841,138542887.0,ERIS.NS,0.3498556376182663,0.02592099135675944,0.05133578164960457,1
2021-03-31,566.104161292518,629.7908868743515,462.1556916682174,590.5051879882812,12727128,23634780000.0,2305410000.0,93925420000.0,16592180000.0,47425790000.0,4722510000.0,40.208794,31.61,226.841,138542887.0,ERIS.NS,0.3498556376182663,0.02592099135675944,0.05133578164960457,1
2021-06-30,605.6826373496185,717.2930053030293,562.785563515033,690.5494384765625,13281957,23634780000.0,2305410000.0,93925420000.0,16592180000.0,47425790000.0,4722510000.0,40.208794,31.61,226.841,138542887.0,ERIS.NS,0.3498556376182663,0.02592099135675944,0.05133578164960457,1
2021-09-30,691.0374287519321,800.0613492093167,679.3249299595265,748.2734985351562,8998362,23634780000.0,2305410000.0,93925420000.0,16592180000.0,47425790000.0,4722510000.0,40.208794,31.61,226.841,138542887.0,ERIS.NS,0.3498556376182663,0.02592099135675944,0.05133578164960457,0
2021-12-31,749.6508990725712,849.0697904332425,659.1851177199975,747.7815551757812,7668512,23634780000.0,2305410000.0,93925420000.0,16592180000.0,47425790000.0,4722510000.0,40.208794,31.61,226.841,138542887.0,ERIS.NS,0.3498556376182663,0.02592099135675944,0.05133578164960457,0
2022-03-31,751.6678195751695,761.5063948985031,612.992976285649,677.583251953125,3076528,23634780000.0,2305410000.0,93925420000.0,16592180000.0,47425790000.0,4722510000.0,40.208794,31.61,226.841,138542887.0,ERIS.NS,0.3498556376182663,0.02592099135675944,0.05133578164960457,0
2022-06-30,673.5002342243838,733.1713019742409,590.61020634769,656.4303588867188,3580000,23634780000.0,2305410000.0,93925420000.0,16592180000.0,47425790000.0,4722510000.0,40.208794,31.61,226.841,138542887.0,ERIS.NS,0.3498556376182663,0.02592099135675944,0.05133578164960457,1
2022-09-30,659.7262373145786,717.9239983693197,624.3073310833611,706.9364013671875,1786830,23634780000.0,2305410000.0,93925420000.0,16592180000.0,47425790000.0,4722510000.0,40.208794,31.61,226.841,138542887.0,ERIS.NS,0.3498556376182663,0.02592099135675944,0.05133578164960457,0
2022-12-31,698.0866659481998,745.5670965960068,632.757518994838,643.5960083007812,4063848,23634780000.0,2305410000.0,93925420000.0,16592180000.0,47425790000.0,4722510000.0,40.208794,31.61,226.841,138542887.0,ERIS.NS,0.3498556376182663,0.02592099135675944,0.05133578164960457,0
2023-03-31,654.1859334158153,668.2063093810567,548.1876991029734,568.8702392578125,4847360,23634780000.0,2305410000.0,93925420000.0,16592180000.0,47425790000.0,4722510000.0,40.208794,31.61,226.841,138542887.0,ERIS.NS,0.3498556376182663,0.02592099135675944,0.05133578164960457,1
2023-06-30,573.1957157454246,715.3387374710946,571.7538894512995,694.9544677734375,4151735,23634780000.0,2305410000.0,93925420000.0,16592180000.0,47425790000.0,4722510000.0,40.208794,31.61,226.841,138542887.0,ERIS.NS,0.3498556376182663,0.02592099135675944,0.05133578164960457,1
2023-09-30,698.7826807546503,922.7113435452295,678.9950003460532,871.3529052734375,15383495,23634780000.0,2305410000.0,93925420000.0,16592180000.0,47425790000.0,4722510000.0,40.208794,31.61,226.841,138542887.0,ERIS.NS,0.3498556376182663,0.02592099135675944,0.05133578164960457,1
2023-12-31,875.0320413570053,966.4132512118039,799.461108690239,904.8626708984375,8470405,23634780000.0,2305410000.0,93925420000.0,16592180000.0,47425790000.0,4722510000.0,40.208794,31.61,226.841,138542887.0,ERIS.NS,0.3498556376182663,0.02592099135675944,0.05133578164960457,0
2024-03-31,909.3870042797193,957.4640849232661,804.5820759128749,838.5889282226562,13839429,23634780000.0,2305410000.0,93925420000.0,16592180000.0,47425790000.0,4722510000.0,40.208794,31.61,226.841,138542887.0,ERIS.NS,0.3498556376182663,0.02592099135675944,0.05133578164960457,1
2024-06-30,839.1358543798615,1060.8769781465176,811.2441967044789,1017.6722412109375,10083155,23634780000.0,2305410000.0,93925420000.0,16592180000.0,47425790000.0,4722510000.0,40.208794,31.61,226.841,138542887.0,ERIS.NS,0.3498556376182663,0.02592099135675944,0.05133578164960457,1
2024-09-30,1019.2135139498879,1513.4574205436081,981.5274247782241,1325.1763916015625,18632352,23634780000.0,2305410000.0,70218800000.0,27348300000.0,27714700000.0,1500200000.0,40.208794,31.61,226.841,138542887.0,ERIS.NS,0.986779579068148,0.02592099135675944,0.05133578164960457,1
2024-12-31,1325.1762954700166,1584.901882868353,1206.2019275896735,1365.94482421875,10792244,7221200000.0,836300000.0,70218800000.0,27348300000.0,27714700000.0,1500200000.0,40.208794,31.61,226.841,138542887.0,ERIS.NS,0.986779579068148,0.02592099135675944,0.05133578164960457,1
2025-03-31,1372.2093212824855,1499.0,1125.2614731665042,1417.3499755859375,12038582,7026000000.0,934500000.0,70331700000.0,24779200000.0,28543600000.0,1996400000.0,40.208794,31.61,226.841,138542887.0,ERIS.NS,0.8681175464902815,0.013287038419375615,0.032739388164071806,1
2025-06-30,1400.0,1910.0,1097.199951171875,1683.800048828125,16773754,7715600000.0,1179900000.0,70331700000.0,24779200000.0,28543600000.0,1996400000.0,40.208794,31.61,226.841,138542887.0,ERIS.NS,0.8681175464902815,0.013287038419375615,0.032739388164071806,0
2025-09-30,1683.0,1885.0,1566.0,1585.9000244140625,8156783,7901500000.0,1201900000.0,71599600000.0,23888400000.0,30911600000.0,560600000.0,40.208794,31.61,226.841,138542887.0,ERIS.NS,0.772797267045381,0.01678640662796999,0.038881843709157725,0
2025-12-31,1585.0,1740.0,1469.0999755859375,1505.5999755859375,9313594,8008900000.0,997200000.0,71599600000.0,23888400000.0,30911600000.0,560600000.0,40.208794,31.61,226.841,138542887.0,ERIS.NS,0.772797267045381,0.01678640662796999,0.038881843709157725,0
2026-03-31,1517.0,1563.0,1236.0,1271.0,3591173,8008900000.0,997200000.0,71599600000.0,23888400000.0,30911600000.0,560600000.0,40.208794,31.61,226.841,138542887.0,ERIS.NS,0.772797267045381,0.01678640662796999,0.038881843709157725,0
2016-03-31,173.93390440064505,179.65160621052624,167.68765831473016,177.9699249267578,117914,8008900000.0,997200000.0,71599600000.0,23888400000.0,30911600000.0,560600000.0,24.646881,13.31,149.974,162810084.0,FDC.NS,0.772797267045381,0.01678640662796999,0.038881843709157725,1
2016-06-30,176.8167933965871,184.69667512933069,158.5585302681198,179.07504272460938,1857634,8008900000.0,997200000.0,71599600000.0,23888400000.0,30911600000.0,560600000.0,24.646881,13.31,149.974,162810084.0,FDC.NS,0.772797267045381,0.01678640662796999,0.038881843709157725,1
2016-09-30,180.18014460114645,228.51648872872187,173.06903432024964,206.2222137451172,8884487,8008900000.0,997200000.0,71599600000.0,23888400000.0,30911600000.0,560600000.0,24.646881,13.31,149.974,162810084.0,FDC.NS,0.772797267045381,0.01678640662796999,0.038881843709157725,1
2016-12-31,205.74172468538873,234.47441700517862,188.34830987877584,212.42037963867188,3550067,8008900000.0,997200000.0,71599600000.0,23888400000.0,30911600000.0,560600000.0,24.646881,13.31,149.974,162810084.0,FDC.NS,0.772797267045381,0.01678640662796999,0.038881843709157725,0
2017-03-31,215.7356942284783,225.82578822777262,193.82579282942262,195.93991088867188,5773066,8008900000.0,997200000.0,71599600000.0,23888400000.0,30911600000.0,560600000.0,24.646881,13.31,149.974,162810084.0,FDC.NS,0.772797267045381,0.01678640662796999,0.038881843709157725,0
2017-06-30,196.99696153940246,203.24321412946978,164.3243080372373,175.23123168945312,3044210,8008900000.0,997200000.0,71599600000.0,23888400000.0,30911600000.0,560600000.0,24.646881,13.31,149.974,162810084.0,FDC.NS,0.772797267045381,0.01678640662796999,0.038881843709157725,1
2017-09-30,176.2402029297497,186.61857912123742,158.86318047776376,181.5857391357422,4186782,8008900000.0,997200000.0,71599600000.0,23888400000.0,30911600000.0,560600000.0,24.646881,13.31,149.974,162810084.0,FDC.NS,0.772797267045381,0.01678640662796999,0.038881843709157725,1
2017-12-31,183.92124113710886,262.64732730100513,172.24370319211297,245.7148895263672,7774110,8008900000.0,997200000.0,71599600000.0,23888400000.0,30911600000.0,560600000.0,24.646881,13.31,149.974,162810084.0,FDC.NS,0.772797267045381,0.01678640662796999,0.038881843709157725,0
2018-03-31,246.201449603382,311.20642359673167,212.23927932103354,242.26028442382812,8354094,8008900000.0,997200000.0,71599600000.0,23888400000.0,30911600000.0,560600000.0,24.646881,13.31,149.974,162810084.0,FDC.NS,0.772797267045381,0.01678640662796999,0.038881843709157725,0
2018-06-30,243.37937984054784,262.258065037222,204.50290091915818,219.87832641601562,2118547,8008900000.0,997200000.0,71599600000.0,23888400000.0,30911600000.0,560600000.0,24.646881,13.31,149.974,162810084.0,FDC.NS,0.772797267045381,0.01678640662796999,0.038881843709157725,0
2018-09-30,219.927001953125,261.96613162362877,204.35694069395862,208.44407653808594,3312050,8008900000.0,997200000.0,71599600000.0,23888400000.0,30911600000.0,560600000.0,24.646881,13.31,149.974,162810084.0,FDC.NS,0.772797267045381,0.01678640662796999,0.038881843709157725,0
2018-12-31,206.69244589325723,212.1419641459449,166.30760495404598,167.47537231445312,3168271,8008900000.0,997200000.0,71599600000.0,23888400000.0,30911600000.0,560600000.0,24.646881,13.31,149.974,162810084.0,FDC.NS,0.772797267045381,0.01678640662796999,0.038881843709157725,0
2019-03-31,167.62133576345306,180.8558965694592,144.31491918753653,161.1013946533203,2402232,8008900000.0,997200000.0,71599600000.0,23888400000.0,30911600000.0,560600000.0,24.646881,13.31,149.974,162810084.0,FDC.NS,0.772797267045381,0.01678640662796999,0.038881843709157725,1
2019-06-30,163.29092741685392,213.11510732489305,150.20235576652067,182.26693725585938,7525172,8008900000.0,997200000.0,71599600000.0,23888400000.0,30911600000.0,560600000.0,24.646881,13.31,149.974,162810084.0,FDC.NS,0.772797267045381,0.01678640662796999,0.038881843709157725,0
2019-09-30,181.0018616620776,187.81375968161817,147.13699140196644,169.95684814453125,1924247,8008900000.0,997200000.0,71599600000.0,23888400000.0,30911600000.0,560600000.0,24.646881,13.31,149.974,162810084.0,FDC.NS,0.772797267045381,0.01678640662796999,0.038881843709157725,1
2019-12-31,170.92997734314653,213.9908952679982,153.90024252451477,206.05990600585938,7542924,8008900000.0,997200000.0,71599600000.0,23888400000.0,30911600000.0,560600000.0,24.646881,13.31,149.974,162810084.0,FDC.NS,0.772797267045381,0.01678640662796999,0.038881843709157725,0
2020-03-31,206.30318909050013,262.74461470710736,171.01694513830017,190.5128631591797,15854655,8008900000.0,997200000.0,71599600000.0,23888400000.0,30911600000.0,560600000.0,24.646881,13.31,149.974,162810084.0,FDC.NS,0.772797267045381,0.01678640662796999,0.038881843709157725,1
2020-06-30,185.23578690949736,291.02194939708875,185.23578690949736,273.2362060546875,25373079,8008900000.0,997200000.0,71599600000.0,23888400000.0,30911600000.0,560600000.0,24.646881,13.31,149.974,162810084.0,FDC.NS,0.772797267045381,0.01678640662796999,0.038881843709157725,1
2020-09-30,274.6043395631045,370.37384929653,231.21492298759534,348.0439147949219,49573932,8008900000.0,997200000.0,71599600000.0,23888400000.0,30911600000.0,560600000.0,24.646881,13.31,149.974,162810084.0,FDC.NS,0.772797267045381,0.01678640662796999,0.038881843709157725,0
2020-12-31,350.82905976477633,364.5104207895647,310.6644979720568,324.5412902832031,12418220,8008900000.0,997200000.0,71599600000.0,23888400000.0,30911600000.0,560600000.0,24.646881,13.31,149.974,162810084.0,FDC.NS,0.772797267045381,0.01678640662796999,0.038881843709157725,0
2021-03-31,324.541313824642,328.35253511596363,249.39155813670376,279.392822265625,12125313,8008900000.0,997200000.0,71599600000.0,23888400000.0,30911600000.0,560600000.0,24.646881,13.31,149.974,162810084.0,FDC.NS,0.772797267045381,0.01678640662796999,0.038881843709157725,1
2021-06-30,279.58828316346995,395.68435731868954,276.0702219252493,345.8940124511719,41434384,8008900000.0,997200000.0,71599600000.0,23888400000.0,30911600000.0,560600000.0,24.646881,13.31,149.974,162810084.0,FDC.NS,0.772797267045381,0.01678640662796999,0.038881843709157725,0
2021-09-30,346.72465215642575,379.8530923550856,318.6289894221606,341.4475402832031,15623559,8008900000.0,997200000.0,71599600000.0,23888400000.0,30911600000.0,560600000.0,24.646881,13.31,149.974,162810084.0,FDC.NS,0.772797267045381,0.01678640662796999,0.038881843709157725,0
2021-12-31,337.14770445586595,360.60145034285836,265.6137399215872,297.2763366699219,13203336,8008900000.0,997200000.0,71599600000.0,23888400000.0,30911600000.0,560600000.0,24.646881,13.31,149.974,162810084.0,FDC.NS,0.772797267045381,0.01678640662796999,0.038881843709157725,0
2022-03-31,299.0353486741606,315.5506948322787,242.5508921858382,251.24832153320312,14827695,8008900000.0,997200000.0,71599600000.0,23888400000.0,30911600000.0,560600000.0,24.646881,13.31,149.974,162810084.0,FDC.NS,0.772797267045381,0.01678640662796999,0.038881843709157725,0
2022-06-30,252.12783942021937,281.4450472845986,219.87892872499697,233.21824645996094,6274964,8008900000.0,997200000.0,71599600000.0,23888400000.0,30911600000.0,560600000.0,24.646881,13.31,149.974,162810084.0,FDC.NS,0.772797267045381,0.01678640662796999,0.038881843709157725,1
2022-09-30,234.34207768798623,281.05413128961675,228.13659977017292,257.8935546875,7918126,8008900000.0,997200000.0,71599600000.0,23888400000.0,30911600000.0,560600000.0,24.646881,13.31,149.974,162810084.0,FDC.NS,0.772797267045381,0.01678640662796999,0.038881843709157725,1
2022-12-31,259.21283787596764,310.7622293496177,256.6231585611261,264.6853942871094,14247456,8008900000.0,997200000.0,71599600000.0,23888400000.0,30911600000.0,560600000.0,24.646881,13.31,149.974,162810084.0,FDC.NS,0.772797267045381,0.01678640662796999,0.038881843709157725,0
2023-03-31,263.9035750731339,274.60434904301,239.66804152392126,250.46652221679688,4911241,8008900000.0,997200000.0,71599600000.0,23888400000.0,30911600000.0,560600000.0,24.646881,13.31,149.974,162810084.0,FDC.NS,0.772797267045381,0.01678640662796999,0.038881843709157725,1
2023-06-30,251.73695316486388,320.4857575574131,251.15060337914747,303.1885986328125,22530245,8008900000.0,997200000.0,71599600000.0,23888400000.0,30911600000.0,560600000.0,24.646881,13.31,149.974,162810084.0,FDC.NS,0.772797267045381,0.01678640662796999,0.038881843709157725,1
2023-09-30,303.1886418078529,419.18700285127983,299.5728426919068,374.9179992675781,33967478,8008900000.0,997200000.0,71599600000.0,23888400000.0,30911600000.0,560600000.0,24.646881,13.31,149.974,162810084.0,FDC.NS,0.772797267045381,0.01678640662796999,0.038881843709157725,1
2023-12-31,373.4033191832352,414.3496467217383,335.4863641840249,387.42669677734375,14186510,8008900000.0,997200000.0,71599600000.0,23888400000.0,30911600000.0,560600000.0,24.646881,13.31,149.974,162810084.0,FDC.NS,0.772797267045381,0.01678640662796999,0.038881843709157725,1
2024-03-31,390.602723673725,476.59980357368994,383.07795265794243,415.2291564941406,26925005,8008900000.0,997200000.0,71599600000.0,23888400000.0,30911600000.0,560600000.0,24.646881,13.31,149.974,162810084.0,FDC.NS,0.772797267045381,0.01678640662796999,0.038881843709157725,1
2024-06-30,418.94267603927057,475.8180068426957,395.78209627199186,451.5335998535156,9326256,8008900000.0,997200000.0,71599600000.0,23888400000.0,30911600000.0,560600000.0,24.646881,13.31,149.974,162810084.0,FDC.NS,0.772797267045381,0.01678640662796999,0.038881843709157725,1
2024-09-30,453.7812633289032,643.8543595346272,452.75514855294733,527.2696533203125,52554967,8008900000.0,997200000.0,26880794000.0,201213000.0,22917271000.0,444181000.0,24.646881,13.31,149.974,162810084.0,FDC.NS,0.008779972100517553,0.01678640662796999,0.038881843709157725,0
2024-12-31,527.2208276554909,556.9777881176102,469.12390728889903,493.1612854003906,8742037,4641131000.0,370403000.0,26880794000.0,201213000.0,22917271000.0,444181000.0,24.646881,13.31,149.974,162810084.0,FDC.NS,0.008779972100517553,0.01678640662796999,0.038881843709157725,0
2025-03-31,490.7421129138435,518.3402055636001,361.63843420680666,388.9896545410156,7268200,4863403000.0,386713000.0,27138022000.0,211684000.0,22810805000.0,514724000.0,24.646881,13.31,149.974,162810084.0,FDC.NS,0.009279988145968544,0.014249859477599363,0.0169530623754839,1
2025-06-30,389.1377742344795,513.3538101475908,372.5492760173028,481.3617248535156,11690211,6484058000.0,1213514000.0,27138022000.0,211684000.0,22810805000.0,514724000.0,24.646881,13.31,149.974,162810084.0,FDC.NS,0.009279988145968544,0.014249859477599363,0.0169530623754839,0
2025-09-30,481.36175052261274,521.1543090908798,435.5459930926757,436.7308654785156,12400258,4730325000.0,283711000.0,28855539000.0,207120700.0,24313902000.0,356202000.0,24.646881,13.31,149.974,162810084.0,FDC.NS,0.00851861210923693,0.009832115768137271,0.011668674160157428,0
2025-12-31,440.58177958505416,470.40150899268315,398.4687794498419,417.7726135253906,7669844,4647077000.0,283026000.0,28855539000.0,207120700.0,24313902000.0,356202000.0,24.646881,13.31,149.974,162810084.0,FDC.NS,0.00851861210923693,0.009832115768137271,0.011668674160157428,0
2026-03-31,416.6864727458031,417.3776708913644,325.0,328.04998779296875,4440249,4647077000.0,283026000.0,28855539000.0,207120700.0,24313902000.0,356202000.0,24.646881,13.31,149.974,162810084.0,FDC.NS,0.00851861210923693,0.009832115768137271,0.011668674160157428,0
2020-12-31,1676.9136039679709,2460.012662013357,1667.1070916640647,2294.478759765625,34085915,4647077000.0,283026000.0,28855539000.0,207120700.0,24313902000.0,356202000.0,31.359394,51.42,580.47,164756423.0,GLAND.NS,0.00851861210923693,0.009832115768137271,0.011668674160157428,1
2021-03-31,2299.528923237553,2729.9860751174765,2030.928638125128,2430.34814453125,14826550,4647077000.0,283026000.0,28855539000.0,207120700.0,24313902000.0,356202000.0,31.359394,51.42,580.47,164756423.0,GLAND.NS,0.00851861210923693,0.009832115768137271,0.011668674160157428,1
2021-06-30,2450.8436025112846,3486.2150090122345,2353.5630184389365,3358.0439453125,21596793,4647077000.0,283026000.0,28855539000.0,207120700.0,24313902000.0,356202000.0,31.359394,51.42,580.47,164756423.0,GLAND.NS,0.00851861210923693,0.009832115768137271,0.011668674160157428,1
2021-09-30,3366.575736344504,4265.832818608818,3275.3750913958515,3647.92431640625,17292365,4647077000.0,283026000.0,28855539000.0,207120700.0,24313902000.0,356202000.0,31.359394,51.42,580.47,164756423.0,GLAND.NS,0.00851861210923693,0.009832115768137271,0.011668674160157428,1
2021-12-31,3651.9451457763657,3993.2117899616314,3248.0640360409116,3789.775634765625,11977306,4647077000.0,283026000.0,28855539000.0,207120700.0,24313902000.0,356202000.0,31.359394,51.42,580.47,164756423.0,GLAND.NS,0.00851861210923693,0.009832115768137271,0.011668674160157428,0
2022-03-31,3770.604075772151,3984.336970572787,3059.6319900257267,3209.328125,11588473,4647077000.0,283026000.0,28855539000.0,207120700.0,24313902000.0,356202000.0,31.359394,51.42,580.47,164756423.0,GLAND.NS,0.00851861210923693,0.009832115768137271,0.011668674160157428,0
2022-06-30,3224.283195696993,3490.5299695071085,2446.8718797418646,2649.42529296875,14023742,4647077000.0,283026000.0,28855539000.0,207120700.0,24313902000.0,356202000.0,31.359394,51.42,580.47,164756423.0,GLAND.NS,0.00851861210923693,0.009832115768137271,0.011668674160157428,0
2022-09-30,2657.5648616757276,2657.5648616757276,2003.3233342110188,2052.35595703125,26078601,4647077000.0,283026000.0,28855539000.0,207120700.0,24313902000.0,356202000.0,31.359394,51.42,580.47,164756423.0,GLAND.NS,0.00851861210923693,0.009832115768137271,0.011668674160157428,0
2022-12-31,2049.561063148816,2194.6973864238157,1523.3925626709772,1546.0457763671875,32231948,4647077000.0,283026000.0,28855539000.0,207120700.0,24313902000.0,356202000.0,31.359394,51.42,580.47,164756423.0,GLAND.NS,0.00851861210923693,0.009832115768137271,0.011668674160157428,0
2023-03-31,1554.3322276077201,1574.9259038094629,1108.135936005482,1243.7109375,41264974,4647077000.0,283026000.0,28855539000.0,207120700.0,24313902000.0,356202000.0,31.359394,51.42,580.47,164756423.0,GLAND.NS,0.00851861210923693,0.009832115768137271,0.011668674160157428,0
2023-06-30,1254.1548082097736,1449.2553743498265,844.3407386090761,1041.94189453125,65212356,4647077000.0,283026000.0,28855539000.0,207120700.0,24313902000.0,356202000.0,31.359394,51.42,580.47,164756423.0,GLAND.NS,0.00851861210923693,0.009832115768137271,0.011668674160157428,1
2023-09-30,1048.7574396299494,1775.8122441007313,1019.9263884212272,1642.6888427734375,54271280,4647077000.0,283026000.0,28855539000.0,207120700.0,24313902000.0,356202000.0,31.359394,51.42,580.47,164756423.0,GLAND.NS,0.00851861210923693,0.009832115768137271,0.011668674160157428,1
2023-12-31,1642.4928279324922,1958.3605275177913,1446.509710380852,1887.2633056640625,22652090,4647077000.0,283026000.0,28855539000.0,207120700.0,24313902000.0,356202000.0,31.359394,51.42,580.47,164756423.0,GLAND.NS,0.00851861210923693,0.009832115768137271,0.011668674160157428,0
2024-03-31,1897.4620828722097,2151.548749676668,1634.5494964281438,1809.546630859375,14677964,4647077000.0,283026000.0,28855539000.0,207120700.0,24313902000.0,356202000.0,31.359394,51.42,580.47,164756423.0,GLAND.NS,0.00851861210923693,0.009832115768137271,0.011668674160157428,0
2024-06-30,1809.546640971609,1951.397888890145,1622.487402646119,1789.5413818359375,33613111,4647077000.0,283026000.0,28855539000.0,207120700.0,24313902000.0,356202000.0,31.359394,51.42,580.47,164756423.0,GLAND.NS,0.00851861210923693,0.009832115768137271,0.011668674160157428,0
2024-09-30,1804.3982749087988,2177.977090735614,1754.6538963090911,1779.3240966796875,24194934,14058330000.0,1635320000.0,108668940000.0,3266280000.0,87880000000.0,28201080000.0,31.359394,51.42,580.47,164756423.0,GLAND.NS,0.03716750113791534,0.015048642233926272,0.018608557123350022,0
2024-12-31,1785.912802860625,1854.4244844907887,1571.0642059850823,1762.9268798828125,16718155,13840520000.0,2046920000.0,108668940000.0,3266280000.0,87880000000.0,28201080000.0,31.359394,51.42,580.47,164756423.0,GLAND.NS,0.03716750113791534,0.015048642233926272,0.018608557123350022,0
2025-03-31,1748.8084086101205,1945.8726212833035,1398.0756953966788,1577.702392578125,17928628,13920310000.0,1865410000.0,112249200000.0,3137330000.0,91507410000.0,25561940000.0,31.359394,51.42,580.47,164756423.0,GLAND.NS,0.03428498304126409,0.016618470332082545,0.020385343656868882,1
2025-06-30,1590.731108865172,1826.9801813492459,1266.0061416499243,1816.6761474609375,14465939,15056220000.0,2154820000.0,112249200000.0,3137330000.0,91507410000.0,25561940000.0,31.359394,51.42,580.47,164756423.0,GLAND.NS,0.03428498304126409,0.016618470332082545,0.020385343656868882,1
2025-09-30,1825.2959350954197,2111.3311582004694,1805.5795844963993,1991.5999755859375,21389691,15056220000.0,2154820000.0,112249200000.0,3137330000.0,91507410000.0,25561940000.0,31.359394,51.42,580.47,164756423.0,GLAND.NS,0.03428498304126409,0.016618470332082545,0.020385343656868882,0
2025-12-31,1992.0,2034.0,1629.5999755859375,1722.0,8488734,16953630000.0,2614750000.0,112249200000.0,3137330000.0,91507410000.0,25561940000.0,31.359394,51.42,580.47,164756423.0,GLAND.NS,0.03428498304126409,0.016618470332082545,0.020385343656868882,0
2026-03-31,1716.5999755859375,1984.9000244140625,1573.5999755859375,1612.5,9434035,16953630000.0,2614750000.0,112249200000.0,3137330000.0,91507410000.0,25561940000.0,31.359394,51.42,580.47,164756423.0,GLAND.NS,0.03428498304126409,0.016618470332082545,0.020385343656868882,0
2016-03-31,1433.5286928491312,1563.9963924978701,1409.6971366704613,1540.8717041015625,186828,16953630000.0,2614750000.0,112249200000.0,3137330000.0,91507410000.0,25561940000.0,37.77262,60.34,100.808,169406034.0,GLAXO.NS,0.03428498304126409,0.016618470332082545,0.020385343656868882,0
2016-06-30,1535.7214631704546,1555.1098456618229,1343.513834435517,1408.6466064453125,675092,16953630000.0,2614750000.0,112249200000.0,3137330000.0,91507410000.0,25561940000.0,37.77262,60.34,100.808,169406034.0,GLAXO.NS,0.03428498304126409,0.016618470332082545,0.020385343656868882,0
2016-09-30,1415.351989152496,1434.1155598319426,1127.6084640802628,1139.470458984375,2249606,16953630000.0,2614750000.0,112249200000.0,3137330000.0,91507410000.0,25561940000.0,37.77262,60.34,100.808,169406034.0,GLAXO.NS,0.03428498304126409,0.016618470332082545,0.020385343656868882,0
2016-12-31,1143.1785838268638,1229.2243316891822,1065.3275061899844,1118.51220703125,1222288,16953630000.0,2614750000.0,112249200000.0,3137330000.0,91507410000.0,25561940000.0,37.77262,60.34,100.808,169406034.0,GLAXO.NS,0.03428498304126409,0.016618470332082545,0.020385343656868882,1
2017-03-31,1116.5453723795006,1146.6615434967837,1088.3550924965414,1124.555908203125,1006878,16953630000.0,2614750000.0,112249200000.0,3137330000.0,91507410000.0,25561940000.0,37.77262,60.34,100.808,169406034.0,GLAXO.NS,0.03428498304126409,0.016618470332082545,0.020385343656868882,0
2017-06-30,1124.7401990092646,1137.0324416213878,901.9227923645778,1028.3485107421875,1257694,16953630000.0,2614750000.0,112249200000.0,3137330000.0,91507410000.0,25561940000.0,37.77262,60.34,100.808,169406034.0,GLAXO.NS,0.03428498304126409,0.016618470332082545,0.020385343656868882,1
2017-09-30,1035.8265665677484,1077.4151025457963,960.1359716647128,1039.149169921875,1097020,16953630000.0,2614750000.0,112249200000.0,3137330000.0,91507410000.0,25561940000.0,37.77262,60.34,100.808,169406034.0,GLAXO.NS,0.03428498304126409,0.016618470332082545,0.020385343656868882,0
2017-12-31,1057.0782295547906,1119.2813092187143,967.1627224476052,1031.9356689453125,1331818,16953630000.0,2614750000.0,112249200000.0,3137330000.0,91507410000.0,25561940000.0,37.77262,60.34,100.808,169406034.0,GLAXO.NS,0.03428498304126409,0.016618470332082545,0.020385343656868882,0
2018-03-31,1032.226015339525,1050.4455128036666,846.4254478955537,865.4739379882812,1525730,16953630000.0,2614750000.0,112249200000.0,3137330000.0,91507410000.0,25561940000.0,37.77262,60.34,100.808,169406034.0,GLAXO.NS,0.03428498304126409,0.016618470332082545,0.020385343656868882,1
2018-06-30,865.4739155511122,1189.754634631444,837.3882454380298,1159.2645263671875,1511496,16953630000.0,2614750000.0,112249200000.0,3137330000.0,91507410000.0,25561940000.0,37.77262,60.34,100.808,169406034.0,GLAXO.NS,0.03428498304126409,0.016618470332082545,0.020385343656868882,1
2018-09-30,1169.027064307479,1511.0020974729719,1146.2268910674393,1216.57470703125,3135497,16953630000.0,2614750000.0,112249200000.0,3137330000.0,91507410000.0,25561940000.0,37.77262,60.34,100.808,169406034.0,GLAXO.NS,0.03428498304126409,0.016618470332082545,0.020385343656868882,1
2018-12-31,1226.3120865840972,1275.9217637810993,1050.1171855081207,1272.0184326171875,930683,16953630000.0,2614750000.0,112249200000.0,3137330000.0,91507410000.0,25561940000.0,37.77262,60.34,100.808,169406034.0,GLAXO.NS,0.03428498304126409,0.016618470332082545,0.020385343656868882,0
2019-03-31,1259.4270894688284,1269.2063922764476,1066.0660804559873,1088.35302734375,949756,16953630000.0,2614750000.0,112249200000.0,3137330000.0,91507410000.0,25561940000.0,37.77262,60.34,100.808,169406034.0,GLAXO.NS,0.03428498304126409,0.016618470332082545,0.020385343656868882,0
2019-06-30,1091.2489974238053,1115.4243975371883,1005.6278770375147,1007.2647094726562,970171,16953630000.0,2614750000.0,112249200000.0,3137330000.0,91507410000.0,25561940000.0,37.77262,60.34,100.808,169406034.0,GLAXO.NS,0.03428498304126409,0.016618470332082545,0.020385343656868882,1
2019-09-30,1007.3485984667033,1258.0517040761126,965.1040968781979,1186.6937255859375,3029849,16953630000.0,2614750000.0,112249200000.0,3137330000.0,91507410000.0,25561940000.0,37.77262,60.34,100.808,169406034.0,GLAXO.NS,0.03428498304126409,0.016618470332082545,0.020385343656868882,1
2019-12-31,1190.9639995493021,1483.5271156582846,1118.9229276754177,1375.316162109375,2806219,16953630000.0,2614750000.0,112249200000.0,3137330000.0,91507410000.0,25561940000.0,37.77262,60.34,100.808,169406034.0,GLAXO.NS,0.03428498304126409,0.016618470332082545,0.020385343656868882,0
2020-03-31,1388.724998999485,1492.9221679871428,822.174847845698,1073.9132080078125,5300723,16953630000.0,2614750000.0,112249200000.0,3137330000.0,91507410000.0,25561940000.0,37.77262,60.34,100.808,169406034.0,GLAXO.NS,0.03428498304126409,0.016618470332082545,0.020385343656868882,1
2020-06-30,1071.8633845344455,1318.690836894768,982.1855714857468,1265.3966064453125,3134420,16953630000.0,2614750000.0,112249200000.0,3137330000.0,91507410000.0,25561940000.0,37.77262,60.34,100.808,169406034.0,GLAXO.NS,0.03428498304126409,0.016618470332082545,0.020385343656868882,1
2020-09-30,1272.570894427563,1584.6847326179004,1245.667341839456,1380.9771728515625,6747831,16953630000.0,2614750000.0,112249200000.0,3137330000.0,91507410000.0,25561940000.0,37.77262,60.34,100.808,169406034.0,GLAXO.NS,0.03428498304126409,0.016618470332082545,0.020385343656868882,1
2020-12-31,1385.2293953985707,1442.2165749289773,1219.527875884745,1423.761474609375,4074709,16953630000.0,2614750000.0,112249200000.0,3137330000.0,91507410000.0,25561940000.0,37.77262,60.34,100.808,169406034.0,GLAXO.NS,0.03428498304126409,0.016618470332082545,0.020385343656868882,0
2021-03-31,1409.0760990692486,1429.0657493360452,1206.3768279107082,1263.14501953125,3051126,16953630000.0,2614750000.0,112249200000.0,3137330000.0,91507410000.0,25561940000.0,37.77262,60.34,100.808,169406034.0,GLAXO.NS,0.03428498304126409,0.016618470332082545,0.020385343656868882,1
2021-06-30,1262.4875136089452,1432.8794227091978,1226.8046754038728,1317.0198974609375,3284728,16953630000.0,2614750000.0,112249200000.0,3137330000.0,91507410000.0,25561940000.0,37.77262,60.34,100.808,169406034.0,GLAXO.NS,0.03428498304126409,0.016618470332082545,0.020385343656868882,1
2021-09-30,1317.7652782036275,1579.5700959620717,1306.3239158736264,1323.3839111328125,4505113,16953630000.0,2614750000.0,112249200000.0,3137330000.0,91507410000.0,25561940000.0,37.77262,60.34,100.808,169406034.0,GLAXO.NS,0.03428498304126409,0.016618470332082545,0.020385343656868882,1
2021-12-31,1324.501025629863,1714.8357037860092,1295.90181971629,1569.962890625,6469152,16953630000.0,2614750000.0,112249200000.0,3137330000.0,91507410000.0,25561940000.0,37.77262,60.34,100.808,169406034.0,GLAXO.NS,0.03428498304126409,0.016618470332082545,0.020385343656868882,0
2022-03-31,1575.6378129643779,1599.679153881821,1304.8390036850897,1489.7509765625,3521052,16953630000.0,2614750000.0,112249200000.0,3137330000.0,91507410000.0,25561940000.0,37.77262,60.34,100.808,169406034.0,GLAXO.NS,0.03428498304126409,0.016618470332082545,0.020385343656868882,0
2022-06-30,1469.2844336555856,1505.7484705385248,1304.7049836521676,1340.2305908203125,1700814,16953630000.0,2614750000.0,112249200000.0,3137330000.0,91507410000.0,25561940000.0,37.77262,60.34,100.808,169406034.0,GLAXO.NS,0.03428498304126409,0.016618470332082545,0.020385343656868882,1
2022-09-30,1345.0568722455928,1450.7033376924817,1301.9607002603427,1351.6363525390625,4387308,16953630000.0,2614750000.0,112249200000.0,3137330000.0,91507410000.0,25561940000.0,37.77262,60.34,100.808,169406034.0,GLAXO.NS,0.03428498304126409,0.016618470332082545,0.020385343656868882,0
2022-12-31,1351.6365412231344,1371.0418352391223,1229.7480650141865,1251.383544921875,3500608,16953630000.0,2614750000.0,112249200000.0,3137330000.0,91507410000.0,25561940000.0,37.77262,60.34,100.808,169406034.0,GLAXO.NS,0.03428498304126409,0.016618470332082545,0.020385343656868882,1
2023-03-31,1233.5912114571559,1281.036978740353,1168.1161508213006,1257.076904296875,2883410,16953630000.0,2614750000.0,112249200000.0,3137330000.0,91507410000.0,25561940000.0,37.77262,60.34,100.808,169406034.0,GLAXO.NS,0.03428498304126409,0.016618470332082545,0.020385343656868882,1
2023-06-30,1263.3872212254703,1386.8513987719646,1164.3204098448437,1383.06640625,3752160,16953630000.0,2614750000.0,112249200000.0,3137330000.0,91507410000.0,25561940000.0,37.77262,60.34,100.808,169406034.0,GLAXO.NS,0.03428498304126409,0.016618470332082545,0.020385343656868882,1
2023-09-30,1378.1168937918208,1576.0999220963097,1336.6278395741074,1502.584228515625,5395529,16953630000.0,2614750000.0,112249200000.0,3137330000.0,91507410000.0,25561940000.0,37.77262,60.34,100.808,169406034.0,GLAXO.NS,0.03428498304126409,0.016618470332082545,0.020385343656868882,1
2023-12-31,1503.3121038729416,1901.2190152251064,1344.1978068697733,1842.163818359375,10261662,16953630000.0,2614750000.0,112249200000.0,3137330000.0,91507410000.0,25561940000.0,37.77262,60.34,100.808,169406034.0,GLAXO.NS,0.03428498304126409,0.016618470332082545,0.020385343656868882,1
2024-03-31,1849.6853190677746,2449.5543360840884,1816.057238510241,1889.1846923828125,15126331,16953630000.0,2614750000.0,112249200000.0,3137330000.0,91507410000.0,25561940000.0,37.77262,60.34,100.808,169406034.0,GLAXO.NS,0.03428498304126409,0.016618470332082545,0.020385343656868882,1
2024-06-30,1889.1847528361836,2712.045601974423,1787.7185858047883,2604.939697265625,10985414,16953630000.0,2614750000.0,112249200000.0,3137330000.0,91507410000.0,25561940000.0,37.77262,60.34,100.808,169406034.0,GLAXO.NS,0.03428498304126409,0.016618470332082545,0.020385343656868882,1
2024-09-30,2604.9395880328357,3034.3468052941303,2457.545661026756,2702.760009765625,8204884,10107700000.0,2525000000.0,37459900000.0,147900000.0,16726900000.0,492600000.0,37.77262,60.34,100.808,169406034.0,GLAXO.NS,0.008842044849912417,0.06740541218743243,0.15095445061547566,0
2024-12-31,2703.2019632463207,2839.6885345045243,2130.6211666288873,2222.86865234375,5631878,9494200000.0,2298800000.0,37459900000.0,147900000.0,16726900000.0,492600000.0,37.77262,60.34,100.808,169406034.0,GLAXO.NS,0.008842044849912417,0.06740541218743243,0.15095445061547566,1
2025-03-31,2206.235627576241,2949.544492077486,1896.2766505968011,2843.280029296875,22142913,9511947000.0,2628729000.0,41080655000.0,99512000.0,19513107000.0,5388477000.0,37.77262,60.34,100.808,169406034.0,GLAXO.NS,0.005099751669480416,0.06398946170648935,0.13471606546307566,1
2025-06-30,2835.037301100913,3515.699951171875,2370.0990311098863,3388.10009765625,13426208,8051700000.0,2050100000.0,41080655000.0,99512000.0,19513107000.0,5388477000.0,37.77262,60.34,100.808,169406034.0,GLAXO.NS,0.005099751669480416,0.06398946170648935,0.13471606546307566,0
2025-09-30,3388.699951171875,3450.0,2560.0,2659.699951171875,6218777,8051700000.0,2050100000.0,41080655000.0,99512000.0,19513107000.0,5388477000.0,37.77262,60.34,100.808,169406034.0,GLAXO.NS,0.005099751669480416,0.06398946170648935,0.13471606546307566,0
2025-12-31,2659.699951171875,2795.89990234375,2362.60009765625,2473.60009765625,5303446,10412600000.0,2956200000.0,41080655000.0,99512000.0,19513107000.0,5388477000.0,37.77262,60.34,100.808,169406034.0,GLAXO.NS,0.005099751669480416,0.06398946170648935,0.13471606546307566,0
2026-03-31,2476.0,2719.800048828125,2220.300048828125,2279.199951171875,3592317,10412600000.0,2956200000.0,41080655000.0,99512000.0,19513107000.0,5388477000.0,37.77262,60.34,100.808,169406034.0,GLAXO.NS,0.005099751669480416,0.06398946170648935,0.13471606546307566,0
2016-03-31,797.8526779050277,804.5978092399736,735.3156546043865,766.1024169921875,3624330,10412600000.0,2956200000.0,41080655000.0,99512000.0,19513107000.0,5388477000.0,55.38176,37.72,339.566,282200809.0,GLENMARK.NS,0.005099751669480416,0.06398946170648935,0.13471606546307566,1
2016-06-30,760.9473362694586,860.1969933771555,703.4208649001931,769.9566650390625,37208875,10412600000.0,2956200000.0,41080655000.0,99512000.0,19513107000.0,5388477000.0,55.38176,37.72,339.566,282200809.0,GLENMARK.NS,0.005099751669480416,0.06398946170648935,0.13471606546307566,1
2016-09-30,770.8721943751209,923.3812960383315,768.4632187676985,891.9418334960938,36066421,10412600000.0,2956200000.0,41080655000.0,99512000.0,19513107000.0,5388477000.0,55.38176,37.72,339.566,282200809.0,GLENMARK.NS,0.005099751669480416,0.06398946170648935,0.13471606546307566,0
2016-12-31,893.4389527321633,960.0845982359655,779.4652345242799,858.1361083984375,34181894,10412600000.0,2956200000.0,41080655000.0,99512000.0,19513107000.0,5388477000.0,55.38176,37.72,339.566,282200809.0,GLENMARK.NS,0.005099751669480416,0.06398946170648935,0.13471606546307566,0
2017-03-31,863.4967520183028,939.7530084745823,801.6804416593139,823.0263671875,30879357,10412600000.0,2956200000.0,41080655000.0,99512000.0,19513107000.0,5388477000.0,55.38176,37.72,339.566,282200809.0,GLENMARK.NS,0.005099751669480416,0.06398946170648935,0.13471606546307566,0
2017-06-30,820.9980114386749,884.6494037743953,579.5280021332559,611.208740234375,94007974,10412600000.0,2956200000.0,41080655000.0,99512000.0,19513107000.0,5388477000.0,55.38176,37.72,339.566,282200809.0,GLENMARK.NS,0.005099751669480416,0.06398946170648935,0.13471606546307566,0
2017-09-30,613.285478572113,720.546505266276,548.4266274063817,579.7709350585938,60455705,10412600000.0,2956200000.0,41080655000.0,99512000.0,19513107000.0,5388477000.0,55.38176,37.72,339.566,282200809.0,GLENMARK.NS,0.005099751669480416,0.06398946170648935,0.13471606546307566,0
2017-12-31,583.0656949952088,634.6664836013811,509.56465311119723,576.3308715820312,57242620,10412600000.0,2956200000.0,41080655000.0,99512000.0,19513107000.0,5388477000.0,55.38176,37.72,339.566,282200809.0,GLENMARK.NS,0.005099751669480416,0.06398946170648935,0.13471606546307566,0
2018-03-31,577.6876590058205,626.9627440636394,501.03733748937634,510.0007019042969,61772968,10412600000.0,2956200000.0,41080655000.0,99512000.0,19513107000.0,5388477000.0,55.38176,37.72,339.566,282200809.0,GLENMARK.NS,0.005099751669480416,0.06398946170648935,0.13471606546307566,1
2018-06-30,513.2470565433729,594.9363498820609,478.21657825597146,564.9932250976562,65380468,10412600000.0,2956200000.0,41080655000.0,99512000.0,19513107000.0,5388477000.0,55.38176,37.72,339.566,282200809.0,GLENMARK.NS,0.005099751669480416,0.06398946170648935,0.13471606546307566,1
2018-09-30,569.5477330473954,689.8528529814369,530.2050614216396,614.376953125,57176609,10412600000.0,2956200000.0,41080655000.0,99512000.0,19513107000.0,5388477000.0,55.38176,37.72,339.566,282200809.0,GLENMARK.NS,0.005099751669480416,0.06398946170648935,0.13471606546307566,1
2018-12-31,613.259330743509,686.0535137488641,558.1048963450046,673.5647583007812,61543421,10412600000.0,2956200000.0,41080655000.0,99512000.0,19513107000.0,5388477000.0,55.38176,37.72,339.566,282200809.0,GLENMARK.NS,0.005099751669480416,0.06398946170648935,0.13471606546307566,0
2019-03-31,671.0864907771354,677.9868495035223,538.4242416835777,632.0166625976562,39979836,10412600000.0,2956200000.0,41080655000.0,99512000.0,19513107000.0,5388477000.0,55.38176,37.72,339.566,282200809.0,GLENMARK.NS,0.005099751669480416,0.06398946170648935,0.13471606546307566,0
2019-06-30,629.7813903287572,640.7636281532973,429.5730814245593,430.8851318359375,51796991,10412600000.0,2956200000.0,41080655000.0,99512000.0,19513107000.0,5388477000.0,55.38176,37.72,339.566,282200809.0,GLENMARK.NS,0.005099751669480416,0.06398946170648935,0.13471606546307566,0
2019-09-30,430.83652926522177,445.7063796902314,312.042797892147,317.662109375,75616024,10412600000.0,2956200000.0,41080655000.0,99512000.0,19513107000.0,5388477000.0,55.38176,37.72,339.566,282200809.0,GLENMARK.NS,0.005099751669480416,0.06398946170648935,0.13471606546307566,1
2019-12-31,318.59048332701724,365.49950858427695,261.17579856947697,339.552978515625,222214193,10412600000.0,2956200000.0,41080655000.0,99512000.0,19513107000.0,5388477000.0,55.38176,37.72,339.566,282200809.0,GLENMARK.NS,0.005099751669480416,0.06398946170648935,0.13471606546307566,0
2020-03-31,339.797316460398,356.8995657854133,157.9759265976234,201.17132568359375,147709002,10412600000.0,2956200000.0,41080655000.0,99512000.0,19513107000.0,5388477000.0,55.38176,37.72,339.566,282200809.0,GLENMARK.NS,0.005099751669480416,0.06398946170648935,0.13471606546307566,1
2020-06-30,201.41564227461512,560.0254178442286,191.34975470567923,440.0653991699219,549909322,10412600000.0,2956200000.0,41080655000.0,99512000.0,19513107000.0,5388477000.0,55.38176,37.72,339.566,282200809.0,GLENMARK.NS,0.005099751669480416,0.06398946170648935,0.13471606546307566,1
2020-09-30,434.88574946948364,509.21352793962325,395.7949529128994,474.0513000488281,280770894,10412600000.0,2956200000.0,41080655000.0,99512000.0,19513107000.0,5388477000.0,55.38176,37.72,339.566,282200809.0,GLENMARK.NS,0.005099751669480416,0.06398946170648935,0.13471606546307566,1
2020-12-31,478.32380092731677,539.2192637621508,452.1976971490404,484.7080383300781,169593533,10412600000.0,2956200000.0,41080655000.0,99512000.0,19513107000.0,5388477000.0,55.38176,37.72,339.566,282200809.0,GLENMARK.NS,0.005099751669480416,0.06398946170648935,0.13471606546307566,0
2021-03-31,484.9535662698066,522.522070123701,434.17456677920285,456.42108154296875,103965293,10412600000.0,2956200000.0,41080655000.0,99512000.0,19513107000.0,5388477000.0,55.38176,37.72,339.566,282200809.0,GLENMARK.NS,0.005099751669480416,0.06398946170648935,0.13471606546307566,1
2021-06-30,457.69797303919586,660.0279013156528,454.1130056399977,640.9244384765625,232041918,10412600000.0,2956200000.0,41080655000.0,99512000.0,19513107000.0,5388477000.0,55.38176,37.72,339.566,282200809.0,GLENMARK.NS,0.005099751669480416,0.06398946170648935,0.13471606546307566,0
2021-09-30,640.7770946468196,678.6403265940246,482.7102748856516,503.7298889160156,111628471,10412600000.0,2956200000.0,41080655000.0,99512000.0,19513107000.0,5388477000.0,55.38176,37.72,339.566,282200809.0,GLENMARK.NS,0.005099751669480416,0.06398946170648935,0.13471606546307566,1
2021-12-31,502.20030000898754,544.535482304598,450.98353839238143,521.591552734375,92113039,10412600000.0,2956200000.0,41080655000.0,99512000.0,19513107000.0,5388477000.0,55.38176,37.72,339.566,282200809.0,GLENMARK.NS,0.005099751669480416,0.06398946170648935,0.13471606546307566,0
2022-03-31,523.0225492511007,524.2067632957308,408.64832795920205,436.1809997558594,53777721,10412600000.0,2956200000.0,41080655000.0,99512000.0,19513107000.0,5388477000.0,55.38176,37.72,339.566,282200809.0,GLENMARK.NS,0.005099751669480416,0.06398946170648935,0.13471606546307566,0
2022-06-30,438.40137666422333,481.1313090536345,343.91195720144685,381.263671875,47425339,10412600000.0,2956200000.0,41080655000.0,99512000.0,19513107000.0,5388477000.0,55.38176,37.72,339.566,282200809.0,GLENMARK.NS,0.005099751669480416,0.06398946170648935,0.13471606546307566,1
2022-09-30,380.1288267648263,402.6286321383875,355.70464291861697,386.0144958496094,65092203,10412600000.0,2956200000.0,41080655000.0,99512000.0,19513107000.0,5388477000.0,55.38176,37.72,339.566,282200809.0,GLENMARK.NS,0.005099751669480416,0.06398946170648935,0.13471606546307566,1
2022-12-31,386.90841675635187,447.9417372991733,374.3442237423293,421.2738037109375,73327881,10412600000.0,2956200000.0,41080655000.0,99512000.0,19513107000.0,5388477000.0,55.38176,37.72,339.566,282200809.0,GLENMARK.NS,0.005099751669480416,0.06398946170648935,0.13471606546307566,1
2023-03-31,420.42952595792974,464.82643832224903,366.5474130151761,461.548828125,59421479,10412600000.0,2956200000.0,41080655000.0,99512000.0,19513107000.0,5388477000.0,55.38176,37.72,339.566,282200809.0,GLENMARK.NS,0.005099751669480416,0.06398946170648935,0.13471606546307566,1
2023-06-30,464.28016845890096,680.2059173208039,461.5488165925617,671.4159545898438,92616411,10412600000.0,2956200000.0,41080655000.0,99512000.0,19513107000.0,5388477000.0,55.38176,37.72,339.566,282200809.0,GLENMARK.NS,0.005099751669480416,0.06398946170648935,0.13471606546307566,1
2023-09-30,671.4160335543878,876.591169244653,643.2582521189083,852.1861572265625,92475771,10412600000.0,2956200000.0,41080655000.0,99512000.0,19513107000.0,5388477000.0,55.38176,37.72,339.566,282200809.0,GLENMARK.NS,0.005099751669480416,0.06398946170648935,0.13471606546307566,0
2023-12-31,848.7494659773389,856.5690945032592,719.3028044192085,850.6421508789062,65482316,10412600000.0,2956200000.0,41080655000.0,99512000.0,19513107000.0,5388477000.0,55.38176,37.72,339.566,282200809.0,GLENMARK.NS,0.005099751669480416,0.06398946170648935,0.13471606546307566,1
2024-03-31,850.6919993408931,970.2271866166059,768.013487319452,954.7373657226562,80705413,10412600000.0,2956200000.0,41080655000.0,99512000.0,19513107000.0,5388477000.0,55.38176,37.72,339.566,282200809.0,GLENMARK.NS,0.005099751669480416,0.06398946170648935,0.13471606546307566,1
2024-06-30,955.3350267348281,1259.1037417446494,955.3350267348281,1225.733642578125,52759380,10412600000.0,2956200000.0,41080655000.0,99512000.0,19513107000.0,5388477000.0,55.38176,37.72,339.566,282200809.0,GLENMARK.NS,0.005099751669480416,0.06398946170648935,0.13471606546307566,1
2024-09-30,1228.2238981214396,1765.2701116715896,1227.3273600076973,1669.4052734375,70907930,10412600000.0,2956200000.0,152353420000.0,17808490000.0,84456580000.0,18188960000.0,55.38176,37.72,339.566,282200809.0,GLENMARK.NS,0.21085971039793466,0.06398946170648935,0.13471606546307566,0
2024-12-31,1668.9064612357636,1826.4699520069028,1442.9605968953945,1605.162841796875,43736272,33019040000.0,3479620000.0,152353420000.0,17808490000.0,84456580000.0,18188960000.0,55.38176,37.72,339.566,282200809.0,GLENMARK.NS,0.21085971039793466,0.06398946170648935,0.13471606546307566,0
2025-03-31,1605.1627491829786,1653.9432741233545,1272.3791687115913,1537.2794189453125,33278925,32201320000.0,46500000.0,160495540000.0,24726670000.0,88494410000.0,16757070000.0,55.38176,37.72,339.566,282200809.0,GLENMARK.NS,0.27941505005796413,0.0002897276771678515,0.0005254569186912484,1
2025-06-30,1536.2318886296823,1753.8979255701372,1332.7309920095051,1749.5087890625,56326703,30593330000.0,468710000.0,160495540000.0,24726670000.0,88494410000.0,16757070000.0,55.38176,37.72,339.566,282200809.0,GLENMARK.NS,0.27941505005796413,0.0002897276771678515,0.0005254569186912484,1
2025-09-30,1747.9127312170112,2279.2096480431346,1735.8423614170747,1950.208251953125,77202916,60037940000.0,6103530000.0,190020230000.0,12241770000.0,95818440000.0,26468430000.0,55.38176,37.72,339.566,282200809.0,GLENMARK.NS,0.1277600637205114,0.03212042212558105,0.06369890805986822,1
2025-12-31,1950.2082453737967,2082.5,1792.5999755859375,2035.199951171875,50919094,38879990000.0,4032130000.0,190020230000.0,12241770000.0,95818440000.0,26468430000.0,55.38176,37.72,339.566,282200809.0,GLENMARK.NS,0.1277600637205114,0.03212042212558105,0.06369890805986822,1
2026-03-31,2034.0,2297.89990234375,1842.0,2089.0,28826850,38879990000.0,4032130000.0,190020230000.0,12241770000.0,95818440000.0,26468430000.0,55.38176,37.72,339.566,282200809.0,GLENMARK.NS,0.1277600637205114,0.03212042212558105,0.06369890805986822,0
2016-03-31,115.1590347290039,116.29406955641517,110.28783549882019,113.45648956298828,7107963,38879990000.0,4032130000.0,190020230000.0,12241770000.0,95818440000.0,26468430000.0,25.761545,22.52,164.061,247796921.0,GRANULES.NS,0.1277600637205114,0.03212042212558105,0.06369890805986822,1
2016-06-30,113.83483695857548,138.00164643310353,110.42972184843936,130.6712188720703,72872519,38879990000.0,4032130000.0,190020230000.0,12241770000.0,95818440000.0,26468430000.0,25.761545,22.52,164.061,247796921.0,GRANULES.NS,0.1277600637205114,0.03212042212558105,0.06369890805986822,0
2016-09-30,130.67123173366343,142.8256167307659,104.35402318364982,110.3306655883789,76672856,38879990000.0,4032130000.0,190020230000.0,12241770000.0,95818440000.0,26468430000.0,25.761545,22.52,164.061,247796921.0,GRANULES.NS,0.1277600637205114,0.03212042212558105,0.06369890805986822,0
2016-12-31,111.37419044897648,121.24039332480729,86.90457526524068,102.67948913574219,67099702,38879990000.0,4032130000.0,190020230000.0,12241770000.0,95818440000.0,26468430000.0,25.761545,22.52,164.061,247796921.0,GRANULES.NS,0.1277600637205114,0.03212042212558105,0.06369890805986822,1
2017-03-31,102.82200622558594,135.01599870130653,92.8914340894928,132.20716857910156,118048459,38879990000.0,4032130000.0,190020230000.0,12241770000.0,95818440000.0,26468430000.0,25.761545,22.52,164.061,247796921.0,GRANULES.NS,0.1277600637205114,0.03212042212558105,0.06369890805986822,0
2017-06-30,132.82599825595463,149.72684200597251,119.59102642577194,127.01785278320312,108941028,38879990000.0,4032130000.0,190020230000.0,12241770000.0,95818440000.0,26468430000.0,25.761545,22.52,164.061,247796921.0,GRANULES.NS,0.1277600637205114,0.03212042212558105,0.06369890805986822,0
2017-09-30,127.06546044165945,140.44327465055065,96.58119476810762,108.54163360595703,96917199,38879990000.0,4032130000.0,190020230000.0,12241770000.0,95818440000.0,26468430000.0,25.761545,22.52,164.061,247796921.0,GRANULES.NS,0.1277600637205114,0.03212042212558105,0.06369890805986822,1
2017-12-31,112.99438871182886,140.28541061245835,108.54164227178006,131.88803100585938,159454204,38879990000.0,4032130000.0,190020230000.0,12241770000.0,95818440000.0,26468430000.0,25.761545,22.52,164.061,247796921.0,GRANULES.NS,0.1277600637205114,0.03212042212558105,0.06369890805986822,0
2018-03-31,133.2313882628895,143.93020825457347,97.36398461367259,99.28722381591797,116411065,38879990000.0,4032130000.0,190020230000.0,12241770000.0,95818440000.0,26468430000.0,25.761545,22.52,164.061,247796921.0,GRANULES.NS,0.1277600637205114,0.03212042212558105,0.06369890805986822,0
2018-06-30,99.62380957439849,109.19191145846499,68.80388073143695,77.45845794677734,193644345,38879990000.0,4032130000.0,190020230000.0,12241770000.0,95818440000.0,26468430000.0,25.761545,22.52,164.061,247796921.0,GRANULES.NS,0.1277600637205114,0.03212042212558105,0.06369890805986822,1
2018-09-30,76.92955791620238,119.21340783560555,73.51582253183786,91.92184448242188,301258145,38879990000.0,4032130000.0,190020230000.0,12241770000.0,95818440000.0,26468430000.0,25.761545,22.52,164.061,247796921.0,GRANULES.NS,0.1277600637205114,0.03212042212558105,0.06369890805986822,0
2018-12-31,91.77693895136272,103.86062053798705,76.64866989651239,86.9136734008789,184473113,38879990000.0,4032130000.0,190020230000.0,12241770000.0,95818440000.0,26468430000.0,25.761545,22.52,164.061,247796921.0,GRANULES.NS,0.1277600637205114,0.03212042212558105,0.06369890805986822,1
2019-03-31,87.10735998572584,116.40239472342253,81.78118519010272,113.29444885253906,76081586,38879990000.0,4032130000.0,190020230000.0,12241770000.0,95818440000.0,26468430000.0,25.761545,22.52,164.061,247796921.0,GRANULES.NS,0.1277600637205114,0.03212042212558105,0.06369890805986822,0
2019-06-30,111.30341863202096,116.93657046810948,87.60531162893616,94.01546478271484,37837585,38879990000.0,4032130000.0,190020230000.0,12241770000.0,95818440000.0,26468430000.0,25.761545,22.52,164.061,247796921.0,GRANULES.NS,0.1277600637205114,0.03212042212558105,0.06369890805986822,1
2019-09-30,94.20971777827647,107.1648018481308,81.58367297114158,102.23373413085938,34472642,38879990000.0,4032130000.0,190020230000.0,12241770000.0,95818440000.0,26468430000.0,25.761545,22.52,164.061,247796921.0,GRANULES.NS,0.1277600637205114,0.03212042212558105,0.06369890805986822,1
2019-12-31,103.55194110442646,132.95594467304426,92.7622292247615,120.4332504272461,80182927,38879990000.0,4032130000.0,190020230000.0,12241770000.0,95818440000.0,26468430000.0,25.761545,22.52,164.061,247796921.0,GRANULES.NS,0.1277600637205114,0.03212042212558105,0.06369890805986822,1
2020-03-31,120.53109549631621,185.2078140751229,111.81063999873251,140.76773071289062,141606199,38879990000.0,4032130000.0,190020230000.0,12241770000.0,95818440000.0,26468430000.0,25.761545,22.52,164.061,247796921.0,GRANULES.NS,0.1277600637205114,0.03212042212558105,0.06369890805986822,1
2020-06-30,140.13077261250277,219.94654039142083,135.42708362460246,198.534912109375,160622887,38879990000.0,4032130000.0,190020230000.0,12241770000.0,95818440000.0,26468430000.0,25.761545,22.52,164.061,247796921.0,GRANULES.NS,0.1277600637205114,0.03212042212558105,0.06369890805986822,1
2020-09-30,201.57271128605814,399.4049465276455,200.34779202088686,376.73046875,350271581,38879990000.0,4032130000.0,190020230000.0,12241770000.0,95818440000.0,26468430000.0,25.761545,22.52,164.061,247796921.0,GRANULES.NS,0.1277600637205114,0.03212042212558105,0.06369890805986822,0
2020-12-31,382.0309378721339,430.16264385371863,315.6850051575999,345.88824462890625,103354429,38879990000.0,4032130000.0,190020230000.0,12241770000.0,95818440000.0,26468430000.0,25.761545,22.52,164.061,247796921.0,GRANULES.NS,0.1277600637205114,0.03212042212558105,0.06369890805986822,0
2021-03-31,348.3928608284929,370.1490172787838,289.96967778622457,298.275634765625,132440281,38879990000.0,4032130000.0,190020230000.0,12241770000.0,95818440000.0,26468430000.0,25.761545,22.52,164.061,247796921.0,GRANULES.NS,0.1277600637205114,0.03212042212558105,0.06369890805986822,1
2021-06-30,300.6346284762463,364.2313913187791,297.93153917978026,326.928466796875,226932403,38879990000.0,4032130000.0,190020230000.0,12241770000.0,95818440000.0,26468430000.0,25.761545,22.52,164.061,247796921.0,GRANULES.NS,0.1277600637205114,0.03212042212558105,0.06369890805986822,0
2021-09-30,328.7960830301317,398.717146996213,310.0730002310618,315.7402648925781,245329905,38879990000.0,4032130000.0,190020230000.0,12241770000.0,95818440000.0,26468430000.0,25.761545,22.52,164.061,247796921.0,GRANULES.NS,0.1277600637205114,0.03212042212558105,0.06369890805986822,1
2021-12-31,314.4096700203519,344.7454554684661,276.4636585408366,331.6264343261719,117984064,38879990000.0,4032130000.0,190020230000.0,12241770000.0,95818440000.0,26468430000.0,25.761545,22.52,164.061,247796921.0,GRANULES.NS,0.1277600637205114,0.03212042212558105,0.06369890805986822,0
2022-03-31,331.6264513723545,357.4700112190446,261.80444503456414,302.5756530761719,98905954,38879990000.0,4032130000.0,190020230000.0,12241770000.0,95818440000.0,26468430000.0,25.761545,22.52,164.061,247796921.0,GRANULES.NS,0.1277600637205114,0.03212042212558105,0.06369890805986822,0
2022-06-30,303.06922285249,319.55540963703135,224.04417881479534,268.76416015625,66105513,38879990000.0,4032130000.0,190020230000.0,12241770000.0,95818440000.0,26468430000.0,25.761545,22.52,164.061,247796921.0,GRANULES.NS,0.1277600637205114,0.03212042212558105,0.06369890805986822,1
2022-09-30,268.61606108490065,343.3919010140036,265.4570215582741,341.7590637207031,126043138,38879990000.0,4032130000.0,190020230000.0,12241770000.0,95818440000.0,26468430000.0,25.761545,22.52,164.061,247796921.0,GRANULES.NS,0.1277600637205114,0.03212042212558105,0.06369890805986822,0
2022-12-31,344.38152527689164,377.0383698608023,313.7533039114344,315.485107421875,79345151,38879990000.0,4032130000.0,190020230000.0,12241770000.0,95818440000.0,26468430000.0,25.761545,22.52,164.061,247796921.0,GRANULES.NS,0.1277600637205114,0.03212042212558105,0.06369890805986822,0
2023-03-31,316.02940817568145,331.8630715005551,264.9659114184995,287.6773376464844,47820461,38879990000.0,4032130000.0,190020230000.0,12241770000.0,95818440000.0,26468430000.0,25.761545,22.52,164.061,247796921.0,GRANULES.NS,0.1277600637205114,0.03212042212558105,0.06369890805986822,1
2023-06-30,287.67730121400734,306.5786906112441,269.5181121462272,293.81280517578125,72571224,38879990000.0,4032130000.0,190020230000.0,12241770000.0,95818440000.0,26468430000.0,25.761545,22.52,164.061,247796921.0,GRANULES.NS,0.1277600637205114,0.03212042212558105,0.06369890805986822,1
2023-09-30,298.85978927593993,353.97249521009513,286.0614772154558,352.7296142578125,138871471,38879990000.0,4032130000.0,190020230000.0,12241770000.0,95818440000.0,26468430000.0,25.761545,22.52,164.061,247796921.0,GRANULES.NS,0.1277600637205114,0.03212042212558105,0.06369890805986822,1
2023-12-31,355.9610616777071,407.66492024788516,317.1334869486054,403.140869140625,97727660,38879990000.0,4032130000.0,190020230000.0,12241770000.0,95818440000.0,26468430000.0,25.761545,22.52,164.061,247796921.0,GRANULES.NS,0.1277600637205114,0.03212042212558105,0.06369890805986822,1
2024-03-31,404.68200060145864,477.7137079817937,397.7218820510279,427.7001647949219,87991280,38879990000.0,4032130000.0,190020230000.0,12241770000.0,95818440000.0,26468430000.0,25.761545,22.52,164.061,247796921.0,GRANULES.NS,0.1277600637205114,0.03212042212558105,0.06369890805986822,1
2024-06-30,429.39051494892016,504.46049885210243,387.13251820772086,489.99334716796875,92788924,38879990000.0,4032130000.0,190020230000.0,12241770000.0,95818440000.0,26468430000.0,25.761545,22.52,164.061,247796921.0,GRANULES.NS,0.1277600637205114,0.03212042212558105,0.06369890805986822,1
2024-09-30,489.99335490243294,718.802501498043,481.790345597212,556.8974609375,232682165,38879990000.0,4032130000.0,54327040000.0,10971820000.0,34272380000.0,2088470000.0,25.761545,22.52,164.061,247796921.0,GRANULES.NS,0.3201359228626667,0.03212042212558105,0.06369890805986822,1
2024-12-31,555.8008483480619,626.0859718672677,521.0570729430651,590.4947509765625,186514542,11335180000.0,1176030000.0,54327040000.0,10971820000.0,34272380000.0,2088470000.0,25.761545,22.52,164.061,247796921.0,GRANULES.NS,0.3201359228626667,0.03212042212558105,0.06369890805986822,0
2025-03-31,587.2048616226605,619.2069900276326,452.11781324275063,484.8677062988281,81310173,11968210000.0,1520310000.0,62525610000.0,14547570000.0,37155780000.0,4661140000.0,25.761545,22.52,164.061,247796921.0,GRANULES.NS,0.39152912413627167,0.024314996686957552,0.040917187043307934,1
2025-06-30,486.5126548541882,545.4325386553531,420.7138311311148,493.7904052734375,70570722,12087920000.0,1126360000.0,62525610000.0,14547570000.0,37155780000.0,4661140000.0,25.761545,22.52,164.061,247796921.0,GRANULES.NS,0.39152912413627167,0.024314996686957552,0.040917187043307934,1
2025-09-30,495.2858272058295,553.0,432.6000061035156,517.0,94982969,12946740000.0,1306060000.0,69436790000.0,18069410000.0,39827770000.0,6086050000.0,25.761545,22.52,164.061,247796921.0,GRANULES.NS,0.45368872020703144,0.018809337240387986,0.03279269715577849,1
2025-12-31,522.7000122070312,624.7000122070312,522.7000122070312,598.5,69698890,13780200000.0,1502110000.0,69436790000.0,18069410000.0,39827770000.0,6086050000.0,25.761545,22.52,164.061,247796921.0,GRANULES.NS,0.45368872020703144,0.018809337240387986,0.03279269715577849,0
2026-03-31,600.4000244140625,627.0,531.7999877929688,580.1500244140625,45403544,13780200000.0,1502110000.0,69436790000.0,18069410000.0,39827770000.0,6086050000.0,25.761545,22.52,164.061,247796921.0,GRANULES.NS,0.45368872020703144,0.018809337240387986,0.03279269715577849,0
2016-03-31,41.27364578948256,42.765461530362366,38.538651256177005,41.22391128540039,177401,13780200000.0,1502110000.0,69436790000.0,18069410000.0,39827770000.0,6086050000.0,56.629784,4.97,63.023,100282506.0,GUFICBIO.NS,0.45368872020703144,0.018809337240387986,0.03279269715577849,1
2016-06-30,40.77637247124048,50.672099622547705,37.94191461414182,44.1578254699707,5146881,13780200000.0,1502110000.0,69436790000.0,18069410000.0,39827770000.0,6086050000.0,56.629784,4.97,63.023,100282506.0,GUFICBIO.NS,0.45368872020703144,0.018809337240387986,0.03279269715577849,0
2016-09-30,44.15783121191778,45.40101238571752,31.924915106581885,35.79816818237305,3093385,13780200000.0,1502110000.0,69436790000.0,18069410000.0,39827770000.0,6086050000.0,56.629784,4.97,63.023,100282506.0,GUFICBIO.NS,0.45368872020703144,0.018809337240387986,0.03279269715577849,1
2016-12-31,36.246267045305025,59.74659310084742,33.75682856733043,52.975303649902344,11607895,13780200000.0,1502110000.0,69436790000.0,18069410000.0,39827770000.0,6086050000.0,56.629784,4.97,63.023,100282506.0,GUFICBIO.NS,0.45368872020703144,0.018809337240387986,0.03279269715577849,1
2017-03-31,53.62256621817525,72.19379363316908,52.128901378687516,66.11955261230469,18739092,13780200000.0,1502110000.0,69436790000.0,18069410000.0,39827770000.0,6086050000.0,56.629784,4.97,63.023,100282506.0,GUFICBIO.NS,0.45368872020703144,0.018809337240387986,0.03279269715577849,1
2017-06-30,66.51786374746196,76.82414216014725,62.43518370589299,69.65455627441406,26030834,13780200000.0,1502110000.0,69436790000.0,18069410000.0,39827770000.0,6086050000.0,56.629784,4.97,63.023,100282506.0,GUFICBIO.NS,0.45368872020703144,0.018809337240387986,0.03279269715577849,1
2017-09-30,70.00309615361697,86.19698230418625,61.78792775611715,81.56327056884766,12176574,13780200000.0,1502110000.0,69436790000.0,18069410000.0,39827770000.0,6086050000.0,56.629784,4.97,63.023,100282506.0,GUFICBIO.NS,0.45368872020703144,0.018809337240387986,0.03279269715577849,1
2017-12-31,82.21100430906702,136.91868385515605,79.81940993590582,126.30598449707031,26078990,13780200000.0,1502110000.0,69436790000.0,18069410000.0,39827770000.0,6086050000.0,56.629784,4.97,63.023,100282506.0,GUFICBIO.NS,0.45368872020703144,0.018809337240387986,0.03279269715577849,0
2018-03-31,126.55511391149707,143.8443464445052,94.66721425994145,108.11992645263672,8968380,13780200000.0,1502110000.0,69436790000.0,18069410000.0,39827770000.0,6086050000.0,56.629784,4.97,63.023,100282506.0,GUFICBIO.NS,0.45368872020703144,0.018809337240387986,0.03279269715577849,1
2018-06-30,108.21958078979759,163.32583134927387,108.21958078979759,123.26668548583984,10874585,13780200000.0,1502110000.0,69436790000.0,18069410000.0,39827770000.0,6086050000.0,56.629784,4.97,63.023,100282506.0,GUFICBIO.NS,0.45368872020703144,0.018809337240387986,0.03279269715577849,0
2018-09-30,124.91089136308267,139.50958217773479,109.61467881916028,113.44749450683594,5972075,13780200000.0,1502110000.0,69436790000.0,18069410000.0,39827770000.0,6086050000.0,56.629784,4.97,63.023,100282506.0,GUFICBIO.NS,0.45368872020703144,0.018809337240387986,0.03279269715577849,0
2018-12-31,112.64997555667188,114.39455482414246,83.0419739846752,93.1605224609375,4275759,13780200000.0,1502110000.0,69436790000.0,18069410000.0,39827770000.0,6086050000.0,56.629784,4.97,63.023,100282506.0,GUFICBIO.NS,0.45368872020703144,0.018809337240387986,0.03279269715577849,0
2019-03-31,92.71192932128906,98.79302885180947,65.74571829189192,78.60575866699219,3176172,13780200000.0,1502110000.0,69436790000.0,18069410000.0,39827770000.0,6086050000.0,56.629784,4.97,63.023,100282506.0,GUFICBIO.NS,0.45368872020703144,0.018809337240387986,0.03279269715577849,0
2019-06-30,76.76149423682531,93.65899234332548,65.94509226750976,75.66490173339844,4295364,13780200000.0,1502110000.0,69436790000.0,18069410000.0,39827770000.0,6086050000.0,56.629784,4.97,63.023,100282506.0,GUFICBIO.NS,0.45368872020703144,0.018809337240387986,0.03279269715577849,0
2019-09-30,74.7676826056194,77.21009052843151,50.89187011955073,69.43814849853516,3249424,13780200000.0,1502110000.0,69436790000.0,18069410000.0,39827770000.0,6086050000.0,56.629784,4.97,63.023,100282506.0,GUFICBIO.NS,0.45368872020703144,0.018809337240387986,0.03279269715577849,0
2019-12-31,70.98454871719903,80.81164205722813,58.11454504156992,60.259544372558594,2043630,13780200000.0,1502110000.0,69436790000.0,18069410000.0,39827770000.0,6086050000.0,56.629784,4.97,63.023,100282506.0,GUFICBIO.NS,0.45368872020703144,0.018809337240387986,0.03279269715577849,0
2020-03-31,60.50896285466747,79.61443489877199,36.913958591533195,47.73872756958008,4177191,13780200000.0,1502110000.0,69436790000.0,18069410000.0,39827770000.0,6086050000.0,56.629784,4.97,63.023,100282506.0,GUFICBIO.NS,0.45368872020703144,0.018809337240387986,0.03279269715577849,1
2020-06-30,46.94059221967744,84.5030373521518,44.246864143738335,76.22234344482422,9659457,13780200000.0,1502110000.0,69436790000.0,18069410000.0,39827770000.0,6086050000.0,56.629784,4.97,63.023,100282506.0,GUFICBIO.NS,0.45368872020703144,0.018809337240387986,0.03279269715577849,1
2020-09-30,76.82093837004632,104.65606354714203,74.82558932147369,89.69095611572266,25874695,13780200000.0,1502110000.0,69436790000.0,18069410000.0,39827770000.0,6086050000.0,56.629784,4.97,63.023,100282506.0,GUFICBIO.NS,0.45368872020703144,0.018809337240387986,0.03279269715577849,1
2020-12-31,88.99257052666539,129.60778376112012,86.34873625999316,116.83165740966797,16936322,13780200000.0,1502110000.0,69436790000.0,18069410000.0,39827770000.0,6086050000.0,56.629784,4.97,63.023,100282506.0,GUFICBIO.NS,0.45368872020703144,0.018809337240387986,0.03279269715577849,0
2021-03-31,116.83164033935176,137.1935846304448,98.81531935378077,114.2863998413086,10731301,13780200000.0,1502110000.0,69436790000.0,18069410000.0,39827770000.0,6086050000.0,56.629784,4.97,63.023,100282506.0,GUFICBIO.NS,0.45368872020703144,0.018809337240387986,0.03279269715577849,1
2021-06-30,115.13482267669569,215.54716108688686,107.34937031588055,186.95059204101562,53411438,13780200000.0,1502110000.0,69436790000.0,18069410000.0,39827770000.0,6086050000.0,56.629784,4.97,63.023,100282506.0,GUFICBIO.NS,0.45368872020703144,0.018809337240387986,0.03279269715577849,1
2021-09-30,188.04854244468805,231.56722048713266,171.87874694282468,193.78396606445312,28059583,13780200000.0,1502110000.0,69436790000.0,18069410000.0,39827770000.0,6086050000.0,56.629784,4.97,63.023,100282506.0,GUFICBIO.NS,0.45368872020703144,0.018809337240387986,0.03279269715577849,1
2021-12-31,193.7839690961944,250.15658882736145,171.51454720949994,237.27427673339844,26009091,13780200000.0,1502110000.0,69436790000.0,18069410000.0,39827770000.0,6086050000.0,56.629784,4.97,63.023,100282506.0,GUFICBIO.NS,0.45368872020703144,0.018809337240387986,0.03279269715577849,1
2022-03-31,239.37139514003493,269.62983189709604,191.88656062168081,248.65863037109375,17660504,13780200000.0,1502110000.0,69436790000.0,18069410000.0,39827770000.0,6086050000.0,56.629784,4.97,63.023,100282506.0,GUFICBIO.NS,0.45368872020703144,0.018809337240387986,0.03279269715577849,0
2022-06-30,251.15520632152217,289.6024347743429,195.38176354393286,222.14503479003906,16308262,13780200000.0,1502110000.0,69436790000.0,18069410000.0,39827770000.0,6086050000.0,56.629784,4.97,63.023,100282506.0,GUFICBIO.NS,0.45368872020703144,0.018809337240387986,0.03279269715577849,0
2022-09-30,223.49318953431992,242.7890213769539,195.83116291480945,217.0613555908203,10652271,13780200000.0,1502110000.0,69436790000.0,18069410000.0,39827770000.0,6086050000.0,56.629784,4.97,63.023,100282506.0,GUFICBIO.NS,0.45368872020703144,0.018809337240387986,0.03279269715577849,1
2022-12-31,217.21124505224773,236.79422687939078,201.67474433816705,226.2533721923828,7165089,13780200000.0,1502110000.0,69436790000.0,18069410000.0,39827770000.0,6086050000.0,56.629784,4.97,63.023,100282506.0,GUFICBIO.NS,0.45368872020703144,0.018809337240387986,0.03279269715577849,0
2023-03-31,226.80290632417282,238.1930012116746,177.495740981691,186.2381591796875,5174407,13780200000.0,1502110000.0,69436790000.0,18069410000.0,39827770000.0,6086050000.0,56.629784,4.97,63.023,100282506.0,GUFICBIO.NS,0.45368872020703144,0.018809337240387986,0.03279269715577849,1
2023-06-30,187.73685939938514,246.78554666516962,184.18994947719628,233.44712829589844,9224455,13780200000.0,1502110000.0,69436790000.0,18069410000.0,39827770000.0,6086050000.0,56.629784,4.97,63.023,100282506.0,GUFICBIO.NS,0.45368872020703144,0.018809337240387986,0.03279269715577849,1
2023-09-30,234.7959652246605,332.71084598354486,210.81678667076218,286.75140380859375,21312122,13780200000.0,1502110000.0,69436790000.0,18069410000.0,39827770000.0,6086050000.0,56.629784,4.97,63.023,100282506.0,GUFICBIO.NS,0.45368872020703144,0.018809337240387986,0.03279269715577849,1
2023-12-31,289.8498155990482,348.0696494130894,237.22707590324194,316.2861022949219,13682837,13780200000.0,1502110000.0,69436790000.0,18069410000.0,39827770000.0,6086050000.0,56.629784,4.97,63.023,100282506.0,GUFICBIO.NS,0.45368872020703144,0.018809337240387986,0.03279269715577849,0
2024-03-31,317.73532528145824,364.7109723149822,277.5061830199362,282.35369873046875,9879365,13780200000.0,1502110000.0,69436790000.0,18069410000.0,39827770000.0,6086050000.0,56.629784,4.97,63.023,100282506.0,GUFICBIO.NS,0.45368872020703144,0.018809337240387986,0.03279269715577849,1
2024-06-30,284.8523887012138,386.7495831802819,277.8560083568186,346.17059326171875,8463859,13780200000.0,1502110000.0,69436790000.0,18069410000.0,39827770000.0,6086050000.0,56.629784,4.97,63.023,100282506.0,GUFICBIO.NS,0.45368872020703144,0.018809337240387986,0.03279269715577849,1
2024-09-30,347.12011204997907,433.77521018155306,324.53183777462147,386.94537353515625,9182237,13780200000.0,1502110000.0,11046704000.0,2959371000.0,5741789000.0,57370000.0,56.629784,4.97,63.023,100282506.0,GUFICBIO.NS,0.5154092217599776,0.018809337240387986,0.03279269715577849,1
2024-12-31,382.9464355254888,504.11369245021103,356.15369781412323,455.1769104003906,7716128,2077939000.0,193052000.0,11046704000.0,2959371000.0,5741789000.0,57370000.0,56.629784,4.97,63.023,100282506.0,GUFICBIO.NS,0.5154092217599776,0.018809337240387986,0.03279269715577849,0
2025-03-31,458.32608551276485,498.11533226181473,309.9162190241675,336.2090759277344,4235860,1307674000.0,77196000.0,11693637000.0,3361946000.0,6010768000.0,157233000.0,56.629784,4.97,63.023,100282506.0,GUFICBIO.NS,0.5593205394052807,0.006601538939510436,0.012842951183609149,1
2025-06-30,335.9591448817656,407.0399279944521,298.7192272082281,363.9515686035156,3140610,2237225000.0,130704000.0,11693637000.0,3361946000.0,6010768000.0,157233000.0,56.629784,4.97,63.023,100282506.0,GUFICBIO.NS,0.5593205394052807,0.006601538939510436,0.012842951183609149,0
2025-09-30,364.90132663941444,407.73976967002454,338.5584464465965,354.45001220703125,4753411,2370545000.0,168240000.0,12711077000.0,3692100000.0,6311294000.0,745998000.0,56.629784,4.97,63.023,100282506.0,GUFICBIO.NS,0.5849988924616727,0.01323569985454419,0.026656973989803042,0
2025-12-31,355.1000061035156,373.3999938964844,310.5,336.0,3478574,2314099000.0,124236000.0,12711077000.0,3692100000.0,6311294000.0,745998000.0,56.629784,4.97,63.023,100282506.0,GUFICBIO.NS,0.5849988924616727,0.01323569985454419,0.026656973989803042,0
2026-03-31,337.0,342.8999938964844,268.0,281.45001220703125,2184076,2314099000.0,124236000.0,12711077000.0,3692100000.0,6311294000.0,745998000.0,56.629784,4.97,63.023,100282506.0,GUFICBIO.NS,0.5849988924616727,0.01323569985454419,0.026656973989803042,0
2026-03-31,18.290000915527344,19.15999984741211,17.649999618530273,17.68000030517578,1127655,2314099000.0,124236000.0,12711077000.0,3692100000.0,6311294000.0,745998000.0,56.629784,4.97,63.023,100282506.0,HEALTHCARE.NS,0.5849988924616727,0.01323569985454419,0.026656973989803042,0
2016-03-31,423.67537606437367,486.5994401479607,421.71944908995755,479.4435729980469,24316,2314099000.0,124236000.0,12711077000.0,3692100000.0,6311294000.0,745998000.0,27.843422,48.41,394.06,8506865.0,HESTERBIO.NS,0.5849988924616727,0.01323569985454419,0.026656973989803042,1
2016-06-30,465.0363352850977,786.4305470030522,463.22351991835643,706.3801879882812,894898,2314099000.0,124236000.0,12711077000.0,3692100000.0,6311294000.0,745998000.0,27.843422,48.41,394.06,8506865.0,HESTERBIO.NS,0.5849988924616727,0.01323569985454419,0.026656973989803042,1
2016-09-30,703.2315153544278,788.3526620480287,661.4039309806487,727.9122924804688,308221,2314099000.0,124236000.0,12711077000.0,3692100000.0,6311294000.0,745998000.0,27.843422,48.41,394.06,8506865.0,HESTERBIO.NS,0.5849988924616727,0.01323569985454419,0.026656973989803042,0
2016-12-31,731.9734904341971,752.0406003359091,642.7740520275365,686.3291625976562,215248,2314099000.0,124236000.0,12711077000.0,3692100000.0,6311294000.0,745998000.0,27.843422,48.41,394.06,8506865.0,HESTERBIO.NS,0.5849988924616727,0.01323569985454419,0.026656973989803042,1
2017-03-31,685.9454967240988,748.2561253390692,673.4737604200243,734.824951171875,213004,2314099000.0,124236000.0,12711077000.0,3692100000.0,6311294000.0,745998000.0,27.843422,48.41,394.06,8506865.0,HESTERBIO.NS,0.5849988924616727,0.01323569985454419,0.026656973989803042,1
2017-06-30,741.1088185736377,928.2808128021732,731.515176909254,854.9375,533181,2314099000.0,124236000.0,12711077000.0,3692100000.0,6311294000.0,745998000.0,27.843422,48.41,394.06,8506865.0,HESTERBIO.NS,0.5849988924616727,0.01323569985454419,0.026656973989803042,1
2017-09-30,846.3031877052701,1193.4488357243683,812.3348853280315,1032.578125,576855,2314099000.0,124236000.0,12711077000.0,3692100000.0,6311294000.0,745998000.0,27.843422,48.41,394.06,8506865.0,HESTERBIO.NS,0.5849988924616727,0.01323569985454419,0.026656973989803042,1
2017-12-31,1033.4435716259295,1885.4820531721712,978.3587572279904,1790.80029296875,924307,2314099000.0,124236000.0,12711077000.0,3692100000.0,6311294000.0,745998000.0,27.843422,48.41,394.06,8506865.0,HESTERBIO.NS,0.5849988924616727,0.01323569985454419,0.026656973989803042,0
2018-03-31,1802.3763106695978,1832.8596368682756,1360.1747047893105,1568.3006591796875,655833,2314099000.0,124236000.0,12711077000.0,3692100000.0,6311294000.0,745998000.0,27.843422,48.41,394.06,8506865.0,HESTERBIO.NS,0.5849988924616727,0.01323569985454419,0.026656973989803042,0
2018-06-30,1567.5771777896782,1760.5098829402298,1138.302291119052,1264.0943603515625,262367,2314099000.0,124236000.0,12711077000.0,3692100000.0,6311294000.0,745998000.0,27.843422,48.41,394.06,8506865.0,HESTERBIO.NS,0.5849988924616727,0.01323569985454419,0.026656973989803042,0
2018-09-30,1310.9770150260163,1349.8476528862705,1041.1998494396373,1048.92138671875,275391,2314099000.0,124236000.0,12711077000.0,3692100000.0,6311294000.0,745998000.0,27.843422,48.41,394.06,8506865.0,HESTERBIO.NS,0.5849988924616727,0.01323569985454419,0.026656973989803042,1
2018-12-31,1029.5931191993575,1259.7608309465604,1010.119214294449,1098.7882080078125,199645,2314099000.0,124236000.0,12711077000.0,3692100000.0,6311294000.0,745998000.0,27.843422,48.41,394.06,8506865.0,HESTERBIO.NS,0.5849988924616727,0.01323569985454419,0.026656973989803042,1
2019-03-31,1103.2636983982723,1555.729047646934,1005.5320353170611,1537.2430419921875,257608,2314099000.0,124236000.0,12711077000.0,3692100000.0,6311294000.0,745998000.0,27.843422,48.41,394.06,8506865.0,HESTERBIO.NS,0.5849988924616727,0.01323569985454419,0.026656973989803042,1
2019-06-30,1505.4279472322812,1872.9070240123006,1334.8718228315136,1770.505126953125,317357,2314099000.0,124236000.0,12711077000.0,3692100000.0,6311294000.0,745998000.0,27.843422,48.41,394.06,8506865.0,HESTERBIO.NS,0.5849988924616727,0.01323569985454419,0.026656973989803042,0
2019-09-30,1781.547823270107,2000.6160126162204,1407.659868882785,1693.7342529296875,353486,2314099000.0,124236000.0,12711077000.0,3692100000.0,6311294000.0,745998000.0,27.843422,48.41,394.06,8506865.0,HESTERBIO.NS,0.5849988924616727,0.01323569985454419,0.026656973989803042,0
2019-12-31,1671.1687334596645,1758.3537747931587,1391.1508790670182,1416.45166015625,288836,2314099000.0,124236000.0,12711077000.0,3692100000.0,6311294000.0,745998000.0,27.843422,48.41,394.06,8506865.0,HESTERBIO.NS,0.5849988924616727,0.01323569985454419,0.026656973989803042,0
2020-03-31,1417.4285260696747,1658.7139250470193,844.0098362704377,899.15380859375,419739,2314099000.0,124236000.0,12711077000.0,3692100000.0,6311294000.0,745998000.0,27.843422,48.41,394.06,8506865.0,HESTERBIO.NS,0.5849988924616727,0.01323569985454419,0.026656973989803042,1
2020-06-30,947.3619971089765,1532.6496143292177,906.333790889336,1183.7139892578125,1125810,2314099000.0,124236000.0,12711077000.0,3692100000.0,6311294000.0,745998000.0,27.843422,48.41,394.06,8506865.0,HESTERBIO.NS,0.5849988924616727,0.01323569985454419,0.026656973989803042,1
2020-09-30,1201.0045566255587,1863.9254398609169,1172.2359342255945,1666.447265625,1020285,2314099000.0,124236000.0,12711077000.0,3692100000.0,6311294000.0,745998000.0,27.843422,48.41,394.06,8506865.0,HESTERBIO.NS,0.5849988924616727,0.01323569985454419,0.026656973989803042,1
2020-12-31,1690.2861104902486,1861.9632009176983,1570.6022783816404,1676.159423828125,436200,2314099000.0,124236000.0,12711077000.0,3692100000.0,6311294000.0,745998000.0,27.843422,48.41,394.06,8506865.0,HESTERBIO.NS,0.5849988924616727,0.01323569985454419,0.026656973989803042,1
2021-03-31,1682.4379495802766,2236.7103305833707,1599.0516717172534,1879.7196044921875,1088407,2314099000.0,124236000.0,12711077000.0,3692100000.0,6311294000.0,745998000.0,27.843422,48.41,394.06,8506865.0,HESTERBIO.NS,0.5849988924616727,0.01323569985454419,0.026656973989803042,1
2021-06-30,1894.7780934454004,3074.495586758216,1850.1910867894,2548.083984375,3237791,2314099000.0,124236000.0,12711077000.0,3692100000.0,6311294000.0,745998000.0,27.843422,48.41,394.06,8506865.0,HESTERBIO.NS,0.5849988924616727,0.01323569985454419,0.026656973989803042,0
2021-09-30,2563.093394105275,2609.4466612708934,2099.621422055858,2441.76708984375,1427743,2314099000.0,124236000.0,12711077000.0,3692100000.0,6311294000.0,745998000.0,27.843422,48.41,394.06,8506865.0,HESTERBIO.NS,0.5849988924616727,0.01323569985454419,0.026656973989803042,1
2021-12-31,2416.5964626956697,2695.347006941801,2170.848495147412,2494.2763671875,865634,2314099000.0,124236000.0,12711077000.0,3692100000.0,6311294000.0,745998000.0,27.843422,48.41,394.06,8506865.0,HESTERBIO.NS,0.5849988924616727,0.01323569985454419,0.026656973989803042,1
2022-03-31,2506.787690554222,2905.8265910930763,2136.958767846596,2673.18115234375,587629,2314099000.0,124236000.0,12711077000.0,3692100000.0,6311294000.0,745998000.0,27.843422,48.41,394.06,8506865.0,HESTERBIO.NS,0.5849988924616727,0.01323569985454419,0.026656973989803042,0
2022-06-30,2704.2629924444814,2813.960492187991,1959.7779008042437,2090.80419921875,402301,2314099000.0,124236000.0,12711077000.0,3692100000.0,6311294000.0,745998000.0,27.843422,48.41,394.06,8506865.0,HESTERBIO.NS,0.5849988924616727,0.01323569985454419,0.026656973989803042,0
2022-09-30,2101.2960074423354,2413.6409473592466,1929.6271367116758,1990.5836181640625,597290,2314099000.0,124236000.0,12711077000.0,3692100000.0,6311294000.0,745998000.0,27.843422,48.41,394.06,8506865.0,HESTERBIO.NS,0.5849988924616727,0.01323569985454419,0.026656973989803042,0
2022-12-31,1995.1850141541859,2073.112395124717,1751.5077502718232,1772.931640625,188173,2314099000.0,124236000.0,12711077000.0,3692100000.0,6311294000.0,745998000.0,27.843422,48.41,394.06,8506865.0,HESTERBIO.NS,0.5849988924616727,0.01323569985454419,0.026656973989803042,0
2023-03-31,1767.2910876054991,1904.8882335802757,1389.875895038542,1506.8905029296875,343804,2314099000.0,124236000.0,12711077000.0,3692100000.0,6311294000.0,745998000.0,27.843422,48.41,394.06,8506865.0,HESTERBIO.NS,0.5849988924616727,0.01323569985454419,0.026656973989803042,1
2023-06-30,1499.5183373399957,1854.421257011764,1499.5183373399957,1694.26220703125,274937,2314099000.0,124236000.0,12711077000.0,3692100000.0,6311294000.0,745998000.0,27.843422,48.41,394.06,8506865.0,HESTERBIO.NS,0.5849988924616727,0.01323569985454419,0.026656973989803042,0
2023-09-30,1702.7723116294721,1919.6821730976317,1633.8760308081874,1653.80859375,447552,2314099000.0,124236000.0,12711077000.0,3692100000.0,6311294000.0,745998000.0,27.843422,48.41,394.06,8506865.0,HESTERBIO.NS,0.5849988924616727,0.01323569985454419,0.026656973989803042,0
2023-12-31,1610.5135060777461,1740.199661868582,1426.5969104343453,1449.36279296875,299298,2314099000.0,124236000.0,12711077000.0,3692100000.0,6311294000.0,745998000.0,27.843422,48.41,394.06,8506865.0,HESTERBIO.NS,0.5849988924616727,0.01323569985454419,0.026656973989803042,0
2024-03-31,1456.6200665368904,1607.5311713537055,1285.2793164523118,1386.2843017578125,610430,2314099000.0,124236000.0,12711077000.0,3692100000.0,6311294000.0,745998000.0,27.843422,48.41,394.06,8506865.0,HESTERBIO.NS,0.5849988924616727,0.01323569985454419,0.026656973989803042,1
2024-06-30,1393.2432993602208,2711.0310817745917,1366.401406753731,2386.393310546875,954032,2314099000.0,124236000.0,12711077000.0,3692100000.0,6311294000.0,745998000.0,27.843422,48.41,394.06,8506865.0,HESTERBIO.NS,0.5849988924616727,0.01323569985454419,0.026656973989803042,1
2024-09-30,2434.6592432137427,3359.213188791827,2304.0589579631423,2449.753662109375,1029434,2314099000.0,124236000.0,6692500000.0,2440220000.0,3018300000.0,135630000.0,27.843422,48.41,394.06,8506865.0,HESTERBIO.NS,0.8084749693536096,0.01323569985454419,0.026656973989803042,0
2024-12-31,2425.238589889879,2776.47044797925,2193.3927233137033,2391.10693359375,308882,632180000.0,116620000.0,6692500000.0,2440220000.0,3018300000.0,135630000.0,27.843422,48.41,394.06,8506865.0,HESTERBIO.NS,0.8084749693536096,0.01323569985454419,0.026656973989803042,0
2025-03-31,2401.172143187098,2487.8714754496964,1238.6539341898826,1250.1640625,634359,819250000.0,12910000.0,6533850000.0,2132500000.0,3142550000.0,55870000.0,27.843422,48.41,394.06,8506865.0,HESTERBIO.NS,0.6785890439292931,0.001975864153600098,0.00410812874894592,1
2025-06-30,1279.5621258755293,2035.2412902890055,1263.6174264876722,1848.4888916015625,1927658,841050000.0,164420000.0,6533850000.0,2132500000.0,3142550000.0,55870000.0,27.843422,48.41,394.06,8506865.0,HESTERBIO.NS,0.6785890439292931,0.001975864153600098,0.00410812874894592,1
2025-09-30,1881.4745378101593,2341.8777943711652,1764.8789131119465,1918.0999755859375,798253,709690000.0,144490000.0,6751840000.0,2136140000.0,3379090000.0,62900000.0,27.843422,48.41,394.06,8506865.0,HESTERBIO.NS,0.6321642809158678,0.02140009241925164,0.04276003302664327,0
2025-12-31,1919.699951171875,1919.699951171875,1552.699951171875,1599.699951171875,393221,774150000.0,87650000.0,6751840000.0,2136140000.0,3379090000.0,62900000.0,27.843422,48.41,394.06,8506865.0,HESTERBIO.NS,0.6321642809158678,0.02140009241925164,0.04276003302664327,0
2026-03-31,1602.5,1644.0,1336.0999755859375,1347.9000244140625,264720,774150000.0,87650000.0,6751840000.0,2136140000.0,3379090000.0,62900000.0,27.843422,48.41,394.06,8506865.0,HESTERBIO.NS,0.6321642809158678,0.02140009241925164,0.04276003302664327,0
2016-03-31,83.00328773554335,83.00328773554335,72.83962668607964,73.62385559082031,697533,774150000.0,87650000.0,6751840000.0,2136140000.0,3379090000.0,62900000.0,27.843422,-1.06,96.844,123300750.0,HIKAL.NS,0.6321642809158678,0.02140009241925164,0.04276003302664327,1
2016-06-30,74.03163870729597,109.82372815006835,73.46699203318116,107.4321517944336,6122021,774150000.0,87650000.0,6751840000.0,2136140000.0,3379090000.0,62900000.0,27.843422,-1.06,96.844,123300750.0,HIKAL.NS,0.6321642809158678,0.02140009241925164,0.04276003302664327,1
2016-09-30,107.93565214889263,138.83405187675987,102.61097037308892,137.9505615234375,10690215,774150000.0,87650000.0,6751840000.0,2136140000.0,3379090000.0,62900000.0,27.843422,-1.06,96.844,123300750.0,HIKAL.NS,0.6321642809158678,0.02140009241925164,0.04276003302664327,0
2016-12-31,138.8971409510529,152.33883515266726,119.90211878880392,135.33163452148438,5482996,774150000.0,87650000.0,6751840000.0,2136140000.0,3379090000.0,62900000.0,27.843422,-1.06,96.844,123300750.0,HIKAL.NS,0.6321642809158678,0.02140009241925164,0.04276003302664327,0
2017-03-31,135.67871240072122,162.05719555395083,121.04607347755044,135.25146484375,6447211,774150000.0,87650000.0,6751840000.0,2136140000.0,3379090000.0,62900000.0,27.843422,-1.06,96.844,123300750.0,HIKAL.NS,0.6321642809158678,0.02140009241925164,0.04276003302664327,0
2017-06-30,135.21979784298523,147.21055453084676,126.0765010021801,127.53184509277344,5288923,774150000.0,87650000.0,6751840000.0,2136140000.0,3379090000.0,62900000.0,27.843422,-1.06,96.844,123300750.0,HIKAL.NS,0.6321642809158678,0.02140009241925164,0.04276003302664327,1
2017-09-30,129.0504265635675,150.81631343617724,123.72394681725434,134.51011657714844,7163070,774150000.0,87650000.0,6751840000.0,2136140000.0,3379090000.0,62900000.0,27.843422,-1.06,96.844,123300750.0,HIKAL.NS,0.6321642809158678,0.02140009241925164,0.04276003302664327,1
2017-12-31,135.14463298351066,167.503188846277,130.83014966056098,148.91287231445312,20648618,774150000.0,87650000.0,6751840000.0,2136140000.0,3379090000.0,62900000.0,27.843422,-1.06,96.844,123300750.0,HIKAL.NS,0.6321642809158678,0.02140009241925164,0.04276003302664327,0
2018-03-31,148.46874229909977,162.2595105942743,126.5473572505565,130.94683837890625,12412248,774150000.0,87650000.0,6751840000.0,2136140000.0,3379090000.0,62900000.0,27.843422,-1.06,96.844,123300750.0,HIKAL.NS,0.6321642809158678,0.02140009241925164,0.04276003302664327,1
2018-06-30,134.28814976218268,168.97393931129764,130.53313352575378,139.90469360351562,18746999,774150000.0,87650000.0,6751840000.0,2136140000.0,3379090000.0,62900000.0,27.843422,-1.06,96.844,123300750.0,HIKAL.NS,0.6321642809158678,0.02140009241925164,0.04276003302664327,1
2018-09-30,140.19106861338682,198.2065346253961,129.30802547596383,154.04356384277344,44850387,774150000.0,87650000.0,6751840000.0,2136140000.0,3379090000.0,62900000.0,27.843422,-1.06,96.844,123300750.0,HIKAL.NS,0.6321642809158678,0.02140009241925164,0.04276003302664327,0
2018-12-31,149.44524610734578,164.2939823202418,135.698187181859,149.97216796875,18384342,774150000.0,87650000.0,6751840000.0,2136140000.0,3379090000.0,62900000.0,27.843422,-1.06,96.844,123300750.0,HIKAL.NS,0.6321642809158678,0.02140009241925164,0.04276003302664327,1
2019-03-31,150.06789519129978,168.33565529699064,135.17131983224925,165.6422882080078,9497729,774150000.0,87650000.0,6751840000.0,2136140000.0,3379090000.0,62900000.0,27.843422,-1.06,96.844,123300750.0,HIKAL.NS,0.6321642809158678,0.02140009241925164,0.04276003302664327,0
2019-06-30,168.33565146591837,180.55199675436006,155.83069636067472,162.17935180664062,11245373,774150000.0,87650000.0,6751840000.0,2136140000.0,3379090000.0,62900000.0,27.843422,-1.06,96.844,123300750.0,HIKAL.NS,0.6321642809158678,0.02140009241925164,0.04276003302664327,0
2019-09-30,163.67032736718673,171.02901082514563,135.30358611519935,144.18861389160156,8262709,774150000.0,87650000.0,6751840000.0,2136140000.0,3379090000.0,62900000.0,27.843422,-1.06,96.844,123300750.0,HIKAL.NS,0.6321642809158678,0.02140009241925164,0.04276003302664327,0
2019-12-31,144.81634991744147,144.81634991744147,96.86615892410333,110.38685607910156,15584390,774150000.0,87650000.0,6751840000.0,2136140000.0,3379090000.0,62900000.0,27.843422,-1.06,96.844,123300750.0,HIKAL.NS,0.6321642809158678,0.02140009241925164,0.04276003302664327,0
2020-03-31,111.06290512558611,134.0963690932852,55.405770084870234,67.8209457397461,31446449,774150000.0,87650000.0,6751840000.0,2136140000.0,3379090000.0,62900000.0,27.843422,-1.06,96.844,123300750.0,HIKAL.NS,0.6321642809158678,0.02140009241925164,0.04276003302664327,1
2020-06-30,68.1617456144306,131.45480238403036,64.85104450877503,121.86347198486328,25959388,774150000.0,87650000.0,6751840000.0,2136140000.0,3379090000.0,62900000.0,27.843422,-1.06,96.844,123300750.0,HIKAL.NS,0.6321642809158678,0.02140009241925164,0.04276003302664327,1
2020-09-30,122.35035231927483,199.4247175915722,115.63153959044038,186.0679931640625,115043744,774150000.0,87650000.0,6751840000.0,2136140000.0,3379090000.0,62900000.0,27.843422,-1.06,96.844,123300750.0,HIKAL.NS,0.6321642809158678,0.02140009241925164,0.04276003302664327,0
2020-12-31,187.5303995730245,190.60146583409028,149.1663652079036,160.86569213867188,40372478,774150000.0,87650000.0,6751840000.0,2136140000.0,3379090000.0,62900000.0,27.843422,-1.06,96.844,123300750.0,HIKAL.NS,0.6321642809158678,0.02140009241925164,0.04276003302664327,0
2021-03-31,161.35317867375244,184.26436781609198,140.25704038173865,140.79649353027344,31698345,774150000.0,87650000.0,6751840000.0,2136140000.0,3379090000.0,62900000.0,27.843422,-1.06,96.844,123300750.0,HIKAL.NS,0.6321642809158678,0.02140009241925164,0.04276003302664327,1
2021-06-30,141.3359640733424,510.81028174970976,141.3359640733424,481.43475341796875,99995916,774150000.0,87650000.0,6751840000.0,2136140000.0,3379090000.0,62900000.0,27.843422,-1.06,96.844,123300750.0,HIKAL.NS,0.6321642809158678,0.02140009241925164,0.04276003302664327,1
2021-09-30,481.4348315228905,727.7673852309001,480.6992175488611,592.8350830078125,38477389,774150000.0,87650000.0,6751840000.0,2136140000.0,3379090000.0,62900000.0,27.843422,-1.06,96.844,123300750.0,HIKAL.NS,0.6321642809158678,0.02140009241925164,0.04276003302664327,0
2021-12-31,593.3754206852601,593.3754206852601,454.9539293045284,517.4843139648438,21882222,774150000.0,87650000.0,6751840000.0,2136140000.0,3379090000.0,62900000.0,27.843422,-1.06,96.844,123300750.0,HIKAL.NS,0.6321642809158678,0.02140009241925164,0.04276003302664327,0
2022-03-31,517.4842926025391,584.5337773407346,340.3480845649557,396.5306701660156,23760009,774150000.0,87650000.0,6751840000.0,2136140000.0,3379090000.0,62900000.0,27.843422,-1.06,96.844,123300750.0,HIKAL.NS,0.6321642809158678,0.02140009241925164,0.04276003302664327,0
2022-06-30,400.1283248296102,449.4605321825487,208.959728390276,235.57252502441406,36366637,774150000.0,87650000.0,6751840000.0,2136140000.0,3379090000.0,62900000.0,27.843422,-1.06,96.844,123300750.0,HIKAL.NS,0.6321642809158678,0.02140009241925164,0.04276003302664327,1
2022-09-30,236.41034246364754,377.9260277785282,224.23744208818243,331.4993896484375,41777942,774150000.0,87650000.0,6751840000.0,2136140000.0,3379090000.0,62900000.0,27.843422,-1.06,96.844,123300750.0,HIKAL.NS,0.6321642809158678,0.02140009241925164,0.04276003302664327,1
2022-12-31,331.4993248272015,411.27821237192,307.1265448212758,404.6669921875,30803404,774150000.0,87650000.0,6751840000.0,2136140000.0,3379090000.0,62900000.0,27.843422,-1.06,96.844,123300750.0,HIKAL.NS,0.6321642809158678,0.02140009241925164,0.04276003302664327,0
2023-03-31,406.1964344800001,422.13246065597025,257.76441477615754,278.4250793457031,31730182,774150000.0,87650000.0,6751840000.0,2136140000.0,3379090000.0,62900000.0,27.843422,-1.06,96.844,123300750.0,HIKAL.NS,0.6321642809158678,0.02140009241925164,0.04276003302664327,1
2023-06-30,279.85848592241257,325.2329131185676,278.771087457938,309.8609313964844,24894835,774150000.0,87650000.0,6751840000.0,2136140000.0,3379090000.0,62900000.0,27.843422,-1.06,96.844,123300750.0,HIKAL.NS,0.6321642809158678,0.02140009241925164,0.04276003302664327,0
2023-09-30,309.71269081222863,316.335947480541,269.874130150722,292.5924072265625,22292967,774150000.0,87650000.0,6751840000.0,2136140000.0,3379090000.0,62900000.0,27.843422,-1.06,96.844,123300750.0,HIKAL.NS,0.6321642809158678,0.02140009241925164,0.04276003302664327,1
2023-12-31,292.5923851404543,315.3242460343229,247.7229502378178,301.06109619140625,14401538,774150000.0,87650000.0,6751840000.0,2136140000.0,3379090000.0,62900000.0,27.843422,-1.06,96.844,123300750.0,HIKAL.NS,0.6321642809158678,0.02140009241925164,0.04276003302664327,0
2024-03-31,299.9715783584384,310.0250829205486,258.360241539948,263.0748596191406,14612694,774150000.0,87650000.0,6751840000.0,2136140000.0,3379090000.0,62900000.0,27.843422,-1.06,96.844,123300750.0,HIKAL.NS,0.6321642809158678,0.02140009241925164,0.04276003302664327,1
2024-06-30,264.4147975483365,354.0419101878829,264.4147975483365,331.3621826171875,28237071,774150000.0,87650000.0,6751840000.0,2136140000.0,3379090000.0,62900000.0,27.843422,-1.06,96.844,123300750.0,HIKAL.NS,0.6321642809158678,0.02140009241925164,0.04276003302664327,1
2024-09-30,333.1487633869408,408.58280739335055,306.84623022770387,370.1507263183594,38862893,774150000.0,87650000.0,24603000000.0,7754000000.0,12034000000.0,202000000.0,27.843422,-1.06,96.844,123300750.0,HIKAL.NS,0.6443410337377431,0.02140009241925164,0.04276003302664327,1
2024-12-31,370.1010521556336,462.1291409112864,332.46449820943536,388.2978515625,39047292,4389000000.0,172000000.0,24603000000.0,7754000000.0,12034000000.0,202000000.0,27.843422,-1.06,96.844,123300750.0,HIKAL.NS,0.6443410337377431,0.02140009241925164,0.04276003302664327,1
2025-03-31,388.0989419160558,424.01669467542007,316.70388674577663,397.8237609863281,14439822,5500000000.0,502000000.0,25289000000.0,7647000000.0,12623000000.0,130000000.0,27.843422,-1.06,96.844,123300750.0,HIKAL.NS,0.6057989384456943,0.019850527897504845,0.03976867622593678,0
2025-06-30,397.17639693398297,454.89048130007,325.02138691847784,357.4388427734375,25840426,3713000000.0,-224000000.0,25289000000.0,7647000000.0,12623000000.0,130000000.0,27.843422,-1.06,96.844,123300750.0,HIKAL.NS,0.6057989384456943,0.019850527897504845,0.03976867622593678,0
2025-09-30,354.50089447297756,360.4266530308454,244.0025693311143,251.35997009277344,27505620,3162000000.0,-349000000.0,23491000000.0,6833000000.0,11943000000.0,134000000.0,27.843422,-1.06,96.844,123300750.0,HIKAL.NS,0.5721343046135812,-0.01485675365033417,-0.029222138491166373,0
2025-12-31,251.7595911362592,260.7509906085046,217.7920231198502,226.6136016845703,96630696,4907000000.0,-59000000.0,23491000000.0,6833000000.0,11943000000.0,134000000.0,27.843422,-1.06,96.844,123300750.0,HIKAL.NS,0.5721343046135812,-0.01485675365033417,-0.029222138491166373,0
2026-03-31,227.57267157315258,228.8814345804564,155.00999450683594,156.52999877929688,62482983,4907000000.0,-59000000.0,23491000000.0,6833000000.0,11943000000.0,134000000.0,27.843422,-1.06,96.844,123300750.0,HIKAL.NS,0.5721343046135812,-0.01485675365033417,-0.029222138491166373,0
2016-03-31,286.25912227307333,293.0059702727754,265.05478125616963,279.99420166015625,335486,4907000000.0,-59000000.0,23491000000.0,6833000000.0,11943000000.0,134000000.0,27.843422,-12.17,123.552,92161805.0,INDOCO.NS,0.5721343046135812,-0.01485675365033417,-0.029222138491166373,0
2016-06-30,276.4762191128541,302.01792724303283,242.30822202941548,265.2956848144531,2098949,4907000000.0,-59000000.0,23491000000.0,6833000000.0,11943000000.0,134000000.0,27.843422,-12.17,123.552,92161805.0,INDOCO.NS,0.5721343046135812,-0.01485675365033417,-0.029222138491166373,1
2016-09-30,265.29570739746094,349.14031800490284,262.1632421875,301.9291687011719,4732895,4907000000.0,-59000000.0,23491000000.0,6833000000.0,11943000000.0,134000000.0,27.843422,-12.17,123.552,92161805.0,INDOCO.NS,0.5721343046135812,-0.01485675365033417,-0.029222138491166373,0
2016-12-31,299.18049296308163,314.3226970571321,241.36010593950323,251.34243774414062,2058447,4907000000.0,-59000000.0,23491000000.0,6833000000.0,11943000000.0,134000000.0,27.843422,-12.17,123.552,92161805.0,INDOCO.NS,0.5721343046135812,-0.01485675365033417,-0.029222138491166373,0
2017-03-31,250.811976952697,271.307140894807,240.00986330351952,240.2991943359375,1378041,4907000000.0,-59000000.0,23491000000.0,6833000000.0,11943000000.0,134000000.0,27.843422,-12.17,123.552,92161805.0,INDOCO.NS,0.5721343046135812,-0.01485675365033417,-0.029222138491166373,0
2017-06-30,221.00966432263144,256.55062244498123,171.77319876701216,195.11349487304688,7680807,4907000000.0,-59000000.0,23491000000.0,6833000000.0,11943000000.0,134000000.0,27.843422,-12.17,123.552,92161805.0,INDOCO.NS,0.5721343046135812,-0.01485675365033417,-0.029222138491166373,1
2017-09-30,195.11349487304688,208.0598552036078,176.46197752003687,202.61529541015625,3271322,4907000000.0,-59000000.0,23491000000.0,6833000000.0,11943000000.0,134000000.0,27.843422,-12.17,123.552,92161805.0,INDOCO.NS,0.5721343046135812,-0.01485675365033417,-0.029222138491166373,1
2017-12-31,204.17088930799534,305.2840779701795,199.30967765780497,272.66534423828125,11752303,4907000000.0,-59000000.0,23491000000.0,6833000000.0,11943000000.0,134000000.0,27.843422,-12.17,123.552,92161805.0,INDOCO.NS,0.5721343046135812,-0.01485675365033417,-0.029222138491166373,0
2018-03-31,273.2000952195585,308.5897573734407,202.22640030231318,206.26119995117188,11575296,4907000000.0,-59000000.0,23491000000.0,6833000000.0,11943000000.0,134000000.0,27.843422,-12.17,123.552,92161805.0,INDOCO.NS,0.5721343046135812,-0.01485675365033417,-0.029222138491166373,0
2018-06-30,206.1153632206,227.45607861456588,161.39223240104343,177.628662109375,6392471,4907000000.0,-59000000.0,23491000000.0,6833000000.0,11943000000.0,134000000.0,27.843422,-12.17,123.552,92161805.0,INDOCO.NS,0.5721343046135812,-0.01485675365033417,-0.029222138491166373,1
2018-09-30,177.9203360276454,233.35303181743427,162.60750234922136,188.86065673828125,6998883,4907000000.0,-59000000.0,23491000000.0,6833000000.0,11943000000.0,134000000.0,27.843422,-12.17,123.552,92161805.0,INDOCO.NS,0.5721343046135812,-0.01485675365033417,-0.029222138491166373,1
2018-12-31,188.81182302217493,233.1576905469255,145.0520143381233,211.52198791503906,4479307,4907000000.0,-59000000.0,23491000000.0,6833000000.0,11943000000.0,134000000.0,27.843422,-12.17,123.552,92161805.0,INDOCO.NS,0.5721343046135812,-0.01485675365033417,-0.029222138491166373,0
2019-03-31,210.98477516581812,222.7061248730681,167.17609801158932,182.70693969726562,2298981,4907000000.0,-59000000.0,23491000000.0,6833000000.0,11943000000.0,134000000.0,27.843422,-12.17,123.552,92161805.0,INDOCO.NS,0.5721343046135812,-0.01485675365033417,-0.029222138491166373,0
2019-06-30,212.93829020254202,219.67811010074703,131.27941094384724,158.8734588623047,1851829,4907000000.0,-59000000.0,23491000000.0,6833000000.0,11943000000.0,134000000.0,27.843422,-12.17,123.552,92161805.0,INDOCO.NS,0.5721343046135812,-0.01485675365033417,-0.029222138491166373,0
2019-09-30,161.1689073947247,180.3979104444602,130.33089660865497,149.90744018554688,2709854,4907000000.0,-59000000.0,23491000000.0,6833000000.0,11943000000.0,134000000.0,27.843422,-12.17,123.552,92161805.0,INDOCO.NS,0.5721343046135812,-0.01485675365033417,-0.029222138491166373,1
2019-12-31,152.1587654432036,192.82903799689345,129.6457202356192,187.4944305419922,4437587,4907000000.0,-59000000.0,23491000000.0,6833000000.0,11943000000.0,134000000.0,27.843422,-12.17,123.552,92161805.0,INDOCO.NS,0.5721343046135812,-0.01485675365033417,-0.029222138491166373,1
2020-03-31,188.71795471142823,266.7305096249984,141.6852903449531,205.94529724121094,9021486,4907000000.0,-59000000.0,23491000000.0,6833000000.0,11943000000.0,134000000.0,27.843422,-12.17,123.552,92161805.0,INDOCO.NS,0.5721343046135812,-0.01485675365033417,-0.029222138491166373,0
2020-06-30,211.42674946151845,277.88911978719455,192.9269148579248,199.4850616455078,6807183,4907000000.0,-59000000.0,23491000000.0,6833000000.0,11943000000.0,134000000.0,27.843422,-12.17,123.552,92161805.0,INDOCO.NS,0.5721343046135812,-0.01485675365033417,-0.029222138491166373,1
2020-09-30,204.37919780977768,289.7329664138537,193.02479534177155,251.09225463867188,16516282,4907000000.0,-59000000.0,23491000000.0,6833000000.0,11943000000.0,134000000.0,27.843422,-12.17,123.552,92161805.0,INDOCO.NS,0.5721343046135812,-0.01485675365033417,-0.029222138491166373,1
2020-12-31,253.59090115839967,304.7402648579345,240.55864347685306,297.93011474609375,14868465,4907000000.0,-59000000.0,23491000000.0,6833000000.0,11943000000.0,134000000.0,27.843422,-12.17,123.552,92161805.0,INDOCO.NS,0.5721343046135812,-0.01485675365033417,-0.029222138491166373,0
2021-03-31,299.1060004500917,329.04108834451836,268.6809261352497,281.7622375488281,9738117,4907000000.0,-59000000.0,23491000000.0,6833000000.0,11943000000.0,134000000.0,27.843422,-12.17,123.552,92161805.0,INDOCO.NS,0.5721343046135812,-0.01485675365033417,-0.029222138491166373,1
2021-06-30,283.96694052420355,425.16653846823925,279.5085302390519,404.3932800292969,27402571,4907000000.0,-59000000.0,23491000000.0,6833000000.0,11943000000.0,134000000.0,27.843422,-12.17,123.552,92161805.0,INDOCO.NS,0.5721343046135812,-0.01485675365033417,-0.029222138491166373,1
2021-09-30,411.25236520899716,519.5772653332544,403.60937378652153,441.59698486328125,41033696,4907000000.0,-59000000.0,23491000000.0,6833000000.0,11943000000.0,134000000.0,27.843422,-12.17,123.552,92161805.0,INDOCO.NS,0.5721343046135812,-0.01485675365033417,-0.029222138491166373,1
2021-12-31,437.4193630120675,504.89993467144797,369.938837512906,446.5609436035156,14500178,4907000000.0,-59000000.0,23491000000.0,6833000000.0,11943000000.0,134000000.0,27.843422,-12.17,123.552,92161805.0,INDOCO.NS,0.5721343046135812,-0.01485675365033417,-0.029222138491166373,0
2022-03-31,446.2660892542633,451.08261153081367,338.1890611877434,370.62689208984375,8445613,4907000000.0,-59000000.0,23491000000.0,6833000000.0,11943000000.0,134000000.0,27.843422,-12.17,123.552,92161805.0,INDOCO.NS,0.5721343046135812,-0.01485675365033417,-0.029222138491166373,0
2022-06-30,370.62690865616327,398.1007482637427,317.2027675603534,360.7972412109375,6694608,4907000000.0,-59000000.0,23491000000.0,6833000000.0,11943000000.0,134000000.0,27.843422,-12.17,123.552,92161805.0,INDOCO.NS,0.5721343046135812,-0.01485675365033417,-0.029222138491166373,0
2022-09-30,361.9768214594098,402.81898820976977,304.28303928271646,324.3114318847656,5743293,4907000000.0,-59000000.0,23491000000.0,6833000000.0,11943000000.0,134000000.0,27.843422,-12.17,123.552,92161805.0,INDOCO.NS,0.5721343046135812,-0.01485675365033417,-0.029222138491166373,1
2022-12-31,324.31144211963704,419.2608295108259,322.1849778497493,402.1995849609375,6388961,4907000000.0,-59000000.0,23491000000.0,6833000000.0,11943000000.0,134000000.0,27.843422,-12.17,123.552,92161805.0,INDOCO.NS,0.5721343046135812,-0.01485675365033417,-0.029222138491166373,0
2023-03-31,409.4691732520616,419.26082135832706,313.0361924095733,321.6904296875,11893484,4907000000.0,-59000000.0,23491000000.0,6833000000.0,11943000000.0,134000000.0,27.843422,-12.17,123.552,92161805.0,INDOCO.NS,0.5721343046135812,-0.01485675365033417,-0.029222138491166373,1
2023-06-30,323.2729463407062,359.1756871088706,303.0467136991595,323.3718566894531,7029158,4907000000.0,-59000000.0,23491000000.0,6833000000.0,11943000000.0,134000000.0,27.843422,-12.17,123.552,92161805.0,INDOCO.NS,0.5721343046135812,-0.01485675365033417,-0.029222138491166373,1
2023-09-30,323.4707585178657,368.98526575671696,306.112846045696,337.38641357421875,14489252,4907000000.0,-59000000.0,23491000000.0,6833000000.0,11943000000.0,134000000.0,27.843422,-12.17,123.552,92161805.0,INDOCO.NS,0.5721343046135812,-0.01485675365033417,-0.029222138491166373,1
2023-12-31,337.3863945358586,410.5863149610724,306.8324939310549,393.31890869140625,11128185,4907000000.0,-59000000.0,23491000000.0,6833000000.0,11943000000.0,134000000.0,27.843422,-12.17,123.552,92161805.0,INDOCO.NS,0.5721343046135812,-0.01485675365033417,-0.029222138491166373,0
2024-03-31,394.01555664699896,412.02942962129237,316.88443247536713,327.0856628417969,7213577,4907000000.0,-59000000.0,23491000000.0,6833000000.0,11943000000.0,134000000.0,27.843422,-12.17,123.552,92161805.0,INDOCO.NS,0.5721343046135812,-0.01485675365033417,-0.029222138491166373,0
2024-06-30,327.98137568498277,370.229335097308,285.23583532906764,323.25396728515625,8204532,4907000000.0,-59000000.0,23491000000.0,6833000000.0,11943000000.0,134000000.0,27.843422,-12.17,123.552,92161805.0,INDOCO.NS,0.5721343046135812,-0.01485675365033417,-0.029222138491166373,1
2024-09-30,324.94587611906604,385.7053128846662,313.6499131233095,358.29547119140625,9230368,4907000000.0,-59000000.0,23898300000.0,8344100000.0,10895300000.0,181800000.0,27.843422,-12.17,123.552,92161805.0,INDOCO.NS,0.765843987774545,-0.01485675365033417,-0.029222138491166373,0
2024-12-31,360.04423632838336,360.04423632838336,297.6885227133568,331.9642028808594,10814304,4024500000.0,-263900000.0,23898300000.0,8344100000.0,10895300000.0,181800000.0,27.843422,-12.17,123.552,92161805.0,INDOCO.NS,0.765843987774545,-0.01485675365033417,-0.029222138491166373,0
2025-03-31,332.56375257927897,349.2019483731333,189.86512743461446,232.7246856689453,8651823,3838869000.0,-403869000.0,24299100000.0,9935668000.0,10219964000.0,120964000.0,27.843422,-12.17,123.552,92161805.0,INDOCO.NS,0.9721822894875168,-0.01662073903971752,-0.03951765387823284,1
2025-06-30,231.2357429147385,323.7200716057895,221.74248178269187,317.37457275390625,4033364,4290800000.0,-357900000.0,24299100000.0,9935668000.0,10219964000.0,120964000.0,27.843422,-12.17,123.552,92161805.0,INDOCO.NS,0.9721822894875168,-0.01662073903971752,-0.03951765387823284,0
2025-09-30,317.3745521782395,349.5517008402885,259.815438777534,291.95001220703125,10462858,4718300000.0,-79300000.0,25080200000.0,9987100000.0,9797700000.0,126600000.0,27.843422,-12.17,123.552,92161805.0,INDOCO.NS,1.0193310674954326,-0.0031618567635026836,-0.00809373628504649,0
2025-12-31,287.54998779296875,317.3500061035156,222.0,234.60000610351562,4549499,4343400000.0,-297900000.0,25080200000.0,9987100000.0,9797700000.0,126600000.0,27.843422,-12.17,123.552,92161805.0,INDOCO.NS,1.0193310674954326,-0.0031618567635026836,-0.00809373628504649,0
2026-03-31,235.60000610351562,254.0,181.6999969482422,182.92999267578125,3200420,4343400000.0,-297900000.0,25080200000.0,9987100000.0,9797700000.0,126600000.0,27.843422,-12.17,123.552,92161805.0,INDOCO.NS,1.0193310674954326,-0.0031618567635026836,-0.00809373628504649,0
2016-03-31,278.43097121653835,305.6423750352576,276.9246375112327,282.8771667480469,1940608,4343400000.0,-297900000.0,25080200000.0,9987100000.0,9797700000.0,126600000.0,42.686943,35.84,324.6,253704218.0,IPCALAB.NS,1.0193310674954326,-0.0031618567635026836,-0.00809373628504649,0
2016-06-30,282.8771341773823,283.314442518554,196.31087914222383,237.44384765625,44314594,4343400000.0,-297900000.0,25080200000.0,9987100000.0,9797700000.0,126600000.0,42.686943,35.84,324.6,253704218.0,IPCALAB.NS,1.0193310674954326,-0.0031618567635026836,-0.00809373628504649,1
2016-09-30,238.19702281096642,300.758953797786,223.03636651551685,291.307861328125,39059438,4343400000.0,-297900000.0,25080200000.0,9987100000.0,9797700000.0,126600000.0,42.686943,35.84,324.6,253704218.0,IPCALAB.NS,1.0193310674954326,-0.0031618567635026836,-0.00809373628504649,0
2016-12-31,291.332107041958,312.93120378708346,222.06450249964422,259.0185546875,11123126,4343400000.0,-297900000.0,25080200000.0,9987100000.0,9797700000.0,126600000.0,42.686943,35.84,324.6,253704218.0,IPCALAB.NS,1.0193310674954326,-0.0031618567635026836,-0.00809373628504649,1
2017-03-31,259.9661609583148,307.0273287937635,249.7861402952039,303.1399841308594,17350736,4343400000.0,-297900000.0,25080200000.0,9987100000.0,9797700000.0,126600000.0,42.686943,35.84,324.6,253704218.0,IPCALAB.NS,1.0193310674954326,-0.0031618567635026836,-0.00809373628504649,0
2017-06-30,300.4431274972461,319.5396721286562,211.90885856046782,239.2903289794922,36674644,4343400000.0,-297900000.0,25080200000.0,9987100000.0,9797700000.0,126600000.0,42.686943,35.84,324.6,253704218.0,IPCALAB.NS,1.0193310674954326,-0.0031618567635026836,-0.00809373628504649,0
2017-09-30,241.20969844738755,290.5842284727418,194.76156041898932,237.43869018554688,37311794,4343400000.0,-297900000.0,25080200000.0,9987100000.0,9797700000.0,126600000.0,42.686943,35.84,324.6,253704218.0,IPCALAB.NS,1.0193310674954326,-0.0031618567635026836,-0.00809373628504649,1
2017-12-31,241.01744542809118,304.3149499851381,234.93116164077364,291.3146057128906,33097622,4343400000.0,-297900000.0,25080200000.0,9987100000.0,9797700000.0,126600000.0,42.686943,35.84,324.6,253704218.0,IPCALAB.NS,1.0193310674954326,-0.0031618567635026836,-0.00809373628504649,1
2018-03-31,291.1685617448769,338.8364691096382,252.24055149064253,319.23858642578125,33772634,4343400000.0,-297900000.0,25080200000.0,9987100000.0,9797700000.0,126600000.0,42.686943,35.84,324.6,253704218.0,IPCALAB.NS,1.0193310674954326,-0.0031618567635026836,-0.00809373628504649,1
2018-06-30,319.45766398696423,370.04700364643844,306.5303648732899,340.63800048828125,20601488,4343400000.0,-297900000.0,25080200000.0,9987100000.0,9797700000.0,126600000.0,42.686943,35.84,324.6,253704218.0,IPCALAB.NS,1.0193310674954326,-0.0031618567635026836,-0.00809373628504649,0
2018-09-30,340.29719302517213,400.7622230860436,318.85463078020524,331.2626647949219,20524078,4343400000.0,-297900000.0,25080200000.0,9987100000.0,9797700000.0,126600000.0,42.686943,35.84,324.6,253704218.0,IPCALAB.NS,1.0193310674954326,-0.0031618567635026836,-0.00809373628504649,1
2018-12-31,330.7994700470256,402.9318641703768,292.5028489123499,391.06005859375,19683114,4343400000.0,-297900000.0,25080200000.0,9987100000.0,9797700000.0,126600000.0,42.686943,35.84,324.6,253704218.0,IPCALAB.NS,1.0193310674954326,-0.0031618567635026836,-0.00809373628504649,1
2019-03-31,390.06064624434146,471.70008784915365,349.5699675627269,467.8240966796875,23526848,4343400000.0,-297900000.0,25080200000.0,9987100000.0,9797700000.0,126600000.0,42.686943,35.84,324.6,253704218.0,IPCALAB.NS,1.0193310674954326,-0.0031618567635026836,-0.00809373628504649,0
2019-06-30,481.40222437168893,503.68304969164365,435.1098203070802,447.4447021484375,17072128,4343400000.0,-297900000.0,25080200000.0,9987100000.0,9797700000.0,126600000.0,42.686943,35.84,324.6,253704218.0,IPCALAB.NS,1.0193310674954326,-0.0031618567635026836,-0.00809373628504649,0
2019-09-30,449.5655213833392,490.0606821841796,435.7725499555518,441.64154052734375,19547318,4343400000.0,-297900000.0,25080200000.0,9987100000.0,9797700000.0,126600000.0,42.686943,35.84,324.6,253704218.0,IPCALAB.NS,1.0193310674954326,-0.0031618567635026836,-0.00809373628504649,1
2019-12-31,447.5105119136727,581.176773988826,413.1035541173873,555.719970703125,27514868,4343400000.0,-297900000.0,25080200000.0,9987100000.0,9797700000.0,126600000.0,42.686943,35.84,324.6,253704218.0,IPCALAB.NS,1.0193310674954326,-0.0031618567635026836,-0.00809373628504649,1
2020-03-31,556.0379245450728,796.2193446599211,543.3707127142586,683.4379272460938,42291906,4343400000.0,-297900000.0,25080200000.0,9987100000.0,9797700000.0,126600000.0,42.686943,35.84,324.6,253704218.0,IPCALAB.NS,1.0193310674954326,-0.0031618567635026836,-0.00809373628504649,1
2020-06-30,677.4245666165489,895.8694277384012,671.0430308440741,821.9417724609375,68979006,4343400000.0,-297900000.0,25080200000.0,9987100000.0,9797700000.0,126600000.0,42.686943,35.84,324.6,253704218.0,IPCALAB.NS,1.0193310674954326,-0.0031618567635026836,-0.00809373628504649,1
2020-09-30,821.7453561021238,1097.6733603041976,792.7830048416547,1063.4827880859375,44649644,4343400000.0,-297900000.0,25080200000.0,9987100000.0,9797700000.0,126600000.0,42.686943,35.84,324.6,253704218.0,IPCALAB.NS,1.0193310674954326,-0.0031618567635026836,-0.00809373628504649,1
2020-12-31,1074.9942273447748,1207.583049590575,963.1699985682048,1078.579345703125,75733436,4343400000.0,-297900000.0,25080200000.0,9987100000.0,9797700000.0,126600000.0,42.686943,35.84,324.6,253704218.0,IPCALAB.NS,1.0193310674954326,-0.0031618567635026836,-0.00809373628504649,0
2021-03-31,1082.127144174608,1083.6054599453385,879.7950789706324,938.1146240234375,31548644,4343400000.0,-297900000.0,25080200000.0,9987100000.0,9797700000.0,126600000.0,42.686943,35.84,324.6,253704218.0,IPCALAB.NS,1.0193310674954326,-0.0031618567635026836,-0.00809373628504649,1
2021-06-30,941.0959354580621,1137.8104847981863,903.4234923307198,998.5531005859375,34375908,4343400000.0,-297900000.0,25080200000.0,9987100000.0,9797700000.0,126600000.0,42.686943,35.84,324.6,253704218.0,IPCALAB.NS,1.0193310674954326,-0.0031618567635026836,-0.00809373628504649,1
2021-09-30,998.6024033827064,1363.1057116105378,985.5439206248496,1188.2457275390625,30182918,4343400000.0,-297900000.0,25080200000.0,9987100000.0,9797700000.0,126600000.0,42.686943,35.84,324.6,253704218.0,IPCALAB.NS,1.0193310674954326,-0.0031618567635026836,-0.00809373628504649,0
2021-12-31,1191.5718588617062,1210.5929448488394,952.2783220518905,1071.866455078125,71318892,4343400000.0,-297900000.0,25080200000.0,9987100000.0,9797700000.0,126600000.0,42.686943,35.84,324.6,253704218.0,IPCALAB.NS,1.0193310674954326,-0.0031618567635026836,-0.00809373628504649,0
2022-03-31,1073.4495262229584,1116.486374088327,915.3506790168816,1054.4044189453125,26829933,4343400000.0,-297900000.0,25080200000.0,9987100000.0,9797700000.0,126600000.0,42.686943,35.84,324.6,253704218.0,IPCALAB.NS,1.0193310674954326,-0.0031618567635026836,-0.00809373628504649,0
2022-06-30,1053.6624078101236,1053.6624078101236,822.2029162159154,887.945556640625,20822557,4343400000.0,-297900000.0,25080200000.0,9987100000.0,9797700000.0,126600000.0,42.686943,35.84,324.6,253704218.0,IPCALAB.NS,1.0193310674954326,-0.0031618567635026836,-0.00809373628504649,1
2022-09-30,880.7726801693714,1023.2892425327381,843.6718866258391,905.25927734375,21943631,4343400000.0,-297900000.0,25080200000.0,9987100000.0,9797700000.0,126600000.0,42.686943,35.84,324.6,253704218.0,IPCALAB.NS,1.0193310674954326,-0.0031618567635026836,-0.00809373628504649,0
2022-12-31,906.0013015771563,941.1727784819213,826.4077716625286,837.9840698242188,16084344,4343400000.0,-297900000.0,25080200000.0,9987100000.0,9797700000.0,126600000.0,42.686943,35.84,324.6,253704218.0,IPCALAB.NS,1.0193310674954326,-0.0031618567635026836,-0.00809373628504649,0
2023-03-31,835.8968816630683,884.5497868591414,762.8428921227619,805.432861328125,17001583,4343400000.0,-297900000.0,25080200000.0,9987100000.0,9797700000.0,126600000.0,42.686943,35.84,324.6,253704218.0,IPCALAB.NS,1.0193310674954326,-0.0031618567635026836,-0.00809373628504649,0
2023-06-30,805.432861328125,849.3646459638243,665.7357054441442,738.3424072265625,52977597,4343400000.0,-297900000.0,25080200000.0,9987100000.0,9797700000.0,126600000.0,42.686943,35.84,324.6,253704218.0,IPCALAB.NS,1.0193310674954326,-0.0031618567635026836,-0.00809373628504649,1
2023-09-30,736.5036426143579,949.2050768774504,733.0248804697557,929.9725341796875,38122560,4343400000.0,-297900000.0,25080200000.0,9987100000.0,9797700000.0,126600000.0,42.686943,35.84,324.6,253704218.0,IPCALAB.NS,1.0193310674954326,-0.0031618567635026836,-0.00809373628504649,1
2023-12-31,929.9726022657435,1156.9525565172385,911.4356919949429,1108.4578857421875,28904046,4343400000.0,-297900000.0,25080200000.0,9987100000.0,9797700000.0,126600000.0,42.686943,35.84,324.6,253704218.0,IPCALAB.NS,1.0193310674954326,-0.0031618567635026836,-0.00809373628504649,1
2024-03-31,1099.645225260838,1258.622144774623,1056.5775649743136,1232.18408203125,25428139,4343400000.0,-297900000.0,25080200000.0,9987100000.0,9797700000.0,126600000.0,42.686943,35.84,324.6,253704218.0,IPCALAB.NS,1.0193310674954326,-0.0031618567635026836,-0.00809373628504649,0
2024-06-30,1235.7690097910017,1368.8059060328535,1047.5655614964478,1124.93798828125,37880747,4343400000.0,-297900000.0,25080200000.0,9987100000.0,9797700000.0,126600000.0,42.686943,35.84,324.6,253704218.0,IPCALAB.NS,1.0193310674954326,-0.0031618567635026836,-0.00809373628504649,1
2024-09-30,1133.103575774986,1515.805602628554,1108.6072888504507,1494.1134033203125,30886057,4343400000.0,-297900000.0,114237700000.0,12021800000.0,67003900000.0,2559400000.0,42.686943,35.84,324.6,253704218.0,IPCALAB.NS,0.17941940693004438,-0.0031618567635026836,-0.00809373628504649,1
2024-12-31,1494.0636025132792,1704.1031838577435,1449.2331454708096,1692.8507080078125,31042552,22453700000.0,2481400000.0,114237700000.0,12021800000.0,67003900000.0,2559400000.0,42.686943,35.84,324.6,253704218.0,IPCALAB.NS,0.17941940693004438,-0.0031618567635026836,-0.00809373628504649,0
2025-03-31,1701.638617641549,1753.4666317784045,1276.228981633285,1499.8187255859375,22732902,21617000000.0,678200000.0,117605500000.0,13627400000.0,69484500000.0,1671700000.0,42.686943,35.84,324.6,253704218.0,IPCALAB.NS,0.19612143715504896,0.005766737099880533,0.009760450172340594,0
2025-06-30,1491.5800701514404,1513.0502633367814,1166.5810746222649,1387.8740234375,17174381,23088500000.0,2332100000.0,117605500000.0,13627400000.0,69484500000.0,1671700000.0,42.686943,35.84,324.6,253704218.0,IPCALAB.NS,0.19612143715504896,0.005766737099880533,0.009760450172340594,0
2025-09-30,1378.0875295465942,1592.78963386025,1301.4000244140625,1339.0,13760422,25565000000.0,2825700000.0,122626600000.0,12789200000.0,74269000000.0,2129500000.0,42.686943,35.84,324.6,253704218.0,IPCALAB.NS,0.17220105292921675,0.023043124411832344,0.038046829767466914,1
2025-12-31,1338.0,1548.0,1251.5999755859375,1418.9000244140625,16354076,23925000000.0,3262700000.0,122626600000.0,12789200000.0,74269000000.0,2129500000.0,42.686943,35.84,324.6,253704218.0,IPCALAB.NS,0.17220105292921675,0.023043124411832344,0.038046829767466914,1
2026-03-31,1420.0,1624.0,1391.0999755859375,1529.9000244140625,12120641,23925000000.0,3262700000.0,122626600000.0,12789200000.0,74269000000.0,2129500000.0,42.686943,35.84,324.6,253704218.0,IPCALAB.NS,0.17220105292921675,0.023043124411832344,0.038046829767466914,0
2016-03-31,13.486104102323528,13.631506701809304,11.45046482313443,11.9048490524292,478771,23925000000.0,3262700000.0,122626600000.0,12789200000.0,74269000000.0,2129500000.0,30.008236,6.07,37.803,66890450.0,JAGSNPHARM.NS,0.17220105292921675,0.023043124411832344,0.038046829767466914,1
2016-06-30,11.904850351093934,16.339629639886418,11.904850351093934,15.485390663146973,7696700,23925000000.0,3262700000.0,122626600000.0,12789200000.0,74269000000.0,2129500000.0,30.008236,6.07,37.803,66890450.0,JAGSNPHARM.NS,0.17220105292921675,0.023043124411832344,0.038046829767466914,0
2016-09-30,15.994297870281493,16.51142687635847,12.032076638303518,14.069336891174316,5942027,23925000000.0,3262700000.0,122626600000.0,12789200000.0,74269000000.0,2129500000.0,30.008236,6.07,37.803,66890450.0,JAGSNPHARM.NS,0.17220105292921675,0.023043124411832344,0.038046829767466914,0
2016-12-31,14.105787572786952,17.112832706022047,9.403858795794658,12.410906791687012,3921924,23925000000.0,3262700000.0,122626600000.0,12789200000.0,74269000000.0,2129500000.0,30.008236,6.07,37.803,66890450.0,JAGSNPHARM.NS,0.17220105292921675,0.023043124411832344,0.038046829767466914,1
2017-03-31,12.429131724051441,16.183386353455514,12.429131724051441,13.850643157958984,6020339,23925000000.0,3262700000.0,122626600000.0,12789200000.0,74269000000.0,2129500000.0,30.008236,6.07,37.803,66890450.0,JAGSNPHARM.NS,0.17220105292921675,0.023043124411832344,0.038046829767466914,0
2017-06-30,13.759520899681936,18.53435056638675,12.593150173397863,13.231009483337402,7564107,23925000000.0,3262700000.0,122626600000.0,12789200000.0,74269000000.0,2129500000.0,30.008236,6.07,37.803,66890450.0,JAGSNPHARM.NS,0.17220105292921675,0.023043124411832344,0.038046829767466914,0
2017-09-30,12.975864588936696,14.360930997177686,10.205735735146087,11.167939186096191,3369348,23925000000.0,3262700000.0,122626600000.0,12789200000.0,74269000000.0,2129500000.0,30.008236,6.07,37.803,66890450.0,JAGSNPHARM.NS,0.17220105292921675,0.023043124411832344,0.038046829767466914,1
2017-12-31,11.49694534053313,15.536410591331588,11.149660716398053,13.927936553955078,9298792,23925000000.0,3262700000.0,122626600000.0,12789200000.0,74269000000.0,2129500000.0,30.008236,6.07,37.803,66890450.0,JAGSNPHARM.NS,0.17220105292921675,0.023043124411832344,0.038046829767466914,0
2018-03-31,14.037604495254145,17.144888956938296,9.486350391400222,9.833634376525879,5970786,23925000000.0,3262700000.0,122626600000.0,12789200000.0,74269000000.0,2129500000.0,30.008236,6.07,37.803,66890450.0,JAGSNPHARM.NS,0.17220105292921675,0.023043124411832344,0.038046829767466914,0
2018-06-30,10.528204221133736,12.0087333791649,8.773502920947493,9.08423137664795,2616275,23925000000.0,3262700000.0,122626600000.0,12789200000.0,74269000000.0,2129500000.0,30.008236,6.07,37.803,66890450.0,JAGSNPHARM.NS,0.17220105292921675,0.023043124411832344,0.038046829767466914,1
2018-09-30,9.193899722863428,12.776414606763423,8.18860258645547,9.535588264465332,3514413,23925000000.0,3262700000.0,122626600000.0,12789200000.0,74269000000.0,2129500000.0,30.008236,6.07,37.803,66890450.0,JAGSNPHARM.NS,0.17220105292921675,0.023043124411832344,0.038046829767466914,1
2018-12-31,9.535588715788435,11.956161158215844,8.655380459376556,11.47938060760498,1653817,23925000000.0,3262700000.0,122626600000.0,12789200000.0,74269000000.0,2129500000.0,30.008236,6.07,37.803,66890450.0,JAGSNPHARM.NS,0.17220105292921675,0.023043124411832344,0.038046829767466914,0
2019-03-31,11.369355067840832,11.992837001991223,9.407224743428442,9.663951873779297,1300231,23925000000.0,3262700000.0,122626600000.0,12789200000.0,74269000000.0,2129500000.0,30.008236,6.07,37.803,66890450.0,JAGSNPHARM.NS,0.17220105292921675,0.023043124411832344,0.038046829767466914,0
2019-06-30,10.030704550828105,11.626082975690053,8.692053892688206,9.498913764953613,3219544,23925000000.0,3262700000.0,122626600000.0,12789200000.0,74269000000.0,2129500000.0,30.008236,6.07,37.803,66890450.0,JAGSNPHARM.NS,0.17220105292921675,0.023043124411832344,0.038046829767466914,0
2019-09-30,9.535585678999277,10.631929547214058,7.40841852737592,9.076037406921387,1544721,23925000000.0,3262700000.0,122626600000.0,12789200000.0,74269000000.0,2129500000.0,30.008236,6.07,37.803,66890450.0,JAGSNPHARM.NS,0.17220105292921675,0.023043124411832344,0.038046829767466914,1
2019-12-31,8.946380615234375,10.724541440360547,8.316612895902507,9.520577430725098,1950243,23925000000.0,3262700000.0,122626600000.0,12789200000.0,74269000000.0,2129500000.0,30.008236,6.07,37.803,66890450.0,JAGSNPHARM.NS,0.17220105292921675,0.023043124411832344,0.038046829767466914,0
2020-03-31,9.261263070031854,11.483964457310755,6.019820818103716,6.501406192779541,2806488,23925000000.0,3262700000.0,122626600000.0,12789200000.0,74269000000.0,2129500000.0,30.008236,6.07,37.803,66890450.0,JAGSNPHARM.NS,0.17220105292921675,0.023043124411832344,0.038046829767466914,1
2020-06-30,6.501406205169745,16.762885949510864,6.20504606346416,14.429047584533691,8932903,23925000000.0,3262700000.0,122626600000.0,12789200000.0,74269000000.0,2129500000.0,30.008236,6.07,37.803,66890450.0,JAGSNPHARM.NS,0.17220105292921675,0.023043124411832344,0.038046829767466914,0
2020-09-30,13.725191116333008,18.31877795509392,12.24338881894653,14.078612327575684,16366684,23925000000.0,3262700000.0,122626600000.0,12789200000.0,74269000000.0,2129500000.0,30.008236,6.07,37.803,66890450.0,JAGSNPHARM.NS,0.17220105292921675,0.023043124411832344,0.038046829767466914,1
2020-12-31,14.134929550089678,29.471227998230873,13.890898096314515,26.861995697021484,41298058,23925000000.0,3262700000.0,122626600000.0,12789200000.0,74269000000.0,2129500000.0,30.008236,6.07,37.803,66890450.0,JAGSNPHARM.NS,0.17220105292921675,0.023043124411832344,0.038046829767466914,1
2021-03-31,27.030936264465257,38.29382543310968,26.655506942217617,29.884204864501953,46317027,23925000000.0,3262700000.0,122626600000.0,12789200000.0,74269000000.0,2129500000.0,30.008236,6.07,37.803,66890450.0,JAGSNPHARM.NS,0.17220105292921675,0.023043124411832344,0.038046829767466914,1
2021-06-30,30.034373813129005,64.08584860419889,28.251082183475887,59.18648910522461,66660076,23925000000.0,3262700000.0,122626600000.0,12789200000.0,74269000000.0,2129500000.0,30.008236,6.07,37.803,66890450.0,JAGSNPHARM.NS,0.17220105292921675,0.023043124411832344,0.038046829767466914,0
2021-09-30,58.19160447470514,76.55011359924028,50.13862872174618,59.08562469482422,28643521,23925000000.0,3262700000.0,122626600000.0,12789200000.0,74269000000.0,2129500000.0,30.008236,6.07,37.803,66890450.0,JAGSNPHARM.NS,0.17220105292921675,0.023043124411832344,0.038046829767466914,1
2021-12-31,58.575447434741804,72.97973371531882,47.59547426040412,69.22625732421875,26304141,23925000000.0,3262700000.0,122626600000.0,12789200000.0,74269000000.0,2129500000.0,30.008236,6.07,37.803,66890450.0,JAGSNPHARM.NS,0.17220105292921675,0.023043124411832344,0.038046829767466914,1
2022-03-31,69.80669560800247,121.32975769042969,59.97803192721623,121.32975769042969,59642783,23925000000.0,3262700000.0,122626600000.0,12789200000.0,74269000000.0,2129500000.0,30.008236,6.07,37.803,66890450.0,JAGSNPHARM.NS,0.17220105292921675,0.023043124411832344,0.038046829767466914,0
2022-06-30,128.23691292085897,142.78641406226913,97.43528968676141,117.34413146972656,10774003,23925000000.0,3262700000.0,122626600000.0,12789200000.0,74269000000.0,2129500000.0,30.008236,6.07,37.803,66890450.0,JAGSNPHARM.NS,0.17220105292921675,0.023043124411832344,0.038046829767466914,1
2022-09-30,117.34412536766331,162.09548656976278,117.22803619218838,138.7620849609375,9814520,23925000000.0,3262700000.0,122626600000.0,12789200000.0,74269000000.0,2129500000.0,30.008236,6.07,37.803,66890450.0,JAGSNPHARM.NS,0.17220105292921675,0.023043124411832344,0.038046829767466914,1
2022-12-31,137.96882491159374,158.26463774111343,115.64152479026899,144.2375030517578,6523680,23925000000.0,3262700000.0,122626600000.0,12789200000.0,74269000000.0,2129500000.0,30.008236,6.07,37.803,66890450.0,JAGSNPHARM.NS,0.17220105292921675,0.023043124411832344,0.038046829767466914,0
2023-03-31,145.45641155801962,154.3757275327053,110.28218706545313,112.13957214355469,2810804,23925000000.0,3262700000.0,122626600000.0,12789200000.0,74269000000.0,2129500000.0,30.008236,6.07,37.803,66890450.0,JAGSNPHARM.NS,0.17220105292921675,0.023043124411832344,0.038046829767466914,1
2023-06-30,113.72609856888702,153.2148725538795,112.75871084405992,146.21096801757812,3748362,23925000000.0,3262700000.0,122626600000.0,12789200000.0,74269000000.0,2129500000.0,30.008236,6.07,37.803,66890450.0,JAGSNPHARM.NS,0.17220105292921675,0.023043124411832344,0.038046829767466914,1
2023-09-30,146.15292327180086,199.2238351194669,136.78862245775667,164.0583038330078,11657348,23925000000.0,3262700000.0,122626600000.0,12789200000.0,74269000000.0,2129500000.0,30.008236,6.07,37.803,66890450.0,JAGSNPHARM.NS,0.17220105292921675,0.023043124411832344,0.038046829767466914,0
2023-12-31,162.4347348102802,171.6675350044107,144.90806638755106,152.1456298828125,3599522,23925000000.0,3262700000.0,122626600000.0,12789200000.0,74269000000.0,2129500000.0,30.008236,6.07,37.803,66890450.0,JAGSNPHARM.NS,0.17220105292921675,0.023043124411832344,0.038046829767466914,0
2024-03-31,152.9867560882503,161.18281524149978,107.03792058233633,108.2115707397461,6780419,23925000000.0,3262700000.0,122626600000.0,12789200000.0,74269000000.0,2129500000.0,30.008236,6.07,37.803,66890450.0,JAGSNPHARM.NS,0.17220105292921675,0.023043124411832344,0.038046829767466914,1
2024-06-30,109.79602240991842,146.3164466734364,107.58562560144338,132.13470458984375,5907828,23925000000.0,3262700000.0,122626600000.0,12789200000.0,74269000000.0,2129500000.0,30.008236,6.07,37.803,66890450.0,JAGSNPHARM.NS,0.17220105292921675,0.023043124411832344,0.038046829767466914,1
2024-09-30,132.15426411261214,176.77295988719752,127.61610942308533,164.0482177734375,13778381,23925000000.0,3262700000.0,2581980000.0,98140000.0,1971030000.0,184410000.0,30.008236,6.07,37.803,66890450.0,JAGSNPHARM.NS,0.049791225907266756,0.023043124411832344,0.038046829767466914,1
2024-12-31,164.72136203510567,324.7307410599783,157.01984388629006,241.87510681152344,26620343,740250000.0,319900000.0,2581980000.0,98140000.0,1971030000.0,184410000.0,30.008236,6.07,37.803,66890450.0,JAGSNPHARM.NS,0.049791225907266756,0.023043124411832344,0.038046829767466914,0
2025-03-31,241.87510019051788,281.4913871277247,194.36923646847708,215.00889587402344,19785920,585600000.0,65831000.0,2782600000.0,92390000.0,2399500000.0,112150000.0,30.008236,6.07,37.803,66890450.0,JAGSNPHARM.NS,0.038503854969785374,0.023658089556529864,0.027435299020629297,1
2025-06-30,215.70181931114286,264.306504673657,190.90454224862435,221.5126190185547,13366750,756120000.0,107950000.0,2782600000.0,92390000.0,2399500000.0,112150000.0,30.008236,6.07,37.803,66890450.0,JAGSNPHARM.NS,0.038503854969785374,0.023658089556529864,0.027435299020629297,0
2025-09-30,221.51261461750957,298.60696414162675,208.0,219.27000427246094,22073784,744650000.0,125740000.0,2990280000.0,88360000.0,2528400000.0,127930000.0,30.008236,6.07,37.803,66890450.0,JAGSNPHARM.NS,0.03494700205663661,0.042049573952940865,0.04973105521278279,0
2025-12-31,219.27000427246094,230.0,190.10000610351562,192.61000061035156,3575484,729450000.0,109510000.0,2990280000.0,88360000.0,2528400000.0,127930000.0,30.008236,6.07,37.803,66890450.0,JAGSNPHARM.NS,0.03494700205663661,0.042049573952940865,0.04973105521278279,0
2026-03-31,193.57000732421875,201.5,155.0,182.14999389648438,8538702,729450000.0,109510000.0,2990280000.0,88360000.0,2528400000.0,127930000.0,30.008236,6.07,37.803,66890450.0,JAGSNPHARM.NS,0.03494700205663661,0.042049573952940865,0.04973105521278279,0
2016-03-31,114.44335852376084,116.62238170179991,109.90377744466844,113.2403793334961,487470,729450000.0,109510000.0,2990280000.0,88360000.0,2528400000.0,127930000.0,43.81424,47.48,243.375,160558706.0,JBCHEPHARM.NS,0.03494700205663661,0.042049573952940865,0.04973105521278279,1
2016-06-30,113.89861275070243,120.91230204141684,105.00100778611026,113.7624282836914,10784660,729450000.0,109510000.0,2990280000.0,88360000.0,2528400000.0,127930000.0,43.81424,47.48,243.375,160558706.0,JBCHEPHARM.NS,0.03494700205663661,0.042049573952940865,0.04973105521278279,1
2016-09-30,113.96671853167797,180.17852875559822,112.58213842773438,161.85145568847656,32053260,729450000.0,109510000.0,2990280000.0,88360000.0,2528400000.0,127930000.0,43.81424,47.48,243.375,160558706.0,JBCHEPHARM.NS,0.03494700205663661,0.042049573952940865,0.04973105521278279,0
2016-12-31,165.9671173095703,183.68027477013246,138.7038294788803,159.75950622558594,10927270,729450000.0,109510000.0,2990280000.0,88360000.0,2528400000.0,127930000.0,43.81424,47.48,243.375,160558706.0,JBCHEPHARM.NS,0.03494700205663661,0.042049573952940865,0.04973105521278279,0
2017-03-31,160.05512651616172,167.33142412519558,142.8876735601545,157.41749572753906,9190240,729450000.0,109510000.0,2990280000.0,88360000.0,2528400000.0,127930000.0,43.81424,47.48,243.375,160558706.0,JBCHEPHARM.NS,0.03494700205663661,0.042049573952940865,0.04973105521278279,0
2017-06-30,159.9869072901691,167.1267825371022,141.02317009612335,142.20556640625,8267384,729450000.0,109510000.0,2990280000.0,88360000.0,2528400000.0,127930000.0,43.81424,47.48,243.375,160558706.0,JBCHEPHARM.NS,0.03494700205663661,0.042049573952940865,0.04973105521278279,0
2017-09-30,145.07060859855588,153.48374189864626,118.20932464017213,127.38311767578125,7486662,729450000.0,109510000.0,2990280000.0,88360000.0,2528400000.0,127930000.0,43.81424,47.48,243.375,160558706.0,JBCHEPHARM.NS,0.03494700205663661,0.042049573952940865,0.04973105521278279,1
2017-12-31,128.70668945787295,155.63464457317346,124.14260694636897,153.53517150878906,24897392,729450000.0,109510000.0,2990280000.0,88360000.0,2528400000.0,127930000.0,43.81424,47.48,243.375,160558706.0,JBCHEPHARM.NS,0.03494700205663661,0.042049573952940865,0.04973105521278279,0
2018-03-31,155.1326354577632,157.003905724467,128.2502499252555,141.53173828125,7849898,729450000.0,109510000.0,2990280000.0,88360000.0,2528400000.0,127930000.0,43.81424,47.48,243.375,160558706.0,JBCHEPHARM.NS,0.03494700205663661,0.042049573952940865,0.04973105521278279,0
2018-06-30,141.4860629715193,153.6493123770369,114.14732054587098,117.68446350097656,6274770,729450000.0,109510000.0,2990280000.0,88360000.0,2528400000.0,127930000.0,43.81424,47.48,243.375,160558706.0,JBCHEPHARM.NS,0.03494700205663661,0.042049573952940865,0.04973105521278279,1
2018-09-30,117.73010099841824,161.77399156296642,109.51477854910141,134.4519500732422,16444042,729450000.0,109510000.0,2990280000.0,88360000.0,2528400000.0,127930000.0,43.81424,47.48,243.375,160558706.0,JBCHEPHARM.NS,0.03494700205663661,0.042049573952940865,0.04973105521278279,1
2018-12-31,134.95707228771946,146.94202805085888,125.03848683352916,140.46739196777344,7469424,729450000.0,109510000.0,2990280000.0,88360000.0,2528400000.0,127930000.0,43.81424,47.48,243.375,160558706.0,JBCHEPHARM.NS,0.03494700205663661,0.042049573952940865,0.04973105521278279,1
2019-03-31,139.70973053591317,167.19249720929983,135.462175071158,164.34548950195312,5857438,729450000.0,109510000.0,2990280000.0,88360000.0,2528400000.0,127930000.0,43.81424,47.48,243.375,160558706.0,JBCHEPHARM.NS,0.03494700205663661,0.042049573952940865,0.04973105521278279,1
2019-06-30,167.60576215762617,186.89191675897857,143.24552971882252,168.4322967529297,7192272,729450000.0,109510000.0,2990280000.0,88360000.0,2528400000.0,127930000.0,43.81424,47.48,243.375,160558706.0,JBCHEPHARM.NS,0.03494700205663661,0.042049573952940865,0.04973105521278279,1
2019-09-30,168.9833691244634,191.2835474982676,162.35832743432806,172.48098754882812,9507412,729450000.0,109510000.0,2990280000.0,88360000.0,2528400000.0,127930000.0,43.81424,47.48,243.375,160558706.0,JBCHEPHARM.NS,0.03494700205663661,0.042049573952940865,0.04973105521278279,1
2019-12-31,173.13254046590566,203.38422714197995,146.62745556482398,198.101806640625,12632272,729450000.0,109510000.0,2990280000.0,88360000.0,2528400000.0,127930000.0,43.81424,47.48,243.375,160558706.0,JBCHEPHARM.NS,0.03494700205663661,0.042049573952940865,0.04973105521278279,1
2020-03-31,197.79928560445694,283.12320736993837,196.8439416378454,241.4302215576172,15233226,729450000.0,109510000.0,2990280000.0,88360000.0,2528400000.0,127930000.0,43.81424,47.48,243.375,160558706.0,JBCHEPHARM.NS,0.03494700205663661,0.042049573952940865,0.04973105521278279,1
2020-06-30,248.54503766138296,352.8012259471238,208.91539156897443,335.5595703125,35813494,729450000.0,109510000.0,2990280000.0,88360000.0,2528400000.0,127930000.0,43.81424,47.48,243.375,160558706.0,JBCHEPHARM.NS,0.03494700205663661,0.042049573952940865,0.04973105521278279,1
2020-09-30,336.7691206183006,545.4236578584598,330.65034614241546,469.20782470703125,71914856,729450000.0,109510000.0,2990280000.0,88360000.0,2528400000.0,127930000.0,43.81424,47.48,243.375,160558706.0,JBCHEPHARM.NS,0.03494700205663661,0.042049573952940865,0.04973105521278279,1
2020-12-31,469.54017028503955,519.8650319201844,419.35777480695435,482.88104248046875,17885006,729450000.0,109510000.0,2990280000.0,88360000.0,2528400000.0,127930000.0,43.81424,47.48,243.375,160558706.0,JBCHEPHARM.NS,0.03494700205663661,0.042049573952940865,0.04973105521278279,1
2021-03-31,483.85433184468843,630.3078476388218,453.89673246709316,600.39453125,30980842,729450000.0,109510000.0,2990280000.0,88360000.0,2528400000.0,127930000.0,43.81424,47.48,243.375,160558706.0,JBCHEPHARM.NS,0.03494700205663661,0.042049573952940865,0.04973105521278279,1
2021-06-30,606.3962345290427,805.483799233316,577.7024000098857,796.3495483398438,18839202,729450000.0,109510000.0,2990280000.0,88360000.0,2528400000.0,127930000.0,43.81424,47.48,243.375,160558706.0,JBCHEPHARM.NS,0.03494700205663661,0.042049573952940865,0.04973105521278279,1
2021-09-30,794.8191093262702,953.7689708883628,781.0940087856364,897.0473022460938,21757622,729450000.0,109510000.0,2990280000.0,88360000.0,2528400000.0,127930000.0,43.81424,47.48,243.375,160558706.0,JBCHEPHARM.NS,0.03494700205663661,0.042049573952940865,0.04973105521278279,0
2021-12-31,899.5698580407606,917.5881630062175,738.9907764365693,855.1246948242188,13455984,729450000.0,109510000.0,2990280000.0,88360000.0,2528400000.0,127930000.0,43.81424,47.48,243.375,160558706.0,JBCHEPHARM.NS,0.03494700205663661,0.042049573952940865,0.04973105521278279,0
2022-03-31,861.8995994771931,900.9152988034824,717.2879778784642,760.7117919921875,12105602,729450000.0,109510000.0,2990280000.0,88360000.0,2528400000.0,127930000.0,43.81424,47.48,243.375,160558706.0,JBCHEPHARM.NS,0.03494700205663661,0.042049573952940865,0.04973105521278279,0
2022-06-30,760.7117508555685,862.6777913153703,648.3125267366081,759.625,9052928,729450000.0,109510000.0,2990280000.0,88360000.0,2528400000.0,127930000.0,43.81424,47.48,243.375,160558706.0,JBCHEPHARM.NS,0.03494700205663661,0.042049573952940865,0.04973105521278279,1
2022-09-30,762.2091188315153,993.6071397553776,747.2355347403367,931.4097290039062,8423610,729450000.0,109510000.0,2990280000.0,88360000.0,2528400000.0,127930000.0,43.81424,47.48,243.375,160558706.0,JBCHEPHARM.NS,0.03494700205663661,0.042049573952940865,0.04973105521278279,1
2022-12-31,938.7840152187201,1043.0933266458542,909.7229177046489,943.3931274414062,8648992,729450000.0,109510000.0,2990280000.0,88360000.0,2528400000.0,127930000.0,43.81424,47.48,243.375,160558706.0,JBCHEPHARM.NS,0.03494700205663661,0.042049573952940865,0.04973105521278279,1
2023-03-31,948.0021259287392,1011.5095270758985,882.1246275961566,963.0108642578125,4325062,729450000.0,109510000.0,2990280000.0,88360000.0,2528400000.0,127930000.0,43.81424,47.48,243.375,160558706.0,JBCHEPHARM.NS,0.03494700205663661,0.042049573952940865,0.04973105521278279,1
2023-06-30,962.8403944490944,1192.7089378981614,852.718003255374,1153.337646484375,11803102,729450000.0,109510000.0,2990280000.0,88360000.0,2528400000.0,127930000.0,43.81424,47.48,243.375,160558706.0,JBCHEPHARM.NS,0.03494700205663661,0.042049573952940865,0.04973105521278279,1
2023-09-30,1153.3376454295044,1490.929411357943,1108.533280066677,1449.4630126953125,14709434,729450000.0,109510000.0,2990280000.0,88360000.0,2528400000.0,127930000.0,43.81424,47.48,243.375,160558706.0,JBCHEPHARM.NS,0.03494700205663661,0.042049573952940865,0.04973105521278279,1
2023-12-31,1445.4043640630814,1603.7394584490548,1217.046213498185,1588.8741455078125,11025923,729450000.0,109510000.0,2990280000.0,88360000.0,2528400000.0,127930000.0,43.81424,47.48,243.375,160558706.0,JBCHEPHARM.NS,0.03494700205663661,0.042049573952940865,0.04973105521278279,1
2024-03-31,1589.2164674032745,1897.2797637738138,1452.2084914231898,1619.4088134765625,10694880,729450000.0,109510000.0,2990280000.0,88360000.0,2528400000.0,127930000.0,43.81424,47.48,243.375,160558706.0,JBCHEPHARM.NS,0.03494700205663661,0.042049573952940865,0.04973105521278279,1
2024-06-30,1624.9034419572258,1890.6674882965128,1604.7884449569829,1721.7010498046875,11086252,729450000.0,109510000.0,2990280000.0,88360000.0,2528400000.0,127930000.0,43.81424,47.48,243.375,160558706.0,JBCHEPHARM.NS,0.03494700205663661,0.042049573952940865,0.04973105521278279,1
2024-09-30,1766.248624785768,1998.8155411740402,1658.3632548150915,1846.196533203125,12578470,729450000.0,109510000.0,40294100000.0,1002100000.0,32122300000.0,898900000.0,43.81424,47.48,243.375,160558706.0,JBCHEPHARM.NS,0.03119639627299415,0.042049573952940865,0.04973105521278279,0
2024-12-31,1849.6428830734085,1953.5221561690435,1629.822446743551,1815.8204345703125,13207468,9634900000.0,1624900000.0,40294100000.0,1002100000.0,32122300000.0,898900000.0,43.81424,47.48,243.375,160558706.0,JBCHEPHARM.NS,0.03119639627299415,0.042049573952940865,0.04973105521278279,0
2025-03-31,1812.2264805689042,1889.0283881150435,1418.602298764201,1606.21875,19537979,8935323000.0,1456918000.0,42737796000.0,278898000.0,34333151000.0,1150910000.0,43.81424,47.48,243.375,160558706.0,JBCHEPHARM.NS,0.00812328585861519,0.03408968492432319,0.04243473021162549,1
2025-06-30,1603.0522711148215,1823.4223654592856,1371.2529391252065,1661.73193359375,12655710,10939400000.0,2023800000.0,42737796000.0,278898000.0,34333151000.0,1150910000.0,43.81424,47.48,243.375,160558706.0,JBCHEPHARM.NS,0.00812328585861519,0.03408968492432319,0.04243473021162549,1
2025-09-30,1662.5234748961107,1798.841723910802,1586.7248625722445,1698.4093017578125,17182413,10849000000.0,2078200000.0,47124000000.0,409100000.0,38057400000.0,937800000.0,43.81424,47.48,243.375,160558706.0,JBCHEPHARM.NS,0.010749551992516567,0.044100670571258806,0.05460698839121958,1
2025-12-31,1683.806429797612,1831.8223942405032,1633.7391619500127,1807.682861328125,10421097,10647200000.0,1978900000.0,47124000000.0,409100000.0,38057400000.0,937800000.0,43.81424,47.48,243.375,160558706.0,JBCHEPHARM.NS,0.010749551992516567,0.044100670571258806,0.05460698839121958,1
2026-03-31,1816.5241394984525,2195.0,1764.0728844755567,2080.300048828125,16591725,10647200000.0,1978900000.0,47124000000.0,409100000.0,38057400000.0,937800000.0,43.81424,47.48,243.375,160558706.0,JBCHEPHARM.NS,0.010749551992516567,0.044100670571258806,0.05460698839121958,0
2016-03-31,296.0682699003553,300.0090033515921,266.80417789346455,285.6853332519531,4866589,10647200000.0,1978900000.0,47124000000.0,409100000.0,38057400000.0,937800000.0,29.930326,27.27,415.873,158369748.0,JUBLPHARMA.NS,0.010749551992516567,0.044100670571258806,0.05460698839121958,0
2016-06-30,287.1588516603495,289.07785321708866,195.3228623373154,215.19778442382812,34634986,10647200000.0,1978900000.0,47124000000.0,409100000.0,38057400000.0,937800000.0,29.930326,27.27,415.873,158369748.0,JUBLPHARMA.NS,0.010749551992516567,0.044100670571258806,0.05460698839121958,1
2016-09-30,217.2538316054879,452.856635333659,203.8210959261295,424.87945556640625,123303148,10647200000.0,1978900000.0,47124000000.0,409100000.0,38057400000.0,937800000.0,29.930326,27.27,415.873,158369748.0,JUBLPHARMA.NS,0.010749551992516567,0.044100670571258806,0.05460698839121958,1
2016-12-31,456.48777051734936,502.82824994233863,352.7405520506444,437.2599792480469,60571086,10647200000.0,1978900000.0,47124000000.0,409100000.0,38057400000.0,937800000.0,29.930326,27.27,415.873,158369748.0,JUBLPHARMA.NS,0.010749551992516567,0.044100670571258806,0.05460698839121958,1
2017-03-31,437.6057346530307,575.9700030380319,425.3635526032918,553.18017578125,73437366,10647200000.0,1978900000.0,47124000000.0,409100000.0,38057400000.0,937800000.0,29.930326,27.27,415.873,158369748.0,JUBLPHARMA.NS,0.010749551992516567,0.044100670571258806,0.05460698839121958,0
2017-06-30,555.9467455294819,607.2670180558582,455.4502936985147,473.5368347167969,45495996,10647200000.0,1978900000.0,47124000000.0,409100000.0,38057400000.0,937800000.0,29.930326,27.27,415.873,158369748.0,JUBLPHARMA.NS,0.010749551992516567,0.044100670571258806,0.05460698839121958,0
2017-09-30,477.0989314865591,537.4105315156617,429.2368110658258,458.6724548339844,26912480,10647200000.0,1978900000.0,47124000000.0,409100000.0,38057400000.0,937800000.0,29.930326,27.27,415.873,158369748.0,JUBLPHARMA.NS,0.010749551992516567,0.044100670571258806,0.05460698839121958,1
2017-12-31,467.1953995558225,563.2435739435681,417.4493424202667,548.458984375,33030311,10647200000.0,1978900000.0,47124000000.0,409100000.0,38057400000.0,937800000.0,29.930326,27.27,415.873,158369748.0,JUBLPHARMA.NS,0.010749551992516567,0.044100670571258806,0.05460698839121958,1
2018-03-31,547.8326304259037,722.8831616343213,523.4118505798408,584.0464477539062,97894526,10647200000.0,1978900000.0,47124000000.0,409100000.0,38057400000.0,937800000.0,29.930326,27.27,415.873,158369748.0,JUBLPHARMA.NS,0.010749551992516567,0.044100670571258806,0.05460698839121958,0
2018-06-30,588.4296528058288,619.2165566437344,477.04031208540556,486.43292236328125,39010681,10647200000.0,1978900000.0,47124000000.0,409100000.0,38057400000.0,937800000.0,29.930326,27.27,415.873,158369748.0,JUBLPHARMA.NS,0.010749551992516567,0.044100670571258806,0.05460698839121958,1
2018-09-30,490.74647863566634,604.4666206657181,479.81246777442857,512.4385986328125,30048973,10647200000.0,1978900000.0,47124000000.0,409100000.0,38057400000.0,937800000.0,29.930326,27.27,415.873,158369748.0,JUBLPHARMA.NS,0.010749551992516567,0.044100670571258806,0.05460698839121958,0
2018-12-31,514.3970112872796,591.9236444604599,410.08376921368796,496.9822998046875,24604132,10647200000.0,1978900000.0,47124000000.0,409100000.0,38057400000.0,937800000.0,29.930326,27.27,415.873,158369748.0,JUBLPHARMA.NS,0.010749551992516567,0.044100670571258806,0.05460698839121958,0
2019-03-31,500.33938442344845,628.6413010005638,453.305749367872,457.5369567871094,45387248,10647200000.0,1978900000.0,47124000000.0,409100000.0,38057400000.0,937800000.0,29.930326,27.27,415.873,158369748.0,JUBLPHARMA.NS,0.010749551992516567,0.044100670571258806,0.05460698839121958,0
2019-06-30,469.25169187529985,508.38219538307925,314.9326073656391,358.1545104980469,30636422,10647200000.0,1978900000.0,47124000000.0,409100000.0,38057400000.0,937800000.0,29.930326,27.27,415.873,158369748.0,JUBLPHARMA.NS,0.010749551992516567,0.044100670571258806,0.05460698839121958,0
2019-09-30,360.3925853887594,405.1681893322663,273.49408112362386,357.5658264160156,39432884,10647200000.0,1978900000.0,47124000000.0,409100000.0,38057400000.0,937800000.0,29.930326,27.27,415.873,158369748.0,JUBLPHARMA.NS,0.010749551992516567,0.044100670571258806,0.05460698839121958,1
2019-12-31,359.79554515406363,413.23758397326765,330.56171477675673,380.1105651855469,18774691,10647200000.0,1978900000.0,47124000000.0,409100000.0,38057400000.0,937800000.0,29.930326,27.27,415.873,158369748.0,JUBLPHARMA.NS,0.010749551992516567,0.044100670571258806,0.05460698839121958,0
2020-03-31,380.1105988864442,452.98283628532505,168.21974182128906,178.87928771972656,23862972,10647200000.0,1978900000.0,47124000000.0,409100000.0,38057400000.0,937800000.0,29.930326,27.27,415.873,158369748.0,JUBLPHARMA.NS,0.010749551992516567,0.044100670571258806,0.05460698839121958,1
2020-06-30,188.0672821529747,499.5268164361979,180.70969727713086,470.4912414550781,42808447,10647200000.0,1978900000.0,47124000000.0,409100000.0,38057400000.0,937800000.0,29.930326,27.27,415.873,158369748.0,JUBLPHARMA.NS,0.010749551992516567,0.044100670571258806,0.05460698839121958,1
2020-09-30,473.75732491709203,652.4931102823414,468.73261096775536,524.6862182617188,59145824,10647200000.0,1978900000.0,47124000000.0,409100000.0,38057400000.0,937800000.0,29.930326,27.27,415.873,158369748.0,JUBLPHARMA.NS,0.010749551992516567,0.044100670571258806,0.05460698839121958,1
2020-12-31,529.0289792611851,644.5252406612526,487.3957445980453,606.4811401367188,31114693,10647200000.0,1978900000.0,47124000000.0,409100000.0,38057400000.0,937800000.0,29.930326,27.27,415.873,158369748.0,JUBLPHARMA.NS,0.010749551992516567,0.044100670571258806,0.05460698839121958,1
2021-03-31,608.7063105768669,955.569535246668,602.1383094238033,651.4898681640625,24019839,10647200000.0,1978900000.0,47124000000.0,409100000.0,38057400000.0,937800000.0,29.930326,27.27,415.873,158369748.0,JUBLPHARMA.NS,0.010749551992516567,0.044100670571258806,0.05460698839121958,1
2021-06-30,670.5247590601494,884.7866311200332,652.159447278307,700.4161987304688,23179824,10647200000.0,1978900000.0,47124000000.0,409100000.0,38057400000.0,937800000.0,29.930326,27.27,415.873,158369748.0,JUBLPHARMA.NS,0.010749551992516567,0.044100670571258806,0.05460698839121958,0
2021-09-30,700.4162231677202,733.6555074135575,563.8683211848717,601.07080078125,21081674,10647200000.0,1978900000.0,47124000000.0,409100000.0,38057400000.0,937800000.0,29.930326,27.27,415.873,158369748.0,JUBLPHARMA.NS,0.010749551992516567,0.044100670571258806,0.05460698839121958,0
2021-12-31,597.5529806520982,631.7676723446185,536.833890818341,565.3621826171875,8333219,10647200000.0,1978900000.0,47124000000.0,409100000.0,38057400000.0,937800000.0,29.930326,27.27,415.873,158369748.0,JUBLPHARMA.NS,0.010749551992516567,0.044100670571258806,0.05460698839121958,0
2022-03-31,571.9642034130807,573.361731436424,371.2056910060049,374.0970764160156,11882699,10647200000.0,1978900000.0,47124000000.0,409100000.0,38057400000.0,937800000.0,29.930326,27.27,415.873,158369748.0,JUBLPHARMA.NS,0.010749551992516567,0.044100670571258806,0.05460698839121958,0
2022-06-30,377.80766644969566,477.99419326835147,307.2578772505626,331.25640869140625,7326370,10647200000.0,1978900000.0,47124000000.0,409100000.0,38057400000.0,937800000.0,29.930326,27.27,415.873,158369748.0,JUBLPHARMA.NS,0.010749551992516567,0.044100670571258806,0.05460698839121958,0
2022-09-30,336.17169343556975,372.988695223906,271.5974266682439,328.4809265136719,12422758,10647200000.0,1978900000.0,47124000000.0,409100000.0,38057400000.0,937800000.0,29.930326,27.27,415.873,158369748.0,JUBLPHARMA.NS,0.010749551992516567,0.044100670571258806,0.05460698839121958,1
2022-12-31,328.48089830523435,414.475507005611,311.36997814394107,366.4182434082031,15425819,10647200000.0,1978900000.0,47124000000.0,409100000.0,38057400000.0,937800000.0,29.930326,27.27,415.873,158369748.0,JUBLPHARMA.NS,0.010749551992516567,0.044100670571258806,0.05460698839121958,0
2023-03-31,370.76930865851045,370.76930865851045,262.9215739961797,272.6503601074219,11338174,10647200000.0,1978900000.0,47124000000.0,409100000.0,38057400000.0,937800000.0,29.930326,27.27,415.873,158369748.0,JUBLPHARMA.NS,0.010749551992516567,0.044100670571258806,0.05460698839121958,1
2023-06-30,273.6770337504374,409.58667644311225,273.3837155256024,389.6891174316406,12496806,10647200000.0,1978900000.0,47124000000.0,409100000.0,38057400000.0,937800000.0,29.930326,27.27,415.873,158369748.0,JUBLPHARMA.NS,0.010749551992516567,0.044100670571258806,0.05460698839121958,1
2023-09-30,390.9602142489555,480.2475078326941,355.5161616445452,430.7971496582031,18093360,10647200000.0,1978900000.0,47124000000.0,409100000.0,38057400000.0,937800000.0,29.930326,27.27,415.873,158369748.0,JUBLPHARMA.NS,0.010749551992516567,0.044100670571258806,0.05460698839121958,1
2023-12-31,435.59862889281106,545.2902992406347,315.5615235296179,539.9938354492188,30900231,10647200000.0,1978900000.0,47124000000.0,409100000.0,38057400000.0,937800000.0,29.930326,27.27,415.873,158369748.0,JUBLPHARMA.NS,0.010749551992516567,0.044100670571258806,0.05460698839121958,1
2024-03-31,566.2782416068379,621.1735611191222,526.8269076104311,564.1992797851562,29516782,10647200000.0,1978900000.0,47124000000.0,409100000.0,38057400000.0,937800000.0,29.930326,27.27,415.873,158369748.0,JUBLPHARMA.NS,0.010749551992516567,0.044100670571258806,0.05460698839121958,1
2024-06-30,567.1692873800932,767.2476363193039,560.9321858349919,732.3502197265625,26659774,10647200000.0,1978900000.0,47124000000.0,409100000.0,38057400000.0,937800000.0,29.930326,27.27,415.873,158369748.0,JUBLPHARMA.NS,0.010749551992516567,0.044100670571258806,0.05460698839121958,1
2024-09-30,725.667751458437,1241.843014146488,694.7798317618117,1145.903076171875,56294054,17422000000.0,1028000000.0,119244000000.0,30804000000.0,59405000000.0,10769000000.0,29.930326,27.27,415.873,158369748.0,JUBLPHARMA.NS,0.5185422102516624,0.008620978833316561,0.017304940661560474,0
2024-12-31,1140.8246515548265,1304.325992061933,1028.7536457367855,1100.4969482421875,15582750,18137000000.0,1009000000.0,119244000000.0,30804000000.0,59405000000.0,10769000000.0,29.930326,27.27,415.873,158369748.0,JUBLPHARMA.NS,0.5185422102516624,0.008620978833316561,0.017304940661560474,0
2025-03-31,1100.4969545812453,1125.1914708811048,838.666004325022,892.0877075195312,17620118,19158000000.0,1536000000.0,127564000000.0,27310000000.0,62549000000.0,10862000000.0,29.930326,27.27,415.873,158369748.0,JUBLPHARMA.NS,0.43661769172968395,0.012041014706343483,0.0245567475099522,1
2025-06-30,881.2340696245399,1216.4016778174866,798.5872566798726,1205.448486328125,32377855,18789000000.0,1029000000.0,127564000000.0,27310000000.0,62549000000.0,10862000000.0,29.930326,27.27,415.873,158369748.0,JUBLPHARMA.NS,0.43661769172968395,0.012041014706343483,0.0245567475099522,0
2025-09-30,1205.4484936676954,1248.0,1012.2000122070312,1079.4000244140625,16078275,18789000000.0,1029000000.0,127564000000.0,27310000000.0,62549000000.0,10862000000.0,29.930326,27.27,415.873,158369748.0,JUBLPHARMA.NS,0.43661769172968395,0.012041014706343483,0.0245567475099522,0
2025-12-31,1078.9000244140625,1184.800048828125,1011.0,1073.300048828125,9480337,21161000000.0,559000000.0,127564000000.0,27310000000.0,62549000000.0,10862000000.0,29.930326,27.27,415.873,158369748.0,JUBLPHARMA.NS,0.43661769172968395,0.012041014706343483,0.0245567475099522,0
2026-03-31,1068.0,1107.800048828125,786.0499877929688,816.2000122070312,8051769,21161000000.0,559000000.0,127564000000.0,27310000000.0,62549000000.0,10862000000.0,29.930326,27.27,415.873,158369748.0,JUBLPHARMA.NS,0.43661769172968395,0.012041014706343483,0.0245567475099522,0
2016-03-31,48.31342739258325,48.638619572311256,44.318283880307774,45.71194076538086,1008332,21161000000.0,559000000.0,127564000000.0,27310000000.0,62549000000.0,10862000000.0,33.356724,3.42,104.022,48285605.0,KOPRAN.NS,0.43661769172968395,0.012041014706343483,0.0245567475099522,1
2016-06-30,45.52612387779916,52.12275582742224,45.06156652393854,48.313438415527344,18623486,21161000000.0,559000000.0,127564000000.0,27310000000.0,62549000000.0,10862000000.0,33.356724,3.42,104.022,48285605.0,KOPRAN.NS,0.43661769172968395,0.012041014706343483,0.0245567475099522,1
2016-09-30,48.313438415527344,57.976127780066065,40.41604220914585,51.89048385620117,35566829,21161000000.0,559000000.0,127564000000.0,27310000000.0,62549000000.0,10862000000.0,33.356724,3.42,104.022,48285605.0,KOPRAN.NS,0.43661769172968395,0.012041014706343483,0.0245567475099522,0
2016-12-31,52.680220937444986,63.41137816642518,39.579846570559035,48.4992561340332,33072510,21161000000.0,559000000.0,127564000000.0,27310000000.0,62549000000.0,10862000000.0,33.356724,3.42,104.022,48285605.0,KOPRAN.NS,0.43661769172968395,0.012041014706343483,0.0245567475099522,1
2017-03-31,48.313431127208794,73.21343021264805,47.47723834173024,70.56548309326172,45887984,21161000000.0,559000000.0,127564000000.0,27310000000.0,62549000000.0,10862000000.0,33.356724,3.42,104.022,48285605.0,KOPRAN.NS,0.43661769172968395,0.012041014706343483,0.0245567475099522,1
2017-06-30,71.07649005785214,95.18675352608336,69.77574241687032,76.60466003417969,57385853,21161000000.0,559000000.0,127564000000.0,27310000000.0,62549000000.0,10862000000.0,33.356724,3.42,104.022,48285605.0,KOPRAN.NS,0.43661769172968395,0.012041014706343483,0.0245567475099522,0
2017-09-30,78.04477464738798,83.43358610711206,60.716982301678485,63.2255744934082,19459408,21161000000.0,559000000.0,127564000000.0,27310000000.0,62549000000.0,10862000000.0,33.356724,3.42,104.022,48285605.0,KOPRAN.NS,0.43661769172968395,0.012041014706343483,0.0245567475099522,0
2017-12-31,64.3869377171934,72.74889238887859,55.46754088207443,62.900367736816406,19492289,21161000000.0,559000000.0,127564000000.0,27310000000.0,62549000000.0,10862000000.0,33.356724,3.42,104.022,48285605.0,KOPRAN.NS,0.43661769172968395,0.012041014706343483,0.0245567475099522,0
2018-03-31,63.272016350287096,76.18658490064666,50.9149216178835,51.14719772338867,29181024,21161000000.0,559000000.0,127564000000.0,27310000000.0,62549000000.0,10862000000.0,33.356724,3.42,104.022,48285605.0,KOPRAN.NS,0.43661769172968395,0.012041014706343483,0.0245567475099522,0
2018-06-30,51.70466380903664,69.35765779348299,44.68992546639116,49.4283561706543,11636002,21161000000.0,559000000.0,127564000000.0,27310000000.0,62549000000.0,10862000000.0,33.356724,3.42,104.022,48285605.0,KOPRAN.NS,0.43661769172968395,0.012041014706343483,0.0245567475099522,0
2018-09-30,49.33544507052897,53.19123339164933,36.374443332259396,37.164180755615234,7572405,21161000000.0,559000000.0,127564000000.0,27310000000.0,62549000000.0,10862000000.0,33.356724,3.42,104.022,48285605.0,KOPRAN.NS,0.43661769172968395,0.012041014706343483,0.0245567475099522,0
2018-12-31,37.164183679936855,40.8341386312661,30.288801794489547,36.049251556396484,5528914,21161000000.0,559000000.0,127564000000.0,27310000000.0,62549000000.0,10862000000.0,33.356724,3.42,104.022,48285605.0,KOPRAN.NS,0.43661769172968395,0.012041014706343483,0.0245567475099522,1
2019-03-31,36.235073153212106,42.738806497575055,32.98321220210743,37.024810791015625,6229303,21161000000.0,559000000.0,127564000000.0,27310000000.0,62549000000.0,10862000000.0,33.356724,3.42,104.022,48285605.0,KOPRAN.NS,0.43661769172968395,0.012041014706343483,0.0245567475099522,0
2019-06-30,38.09328019393848,42.83171077967775,30.660444300809353,34.70205307006836,3236073,21161000000.0,559000000.0,127564000000.0,27310000000.0,62549000000.0,10862000000.0,33.356724,3.42,104.022,48285605.0,KOPRAN.NS,0.43661769172968395,0.012041014706343483,0.0245567475099522,0
2019-09-30,34.00522366511691,35.584703710335724,23.692162950817817,26.47947883605957,2144741,21161000000.0,559000000.0,127564000000.0,27310000000.0,62549000000.0,10862000000.0,33.356724,3.42,104.022,48285605.0,KOPRAN.NS,0.43661769172968395,0.012041014706343483,0.0245567475099522,1
2019-12-31,26.944029503060474,34.37687001598198,22.298508228014796,28.895151138305664,5128514,21161000000.0,559000000.0,127564000000.0,27310000000.0,62549000000.0,10862000000.0,33.356724,3.42,104.022,48285605.0,KOPRAN.NS,0.43661769172968395,0.012041014706343483,0.0245567475099522,0
2020-03-31,29.034515418020714,36.00279736681049,14.029477116517185,23.599252700805664,7356739,21161000000.0,559000000.0,127564000000.0,27310000000.0,62549000000.0,10862000000.0,33.356724,3.42,104.022,48285605.0,KOPRAN.NS,0.43661769172968395,0.012041014706343483,0.0245567475099522,1
2020-06-30,22.995336656066083,37.90746203652632,20.0222014708878,32.65802001953125,10973790,21161000000.0,559000000.0,127564000000.0,27310000000.0,62549000000.0,10862000000.0,33.356724,3.42,104.022,48285605.0,KOPRAN.NS,0.43661769172968395,0.012041014706343483,0.0245567475099522,1
2020-09-30,32.518657310587166,88.31137790552717,29.82425285858042,87.3358154296875,31218670,21161000000.0,559000000.0,127564000000.0,27310000000.0,62549000000.0,10862000000.0,33.356724,3.42,104.022,48285605.0,KOPRAN.NS,0.43661769172968395,0.012041014706343483,0.0245567475099522,1
2020-12-31,88.26493894759133,137.32878964274855,80.55335025730972,130.2742156982422,38044712,21161000000.0,559000000.0,127564000000.0,27310000000.0,62549000000.0,10862000000.0,33.356724,3.42,104.022,48285605.0,KOPRAN.NS,0.43661769172968395,0.012041014706343483,0.0245567475099522,0
2021-03-31,130.2742207577986,134.9772442660121,93.59049797048868,98.81087493896484,20306480,21161000000.0,559000000.0,127564000000.0,27310000000.0,62549000000.0,10862000000.0,33.356724,3.42,104.022,48285605.0,KOPRAN.NS,0.43661769172968395,0.012041014706343483,0.0245567475099522,1
2021-06-30,99.65742808726036,220.10226688252249,98.57573448328917,218.07998657226562,61379736,21161000000.0,559000000.0,127564000000.0,27310000000.0,62549000000.0,10862000000.0,33.356724,3.42,104.022,48285605.0,KOPRAN.NS,0.43661769172968395,0.012041014706343483,0.0245567475099522,0
2021-09-30,228.94398852152256,245.49870113137737,169.03797705033023,192.55752563476562,8854230,21161000000.0,559000000.0,127564000000.0,27310000000.0,62549000000.0,10862000000.0,33.356724,3.42,104.022,48285605.0,KOPRAN.NS,0.43661769172968395,0.012041014706343483,0.0245567475099522,1
2021-12-31,191.65839180355977,350.61659642120605,181.72054908408802,306.41680908203125,22487883,21161000000.0,559000000.0,127564000000.0,27310000000.0,62549000000.0,10862000000.0,33.356724,3.42,104.022,48285605.0,KOPRAN.NS,0.43661769172968395,0.012041014706343483,0.0245567475099522,0
2022-03-31,308.5464001477185,324.54155801080935,236.709962069651,265.9083251953125,11673828,21161000000.0,559000000.0,127564000000.0,27310000000.0,62549000000.0,10862000000.0,33.356724,3.42,104.022,48285605.0,KOPRAN.NS,0.43661769172968395,0.012041014706343483,0.0245567475099522,0
2022-06-30,263.63675943299603,309.9660689573711,165.86733908664561,190.71194458007812,9863164,21161000000.0,559000000.0,127564000000.0,27310000000.0,62549000000.0,10862000000.0,33.356724,3.42,104.022,48285605.0,KOPRAN.NS,0.43661769172968395,0.012041014706343483,0.0245567475099522,0
2022-09-30,190.52264142797782,207.65359435826173,147.00153441671068,151.99766540527344,6279290,21161000000.0,559000000.0,127564000000.0,27310000000.0,62549000000.0,10862000000.0,33.356724,3.42,104.022,48285605.0,KOPRAN.NS,0.43661769172968395,0.012041014706343483,0.0245567475099522,0
2022-12-31,151.51727171705025,186.49017880208962,126.05620826524456,144.9358367919922,13310117,21161000000.0,559000000.0,127564000000.0,27310000000.0,62549000000.0,10862000000.0,33.356724,3.42,104.022,48285605.0,KOPRAN.NS,0.43661769172968395,0.012041014706343483,0.0245567475099522,0
2023-03-31,145.75249748161664,148.39468069733425,92.23625260270185,106.16777038574219,14053272,21161000000.0,559000000.0,127564000000.0,27310000000.0,62549000000.0,10862000000.0,33.356724,3.42,104.022,48285605.0,KOPRAN.NS,0.43661769172968395,0.012041014706343483,0.0245567475099522,1
2023-06-30,107.0805158964628,191.19807707918577,105.39912596420614,179.33226013183594,23636496,21161000000.0,559000000.0,127564000000.0,27310000000.0,62549000000.0,10862000000.0,33.356724,3.42,104.022,48285605.0,KOPRAN.NS,0.43661769172968395,0.012041014706343483,0.0245567475099522,1
2023-09-30,180.29305362374186,243.08095963476168,153.43884326503087,220.57884216308594,42520493,21161000000.0,559000000.0,127564000000.0,27310000000.0,62549000000.0,10862000000.0,33.356724,3.42,104.022,48285605.0,KOPRAN.NS,0.43661769172968395,0.012041014706343483,0.0245567475099522,1
2023-12-31,220.62746862570964,277.8272107249382,180.402833992518,234.6842041015625,31124502,21161000000.0,559000000.0,127564000000.0,27310000000.0,62549000000.0,10862000000.0,33.356724,3.42,104.022,48285605.0,KOPRAN.NS,0.43661769172968395,0.012041014706343483,0.0245567475099522,1
2024-03-31,234.92740857639936,284.3448245156364,205.45203402585625,251.56202697753906,34594038,21161000000.0,559000000.0,127564000000.0,27310000000.0,62549000000.0,10862000000.0,33.356724,3.42,104.022,48285605.0,KOPRAN.NS,0.43661769172968395,0.012041014706343483,0.0245567475099522,0
2024-06-30,251.9511281967418,284.2476067064351,192.6599281856774,246.53269958496094,23420818,21161000000.0,559000000.0,127564000000.0,27310000000.0,62549000000.0,10862000000.0,33.356724,3.42,104.022,48285605.0,KOPRAN.NS,0.43661769172968395,0.012041014706343483,0.0245567475099522,1
2024-09-30,247.52496204116298,363.2845715198202,219.41149412764534,325.5509338378906,68341283,21161000000.0,559000000.0,7474639000.0,1241229000.0,4973103000.0,18841000.0,33.356724,3.42,104.022,48285605.0,KOPRAN.NS,0.24958843603279482,0.012041014706343483,0.0245567475099522,0
2024-12-31,327.0740315570225,331.5942133622644,194.56409819181633,208.10496520996094,32944260,1662429000.0,103951000.0,7474639000.0,1241229000.0,4973103000.0,18841000.0,33.356724,3.42,104.022,48285605.0,KOPRAN.NS,0.24958843603279482,0.012041014706343483,0.0245567475099522,0
2025-03-31,209.1367515867728,215.10140935610926,153.3027507869244,172.1793975830078,8919974,1723631000.0,96773000.0,8440127000.0,1477874000.0,5183479000.0,194728000.0,33.356724,3.42,104.022,48285605.0,KOPRAN.NS,0.28511237336931433,0.011465822729918638,0.018669507487152934,1
2025-06-30,172.17940260791354,210.28644433977888,152.31028268938374,185.2584228515625,17665127,1352162000.0,74493000.0,8440127000.0,1477874000.0,5183479000.0,194728000.0,33.356724,3.42,104.022,48285605.0,KOPRAN.NS,0.28511237336931433,0.011465822729918638,0.018669507487152934,0
2025-09-30,186.2607274159566,186.89999389648438,151.38659250023116,174.36000061035156,15072359,1179093000.0,-99232000.0,8131697000.0,1568317000.0,5010828000.0,305154000.0,33.356724,3.42,104.022,48285605.0,KOPRAN.NS,0.31298559838813067,-0.012203110863574972,-0.019803513511140274,0
2025-12-31,174.36000061035156,184.0,123.11000061035156,150.42999267578125,25594334,1942798000.0,93396000.0,8131697000.0,1568317000.0,5010828000.0,305154000.0,33.356724,3.42,104.022,48285605.0,KOPRAN.NS,0.31298559838813067,-0.012203110863574972,-0.019803513511140274,0
2026-03-31,151.39999389648438,157.85000610351562,110.80000305175781,114.08000183105469,11804764,1942798000.0,93396000.0,8131697000.0,1568317000.0,5010828000.0,305154000.0,33.356724,3.42,104.022,48285605.0,KOPRAN.NS,0.31298559838813067,-0.012203110863574972,-0.019803513511140274,0
2017-09-30,138.8214097659242,154.46604257165603,124.76103319348513,128.12759399414062,1827960,1942798000.0,93396000.0,8131697000.0,1568317000.0,5010828000.0,305154000.0,1.8945947,3.7,11.265,50101239.0,LASA.NS,0.31298559838813067,-0.012203110863574972,-0.019803513511140274,1
2017-12-31,127.83056002208858,186.64647824437918,125.85021855634956,179.17071533203125,4749697,1942798000.0,93396000.0,8131697000.0,1568317000.0,5010828000.0,305154000.0,1.8945947,3.7,11.265,50101239.0,LASA.NS,0.31298559838813067,-0.012203110863574972,-0.019803513511140274,0
2018-03-31,188.08221435546875,211.89572175870367,82.48090769953698,89.26355743408203,10361993,1942798000.0,93396000.0,8131697000.0,1568317000.0,5010828000.0,305154000.0,1.8945947,3.7,11.265,50101239.0,LASA.NS,0.31298559838813067,-0.012203110863574972,-0.019803513511140274,0
2018-06-30,92.67962858642102,106.93803604789402,36.24011007548591,39.458152770996094,8614765,1942798000.0,93396000.0,8131697000.0,1568317000.0,5010828000.0,305154000.0,1.8945947,3.7,11.265,50101239.0,LASA.NS,0.31298559838813067,-0.012203110863574972,-0.019803513511140274,0
2018-09-30,40.89389358419969,45.052597821886465,20.446948355905455,21.041048049926758,3516895,1942798000.0,93396000.0,8131697000.0,1568317000.0,5010828000.0,305154000.0,1.8945947,3.7,11.265,50101239.0,LASA.NS,0.31298559838813067,-0.012203110863574972,-0.019803513511140274,1
2018-12-31,21.04104889239415,29.853532791137695,16.733822044412033,29.853532791137695,2448652,1942798000.0,93396000.0,8131697000.0,1568317000.0,5010828000.0,305154000.0,1.8945947,3.7,11.265,50101239.0,LASA.NS,0.31298559838813067,-0.012203110863574972,-0.019803513511140274,0
2019-03-31,30.200093499255594,36.19060098167091,17.674481138754995,21.684656143188477,1336416,1942798000.0,93396000.0,8131697000.0,1568317000.0,5010828000.0,305154000.0,1.8945947,3.7,11.265,50101239.0,LASA.NS,0.31298559838813067,-0.012203110863574972,-0.019803513511140274,0
2019-06-30,22.0312155932833,26.73450812042855,13.070203668562515,13.614795684814453,2272574,1942798000.0,93396000.0,8131697000.0,1568317000.0,5010828000.0,305154000.0,1.8945947,3.7,11.265,50101239.0,LASA.NS,0.31298559838813067,-0.012203110863574972,-0.019803513511140274,1
2019-09-30,13.565287264839569,18.070546964208837,9.357078496285508,16.88234519958496,1427402,1942798000.0,93396000.0,8131697000.0,1568317000.0,5010828000.0,305154000.0,1.8945947,3.7,11.265,50101239.0,LASA.NS,0.31298559838813067,-0.012203110863574972,-0.019803513511140274,1
2019-12-31,16.981364079468527,19.357762459967734,16.58529764769019,17.723987579345703,1383199,1942798000.0,93396000.0,8131697000.0,1568317000.0,5010828000.0,305154000.0,1.8945947,3.7,11.265,50101239.0,LASA.NS,0.31298559838813067,-0.012203110863574972,-0.019803513511140274,1
2020-03-31,17.228905469709577,48.91425155547354,17.228905469709577,26.93254280090332,3669752,1942798000.0,93396000.0,8131697000.0,1568317000.0,5010828000.0,305154000.0,1.8945947,3.7,11.265,50101239.0,LASA.NS,0.31298559838813067,-0.012203110863574972,-0.019803513511140274,1
2020-06-30,26.98205001692517,57.52869703766908,25.645324225523918,43.46833038330078,5608303,1942798000.0,93396000.0,8131697000.0,1568317000.0,5010828000.0,305154000.0,1.8945947,3.7,11.265,50101239.0,LASA.NS,0.31298559838813067,-0.012203110863574972,-0.019803513511140274,1
2020-09-30,43.468334014308,75.25268704211702,40.59684558893703,66.98480224609375,7044647,1942798000.0,93396000.0,8131697000.0,1568317000.0,5010828000.0,305154000.0,1.8945947,3.7,11.265,50101239.0,LASA.NS,0.31298559838813067,-0.012203110863574972,-0.019803513511140274,1
2020-12-31,66.53921549353566,92.28355791679137,63.02412702162203,83.76812744140625,13978580,1942798000.0,93396000.0,8131697000.0,1568317000.0,5010828000.0,305154000.0,1.8945947,3.7,11.265,50101239.0,LASA.NS,0.31298559838813067,-0.012203110863574972,-0.019803513511140274,0
2021-03-31,84.90681848364311,99.90784856621121,57.42968297632636,59.21198272705078,11084902,1942798000.0,93396000.0,8131697000.0,1568317000.0,5010828000.0,305154000.0,1.8945947,3.7,11.265,50101239.0,LASA.NS,0.31298559838813067,-0.012203110863574972,-0.019803513511140274,1
2021-06-30,60.30117098713342,91.98651323533326,56.934600370849914,80.99565887451172,25697143,1942798000.0,93396000.0,8131697000.0,1568317000.0,5010828000.0,305154000.0,1.8945947,3.7,11.265,50101239.0,LASA.NS,0.31298559838813067,-0.012203110863574972,-0.019803513511140274,0
2021-09-30,80.99566046910788,87.6297772179352,60.004115492303704,76.6038589477539,20753006,1942798000.0,93396000.0,8131697000.0,1568317000.0,5010828000.0,305154000.0,1.8945947,3.7,11.265,50101239.0,LASA.NS,0.31298559838813067,-0.012203110863574972,-0.019803513511140274,0
2021-12-31,76.5044994442583,79.33616024821934,54.4970370741805,68.15855407714844,13797594,1942798000.0,93396000.0,8131697000.0,1568317000.0,5010828000.0,305154000.0,1.8945947,3.7,11.265,50101239.0,LASA.NS,0.31298559838813067,-0.012203110863574972,-0.019803513511140274,0
2022-03-31,69.35083656573381,83.60849268527312,37.45739818012795,41.53101348876953,24913209,1942798000.0,93396000.0,8131697000.0,1568317000.0,5010828000.0,305154000.0,1.8945947,3.7,11.265,50101239.0,LASA.NS,0.31298559838813067,-0.012203110863574972,-0.019803513511140274,0
2022-06-30,41.68004933619748,65.0785035043211,25.08751529404116,25.53462028503418,16147370,1942798000.0,93396000.0,8131697000.0,1568317000.0,5010828000.0,305154000.0,1.8945947,3.7,11.265,50101239.0,LASA.NS,0.31298559838813067,-0.012203110863574972,-0.019803513511140274,1
2022-09-30,25.93204660497262,46.20077212127964,25.93204660497262,37.5,12454227,1942798000.0,93396000.0,8131697000.0,1568317000.0,5010828000.0,305154000.0,1.8945947,3.7,11.265,50101239.0,LASA.NS,0.31298559838813067,-0.012203110863574972,-0.019803513511140274,0
2022-12-31,38.25,38.900001525878906,30.700000762939453,33.650001525878906,3914713,1942798000.0,93396000.0,8131697000.0,1568317000.0,5010828000.0,305154000.0,1.8945947,3.7,11.265,50101239.0,LASA.NS,0.31298559838813067,-0.012203110863574972,-0.019803513511140274,0
2023-03-31,33.5,34.349998474121094,17.100000381469727,18.549999237060547,10990025,1942798000.0,93396000.0,8131697000.0,1568317000.0,5010828000.0,305154000.0,1.8945947,3.7,11.265,50101239.0,LASA.NS,0.31298559838813067,-0.012203110863574972,-0.019803513511140274,1
2023-06-30,18.950000762939453,25.950000762939453,18.350000381469727,22.0,4229535,1942798000.0,93396000.0,8131697000.0,1568317000.0,5010828000.0,305154000.0,1.8945947,3.7,11.265,50101239.0,LASA.NS,0.31298559838813067,-0.012203110863574972,-0.019803513511140274,1
2023-09-30,22.350000381469727,33.79999923706055,20.649999618530273,26.149999618530273,11213208,1942798000.0,93396000.0,8131697000.0,1568317000.0,5010828000.0,305154000.0,1.8945947,3.7,11.265,50101239.0,LASA.NS,0.31298559838813067,-0.012203110863574972,-0.019803513511140274,1
2023-12-31,26.0,33.0,23.799999237060547,29.899999618530273,6684581,1942798000.0,93396000.0,8131697000.0,1568317000.0,5010828000.0,305154000.0,1.8945947,3.7,11.265,50101239.0,LASA.NS,0.31298559838813067,-0.012203110863574972,-0.019803513511140274,0
2024-03-31,30.899999618530273,41.20000076293945,21.5,22.0,13438118,1942798000.0,93396000.0,8131697000.0,1568317000.0,5010828000.0,305154000.0,1.8945947,3.7,11.265,50101239.0,LASA.NS,0.31298559838813067,-0.012203110863574972,-0.019803513511140274,1
2024-06-30,22.25,28.0,19.0,23.139999389648438,2960036,1942798000.0,93396000.0,8131697000.0,1568317000.0,5010828000.0,305154000.0,1.8945947,3.7,11.265,50101239.0,LASA.NS,0.31298559838813067,-0.012203110863574972,-0.019803513511140274,1
2024-09-30,22.559999465942383,33.4900016784668,22.5,28.770000457763672,11113159,393949000.0,-32285000.0,1473266000.0,202380000.0,907162000.0,7345000.0,1.8945947,3.7,11.265,50101239.0,LASA.NS,0.22309135523754303,-0.021913897422461387,-0.03558901276728964,0
2024-12-31,29.34000015258789,30.489999771118164,23.15999984741211,25.440000534057617,2258904,330799000.0,54939000.0,1473266000.0,202380000.0,907162000.0,7345000.0,1.8945947,3.7,11.265,50101239.0,LASA.NS,0.22309135523754303,-0.021913897422461387,-0.03558901276728964,0
2025-03-31,25.059999465942383,31.399999618530273,16.799999237060547,16.850000381469727,5488842,391377000.0,-142911000.0,1015320000.0,21275000.0,837133000.0,2631000.0,1.8945947,3.7,11.265,50101239.0,LASA.NS,0.025414121770375796,-0.14075463893156837,-0.17071480875798709,0
2025-06-30,16.850000381469727,19.3700008392334,8.420000076293945,10.75,13215946,200118000.0,-211192000.0,1015320000.0,21275000.0,837133000.0,2631000.0,1.8945947,3.7,11.265,50101239.0,LASA.NS,0.025414121770375796,-0.14075463893156837,-0.17071480875798709,1
2025-09-30,11.0,14.079999923706055,8.15999984741211,11.319999694824219,8733472,30611000.0,-62520000.0,716031000.0,73384000.0,563421000.0,2883000.0,1.8945947,3.7,11.265,50101239.0,LASA.NS,0.13024718638460406,-0.08731465537106634,-0.11096498000607007,0
2025-12-31,11.5,12.199999809265137,8.510000228881836,9.4399995803833,2380990,30611000.0,-62520000.0,716031000.0,73384000.0,563421000.0,2883000.0,1.8945947,3.7,11.265,50101239.0,LASA.NS,0.13024718638460406,-0.08731465537106634,-0.11096498000607007,0
2026-03-31,10.380000114440918,12.479999542236328,6.909999847412109,7.010000228881836,3846076,30611000.0,-62520000.0,716031000.0,73384000.0,563421000.0,2883000.0,1.8945947,3.7,11.265,50101239.0,LASA.NS,0.13024718638460406,-0.08731465537106634,-0.11096498000607007,0
2016-12-31,94.51468005696525,96.25105296408313,87.24138935617796,92.76872253417969,130066140,30611000.0,-62520000.0,716031000.0,73384000.0,563421000.0,2883000.0,61.628204,15.6,88.975,539856582.0,LAURUSLABS.NS,0.13024718638460406,-0.08731465537106634,-0.11096498000607007,1
2017-03-31,92.99060332511539,112.86202720171772,89.28638616267693,99.58866882324219,79819175,30611000.0,-62520000.0,716031000.0,73384000.0,563421000.0,2883000.0,61.628204,15.6,88.975,539856582.0,LAURUSLABS.NS,0.13024718638460406,-0.08731465537106634,-0.11096498000607007,1
2017-06-30,99.74301672549873,122.41187060661156,96.9455705247181,118.67875671386719,49552755,30611000.0,-62520000.0,716031000.0,73384000.0,563421000.0,2883000.0,61.628204,15.6,88.975,539856582.0,LAURUSLABS.NS,0.13024718638460406,-0.08731465537106634,-0.11096498000607007,0
2017-09-30,119.03566987467933,123.76997709760614,81.01130598746789,98.07803344726562,28353955,30611000.0,-62520000.0,716031000.0,73384000.0,563421000.0,2883000.0,61.628204,15.6,88.975,539856582.0,LAURUSLABS.NS,0.13024718638460406,-0.08731465537106634,-0.11096498000607007,1
2017-12-31,100.94990161529051,112.1472160076013,96.50191053451098,104.99175262451172,31791490,30611000.0,-62520000.0,716031000.0,73384000.0,563421000.0,2883000.0,61.628204,15.6,88.975,539856582.0,LAURUSLABS.NS,0.13024718638460406,-0.08731465537106634,-0.11096498000607007,0
2018-03-31,105.97803491687263,109.2656764682403,94.99345669516282,97.24644470214844,23562520,30611000.0,-62520000.0,716031000.0,73384000.0,563421000.0,2883000.0,61.628204,15.6,88.975,539856582.0,LAURUSLABS.NS,0.13024718638460406,-0.08731465537106634,-0.11096498000607007,0
2018-06-30,97.70092868296473,100.56311413111482,84.52137015129739,89.62162017822266,26925420,30611000.0,-62520000.0,716031000.0,73384000.0,563421000.0,2883000.0,61.628204,15.6,88.975,539856582.0,LAURUSLABS.NS,0.13024718638460406,-0.08731465537106634,-0.11096498000607007,0
2018-09-30,89.71865585735732,97.6156169735239,80.48290630559174,83.95601654052734,29429050,30611000.0,-62520000.0,716031000.0,73384000.0,563421000.0,2883000.0,61.628204,15.6,88.975,539856582.0,LAURUSLABS.NS,0.13024718638460406,-0.08731465537106634,-0.11096498000607007,0
2018-12-31,83.23810843808322,84.40227677853305,64.0875126411555,73.6434326171875,13411855,30611000.0,-62520000.0,716031000.0,73384000.0,563421000.0,2883000.0,61.628204,15.6,88.975,539856582.0,LAURUSLABS.NS,0.13024718638460406,-0.08731465537106634,-0.11096498000607007,1
2019-03-31,73.54639929148983,78.77544469452583,62.35096210249315,78.6396255493164,40435240,30611000.0,-62520000.0,716031000.0,73384000.0,563421000.0,2883000.0,61.628204,15.6,88.975,539856582.0,LAURUSLABS.NS,0.13024718638460406,-0.08731465537106634,-0.11096498000607007,0
2019-06-30,78.3291806213583,79.26052307997055,62.477078811563395,65.32929229736328,13193045,30611000.0,-62520000.0,716031000.0,73384000.0,563421000.0,2883000.0,61.628204,15.6,88.975,539856582.0,LAURUSLABS.NS,0.13024718638460406,-0.08731465537106634,-0.11096498000607007,1
2019-09-30,65.49421452527297,73.43989212060083,61.19342256525732,72.94302368164062,9443440,30611000.0,-62520000.0,716031000.0,73384000.0,563421000.0,2883000.0,61.628204,15.6,88.975,539856582.0,LAURUSLABS.NS,0.13024718638460406,-0.08731465537106634,-0.11096498000607007,0
2019-12-31,72.29024877245014,81.60421573332674,59.09875358597933,70.09817504882812,35741885,30611000.0,-62520000.0,716031000.0,73384000.0,563421000.0,2883000.0,61.628204,15.6,88.975,539856582.0,LAURUSLABS.NS,0.13024718638460406,-0.08731465537106634,-0.11096498000607007,0
2020-03-31,69.75717679975409,89.62239863313243,57.48148240080868,63.55065155029297,53816445,30611000.0,-62520000.0,716031000.0,73384000.0,563421000.0,2883000.0,61.628204,15.6,88.975,539856582.0,LAURUSLABS.NS,0.13024718638460406,-0.08731465537106634,-0.11096498000607007,1
2020-06-30,64.17676873245804,115.00946032785791,61.83861608565303,101.63603973388672,444792760,30611000.0,-62520000.0,716031000.0,73384000.0,563421000.0,2883000.0,61.628204,15.6,88.975,539856582.0,LAURUSLABS.NS,0.13024718638460406,-0.08731465537106634,-0.11096498000607007,1
2020-09-30,102.80247473656743,303.85928973086766,101.22436593216305,281.4619445800781,686079437,30611000.0,-62520000.0,716031000.0,73384000.0,563421000.0,2883000.0,61.628204,15.6,88.975,539856582.0,LAURUSLABS.NS,0.13024718638460406,-0.08731465537106634,-0.11096498000607007,1
2020-12-31,286.21588505492133,359.59388854525355,247.75842490589017,347.2059020996094,303770697,30611000.0,-62520000.0,716031000.0,73384000.0,563421000.0,2883000.0,61.628204,15.6,88.975,539856582.0,LAURUSLABS.NS,0.13024718638460406,-0.08731465537106634,-0.11096498000607007,1
2021-03-31,348.82812037011445,379.3555080537548,327.44426458845055,356.3240051269531,182499006,30611000.0,-62520000.0,716031000.0,73384000.0,563421000.0,2883000.0,61.628204,15.6,88.975,539856582.0,LAURUSLABS.NS,0.13024718638460406,-0.08731465537106634,-0.11096498000607007,1
2021-06-30,356.3240199997494,687.980482031934,355.83185975113093,678.95947265625,264164200,30611000.0,-62520000.0,716031000.0,73384000.0,563421000.0,2883000.0,61.628204,15.6,88.975,539856582.0,LAURUSLABS.NS,0.13024718638460406,-0.08731465537106634,-0.11096498000607007,0
2021-09-30,681.2762694763046,713.5653769448336,578.986171674986,607.775390625,180684446,30611000.0,-62520000.0,716031000.0,73384000.0,563421000.0,2883000.0,61.628204,15.6,88.975,539856582.0,LAURUSLABS.NS,0.13024718638460406,-0.08731465537106634,-0.11096498000607007,0
2021-12-31,610.0922380279053,653.6702628669559,444.653522265994,532.182861328125,182712972,30611000.0,-62520000.0,716031000.0,73384000.0,563421000.0,2883000.0,61.628204,15.6,88.975,539856582.0,LAURUSLABS.NS,0.13024718638460406,-0.08731465537106634,-0.11096498000607007,1
2022-03-31,536.7254477642953,606.2479399267642,434.51554938534696,582.7446899414062,159191033,30611000.0,-62520000.0,716031000.0,73384000.0,563421000.0,2883000.0,61.628204,15.6,88.975,539856582.0,LAURUSLABS.NS,0.13024718638460406,-0.08731465537106634,-0.11096498000607007,0
2022-06-30,582.6459511966297,618.4935457021486,432.31156801194703,459.92486572265625,84713891,30611000.0,-62520000.0,716031000.0,73384000.0,563421000.0,2883000.0,61.628204,15.6,88.975,539856582.0,LAURUSLABS.NS,0.13024718638460406,-0.08731465537106634,-0.11096498000607007,1
2022-09-30,459.23206751110223,599.2780802290634,454.7783082356713,507.7284851074219,89064588,30611000.0,-62520000.0,716031000.0,73384000.0,563421000.0,2883000.0,61.628204,15.6,88.975,539856582.0,LAURUSLABS.NS,0.13024718638460406,-0.08731465537106634,-0.11096498000607007,0
2022-12-31,504.75943796428595,528.0179352781346,365.4742673953501,372.0174255371094,122851719,30611000.0,-62520000.0,716031000.0,73384000.0,563421000.0,2883000.0,61.628204,15.6,88.975,539856582.0,LAURUSLABS.NS,0.13024718638460406,-0.08731465537106634,-0.11096498000607007,0
2023-03-31,373.70278638188114,382.6748370570684,283.53628977327713,290.4264221191406,79072949,30611000.0,-62520000.0,716031000.0,73384000.0,563421000.0,2883000.0,61.628204,15.6,88.975,539856582.0,LAURUSLABS.NS,0.13024718638460406,-0.08731465537106634,-0.11096498000607007,1
2023-06-30,292.5083263945197,373.0597730882349,276.4478889684062,364.8016052246094,182268741,30611000.0,-62520000.0,716031000.0,73384000.0,563421000.0,2883000.0,61.628204,15.6,88.975,539856582.0,LAURUSLABS.NS,0.13024718638460406,-0.08731465537106634,-0.11096498000607007,1
2023-09-30,366.1447706035539,415.8927390624771,326.49566166456555,393.4066467285156,164551251,30611000.0,-62520000.0,716031000.0,73384000.0,563421000.0,2883000.0,61.628204,15.6,88.975,539856582.0,LAURUSLABS.NS,0.13024718638460406,-0.08731465537106634,-0.11096498000607007,1
2023-12-31,393.40666653081604,437.0251497712134,347.6385613806612,428.5087585449219,129620883,30611000.0,-62520000.0,716031000.0,73384000.0,563421000.0,2883000.0,61.628204,15.6,88.975,539856582.0,LAURUSLABS.NS,0.13024718638460406,-0.08731465537106634,-0.11096498000607007,0
2024-03-31,429.30563589670663,442.9517878912314,359.4314061266348,390.80755615234375,121959617,30611000.0,-62520000.0,716031000.0,73384000.0,563421000.0,2883000.0,61.628204,15.6,88.975,539856582.0,LAURUSLABS.NS,0.13024718638460406,-0.08731465537106634,-0.11096498000607007,1
2024-06-30,392.94912130460557,469.1483944632413,384.29265513532346,423.2752685546875,122407466,30611000.0,-62520000.0,716031000.0,73384000.0,563421000.0,2883000.0,61.628204,15.6,88.975,539856582.0,LAURUSLABS.NS,0.13024718638460406,-0.08731465537106634,-0.11096498000607007,1
2024-09-30,427.61221112601646,516.4446471856072,412.7569423839255,462.2080078125,174404791,12237000000.0,198400000.0,87292800000.0,27890300000.0,41339400000.0,432200000.0,61.628204,15.6,88.975,539856582.0,LAURUSLABS.NS,0.6746662989786983,0.002272810586898347,0.00479929558726058,1
2024-12-31,461.5599599712075,603.377645413842,425.76770512037444,601.3820190429688,164278871,14150500000.0,923000000.0,87292800000.0,27890300000.0,41339400000.0,432200000.0,61.628204,15.6,88.975,539856582.0,LAURUSLABS.NS,0.6746662989786983,0.002272810586898347,0.00479929558726058,1
2025-03-31,603.7268546487203,644.7869406163168,500.0540633614777,612.0586547851562,181705418,16742000000.0,2336700000.0,93355700000.0,27637300000.0,44725600000.0,995400000.0,61.628204,15.6,88.975,539856582.0,LAURUSLABS.NS,0.617930223406729,0.025030073150327188,0.05224524657019693,1
2025-06-30,609.6638470307605,726.400632219322,516.5180703004378,724.2523803710938,134430612,15695700000.0,1630200000.0,93355700000.0,27637300000.0,44725600000.0,995400000.0,61.628204,15.6,88.975,539856582.0,LAURUSLABS.NS,0.617930223406729,0.025030073150327188,0.05224524657019693,1
2025-09-30,729.398120783099,943.2216950683252,720.4554877902299,841.10595703125,146308750,15695700000.0,1630200000.0,93355700000.0,27637300000.0,44725600000.0,995400000.0,61.628204,15.6,88.975,539856582.0,LAURUSLABS.NS,0.617930223406729,0.025030073150327188,0.05224524657019693,1
2025-12-31,844.3033274379345,1119.0,842.3049859405073,1108.0,117393595,17782900000.0,2516600000.0,93355700000.0,27637300000.0,44725600000.0,995400000.0,61.628204,15.6,88.975,539856582.0,LAURUSLABS.NS,0.617930223406729,0.025030073150327188,0.05224524657019693,0
2026-03-31,1108.0,1141.0,917.9500122070312,961.4000244140625,98714512,17782900000.0,2516600000.0,93355700000.0,27637300000.0,44725600000.0,995400000.0,61.628204,15.6,88.975,539856582.0,LAURUSLABS.NS,0.617930223406729,0.025030073150327188,0.05224524657019693,0
2016-03-31,141.99013813469114,157.88278705388328,140.4246110451962,149.34344482421875,1359643,17782900000.0,2516600000.0,93355700000.0,27637300000.0,44725600000.0,995400000.0,13.38923,43.83,357.454,20029728.0,LINCOLN.NS,0.617930223406729,0.025030073150327188,0.05224524657019693,0
2016-06-30,149.43835556297032,157.02886449510805,120.78414628276333,142.3697052001953,5100832,17782900000.0,2516600000.0,93355700000.0,27637300000.0,44725600000.0,995400000.0,13.38923,43.83,357.454,20029728.0,LINCOLN.NS,0.617930223406729,0.025030073150327188,0.05224524657019693,1
2016-09-30,144.03011439556136,242.73569487715048,140.9464657633148,214.57928466796875,23018720,17782900000.0,2516600000.0,93355700000.0,27637300000.0,44725600000.0,995400000.0,13.38923,43.83,357.454,20029728.0,LINCOLN.NS,0.617930223406729,0.025030073150327188,0.05224524657019693,0
2016-12-31,216.7231907855979,239.06724911429004,160.9344668896066,177.22802734375,5471482,17782900000.0,2516600000.0,93355700000.0,27637300000.0,44725600000.0,995400000.0,13.38923,43.83,357.454,20029728.0,LINCOLN.NS,0.617930223406729,0.025030073150327188,0.05224524657019693,1
2017-03-31,177.13274574258628,244.68896093316903,175.8940668035831,224.67938232421875,9043004,17782900000.0,2516600000.0,93355700000.0,27637300000.0,44725600000.0,995400000.0,13.38923,43.83,357.454,20029728.0,LINCOLN.NS,0.617930223406729,0.025030073150327188,0.05224524657019693,0
2017-06-30,226.63271936961377,230.77755951708153,161.12503336144775,176.4180908203125,3660721,17782900000.0,2516600000.0,93355700000.0,27637300000.0,44725600000.0,995400000.0,13.38923,43.83,357.454,20029728.0,LINCOLN.NS,0.617930223406729,0.025030073150327188,0.05224524657019693,0
2017-09-30,176.37047521338678,192.85454467872674,138.16162644272237,154.19912719726562,2735718,17782900000.0,2516600000.0,93355700000.0,27637300000.0,44725600000.0,995400000.0,13.38923,43.83,357.454,20029728.0,LINCOLN.NS,0.617930223406729,0.025030073150327188,0.05224524657019693,1
2017-12-31,164.99064072879042,234.87187746997623,158.27591855301816,227.38975524902344,7369513,17782900000.0,2516600000.0,93355700000.0,27637300000.0,44725600000.0,995400000.0,13.38923,43.83,357.454,20029728.0,LINCOLN.NS,0.617930223406729,0.025030073150327188,0.05224524657019693,0
2018-03-31,229.02045786801017,263.69727887252424,196.59785288712806,204.12796020507812,7958894,17782900000.0,2516600000.0,93355700000.0,27637300000.0,44725600000.0,995400000.0,13.38923,43.83,357.454,20029728.0,LINCOLN.NS,0.617930223406729,0.025030073150327188,0.05224524657019693,0
2018-06-30,206.28630596798698,236.74241767400866,193.00067701550807,200.5308074951172,2290295,17782900000.0,2516600000.0,93355700000.0,27637300000.0,44725600000.0,995400000.0,13.38923,43.83,357.454,20029728.0,LINCOLN.NS,0.617930223406729,0.025030073150327188,0.05224524657019693,1
2018-09-30,199.90729113265687,301.5875872372775,181.24991839855764,223.2388458251953,13527075,17782900000.0,2516600000.0,93355700000.0,27637300000.0,44725600000.0,995400000.0,13.38923,43.83,357.454,20029728.0,LINCOLN.NS,0.617930223406729,0.025030073150327188,0.05224524657019693,0
2018-12-31,217.45423869360675,265.99700504941336,184.2407793914554,216.63473510742188,5632988,17782900000.0,2516600000.0,93355700000.0,27637300000.0,44725600000.0,995400000.0,13.38923,43.83,357.454,20029728.0,LINCOLN.NS,0.617930223406729,0.025030073150327188,0.05224524657019693,0
2019-03-31,216.53833098416618,221.74450032474266,151.46113866260586,207.7649688720703,3302624,17782900000.0,2516600000.0,93355700000.0,27637300000.0,44725600000.0,995400000.0,13.38923,43.83,357.454,20029728.0,LINCOLN.NS,0.617930223406729,0.025030073150327188,0.05224524657019693,0
2019-06-30,203.37828098600622,209.50036367985203,149.72576194119068,157.10118103027344,1074179,17782900000.0,2516600000.0,93355700000.0,27637300000.0,44725600000.0,995400000.0,13.38923,43.83,357.454,20029728.0,LINCOLN.NS,0.617930223406729,0.025030073150327188,0.05224524657019693,0
2019-09-30,156.18525958152725,174.96583815617316,119.88665815303835,151.11131286621094,1267120,17782900000.0,2516600000.0,93355700000.0,27637300000.0,44725600000.0,995400000.0,13.38923,43.83,357.454,20029728.0,LINCOLN.NS,0.617930223406729,0.025030073150327188,0.05224524657019693,1
2019-12-31,151.89021466633946,211.18583744273963,138.79457672085533,199.69671630859375,5249139,17782900000.0,2516600000.0,93355700000.0,27637300000.0,44725600000.0,995400000.0,13.38923,43.83,357.454,20029728.0,LINCOLN.NS,0.617930223406729,0.025030073150327188,0.05224524657019693,0
2020-03-31,200.96244666639475,213.03578882457597,83.59356916969769,127.03665161132812,4789068,17782900000.0,2516600000.0,93355700000.0,27637300000.0,44725600000.0,995400000.0,13.38923,43.83,357.454,20029728.0,LINCOLN.NS,0.617930223406729,0.025030073150327188,0.05224524657019693,1
2020-06-30,124.92347698340981,180.65252997437867,116.0284663770354,157.30923461914062,5640311,17782900000.0,2516600000.0,93355700000.0,27637300000.0,44725600000.0,995400000.0,13.38923,43.83,357.454,20029728.0,LINCOLN.NS,0.617930223406729,0.025030073150327188,0.05224524657019693,1
2020-09-30,159.12753380905647,278.59608181892577,154.45887529090794,255.9899444580078,21868038,17782900000.0,2516600000.0,93355700000.0,27637300000.0,44725600000.0,995400000.0,13.38923,43.83,357.454,20029728.0,LINCOLN.NS,0.617930223406729,0.025030073150327188,0.05224524657019693,0
2020-12-31,260.3637271203887,260.3637271203887,202.47236980560047,238.93704223632812,7197682,17782900000.0,2516600000.0,93355700000.0,27637300000.0,44725600000.0,995400000.0,13.38923,43.83,357.454,20029728.0,LINCOLN.NS,0.617930223406729,0.025030073150327188,0.05224524657019693,0
2021-03-31,239.7233357517104,255.49852002987808,211.31824948372096,220.9995574951172,8997728,17782900000.0,2516600000.0,93355700000.0,27637300000.0,44725600000.0,995400000.0,13.38923,43.83,357.454,20029728.0,LINCOLN.NS,0.617930223406729,0.025030073150327188,0.05224524657019693,1
2021-06-30,222.71960302255889,357.71752026027366,221.6384455052744,345.3824157714844,25511725,17782900000.0,2516600000.0,93355700000.0,27637300000.0,44725600000.0,995400000.0,13.38923,43.83,357.454,20029728.0,LINCOLN.NS,0.617930223406729,0.025030073150327188,0.05224524657019693,1
2021-09-30,347.3482233791495,409.1571957741646,301.44798618310125,405.7532958984375,18274188,17782900000.0,2516600000.0,93355700000.0,27637300000.0,44725600000.0,995400000.0,13.38923,43.83,357.454,20029728.0,LINCOLN.NS,0.617930223406729,0.025030073150327188,0.05224524657019693,0
2021-12-31,402.3000606432585,402.3000606432585,304.8699570198206,353.461669921875,7568577,17782900000.0,2516600000.0,93355700000.0,27637300000.0,44725600000.0,995400000.0,13.38923,43.83,357.454,20029728.0,LINCOLN.NS,0.617930223406729,0.025030073150327188,0.05224524657019693,0
2022-03-31,354.0043207215669,379.8541433940001,282.1773418405846,306.4485778808594,4606907,17782900000.0,2516600000.0,93355700000.0,27637300000.0,44725600000.0,995400000.0,13.38923,43.83,357.454,20029728.0,LINCOLN.NS,0.617930223406729,0.025030073150327188,0.05224524657019693,0
2022-06-30,311.28306473501954,359.1348355260967,251.59168552534766,290.0211181640625,2937544,17782900000.0,2516600000.0,93355700000.0,27637300000.0,44725600000.0,995400000.0,13.38923,43.83,357.454,20029728.0,LINCOLN.NS,0.617930223406729,0.025030073150327188,0.05224524657019693,0
2022-09-30,292.2903688128714,324.6026164935389,272.7290036919716,282.3966979980469,1992953,17782900000.0,2516600000.0,93355700000.0,27637300000.0,44725600000.0,995400000.0,13.38923,43.83,357.454,20029728.0,LINCOLN.NS,0.617930223406729,0.025030073150327188,0.05224524657019693,1
2022-12-31,283.28916575022606,375.8513770809618,280.6615032601962,352.5497131347656,4225405,17782900000.0,2516600000.0,93355700000.0,27637300000.0,44725600000.0,995400000.0,13.38923,43.83,357.454,20029728.0,LINCOLN.NS,0.617930223406729,0.025030073150327188,0.05224524657019693,0
2023-03-31,356.96215277724804,362.9115219902022,297.4684948008146,336.3872375488281,3234388,17782900000.0,2516600000.0,93355700000.0,27637300000.0,44725600000.0,995400000.0,13.38923,43.83,357.454,20029728.0,LINCOLN.NS,0.617930223406729,0.025030073150327188,0.05224524657019693,1
2023-06-30,341.39465164088426,452.4495710695875,337.2301110175743,400.7395935058594,8690448,17782900000.0,2516600000.0,93355700000.0,27637300000.0,44725600000.0,995400000.0,13.38923,43.83,357.454,20029728.0,LINCOLN.NS,0.617930223406729,0.025030073150327188,0.05224524657019693,1
2023-09-30,402.524415326059,538.6658278789107,388.6425606763587,519.2040405273438,8715139,17782900000.0,2516600000.0,93355700000.0,27637300000.0,44725600000.0,995400000.0,13.38923,43.83,357.454,20029728.0,LINCOLN.NS,0.617930223406729,0.025030073150327188,0.05224524657019693,1
2023-12-31,524.0271161832659,701.0398844996928,469.38193983775574,606.1192626953125,9137193,17782900000.0,2516600000.0,93355700000.0,27637300000.0,44725600000.0,995400000.0,13.38923,43.83,357.454,20029728.0,LINCOLN.NS,0.617930223406729,0.025030073150327188,0.05224524657019693,0
2024-03-31,622.5277144515776,750.9614243984153,551.9215661410628,582.79931640625,7001252,17782900000.0,2516600000.0,93355700000.0,27637300000.0,44725600000.0,995400000.0,13.38923,43.83,357.454,20029728.0,LINCOLN.NS,0.617930223406729,0.025030073150327188,0.05224524657019693,1
2024-06-30,578.0756307865977,637.4444886452764,531.8336246617398,609.5004272460938,3161636,17782900000.0,2516600000.0,93355700000.0,27637300000.0,44725600000.0,995400000.0,13.38923,43.83,357.454,20029728.0,LINCOLN.NS,0.617930223406729,0.025030073150327188,0.05224524657019693,1
2024-09-30,613.5776181585226,807.3468864101995,601.5448460561793,668.040771484375,6745505,17782900000.0,2516600000.0,7797926000.0,13554000.0,6392631000.0,101349000.0,13.38923,43.83,357.454,20029728.0,LINCOLN.NS,0.002120253773446332,0.025030073150327188,0.05224524657019693,1
2024-12-31,661.3623892772564,976.344308418954,605.0444146149713,785.2619018554688,9877294,1465517000.0,207694000.0,7797926000.0,13554000.0,6392631000.0,101349000.0,13.38923,43.83,357.454,20029728.0,LINCOLN.NS,0.002120253773446332,0.025030073150327188,0.05224524657019693,0
2025-03-31,789.2489787706363,866.2002713816429,497.3923557383642,549.7232055664062,4883951,1602005000.0,115750000.0,7970059000.0,13554000.0,6716686000.0,134138000.0,13.38923,43.83,357.454,20029728.0,LINCOLN.NS,0.002120253773446332,0.014523104534106962,0.01723320101609633,1
2025-06-30,552.76336401477,626.9735223026023,499.38591002044524,563.9273071289062,3709433,1540667000.0,276752000.0,7970059000.0,13554000.0,6716686000.0,134138000.0,13.38923,43.83,357.454,20029728.0,LINCOLN.NS,0.002120253773446332,0.014523104534106962,0.01723320101609633,0
2025-09-30,564.9241004656184,622.3883733724404,521.3150329057792,532.2000122070312,7540573,1633639000.0,199840000.0,8545090000.0,668000.0,7157682000.0,202790000.0,13.38923,43.83,357.454,20029728.0,LINCOLN.NS,9.332630312439139e-05,0.023386529574293543,0.027919653317931697,0
2025-12-31,531.0,545.0,464.3999938964844,483.95001220703125,1222227,1663220000.0,286000000.0,8545090000.0,668000.0,7157682000.0,202790000.0,13.38923,43.83,357.454,20029728.0,LINCOLN.NS,9.332630312439139e-05,0.023386529574293543,0.027919653317931697,1
2026-03-31,485.20001220703125,677.0,440.0,586.8499755859375,3861503,1663220000.0,286000000.0,8545090000.0,668000.0,7157682000.0,202790000.0,13.38923,43.83,357.454,20029728.0,LINCOLN.NS,9.332630312439139e-05,0.023386529574293543,0.027919653317931697,0
2016-03-31,1472.9430104024907,1472.9430104024907,1209.3825387593151,1397.6400146484375,34106229,1663220000.0,286000000.0,8545090000.0,668000.0,7157682000.0,202790000.0,22.629816,101.49,429.868,457043219.0,LUPIN.NS,9.332630312439139e-05,0.023386529574293543,0.027919653317931697,1
2016-06-30,1394.4747201413443,1595.8181160770023,1318.038115187041,1454.7548828125,86068735,1663220000.0,286000000.0,8545090000.0,668000.0,7157682000.0,202790000.0,22.629816,101.49,429.868,457043219.0,LUPIN.NS,9.332630312439139e-05,0.023386529574293543,0.027919653317931697,0
2016-09-30,1459.7625499107887,1660.7741145964412,1380.8152027790427,1410.471923828125,71536794,1663220000.0,286000000.0,8545090000.0,668000.0,7157682000.0,202790000.0,22.629816,101.49,429.868,457043219.0,LUPIN.NS,9.332630312439139e-05,0.023386529574293543,0.027919653317931697,1
2016-12-31,1410.4718108759,1485.2065491262274,1312.1064144166112,1411.135986328125,57756187,1663220000.0,286000000.0,8545090000.0,668000.0,7157682000.0,202790000.0,22.629816,101.49,429.868,457043219.0,LUPIN.NS,9.332630312439139e-05,0.023386529574293543,0.027919653317931697,0
2017-03-31,1412.1326646293376,1493.3681402508103,1352.0600911185616,1371.5147705078125,54018007,1663220000.0,286000000.0,8545090000.0,668000.0,7157682000.0,202790000.0,22.629816,101.49,429.868,457043219.0,LUPIN.NS,9.332630312439139e-05,0.023386529574293543,0.027919653317931697,0
2017-06-30,1376.0699127817556,1382.7607220230875,994.1869809010271,1005.8124389648438,94273385,1663220000.0,286000000.0,8545090000.0,668000.0,7157682000.0,202790000.0,22.629816,101.49,429.868,457043219.0,LUPIN.NS,9.332630312439139e-05,0.023386529574293543,0.027919653317931697,0
2017-09-30,1009.7506774352478,1122.6480548117593,876.5196666932734,968.6566772460938,121762442,1663220000.0,286000000.0,8545090000.0,668000.0,7157682000.0,202790000.0,22.629816,101.49,429.868,457043219.0,LUPIN.NS,9.332630312439139e-05,0.023386529574293543,0.027919653317931697,0
2017-12-31,974.3883092170707,1041.2581059950394,770.1966670097938,845.5206909179688,138408164,1663220000.0,286000000.0,8545090000.0,668000.0,7157682000.0,202790000.0,22.629816,101.49,429.868,457043219.0,LUPIN.NS,9.332630312439139e-05,0.023386529574293543,0.027919653317931697,0
2018-03-31,849.7239346540653,926.6241829683092,694.5859448099238,702.9447021484375,96369516,1663220000.0,286000000.0,8545090000.0,668000.0,7157682000.0,202790000.0,22.629816,101.49,429.868,457043219.0,LUPIN.NS,9.332630312439139e-05,0.023386529574293543,0.027919653317931697,1
2018-06-30,709.583973926023,883.1588799166735,691.2904251861663,863.3844604492188,149336656,1663220000.0,286000000.0,8545090000.0,668000.0,7157682000.0,202790000.0,22.629816,101.49,429.868,457043219.0,LUPIN.NS,9.332630312439139e-05,0.023386529574293543,0.027919653317931697,1
2018-09-30,864.0531393905159,947.8172675655749,751.9507796267045,865.9730224609375,218944330,1663220000.0,286000000.0,8545090000.0,668000.0,7157682000.0,202790000.0,22.629816,101.49,429.868,457043219.0,LUPIN.NS,9.332630312439139e-05,0.023386529574293543,0.027919653317931697,0
2018-12-31,870.3943470148772,879.3813987310922,771.1528517147827,811.522216796875,120544197,1663220000.0,286000000.0,8545090000.0,668000.0,7157682000.0,202790000.0,22.629816,101.49,429.868,457043219.0,LUPIN.NS,9.332630312439139e-05,0.023386529574293543,0.027919653317931697,0
2019-03-31,815.7514970645599,854.1506293572905,691.8555987270815,696.7095336914062,109224123,1663220000.0,286000000.0,8545090000.0,668000.0,7157682000.0,202790000.0,22.629816,101.49,429.868,457043219.0,LUPIN.NS,9.332630312439139e-05,0.023386529574293543,0.027919653317931697,1
2019-06-30,711.2714789060288,849.6810771188095,670.1330577265594,725.4487915039062,113849888,1663220000.0,286000000.0,8545090000.0,668000.0,7157682000.0,202790000.0,22.629816,101.49,429.868,457043219.0,LUPIN.NS,9.332630312439139e-05,0.023386529574293543,0.027919653317931697,0
2019-09-30,728.5726527412345,769.083418744168,679.1634303289123,692.3684692382812,81535286,1663220000.0,286000000.0,8545090000.0,668000.0,7157682000.0,202790000.0,22.629816,101.49,429.868,457043219.0,LUPIN.NS,9.332630312439139e-05,0.023386529574293543,0.027919653317931697,1
2019-12-31,692.658750181213,788.4313671828844,625.230869997188,738.5618896484375,90708929,1663220000.0,286000000.0,8545090000.0,668000.0,7157682000.0,202790000.0,22.629816,101.49,429.868,457043219.0,LUPIN.NS,9.332630312439139e-05,0.023386529574293543,0.027919653317931697,0
2020-03-31,740.3515363222944,760.8604458968019,488.2953849068419,570.4276733398438,126170919,1663220000.0,286000000.0,8545090000.0,668000.0,7157682000.0,202790000.0,22.629816,101.49,429.868,457043219.0,LUPIN.NS,9.332630312439139e-05,0.023386529574293543,0.027919653317931697,1
2020-06-30,570.6211929794221,924.8348370394649,556.6906604334656,882.0758056640625,243689316,1663220000.0,286000000.0,8545090000.0,668000.0,7157682000.0,202790000.0,22.629816,101.49,429.868,457043219.0,LUPIN.NS,9.332630312439139e-05,0.023386529574293543,0.027919653317931697,1
2020-09-30,880.382701003553,1092.7899572342278,801.3945250250727,980.9112548828125,279463655,1663220000.0,286000000.0,8545090000.0,668000.0,7157682000.0,202790000.0,22.629816,101.49,429.868,457043219.0,LUPIN.NS,9.332630312439139e-05,0.023386529574293543,0.027919653317931697,0
2020-12-31,1003.8906833811809,1059.1972508938063,832.8592048045078,951.16455078125,223112770,1663220000.0,286000000.0,8545090000.0,668000.0,7157682000.0,202790000.0,22.629816,101.49,429.868,457043219.0,LUPIN.NS,9.332630312439139e-05,0.023386529574293543,0.027919653317931697,1
2021-03-31,952.2355934543062,1084.0266701531311,949.363139816238,993.6181030273438,161784952,1663220000.0,286000000.0,8545090000.0,668000.0,7157682000.0,202790000.0,22.629816,101.49,429.868,457043219.0,LUPIN.NS,9.332630312439139e-05,0.023386529574293543,0.027919653317931697,1
2021-06-30,1005.8380843685339,1234.318212439527,980.7652227689883,1118.88525390625,162147534,1663220000.0,286000000.0,8545090000.0,668000.0,7157682000.0,202790000.0,22.629816,101.49,429.868,457043219.0,LUPIN.NS,9.332630312439139e-05,0.023386529574293543,0.027919653317931697,0
2021-09-30,1117.814241395065,1160.219199658811,892.9732931726908,931.7471313476562,107756123,1663220000.0,286000000.0,8545090000.0,668000.0,7157682000.0,202790000.0,22.629816,101.49,429.868,457043219.0,LUPIN.NS,9.332630312439139e-05,0.023386529574293543,0.027919653317931697,0
2021-12-31,926.2639167921075,959.4567188937361,835.6937226842756,930.9148559570312,85404785,1663220000.0,286000000.0,8545090000.0,668000.0,7157682000.0,202790000.0,22.629816,101.49,429.868,457043219.0,LUPIN.NS,9.332630312439139e-05,0.023386529574293543,0.027919653317931697,0
2022-03-31,931.1596419468849,951.183003664067,664.6384216458217,731.464599609375,93351082,1663220000.0,286000000.0,8545090000.0,668000.0,7157682000.0,202790000.0,22.629816,101.49,429.868,457043219.0,LUPIN.NS,9.332630312439139e-05,0.023386529574293543,0.027919653317931697,0
2022-06-30,729.4084019143058,780.8620102492256,570.8371661653563,598.2039184570312,76337373,1663220000.0,286000000.0,8545090000.0,668000.0,7157682000.0,202790000.0,22.629816,101.49,429.868,457043219.0,LUPIN.NS,9.332630312439139e-05,0.023386529574293543,0.027919653317931697,1
2022-09-30,600.3091161659618,693.4037561376858,594.0927091590466,669.8075561523438,79059617,1663220000.0,286000000.0,8545090000.0,668000.0,7157682000.0,202790000.0,22.629816,101.49,429.868,457043219.0,LUPIN.NS,9.332630312439139e-05,0.023386529574293543,0.027919653317931697,1
2022-12-31,668.9700902366907,777.2467114595462,661.3838469988691,722.8621215820312,86437083,1663220000.0,286000000.0,8545090000.0,668000.0,7157682000.0,202790000.0,22.629816,101.49,429.868,457043219.0,LUPIN.NS,9.332630312439139e-05,0.023386529574293543,0.027919653317931697,0
2023-03-31,724.044363462043,774.1431874682253,618.7234593565554,638.8221435546875,54684167,1663220000.0,286000000.0,8545090000.0,668000.0,7157682000.0,202790000.0,22.629816,101.49,429.868,457043219.0,LUPIN.NS,9.332630312439139e-05,0.023386529574293543,0.027919653317931697,1
2023-06-30,639.5610557554711,894.9814813735082,634.4871053163607,889.4149169921875,71504987,1663220000.0,286000000.0,8545090000.0,668000.0,7157682000.0,202790000.0,22.629816,101.49,429.868,457043219.0,LUPIN.NS,9.332630312439139e-05,0.023386529574293543,0.027919653317931697,1
2023-09-30,887.7892603262857,1172.237912452081,871.188186341983,1158.929443359375,72854040,1663220000.0,286000000.0,8545090000.0,668000.0,7157682000.0,202790000.0,22.629816,101.49,429.868,457043219.0,LUPIN.NS,9.332630312439139e-05,0.023386529574293543,0.027919653317931697,1
2023-12-31,1158.6820982039176,1332.6821844919705,1111.1869864166147,1309.0335693359375,71660156,1663220000.0,286000000.0,8545090000.0,668000.0,7157682000.0,202790000.0,22.629816,101.49,429.868,457043219.0,LUPIN.NS,9.332630312439139e-05,0.023386529574293543,0.027919653317931697,1
2024-03-31,1310.0726526883132,1686.3227083358663,1294.8841457135622,1599.7926025390625,77862923,1663220000.0,286000000.0,8545090000.0,668000.0,7157682000.0,202790000.0,22.629816,101.49,429.868,457043219.0,LUPIN.NS,9.332630312439139e-05,0.023386529574293543,0.027919653317931697,1
2024-06-30,1632.6433043446882,1709.8228382606112,1477.5918026647928,1604.2947998046875,78747274,1663220000.0,286000000.0,8545090000.0,668000.0,7157682000.0,202790000.0,22.629816,101.49,429.868,457043219.0,LUPIN.NS,9.332630312439139e-05,0.023386529574293543,0.027919653317931697,1
2024-09-30,1598.0610562834136,2297.7092453739124,1581.437730092769,2177.556640625,96213576,54970100000.0,8526300000.0,254819600000.0,34425000000.0,156418300000.0,11094600000.0,22.629816,101.49,429.868,457043219.0,LUPIN.NS,0.22008294425907965,0.033460141998496194,0.05450960661252552,1
2024-12-31,2178.4508693671814,2359.226615810444,1973.7243507730457,2341.13916015625,62351523,56185600000.0,8551600000.0,254819600000.0,34425000000.0,156418300000.0,11094600000.0,22.629816,101.49,429.868,457043219.0,LUPIN.NS,0.22008294425907965,0.033460141998496194,0.05450960661252552,0
2025-03-31,2339.44969757284,2388.0473251603485,1848.006249546158,2015.4149169921875,52705607,55622000000.0,7725200000.0,292048800000.0,54477700000.0,172035000000.0,19307800000.0,22.629816,101.49,429.868,457043219.0,LUPIN.NS,0.3166663760281338,0.026451743681193005,0.04490481588048943,0
2025-06-30,2005.1787022992464,2136.7105052698703,1784.1036108597868,1926.02099609375,71846672,61637500000.0,12190300000.0,292048800000.0,54477700000.0,172035000000.0,19307800000.0,22.629816,101.49,429.868,457043219.0,LUPIN.NS,0.3166663760281338,0.026451743681193005,0.04490481588048943,0
2025-09-30,1936.9529502960495,2062.800048828125,1836.800048828125,1911.300048828125,59620689,61637500000.0,12190300000.0,292048800000.0,54477700000.0,172035000000.0,19307800000.0,22.629816,101.49,429.868,457043219.0,LUPIN.NS,0.3166663760281338,0.026451743681193005,0.04490481588048943,1
2025-12-31,1917.4000244140625,2146.89990234375,1900.0,2109.5,62009565,71004500000.0,11755500000.0,292048800000.0,54477700000.0,172035000000.0,19307800000.0,22.629816,101.49,429.868,457043219.0,LUPIN.NS,0.3166663760281338,0.026451743681193005,0.04490481588048943,1
2026-03-31,2114.0,2377.60009765625,2073.60009765625,2296.699951171875,48096330,71004500000.0,11755500000.0,292048800000.0,54477700000.0,172035000000.0,19307800000.0,22.629816,101.49,429.868,457043219.0,LUPIN.NS,0.3166663760281338,0.026451743681193005,0.04490481588048943,0
2023-06-30,1299.4877647324176,1767.3033333954684,1241.5105635851064,1706.12744140625,65035899,71004500000.0,11755500000.0,292048800000.0,54477700000.0,172035000000.0,19307800000.0,44.61574,43.2,370.263,412828328.0,MANKIND.NS,0.3166663760281338,0.026451743681193005,0.04490481588048943,1
2023-09-30,1707.2769907567251,1948.2320115746634,1660.3954848923618,1794.5926513671875,23003463,71004500000.0,11755500000.0,292048800000.0,54477700000.0,172035000000.0,19307800000.0,44.61574,43.2,370.263,412828328.0,MANKIND.NS,0.3166663760281338,0.026451743681193005,0.04490481588048943,1
2023-12-31,1789.2946916723463,2040.3456962432763,1682.3868949379107,1981.71875,46515535,71004500000.0,11755500000.0,292048800000.0,54477700000.0,172035000000.0,19307800000.0,44.61574,43.2,370.263,412828328.0,MANKIND.NS,0.3166663760281338,0.026451743681193005,0.04490481588048943,1
2024-03-31,1989.2158369951756,2365.4176216598216,1966.5248307790393,2299.843505859375,45483201,71004500000.0,11755500000.0,292048800000.0,54477700000.0,172035000000.0,19307800000.0,44.61574,43.2,370.263,412828328.0,MANKIND.NS,0.3166663760281338,0.026451743681193005,0.04490481588048943,0
2024-06-30,2311.488816671851,2489.0189302456974,1930.588982534898,2128.36083984375,47598067,71004500000.0,11755500000.0,292048800000.0,54477700000.0,172035000000.0,19307800000.0,44.61574,43.2,370.263,412828328.0,MANKIND.NS,0.3166663760281338,0.026451743681193005,0.04490481588048943,1
2024-09-30,2128.360861576819,2778.9046003314556,1900.3009547381446,2519.706787109375,45232946,30614300000.0,6534700000.0,139822500000.0,4820500000.0,105647600000.0,7266300000.0,44.61574,43.2,370.263,412828328.0,MANKIND.NS,0.04562810702751411,0.04673568274061757,0.06185374774249486,1
2024-12-31,2528.903114914883,3053.5964301796143,2404.052291645226,2879.264892578125,25572239,31987900000.0,3802300000.0,139822500000.0,4820500000.0,105647600000.0,7266300000.0,44.61574,43.2,370.263,412828328.0,MANKIND.NS,0.04562810702751411,0.04673568274061757,0.06185374774249486,0
2025-03-31,2897.857673064181,2997.218318619669,2131.15989647091,2423.79443359375,40361629,30075100000.0,4207700000.0,277595300000.0,85114500000.0,143323900000.0,4073600000.0,44.61574,43.2,370.263,412828328.0,MANKIND.NS,0.5938611773751621,0.015157677381425406,0.029357978676271018,0
2025-06-30,2422.5451267820895,2641.1587616749875,2278.5017616118075,2318.885986328125,23154247,35703500000.0,4383200000.0,277595300000.0,85114500000.0,143323900000.0,4073600000.0,44.61574,43.2,370.263,412828328.0,MANKIND.NS,0.5938611773751621,0.015157677381425406,0.029357978676271018,1
2025-09-30,2334.0799640076725,2715.429510725979,2257.110303524336,2435.699951171875,38649141,35703500000.0,4383200000.0,277595300000.0,85114500000.0,143323900000.0,4073600000.0,44.61574,43.2,370.263,412828328.0,MANKIND.NS,0.5938611773751621,0.015157677381425406,0.029357978676271018,0
2025-12-31,2420.0,2511.89990234375,2090.0,2196.5,27486325,35672000000.0,4087500000.0,277595300000.0,85114500000.0,143323900000.0,4073600000.0,44.61574,43.2,370.263,412828328.0,MANKIND.NS,0.5938611773751621,0.015157677381425406,0.029357978676271018,0
2026-03-31,2202.0,2320.89990234375,1909.699951171875,1927.4000244140625,26518010,35672000000.0,4087500000.0,277595300000.0,85114500000.0,143323900000.0,4073600000.0,44.61574,43.2,370.263,412828328.0,MANKIND.NS,0.5938611773751621,0.015157677381425406,0.029357978676271018,0
2016-03-31,47.999816567144734,48.72782186279559,39.9432316189433,44.942195892333984,21041470,35672000000.0,4087500000.0,277595300000.0,85114500000.0,143323900000.0,4073600000.0,20.125628,7.96,59.369,453163746.0,MARKSANS.NS,0.5938611773751621,0.015157677381425406,0.029357978676271018,1
2016-06-30,44.79659618634751,51.34864572276288,38.43868050129619,46.30113983154297,176860158,35672000000.0,4087500000.0,277595300000.0,85114500000.0,143323900000.0,4073600000.0,20.125628,7.96,59.369,453163746.0,MARKSANS.NS,0.5938611773751621,0.015157677381425406,0.029357978676271018,1
2016-09-30,46.34967557591442,55.214894764366846,38.00187576581539,51.17715835571289,217921445,35672000000.0,4087500000.0,277595300000.0,85114500000.0,143323900000.0,4073600000.0,20.125628,7.96,59.369,453163746.0,MARKSANS.NS,0.5938611773751621,0.015157677381425406,0.029357978676271018,0
2016-12-31,52.636576576465174,56.722971852939054,36.58290881363812,38.77204513549805,113722012,35672000000.0,4087500000.0,277595300000.0,85114500000.0,143323900000.0,4073600000.0,20.125628,7.96,59.369,453163746.0,MARKSANS.NS,0.5938611773751621,0.015157677381425406,0.029357978676271018,1
2017-03-31,38.91798978592702,51.37174427839535,35.804544264305896,45.87458801269531,198845057,35672000000.0,4087500000.0,277595300000.0,85114500000.0,143323900000.0,4073600000.0,20.125628,7.96,59.369,453163746.0,MARKSANS.NS,0.5938611773751621,0.015157677381425406,0.029357978676271018,0
2017-06-30,46.02052001900158,56.67432051254934,39.258516932183085,39.84229278564453,192916924,35672000000.0,4087500000.0,277595300000.0,85114500000.0,143323900000.0,4073600000.0,20.125628,7.96,59.369,453163746.0,MARKSANS.NS,0.5938611773751621,0.015157677381425406,0.029357978676271018,1
2017-09-30,40.47470730095042,47.09456593898048,34.92889213107149,41.396461486816406,139213943,35672000000.0,4087500000.0,277595300000.0,85114500000.0,143323900000.0,4073600000.0,20.125628,7.96,59.369,453163746.0,MARKSANS.NS,0.5938611773751621,0.015157677381425406,0.029357978676271018,0
2017-12-31,42.32179626124423,50.94199591353702,33.311971520832365,38.91267395019531,296218398,35672000000.0,4087500000.0,277595300000.0,85114500000.0,143323900000.0,4073600000.0,20.125628,7.96,59.369,453163746.0,MARKSANS.NS,0.5938611773751621,0.015157677381425406,0.029357978676271018,0
2018-03-31,38.815268283493246,49.04263017752853,30.195067159021793,30.828189849853516,242561421,35672000000.0,4087500000.0,277595300000.0,85114500000.0,143323900000.0,4073600000.0,20.125628,7.96,59.369,453163746.0,MARKSANS.NS,0.5938611773751621,0.015157677381425406,0.029357978676271018,0
2018-06-30,31.169102034915316,35.065236187580666,22.93850827611887,25.665807723999023,139581195,35672000000.0,4087500000.0,277595300000.0,85114500000.0,143323900000.0,4073600000.0,20.125628,7.96,59.369,453163746.0,MARKSANS.NS,0.5938611773751621,0.015157677381425406,0.029357978676271018,1
2018-09-30,25.81191048830909,39.54579230772871,24.5456664452546,28.676326751708984,196605803,35672000000.0,4087500000.0,277595300000.0,85114500000.0,143323900000.0,4073600000.0,20.125628,7.96,59.369,453163746.0,MARKSANS.NS,0.5938611773751621,0.015157677381425406,0.029357978676271018,0
2018-12-31,28.77386656292773,34.236026243032164,25.36001798766512,27.16448402404785,99354997,35672000000.0,4087500000.0,277595300000.0,85114500000.0,143323900000.0,4073600000.0,20.125628,7.96,59.369,453163746.0,MARKSANS.NS,0.5938611773751621,0.015157677381425406,0.029357978676271018,0
2019-03-31,27.262020672300256,27.944790665770128,21.40970815859145,24.092016220092773,62719188,35672000000.0,4087500000.0,277595300000.0,85114500000.0,143323900000.0,4073600000.0,20.125628,7.96,59.369,453163746.0,MARKSANS.NS,0.5938611773751621,0.015157677381425406,0.029357978676271018,0
2019-06-30,24.38463385595909,26.23786329150609,17.410630080785367,20.04416847229004,58666587,35672000000.0,4087500000.0,277595300000.0,85114500000.0,143323900000.0,4073600000.0,20.125628,7.96,59.369,453163746.0,MARKSANS.NS,0.5938611773751621,0.015157677381425406,0.029357978676271018,0
2019-09-30,20.190476807168665,20.483091658124792,11.119392849392678,13.55488109588623,45068892,35672000000.0,4087500000.0,277595300000.0,85114500000.0,143323900000.0,4073600000.0,20.125628,7.96,59.369,453163746.0,MARKSANS.NS,0.5938611773751621,0.015157677381425406,0.029357978676271018,1
2019-12-31,13.70168382446964,18.20366763166822,11.940039298313687,16.344154357910156,64594317,35672000000.0,4087500000.0,277595300000.0,85114500000.0,143323900000.0,4073600000.0,20.125628,7.96,59.369,453163746.0,MARKSANS.NS,0.5938611773751621,0.015157677381425406,0.029357978676271018,0
2020-03-31,16.442020580256035,22.85245278973952,9.640113685003902,13.603815078735352,106303795,35672000000.0,4087500000.0,277595300000.0,85114500000.0,143323900000.0,4073600000.0,20.125628,7.96,59.369,453163746.0,MARKSANS.NS,0.5938611773751621,0.015157677381425406,0.029357978676271018,1
2020-06-30,13.70168382446964,38.31578369649605,12.625122481495664,31.513870239257812,156005123,35672000000.0,4087500000.0,277595300000.0,85114500000.0,143323900000.0,4073600000.0,20.125628,7.96,59.369,453163746.0,MARKSANS.NS,0.5938611773751621,0.015157677381425406,0.029357978676271018,1
2020-09-30,32.1989602389933,55.88329428776083,30.975593678304083,49.231624603271484,163727226,35672000000.0,4087500000.0,277595300000.0,85114500000.0,143323900000.0,4073600000.0,20.125628,7.96,59.369,453163746.0,MARKSANS.NS,0.5938611773751621,0.015157677381425406,0.029357978676271018,1
2020-12-31,50.016188851860996,64.92297601794456,47.07406231037621,59.48004150390625,162073134,35672000000.0,4087500000.0,277595300000.0,85114500000.0,143323900000.0,4073600000.0,20.125628,7.96,59.369,453163746.0,MARKSANS.NS,0.5938611773751621,0.015157677381425406,0.029357978676271018,0
2021-03-31,59.82328857943492,63.10866381150474,48.20187895367737,48.986446380615234,104360384,35672000000.0,4087500000.0,277595300000.0,85114500000.0,143323900000.0,4073600000.0,20.125628,7.96,59.369,453163746.0,MARKSANS.NS,0.5938611773751621,0.015157677381425406,0.029357978676271018,1
2021-06-30,49.62390634160019,95.71725694386078,49.13355152106615,84.58621215820312,561773930,35672000000.0,4087500000.0,277595300000.0,85114500000.0,143323900000.0,4073600000.0,20.125628,7.96,59.369,453163746.0,MARKSANS.NS,0.5938611773751621,0.015157677381425406,0.029357978676271018,0
2021-09-30,84.92945950327285,91.79442101865563,61.000144555540636,67.9044189453125,177459288,35672000000.0,4087500000.0,277595300000.0,85114500000.0,143323900000.0,4073600000.0,20.125628,7.96,59.369,453163746.0,MARKSANS.NS,0.5938611773751621,0.015157677381425406,0.029357978676271018,0
2021-12-31,67.70759668678356,76.76150784634127,52.35529265882684,59.19493865966797,105277293,35672000000.0,4087500000.0,277595300000.0,85114500000.0,143323900000.0,4073600000.0,20.125628,7.96,59.369,453163746.0,MARKSANS.NS,0.5938611773751621,0.015157677381425406,0.029357978676271018,0
2022-03-31,59.539379219121585,63.96793002651908,42.858512629127276,44.77754592895508,79401458,35672000000.0,4087500000.0,277595300000.0,85114500000.0,143323900000.0,4073600000.0,20.125628,7.96,59.369,453163746.0,MARKSANS.NS,0.5938611773751621,0.015157677381425406,0.029357978676271018,0
2022-06-30,44.87596027938061,61.40921036188661,37.98710629163521,42.90772247314453,60429572,35672000000.0,4087500000.0,277595300000.0,85114500000.0,143323900000.0,4073600000.0,20.125628,7.96,59.369,453163746.0,MARKSANS.NS,0.5938611773751621,0.015157677381425406,0.029357978676271018,1
2022-09-30,43.54739860008503,54.09253451669831,42.16962453026653,46.082489013671875,82832841,35672000000.0,4087500000.0,277595300000.0,85114500000.0,143323900000.0,4073600000.0,20.125628,7.96,59.369,453163746.0,MARKSANS.NS,0.5938611773751621,0.015157677381425406,0.029357978676271018,1
2022-12-31,46.774716797437414,64.08037483964257,45.29137195719634,57.603111267089844,135629230,35672000000.0,4087500000.0,277595300000.0,85114500000.0,143323900000.0,4073600000.0,20.125628,7.96,59.369,453163746.0,MARKSANS.NS,0.5938611773751621,0.015157677381425406,0.029357978676271018,1
2023-03-31,57.70199816709281,73.57376566896485,57.256998616764044,69.6181869506836,141380447,35672000000.0,4087500000.0,277595300000.0,85114500000.0,143323900000.0,4073600000.0,20.125628,7.96,59.369,453163746.0,MARKSANS.NS,0.5938611773751621,0.015157677381425406,0.029357978676271018,1
2023-06-30,69.96429219279256,95.26803081657569,68.77762170350245,90.69356536865234,183804921,35672000000.0,4087500000.0,277595300000.0,85114500000.0,143323900000.0,4073600000.0,20.125628,7.96,59.369,453163746.0,MARKSANS.NS,0.5938611773751621,0.015157677381425406,0.029357978676271018,1
2023-09-30,91.19079004218953,121.8197649015191,90.0969000129581,109.43890380859375,201643214,35672000000.0,4087500000.0,277595300000.0,85114500000.0,143323900000.0,4073600000.0,20.125628,7.96,59.369,453163746.0,MARKSANS.NS,0.5938611773751621,0.015157677381425406,0.029357978676271018,1
2023-12-31,109.73723402187987,171.04490224091845,96.90886062500178,160.20542907714844,189604404,35672000000.0,4087500000.0,277595300000.0,85114500000.0,143323900000.0,4073600000.0,20.125628,7.96,59.369,453163746.0,MARKSANS.NS,0.5938611773751621,0.015157677381425406,0.029357978676271018,0
2024-03-31,161.5976525019381,178.30435982575128,129.5267419322666,151.05650329589844,92110118,35672000000.0,4087500000.0,277595300000.0,85114500000.0,143323900000.0,4073600000.0,20.125628,7.96,59.369,453163746.0,MARKSANS.NS,0.5938611773751621,0.015157677381425406,0.029357978676271018,1
2024-06-30,151.1559525501879,184.46992519030516,129.27812232566805,158.1568603515625,127956780,35672000000.0,4087500000.0,277595300000.0,85114500000.0,143323900000.0,4073600000.0,20.125628,7.96,59.369,453163746.0,MARKSANS.NS,0.5938611773751621,0.015157677381425406,0.029357978676271018,1
2024-09-30,162.09488242198165,327.64351200786734,159.11154102771206,296.8522033691406,268188680,35672000000.0,4087500000.0,29113170000.0,1982890000.0,22813970000.0,3809670000.0,20.125628,7.96,59.369,453163746.0,MARKSANS.NS,0.08691560478075495,0.015157677381425406,0.029357978676271018,0
2024-12-31,296.00519662687776,357.4383590128706,256.6441055058608,295.6065979003906,140558996,6818460000.0,1045630000.0,29113170000.0,1982890000.0,22813970000.0,3809670000.0,20.125628,7.96,59.369,453163746.0,MARKSANS.NS,0.08691560478075495,0.015157677381425406,0.029357978676271018,0
2025-03-31,297.7490305816507,306.9166839547857,189.3317123429182,221.68751525878906,74548921,7000580000.0,905440000.0,32396320000.0,3219060000.0,24669120000.0,4957860000.0,20.125628,7.96,59.369,453163746.0,MARKSANS.NS,0.13048945402187026,0.027948853450021485,0.03670337652903711,1
2025-06-30,220.22268056714822,269.74789234157623,170.3985439386608,260.5802307128906,88967546,6199890000.0,583170000.0,32396320000.0,3219060000.0,24669120000.0,4957860000.0,20.125628,7.96,59.369,453163746.0,MARKSANS.NS,0.13048945402187026,0.027948853450021485,0.03670337652903711,0
2025-09-30,262.6230154972257,265.662313090077,162.50999450683594,165.0399932861328,92622194,7204090000.0,982500000.0,34420430000.0,3320890000.0,26880220000.0,4816150000.0,20.125628,7.96,59.369,453163746.0,MARKSANS.NS,0.12354400373211231,0.028544094306782338,0.03655104013285605,1
2025-12-31,166.0,201.3000030517578,162.0,180.2899932861328,64060299,7544270000.0,1132020000.0,34420430000.0,3320890000.0,26880220000.0,4816150000.0,20.125628,7.96,59.369,453163746.0,MARKSANS.NS,0.12354400373211231,0.028544094306782338,0.03655104013285605,0
2026-03-31,181.8000030517578,191.74000549316406,156.0,160.1999969482422,39331769,7544270000.0,1132020000.0,34420430000.0,3320890000.0,26880220000.0,4816150000.0,20.125628,7.96,59.369,453163746.0,MARKSANS.NS,0.12354400373211231,0.028544094306782338,0.03655104013285605,0
2021-12-31,547.9278333656814,1012.0935350920219,535.4726577995873,880.8925170898438,2167785,7544270000.0,1132020000.0,34420430000.0,3320890000.0,26880220000.0,4816150000.0,41.19211,5.83,161.107,13562815.0,MEDICAMEQ.NS,0.12354400373211231,0.028544094306782338,0.03655104013285605,0
2022-03-31,892.1071482486997,997.405447162709,580.5792196066537,636.0071411132812,1100422,7544270000.0,1132020000.0,34420430000.0,3320890000.0,26880220000.0,4816150000.0,41.19211,5.83,161.107,13562815.0,MEDICAMEQ.NS,0.12354400373211231,0.028544094306782338,0.03655104013285605,1
2022-06-30,643.1527498168156,859.3565792004102,552.9893543237708,664.3910522460938,1254945,7544270000.0,1132020000.0,34420430000.0,3320890000.0,26880220000.0,4816150000.0,41.19211,5.83,161.107,13562815.0,MEDICAMEQ.NS,0.12354400373211231,0.028544094306782338,0.03655104013285605,1
2022-09-30,664.391058693361,1215.742799970209,645.1872421249719,1018.7667236328125,2345554,7544270000.0,1132020000.0,34420430000.0,3320890000.0,26880220000.0,4816150000.0,41.19211,5.83,161.107,13562815.0,MEDICAMEQ.NS,0.12354400373211231,0.028544094306782338,0.03655104013285605,0
2022-12-31,1036.0019317243639,1070.8697442272348,768.2845026891767,825.0067749023438,698881,7544270000.0,1132020000.0,34420430000.0,3320890000.0,26880220000.0,4816150000.0,41.19211,5.83,161.107,13562815.0,MEDICAMEQ.NS,0.12354400373211231,0.028544094306782338,0.03655104013285605,0
2023-03-31,842.391022599768,882.1264522977133,594.0942708067437,654.5418090820312,704546,7544270000.0,1132020000.0,34420430000.0,3320890000.0,26880220000.0,4816150000.0,41.19211,5.83,161.107,13562815.0,MEDICAMEQ.NS,0.12354400373211231,0.028544094306782338,0.03655104013285605,1
2023-06-30,654.5418716284335,770.8672556943674,639.8894292541754,746.9763793945312,736137,7544270000.0,1132020000.0,34420430000.0,3320890000.0,26880220000.0,4816150000.0,41.19211,5.83,161.107,13562815.0,MEDICAMEQ.NS,0.12354400373211231,0.028544094306782338,0.03655104013285605,0
2023-09-30,758.1023176706566,839.4108869595572,642.7712345385901,652.2222900390625,1119615,7544270000.0,1132020000.0,34420430000.0,3320890000.0,26880220000.0,4816150000.0,41.19211,5.83,161.107,13562815.0,MEDICAMEQ.NS,0.12354400373211231,0.028544094306782338,0.03655104013285605,0
2023-12-31,653.5156639852487,725.8410319476963,549.1560320726867,600.0426025390625,1659196,7544270000.0,1132020000.0,34420430000.0,3320890000.0,26880220000.0,4816150000.0,41.19211,5.83,161.107,13562815.0,MEDICAMEQ.NS,0.12354400373211231,0.028544094306782338,0.03655104013285605,0
2024-03-31,606.0116602266062,615.6616368796306,353.6187026091461,381.922119140625,2479824,7544270000.0,1132020000.0,34420430000.0,3320890000.0,26880220000.0,4816150000.0,41.19211,5.83,161.107,13562815.0,MEDICAMEQ.NS,0.12354400373211231,0.028544094306782338,0.03655104013285605,1
2024-06-30,383.8123116909073,625.1624576745534,383.8123116909073,452.3076171875,2138188,7544270000.0,1132020000.0,34420430000.0,3320890000.0,26880220000.0,4816150000.0,41.19211,5.83,161.107,13562815.0,MEDICAMEQ.NS,0.12354400373211231,0.028544094306782338,0.03655104013285605,1
2024-09-30,466.9816217463053,590.2243230526558,373.11771489070054,566.5953979492188,4112130,7544270000.0,1132020000.0,2885114000.0,201683000.0,2159148000.0,64150000.0,41.19211,5.83,161.107,13562815.0,MEDICAMEQ.NS,0.09340860376407731,0.028544094306782338,0.03655104013285605,0
2024-12-31,568.6891782823328,628.1103715143554,428.7102538427284,510.9129638671875,4422913,451422000.0,29220000.0,2885114000.0,201683000.0,2159148000.0,64150000.0,41.19211,5.83,161.107,13562815.0,MEDICAMEQ.NS,0.09340860376407731,0.028544094306782338,0.03655104013285605,0
2025-03-31,507.2240321814257,559.0182498993325,396.80623527683144,478.5602722167969,2298727,296130000.0,24162000.0,2971505000.0,337742000.0,2118551000.0,37594000.0,41.19211,5.83,161.107,13562815.0,MEDICAMEQ.NS,0.1594212270556621,0.008131233162993164,0.011404964997302402,0
2025-06-30,470.5842608562631,542.3682854326004,386.8362284480162,415.1011962890625,2093307,430448000.0,21530000.0,2971505000.0,337742000.0,2118551000.0,37594000.0,41.19211,5.83,161.107,13562815.0,MEDICAMEQ.NS,0.1594212270556621,0.008131233162993164,0.011404964997302402,0
2025-09-30,415.25074294188573,418.7402449834142,292.95001220703125,295.3500061035156,1471462,471698000.0,26668000.0,3671095000.0,386486000.0,2754105000.0,436793000.0,41.19211,5.83,161.107,13562815.0,MEDICAMEQ.NS,0.14033088789280002,0.007264317594614141,0.009683000466576256,1
2025-12-31,296.54998779296875,447.6499938964844,294.70001220703125,364.6499938964844,2649118,469085000.0,16347000.0,3671095000.0,386486000.0,2754105000.0,436793000.0,41.19211,5.83,161.107,13562815.0,MEDICAMEQ.NS,0.14033088789280002,0.007264317594614141,0.009683000466576256,0
2026-03-31,368.3500061035156,406.6000061035156,237.0,240.14999389648438,1518896,469085000.0,16347000.0,3671095000.0,386486000.0,2754105000.0,436793000.0,41.19211,5.83,161.107,13562815.0,MEDICAMEQ.NS,0.14033088789280002,0.007264317594614141,0.009683000466576256,0
2021-12-31,1040.0,1143.9000244140625,995.0999755859375,1037.3499755859375,25803459,469085000.0,16347000.0,3671095000.0,386486000.0,2754105000.0,436793000.0,46.30006,17.23,153.913,120003381.0,MEDPLUS.NS,0.14033088789280002,0.007264317594614141,0.009683000466576256,0
2022-03-31,1039.0,1343.0,920.0,1014.5,14998408,469085000.0,16347000.0,3671095000.0,386486000.0,2754105000.0,436793000.0,46.30006,17.23,153.913,120003381.0,MEDPLUS.NS,0.14033088789280002,0.007264317594614141,0.009683000466576256,0
2022-06-30,1001.1500244140625,1049.0,708.0,767.2999877929688,6946000,469085000.0,16347000.0,3671095000.0,386486000.0,2754105000.0,436793000.0,46.30006,17.23,153.913,120003381.0,MEDPLUS.NS,0.14033088789280002,0.007264317594614141,0.009683000466576256,0
2022-09-30,770.0,785.0,600.0,617.9500122070312,6495465,469085000.0,16347000.0,3671095000.0,386486000.0,2754105000.0,436793000.0,46.30006,17.23,153.913,120003381.0,MEDPLUS.NS,0.14033088789280002,0.007264317594614141,0.009683000466576256,0
2022-12-31,620.0,758.0,548.25,613.5999755859375,9956240,469085000.0,16347000.0,3671095000.0,386486000.0,2754105000.0,436793000.0,46.30006,17.23,153.913,120003381.0,MEDPLUS.NS,0.14033088789280002,0.007264317594614141,0.009683000466576256,1
2023-03-31,613.5999755859375,793.0,597.7000122070312,649.7000122070312,7387475,469085000.0,16347000.0,3671095000.0,386486000.0,2754105000.0,436793000.0,46.30006,17.23,153.913,120003381.0,MEDPLUS.NS,0.14033088789280002,0.007264317594614141,0.009683000466576256,1
2023-06-30,654.9500122070312,865.0,627.0,774.9000244140625,13177454,469085000.0,16347000.0,3671095000.0,386486000.0,2754105000.0,436793000.0,46.30006,17.23,153.913,120003381.0,MEDPLUS.NS,0.14033088789280002,0.007264317594614141,0.009683000466576256,0
2023-09-30,789.0,978.0,752.0,768.8499755859375,31131807,469085000.0,16347000.0,3671095000.0,386486000.0,2754105000.0,436793000.0,46.30006,17.23,153.913,120003381.0,MEDPLUS.NS,0.14033088789280002,0.007264317594614141,0.009683000466576256,0
2023-12-31,773.0,849.0,717.2999877929688,750.75,7921704,469085000.0,16347000.0,3671095000.0,386486000.0,2754105000.0,436793000.0,46.30006,17.23,153.913,120003381.0,MEDPLUS.NS,0.14033088789280002,0.007264317594614141,0.009683000466576256,0
2024-03-31,750.75,756.5999755859375,598.5999755859375,687.8499755859375,11403654,469085000.0,16347000.0,3671095000.0,386486000.0,2754105000.0,436793000.0,46.30006,17.23,153.913,120003381.0,MEDPLUS.NS,0.14033088789280002,0.007264317594614141,0.009683000466576256,0
2024-06-30,687.8499755859375,755.0,656.0,682.4500122070312,6005130,469085000.0,16347000.0,3671095000.0,386486000.0,2754105000.0,436793000.0,46.30006,17.23,153.913,120003381.0,MEDPLUS.NS,0.14033088789280002,0.007264317594614141,0.009683000466576256,0
2024-09-30,685.9000244140625,745.0,616.0,670.75,47984852,15761720000.0,387360000.0,31550680000.0,10297440000.0,16363010000.0,1239730000.0,46.30006,17.23,153.913,120003381.0,MEDPLUS.NS,0.6293120886682829,0.012277389900946668,0.02367290614624082,1
2024-12-31,670.0,875.6500244140625,634.7999877929688,830.8499755859375,28455104,15614460000.0,458860000.0,31550680000.0,10297440000.0,16363010000.0,1239730000.0,46.30006,17.23,153.913,120003381.0,MEDPLUS.NS,0.6293120886682829,0.012277389900946668,0.02367290614624082,0
2025-03-31,825.4000244140625,856.9500122070312,642.0,760.0,11904844,14610200000.0,513350000.0,33600950000.0,11198020000.0,17405610000.0,860520000.0,46.30006,17.23,153.913,120003381.0,MEDPLUS.NS,0.6433569406645329,0.0152778418467335,0.02949336449569995,1
2025-06-30,760.0,1045.300048828125,678.0499877929688,904.5,11395584,15426340000.0,423580000.0,33600950000.0,11198020000.0,17405610000.0,860520000.0,46.30006,17.23,153.913,120003381.0,MEDPLUS.NS,0.6433569406645329,0.0152778418467335,0.02949336449569995,0
2025-09-30,900.0499877929688,945.0,746.5999755859375,757.4500122070312,9933197,15426340000.0,423580000.0,33600950000.0,11198020000.0,17405610000.0,860520000.0,46.30006,17.23,153.913,120003381.0,MEDPLUS.NS,0.6433569406645329,0.0152778418467335,0.02949336449569995,1
2025-12-31,752.9500122070312,868.0,732.0,807.2999877929688,17590068,18061180000.0,578070000.0,33600950000.0,11198020000.0,17405610000.0,860520000.0,46.30006,17.23,153.913,120003381.0,MEDPLUS.NS,0.6433569406645329,0.0152778418467335,0.02949336449569995,0
2026-03-31,805.0,905.0,759.0,797.75,7332156,18061180000.0,578070000.0,33600950000.0,11198020000.0,17405610000.0,860520000.0,46.30006,17.23,153.913,120003381.0,MEDPLUS.NS,0.6433569406645329,0.0152778418467335,0.02949336449569995,0
2016-03-31,26.58626306752233,27.432640549201782,24.54499506445485,26.088394165039062,10671161,18061180000.0,578070000.0,33600950000.0,11198020000.0,17405610000.0,860520000.0,19.627779,1.8,21.77,547953699.0,MOREPENLAB.NS,0.6433569406645329,0.0152778418467335,0.02949336449569995,0
2016-06-30,26.03860541620898,30.668796968702985,21.109692400848633,24.096912384033203,120085571,18061180000.0,578070000.0,33600950000.0,11198020000.0,17405610000.0,860520000.0,19.627779,1.8,21.77,547953699.0,MOREPENLAB.NS,0.6433569406645329,0.0152778418467335,0.02949336449569995,0
2016-09-30,24.246273667748106,27.88072577670947,18.02289839864116,23.20074462890625,114221037,18061180000.0,578070000.0,33600950000.0,11198020000.0,17405610000.0,860520000.0,19.627779,1.8,21.77,547953699.0,MOREPENLAB.NS,0.6433569406645329,0.0152778418467335,0.02949336449569995,0
2016-12-31,23.648829791876814,25.291800017910823,17.923323116519686,20.26331329345703,55004445,18061180000.0,578070000.0,33600950000.0,11198020000.0,17405610000.0,860520000.0,19.627779,1.8,21.77,547953699.0,MOREPENLAB.NS,0.6433569406645329,0.0152778418467335,0.02949336449569995,0
2017-03-31,20.562034047041045,23.698615965276502,18.62034289876631,18.919063568115234,47776058,18061180000.0,578070000.0,33600950000.0,11198020000.0,17405610000.0,860520000.0,19.627779,1.8,21.77,547953699.0,MOREPENLAB.NS,0.6433569406645329,0.0152778418467335,0.02949336449569995,0
2017-06-30,19.068424295655785,23.847978528666246,18.321618408065767,18.670127868652344,75034472,18061180000.0,578070000.0,33600950000.0,11198020000.0,17405610000.0,860520000.0,19.627779,1.8,21.77,547953699.0,MOREPENLAB.NS,0.6433569406645329,0.0152778418467335,0.02949336449569995,0
2017-09-30,18.81948916105494,21.507988455061085,14.637380002762939,15.882055282592773,52577696,18061180000.0,578070000.0,33600950000.0,11198020000.0,17405610000.0,860520000.0,19.627779,1.8,21.77,547953699.0,MOREPENLAB.NS,0.6433569406645329,0.0152778418467335,0.02949336449569995,1
2017-12-31,15.981629053027973,43.96192888356239,15.832268406585627,37.190895080566406,274245836,18061180000.0,578070000.0,33600950000.0,11198020000.0,17405610000.0,860520000.0,19.627779,1.8,21.77,547953699.0,MOREPENLAB.NS,0.6433569406645329,0.0152778418467335,0.02949336449569995,0
2018-03-31,37.190893365907904,44.260650343700135,28.97603879514407,30.66879653930664,179821219,18061180000.0,578070000.0,33600950000.0,11198020000.0,17405610000.0,860520000.0,19.627779,1.8,21.77,547953699.0,MOREPENLAB.NS,0.6433569406645329,0.0152778418467335,0.02949336449569995,0
2018-06-30,31.365814987765763,41.173855417015126,24.594783306403972,28.428380966186523,110628374,18061180000.0,578070000.0,33600950000.0,11198020000.0,17405610000.0,860520000.0,19.627779,1.8,21.77,547953699.0,MOREPENLAB.NS,0.6433569406645329,0.0152778418467335,0.02949336449569995,0
2018-09-30,28.677317268351803,36.94195862928834,23.05138397216797,23.05138397216797,68808186,18061180000.0,578070000.0,33600950000.0,11198020000.0,17405610000.0,860520000.0,19.627779,1.8,21.77,547953699.0,MOREPENLAB.NS,0.6433569406645329,0.0152778418467335,0.02949336449569995,0
2018-12-31,21.906283716896546,26.78541049831913,18.71991429972123,22.055644989013672,29969176,18061180000.0,578070000.0,33600950000.0,11198020000.0,17405610000.0,860520000.0,19.627779,1.8,21.77,547953699.0,MOREPENLAB.NS,0.6433569406645329,0.0152778418467335,0.02949336449569995,0
2019-03-31,22.05564434294095,22.354366839365515,14.488019808206513,17.475238800048828,31086205,18061180000.0,578070000.0,33600950000.0,11198020000.0,17405610000.0,860520000.0,19.627779,1.8,21.77,547953699.0,MOREPENLAB.NS,0.6433569406645329,0.0152778418467335,0.02949336449569995,1
2019-06-30,17.325878806115977,23.051385131665775,15.234824382018019,18.122472763061523,45318618,18061180000.0,578070000.0,33600950000.0,11198020000.0,17405610000.0,860520000.0,19.627779,1.8,21.77,547953699.0,MOREPENLAB.NS,0.6433569406645329,0.0152778418467335,0.02949336449569995,0
2019-09-30,18.072684020543047,23.847977759958855,15.035677097101821,16.628862380981445,41052453,18061180000.0,578070000.0,33600950000.0,11198020000.0,17405610000.0,860520000.0,19.627779,1.8,21.77,547953699.0,MOREPENLAB.NS,0.6433569406645329,0.0152778418467335,0.02949336449569995,0
2019-12-31,16.828008592606892,17.82374809325566,14.587592836381136,15.483759880065918,24560241,18061180000.0,578070000.0,33600950000.0,11198020000.0,17405610000.0,860520000.0,19.627779,1.8,21.77,547953699.0,MOREPENLAB.NS,0.6433569406645329,0.0152778418467335,0.02949336449569995,0
2020-03-31,15.583333338197992,16.82800926370994,7.169328881122561,9.509319305419922,34925007,18061180000.0,578070000.0,33600950000.0,11198020000.0,17405610000.0,860520000.0,19.627779,1.8,21.77,547953699.0,MOREPENLAB.NS,0.6433569406645329,0.0152778418467335,0.02949336449569995,1
2020-06-30,9.658679962158203,34.801120554141775,9.260384253257362,22.951810836791992,203312845,18061180000.0,578070000.0,33600950000.0,11198020000.0,17405610000.0,860520000.0,19.627779,1.8,21.77,547953699.0,MOREPENLAB.NS,0.6433569406645329,0.0152778418467335,0.02949336449569995,1
2020-09-30,22.30457897491975,28.67731588696174,19.16799870206568,24.395633697509766,133709445,18061180000.0,578070000.0,33600950000.0,11198020000.0,17405610000.0,860520000.0,19.627779,1.8,21.77,547953699.0,MOREPENLAB.NS,0.6433569406645329,0.0152778418467335,0.02949336449569995,1
2020-12-31,24.793929311452892,34.95047686036496,23.748402915485208,30.569223403930664,204953548,18061180000.0,578070000.0,33600950000.0,11198020000.0,17405610000.0,860520000.0,19.627779,1.8,21.77,547953699.0,MOREPENLAB.NS,0.6433569406645329,0.0152778418467335,0.02949336449569995,1
2021-03-31,30.768371558766827,38.63471840114459,27.084132614871603,31.963258743286133,250606259,18061180000.0,578070000.0,33600950000.0,11198020000.0,17405610000.0,860520000.0,19.627779,1.8,21.77,547953699.0,MOREPENLAB.NS,0.6433569406645329,0.0152778418467335,0.02949336449569995,1
2021-06-30,32.112620803413314,72.09159062238619,31.664536853344348,62.5324821472168,657634493,18061180000.0,578070000.0,33600950000.0,11198020000.0,17405610000.0,860520000.0,19.627779,1.8,21.77,547953699.0,MOREPENLAB.NS,0.6433569406645329,0.0152778418467335,0.02949336449569995,0
2021-09-30,62.73163102020753,74.68050969519547,46.650425944815765,56.40868377685547,188854829,18061180000.0,578070000.0,33600950000.0,11198020000.0,17405610000.0,860520000.0,19.627779,1.8,21.77,547953699.0,MOREPENLAB.NS,0.6433569406645329,0.0152778418467335,0.02949336449569995,0
2021-12-31,56.757190636543115,60.04312999461082,46.50106767108974,56.01038360595703,147430336,18061180000.0,578070000.0,33600950000.0,11198020000.0,17405610000.0,860520000.0,19.627779,1.8,21.77,547953699.0,MOREPENLAB.NS,0.6433569406645329,0.0152778418467335,0.02949336449569995,0
2022-03-31,56.45846879585133,60.242280128993045,36.29472987077731,36.39430236816406,100503741,18061180000.0,578070000.0,33600950000.0,11198020000.0,17405610000.0,860520000.0,19.627779,1.8,21.77,547953699.0,MOREPENLAB.NS,0.6433569406645329,0.0152778418467335,0.02949336449569995,1
2022-06-30,36.64323786186629,54.56656256946735,32.16240635474973,38.435569763183594,145335074,18061180000.0,578070000.0,33600950000.0,11198020000.0,17405610000.0,860520000.0,19.627779,1.8,21.77,547953699.0,MOREPENLAB.NS,0.6433569406645329,0.0152778418467335,0.02949336449569995,0
2022-09-30,38.33599594540718,40.3274763816363,23.54925421598117,23.748403549194336,108724842,18061180000.0,578070000.0,33600950000.0,11198020000.0,17405610000.0,860520000.0,19.627779,1.8,21.77,547953699.0,MOREPENLAB.NS,0.6433569406645329,0.0152778418467335,0.02949336449569995,1
2022-12-31,24.096913165520945,48.24361057505711,23.499468676440717,37.68876266479492,371589273,18061180000.0,578070000.0,33600950000.0,11198020000.0,17405610000.0,860520000.0,19.627779,1.8,21.77,547953699.0,MOREPENLAB.NS,0.6433569406645329,0.0152778418467335,0.02949336449569995,0
2023-03-31,37.738552490983864,37.83812498472269,23.897763608305638,25.690095901489258,232234348,18061180000.0,578070000.0,33600950000.0,11198020000.0,17405610000.0,860520000.0,19.627779,1.8,21.77,547953699.0,MOREPENLAB.NS,0.6433569406645329,0.0152778418467335,0.02949336449569995,1
2023-06-30,25.88924410538602,32.112621214331654,24.993079522444717,30.220714569091797,219959620,18061180000.0,578070000.0,33600950000.0,11198020000.0,17405610000.0,860520000.0,19.627779,1.8,21.77,547953699.0,MOREPENLAB.NS,0.6433569406645329,0.0152778418467335,0.02949336449569995,1
2023-09-30,30.37007456377518,41.62193921326834,28.47816850250946,36.941959381103516,310421383,18061180000.0,578070000.0,33600950000.0,11198020000.0,17405610000.0,860520000.0,19.627779,1.8,21.77,547953699.0,MOREPENLAB.NS,0.6433569406645329,0.0152778418467335,0.02949336449569995,1
2023-12-31,37.04153566121586,52.7244439941232,31.1666661718056,48.34318542480469,439199368,18061180000.0,578070000.0,33600950000.0,11198020000.0,17405610000.0,860520000.0,19.627779,1.8,21.77,547953699.0,MOREPENLAB.NS,0.6433569406645329,0.0152778418467335,0.02949336449569995,0
2024-03-31,48.54233488614566,56.15974657631379,38.385781693400446,41.870872497558594,400257330,18061180000.0,578070000.0,33600950000.0,11198020000.0,17405610000.0,860520000.0,19.627779,1.8,21.77,547953699.0,MOREPENLAB.NS,0.6433569406645329,0.0152778418467335,0.02949336449569995,1
2024-06-30,42.468321596394745,59.54526032624827,41.87087509483352,55.47268295288086,343700990,18061180000.0,578070000.0,33600950000.0,11198020000.0,17405610000.0,860520000.0,19.627779,1.8,21.77,547953699.0,MOREPENLAB.NS,0.6433569406645329,0.0152778418467335,0.02949336449569995,1
2024-09-30,55.462728653932956,100.47018589548343,51.77849021436269,85.12582397460938,1282027049,18061180000.0,578070000.0,15622536000.0,334946000.0,11104338000.0,195454000.0,19.627779,1.8,21.77,547953699.0,MOREPENLAB.NS,0.030163527082839158,0.0152778418467335,0.02949336449569995,0
2024-12-31,85.37475922458238,94.04765637492635,72.48989109426563,77.82705688476562,550393555,4527807000.0,266885000.0,15622536000.0,334946000.0,11104338000.0,195454000.0,19.627779,1.8,21.77,547953699.0,MOREPENLAB.NS,0.030163527082839158,0.0152778418467335,0.02949336449569995,0
2025-03-31,77.96646059315891,80.30644982131945,42.41852953901525,47.63621139526367,264516466,4580123000.0,203154000.0,17780993000.0,1050952000.0,11562307000.0,273812000.0,19.627779,1.8,21.77,547953699.0,MOREPENLAB.NS,0.0908946631498368,0.011425346154739502,0.01757036895837483,1
2025-06-30,47.69595602451854,70.19968457233841,41.82108790501412,61.50687026977539,404238241,4252388000.0,107483000.0,17780993000.0,1050952000.0,11562307000.0,273812000.0,19.627779,1.8,21.77,547953699.0,MOREPENLAB.NS,0.0908946631498368,0.011425346154739502,0.01757036895837483,0
2025-09-30,61.765762974598616,66.11714848457837,45.08711261392088,47.849998474121094,221648323,4115758000.0,408746000.0,17361394000.0,1584622000.0,11962337000.0,331897000.0,19.627779,1.8,21.77,547953699.0,MOREPENLAB.NS,0.13246759391580423,0.023543385974651575,0.0341694102080555,0
2025-12-31,48.130001068115234,50.380001068115234,38.41999816894531,41.06999969482422,92146257,4841610000.0,275093000.0,17361394000.0,1584622000.0,11962337000.0,331897000.0,19.627779,1.8,21.77,547953699.0,MOREPENLAB.NS,0.13246759391580423,0.023543385974651575,0.0341694102080555,0
2026-03-31,41.06999969482422,48.84000015258789,33.5,35.33000183105469,346437358,4841610000.0,275093000.0,17361394000.0,1584622000.0,11962337000.0,331897000.0,19.627779,1.8,21.77,547953699.0,MOREPENLAB.NS,0.13246759391580423,0.023543385974651575,0.0341694102080555,0
2016-03-31,429.72931017029686,446.25383151775037,359.0283206381194,379.92578125,9233412,4841610000.0,275093000.0,17361394000.0,1584622000.0,11962337000.0,331897000.0,10.673762,86.9,482.88,179109870.0,NATCOPHARM.NS,0.13246759391580423,0.023543385974651575,0.0341694102080555,1
2016-06-30,381.03035200429895,560.6365767845385,377.44007399244737,533.8935546875,20450587,4841610000.0,275093000.0,17361394000.0,1584622000.0,11962337000.0,331897000.0,10.673762,86.9,482.88,179109870.0,NATCOPHARM.NS,0.13246759391580423,0.023543385974651575,0.0341694102080555,1
2016-09-30,537.3459603168611,647.6052120045183,508.34221666135034,550.0933227539062,17225057,4841610000.0,275093000.0,17361394000.0,1584622000.0,11962337000.0,331897000.0,10.673762,86.9,482.88,179109870.0,NATCOPHARM.NS,0.13246759391580423,0.023543385974651575,0.0341694102080555,0
2016-12-31,557.6048677410321,633.180889215771,460.8304721654322,534.2407836914062,15315577,4841610000.0,275093000.0,17361394000.0,1584622000.0,11962337000.0,331897000.0,10.673762,86.9,482.88,179109870.0,NATCOPHARM.NS,0.13246759391580423,0.023543385974651575,0.0341694102080555,1
2017-03-31,538.250065409728,794.166000097892,535.8076081697809,788.7786865234375,23251220,4841610000.0,275093000.0,17361394000.0,1584622000.0,11962337000.0,331897000.0,10.673762,86.9,482.88,179109870.0,NATCOPHARM.NS,0.13246759391580423,0.023543385974651575,0.0341694102080555,1
2017-06-30,794.0734065210075,1012.4454306194889,781.7195824259082,930.4281616210938,21940199,4841610000.0,275093000.0,17361394000.0,1584622000.0,11962337000.0,331897000.0,10.673762,86.9,482.88,179109870.0,NATCOPHARM.NS,0.13246759391580423,0.023543385974651575,0.0341694102080555,0
2017-09-30,941.8531356676972,964.4705921361855,623.3506708824074,732.290283203125,27154459,4841610000.0,275093000.0,17361394000.0,1584622000.0,11962337000.0,331897000.0,10.673762,86.9,482.88,179109870.0,NATCOPHARM.NS,0.13246759391580423,0.023543385974651575,0.0341694102080555,1
2017-12-31,739.4547173669356,976.9454851196631,733.4069593765171,894.7888793945312,19577753,4841610000.0,275093000.0,17361394000.0,1584622000.0,11962337000.0,331897000.0,10.673762,86.9,482.88,179109870.0,NATCOPHARM.NS,0.13246759391580423,0.023543385974651575,0.0341694102080555,0
2018-03-31,897.859224820708,974.1076052751495,654.9124228373211,707.53271484375,22586486,4841610000.0,275093000.0,17361394000.0,1584622000.0,11962337000.0,331897000.0,10.673762,86.9,482.88,179109870.0,NATCOPHARM.NS,0.13246759391580423,0.023543385974651575,0.0341694102080555,1
2018-06-30,713.4940988009923,792.2130435505186,687.2075646254817,756.3977661132812,15071077,4841610000.0,275093000.0,17361394000.0,1584622000.0,11962337000.0,331897000.0,10.673762,86.9,482.88,179109870.0,NATCOPHARM.NS,0.13246759391580423,0.023543385974651575,0.0341694102080555,0
2018-09-30,761.8427639675231,797.9775625122016,698.6889846608865,706.919921875,13117531,4841610000.0,275093000.0,17361394000.0,1584622000.0,11962337000.0,331897000.0,10.673762,86.9,482.88,179109870.0,NATCOPHARM.NS,0.13246759391580423,0.023543385974651575,0.0341694102080555,0
2018-12-31,699.8648328343313,752.4486515401884,598.271482171484,639.7083129882812,11716947,4841610000.0,275093000.0,17361394000.0,1584622000.0,11962337000.0,331897000.0,10.673762,86.9,482.88,179109870.0,NATCOPHARM.NS,0.13246759391580423,0.023543385974651575,0.0341694102080555,0
2019-03-31,646.2461311875727,667.6935308045065,525.2692704400029,535.6800537109375,14259954,4841610000.0,275093000.0,17361394000.0,1584622000.0,11962337000.0,331897000.0,10.673762,86.9,482.88,179109870.0,NATCOPHARM.NS,0.13246759391580423,0.023543385974651575,0.0341694102080555,0
2019-06-30,546.9428497207213,546.9428497207213,454.2870313141782,507.4152526855469,13623744,4841610000.0,275093000.0,17361394000.0,1584622000.0,11962337000.0,331897000.0,10.673762,86.9,482.88,179109870.0,NATCOPHARM.NS,0.13246759391580423,0.023543385974651575,0.0341694102080555,1
2019-09-30,500.8697366142973,579.9989228462498,464.8223083050065,553.3285522460938,9497946,4841610000.0,275093000.0,17361394000.0,1584622000.0,11962337000.0,331897000.0,10.673762,86.9,482.88,179109870.0,NATCOPHARM.NS,0.13246759391580423,0.023543385974651575,0.0341694102080555,1
2019-12-31,559.0808575074675,576.1957319994599,520.0971652092959,565.2821655273438,8244943,4841610000.0,275093000.0,17361394000.0,1584622000.0,11962337000.0,331897000.0,10.673762,86.9,482.88,179109870.0,NATCOPHARM.NS,0.13246759391580423,0.023543385974651575,0.0341694102080555,0
2020-03-31,567.6158782602852,703.066275295396,385.4791227921452,484.1112365722656,13478317,4841610000.0,275093000.0,17361394000.0,1584622000.0,11962337000.0,331897000.0,10.673762,86.9,482.88,179109870.0,NATCOPHARM.NS,0.13246759391580423,0.023543385974651575,0.0341694102080555,1
2020-06-30,487.8937687256474,636.7994858356659,470.1782933155896,605.3358154296875,24570708,4841610000.0,275093000.0,17361394000.0,1584622000.0,11962337000.0,331897000.0,10.673762,86.9,482.88,179109870.0,NATCOPHARM.NS,0.13246759391580423,0.023543385974651575,0.0341694102080555,1
2020-09-30,609.9874353022087,956.6885408224109,599.5332247093386,912.4080200195312,48214467,4841610000.0,275093000.0,17361394000.0,1584622000.0,11962337000.0,331897000.0,10.673762,86.9,482.88,179109870.0,NATCOPHARM.NS,0.13246759391580423,0.023543385974651575,0.0341694102080555,1
2020-12-31,934.5963562170216,959.8477453749566,831.6273799011615,927.033935546875,23730067,4841610000.0,275093000.0,17361394000.0,1584622000.0,11962337000.0,331897000.0,10.673762,86.9,482.88,179109870.0,NATCOPHARM.NS,0.13246759391580423,0.023543385974651575,0.0341694102080555,0
2021-03-31,929.9730099418592,945.2959048252734,743.4965170929526,796.5625610351562,24305741,4841610000.0,275093000.0,17361394000.0,1584622000.0,11962337000.0,331897000.0,10.673762,86.9,482.88,179109870.0,NATCOPHARM.NS,0.13246759391580423,0.023543385974651575,0.0341694102080555,1
2021-06-30,800.7598571680595,1146.334106730459,796.031897226376,1089.695068359375,48255116,4841610000.0,275093000.0,17361394000.0,1584622000.0,11962337000.0,331897000.0,10.673762,86.9,482.88,179109870.0,NATCOPHARM.NS,0.13246759391580423,0.023543385974651575,0.0341694102080555,0
2021-09-30,1099.0063041380934,1147.2504800140007,842.3801925463903,862.1559448242188,21876107,4841610000.0,275093000.0,17361394000.0,1584622000.0,11962337000.0,331897000.0,10.673762,86.9,482.88,179109870.0,NATCOPHARM.NS,0.13246759391580423,0.023543385974651575,0.0341694102080555,1
2021-12-31,866.3624989967988,896.3888875272444,766.1783122766565,875.36572265625,15974268,4841610000.0,275093000.0,17361394000.0,1584622000.0,11962337000.0,331897000.0,10.673762,86.9,482.88,179109870.0,NATCOPHARM.NS,0.13246759391580423,0.023543385974651575,0.0341694102080555,0
2022-03-31,882.3810311037706,913.4419304516977,729.3285561631584,733.4510498046875,13575073,4841610000.0,275093000.0,17361394000.0,1584622000.0,11962337000.0,331897000.0,10.673762,86.9,482.88,179109870.0,NATCOPHARM.NS,0.13246759391580423,0.023543385974651575,0.0341694102080555,0
2022-06-30,737.1369484436759,822.9317679787442,589.5058367876048,630.29345703125,15386715,4841610000.0,275093000.0,17361394000.0,1584622000.0,11962337000.0,331897000.0,10.673762,86.9,482.88,179109870.0,NATCOPHARM.NS,0.13246759391580423,0.023543385974651575,0.0341694102080555,0
2022-09-30,632.4274949479897,755.5179962452326,577.7611828741224,590.7802124023438,28066966,4841610000.0,275093000.0,17361394000.0,1584622000.0,11962337000.0,331897000.0,10.673762,86.9,482.88,179109870.0,NATCOPHARM.NS,0.13246759391580423,0.023543385974651575,0.0341694102080555,0
2022-12-31,590.9752675876762,619.8900677734424,531.4875812515847,548.4410400390625,15611649,4841610000.0,275093000.0,17361394000.0,1584622000.0,11962337000.0,331897000.0,10.673762,86.9,482.88,179109870.0,NATCOPHARM.NS,0.13246759391580423,0.023543385974651575,0.0341694102080555,1
2023-03-31,551.1751228189905,567.6496734173919,490.19381352532093,551.3541870117188,15946087,4841610000.0,275093000.0,17361394000.0,1584622000.0,11962337000.0,331897000.0,10.673762,86.9,482.88,179109870.0,NATCOPHARM.NS,0.13246759391580423,0.023543385974651575,0.0341694102080555,1
2023-06-30,557.6669015990059,689.9879294412718,539.2671964534157,678.4392700195312,36035513,4841610000.0,275093000.0,17361394000.0,1584622000.0,11962337000.0,331897000.0,10.673762,86.9,482.88,179109870.0,NATCOPHARM.NS,0.13246759391580423,0.023543385974651575,0.0341694102080555,1
2023-09-30,684.0178527030718,915.6796340921521,653.58000193416,861.4591674804688,48669834,4841610000.0,275093000.0,17361394000.0,1584622000.0,11962337000.0,331897000.0,10.673762,86.9,482.88,179109870.0,NATCOPHARM.NS,0.13246759391580423,0.023543385974651575,0.0341694102080555,0
2023-12-31,868.3168966726034,869.3036204188222,714.5854276040421,801.8483276367188,39219785,4841610000.0,275093000.0,17361394000.0,1584622000.0,11962337000.0,331897000.0,10.673762,86.9,482.88,179109870.0,NATCOPHARM.NS,0.13246759391580423,0.023543385974651575,0.0341694102080555,1
2024-03-31,802.4412222853132,1095.3699130471257,795.5726515292198,942.0462646484375,59706121,4841610000.0,275093000.0,17361394000.0,1584622000.0,11962337000.0,331897000.0,10.673762,86.9,482.88,179109870.0,NATCOPHARM.NS,0.13246759391580423,0.023543385974651575,0.0341694102080555,1
2024-06-30,960.8961552999916,1246.216192395062,940.5619989931099,1154.58935546875,52658484,4841610000.0,275093000.0,17361394000.0,1584622000.0,11962337000.0,331897000.0,10.673762,86.9,482.88,179109870.0,NATCOPHARM.NS,0.13246759391580423,0.023543385974651575,0.0341694102080555,1
2024-09-30,1161.565215225398,1624.9204506343847,1150.433425124441,1407.8016357421875,66683128,4841610000.0,275093000.0,82447000000.0,2084000000.0,71499000000.0,1046000000.0,10.673762,86.9,482.88,179109870.0,NATCOPHARM.NS,0.029147260800850363,0.023543385974651575,0.0341694102080555,0
2024-12-31,1407.8017179981482,1493.7248724970677,1271.5326066804748,1376.90673828125,40258392,4748000000.0,1330000000.0,82447000000.0,2084000000.0,71499000000.0,1046000000.0,10.673762,86.9,482.88,179109870.0,NATCOPHARM.NS,0.029147260800850363,0.023543385974651575,0.0341694102080555,0
2025-03-31,1379.387854029025,1409.3616539393597,752.6753732691914,794.1343383789062,57232431,12031000000.0,4066000000.0,86308000000.0,2794000000.0,76070000000.0,1200000000.0,10.673762,86.9,482.88,179109870.0,NATCOPHARM.NS,0.03672932825029578,0.047110348982713074,0.05345076902852636,1
2025-06-30,794.1343987371838,964.3948727628048,722.6001626845858,921.2953491210938,65912181,13289000000.0,4807000000.0,86308000000.0,2794000000.0,76070000000.0,1200000000.0,10.673762,86.9,482.88,179109870.0,NATCOPHARM.NS,0.03672932825029578,0.047110348982713074,0.05345076902852636,0
2025-09-30,934.4687950759647,1052.8805686065893,786.2389853809464,792.7660522460938,57261688,13630000000.0,5184000000.0,104301000000.0,2607000000.0,86498000000.0,1035000000.0,10.673762,86.9,482.88,179109870.0,NATCOPHARM.NS,0.030139425189021712,0.04970230390887911,0.059932021549631204,1
2025-12-31,797.1008466289543,949.287785928395,789.2782960207701,901.5188598632812,92128223,6473000000.0,1515000000.0,104301000000.0,2607000000.0,86498000000.0,1035000000.0,10.673762,86.9,482.88,179109870.0,NATCOPHARM.NS,0.030139425189021712,0.04970230390887911,0.059932021549631204,1
2026-03-31,899.5222186595914,1053.0,804.6833021977952,927.5499877929688,84348012,6473000000.0,1515000000.0,104301000000.0,2607000000.0,86498000000.0,1035000000.0,10.673762,86.9,482.88,179109870.0,NATCOPHARM.NS,0.030139425189021712,0.04970230390887911,0.059932021549631204,0
2016-03-31,673.8439138773817,721.0814361047312,657.2178136761077,688.0737915039062,140999,6473000000.0,1515000000.0,104301000000.0,2607000000.0,86498000000.0,1035000000.0,83.04585,139.14,1262.784,12829889.0,NEULANDLAB.NS,0.030139425189021712,0.04970230390887911,0.059932021549631204,1
2016-06-30,693.4039235248698,888.8089307661867,660.3964424850972,845.4344482421875,1685487,6473000000.0,1515000000.0,104301000000.0,2607000000.0,86498000000.0,1035000000.0,83.04585,139.14,1262.784,12829889.0,NEULANDLAB.NS,0.030139425189021712,0.04970230390887911,0.059932021549631204,1
2016-09-30,852.9651492275649,1058.6306605333486,838.1806472384205,954.6300659179688,2069488,6473000000.0,1515000000.0,104301000000.0,2607000000.0,86498000000.0,1035000000.0,83.04585,139.14,1262.784,12829889.0,NEULANDLAB.NS,0.030139425189021712,0.04970230390887911,0.059932021549631204,1
2016-12-31,957.6686340119129,1034.1252038222644,900.7672285232653,1011.8746337890625,991106,6473000000.0,1515000000.0,104301000000.0,2607000000.0,86498000000.0,1035000000.0,83.04585,139.14,1262.784,12829889.0,NEULANDLAB.NS,0.030139425189021712,0.04970230390887911,0.059932021549631204,1
2017-03-31,1019.4221063189372,1526.5355542407588,863.8622865730857,1465.4193115234375,3127790,6473000000.0,1515000000.0,104301000000.0,2607000000.0,86498000000.0,1035000000.0,83.04585,139.14,1262.784,12829889.0,NEULANDLAB.NS,0.030139425189021712,0.04970230390887911,0.059932021549631204,0
2017-06-30,1472.2810123541808,1692.8286544923117,1211.1517700085612,1388.7664794921875,2346848,6473000000.0,1515000000.0,104301000000.0,2607000000.0,86498000000.0,1035000000.0,83.04585,139.14,1262.784,12829889.0,NEULANDLAB.NS,0.030139425189021712,0.04970230390887911,0.059932021549631204,0
2017-09-30,1382.8852734203392,1516.978424593007,944.2887193123329,962.3736572265625,1397893,6473000000.0,1515000000.0,104301000000.0,2607000000.0,86498000000.0,1035000000.0,83.04585,139.14,1262.784,12829889.0,NEULANDLAB.NS,0.030139425189021712,0.04970230390887911,0.059932021549631204,0
2017-12-31,952.0323512640451,1278.1986418350516,833.132527166368,875.1836547851562,2157770,6473000000.0,1515000000.0,104301000000.0,2607000000.0,86498000000.0,1035000000.0,83.04585,139.14,1262.784,12829889.0,NEULANDLAB.NS,0.030139425189021712,0.04970230390887911,0.059932021549631204,0
2018-03-31,890.0338789590035,896.8953663154538,654.7826234922376,696.6378173828125,1499223,6473000000.0,1515000000.0,104301000000.0,2607000000.0,86498000000.0,1035000000.0,83.04585,139.14,1262.784,12829889.0,NEULANDLAB.NS,0.030139425189021712,0.04970230390887911,0.059932021549631204,0
2018-06-30,704.7245933320396,812.8910536717052,617.5345753091262,627.7288208007812,931460,6473000000.0,1515000000.0,104301000000.0,2607000000.0,86498000000.0,1035000000.0,83.04585,139.14,1262.784,12829889.0,NEULANDLAB.NS,0.030139425189021712,0.04970230390887911,0.059932021549631204,1
2018-09-30,627.3366797738731,804.7552678074187,539.6075370807747,672.7205810546875,842224,6473000000.0,1515000000.0,104301000000.0,2607000000.0,86498000000.0,1035000000.0,83.04585,139.14,1262.784,12829889.0,NEULANDLAB.NS,0.030139425189021712,0.04970230390887911,0.059932021549631204,0
2018-12-31,672.7695583554369,680.9053788304929,416.5908167719118,449.2808532714844,820971,6473000000.0,1515000000.0,104301000000.0,2607000000.0,86498000000.0,1035000000.0,83.04585,139.14,1262.784,12829889.0,NEULANDLAB.NS,0.030139425189021712,0.04970230390887911,0.059932021549631204,1
2019-03-31,449.82000210014667,810.9306440482603,449.0358432082325,603.1253051757812,2496985,6473000000.0,1515000000.0,104301000000.0,2607000000.0,86498000000.0,1035000000.0,83.04585,139.14,1262.784,12829889.0,NEULANDLAB.NS,0.030139425189021712,0.04970230390887911,0.059932021549631204,0
2019-06-30,669.1919306308099,736.8755149948495,482.46102761774426,518.3175048828125,1229678,6473000000.0,1515000000.0,104301000000.0,2607000000.0,86498000000.0,1035000000.0,83.04585,139.14,1262.784,12829889.0,NEULANDLAB.NS,0.030139425189021712,0.04970230390887911,0.059932021549631204,0
2019-09-30,527.5521850585938,650.3530062584341,433.24118603085196,494.1994323730469,1416298,6473000000.0,1515000000.0,104301000000.0,2607000000.0,86498000000.0,1035000000.0,83.04585,139.14,1262.784,12829889.0,NEULANDLAB.NS,0.030139425189021712,0.04970230390887911,0.059932021549631204,0
2019-12-31,500.4868207208731,530.401145307068,373.55998361321946,410.7931823730469,1408712,6473000000.0,1515000000.0,104301000000.0,2607000000.0,86498000000.0,1035000000.0,83.04585,139.14,1262.784,12829889.0,NEULANDLAB.NS,0.030139425189021712,0.04970230390887911,0.059932021549631204,0
2020-03-31,416.9823515647468,510.556539290712,242.4737459222323,279.17779541015625,1776126,6473000000.0,1515000000.0,104301000000.0,2607000000.0,86498000000.0,1035000000.0,83.04585,139.14,1262.784,12829889.0,NEULANDLAB.NS,0.030139425189021712,0.04970230390887911,0.059932021549631204,1
2020-06-30,286.0351491553162,596.6383330899471,261.46709298410707,568.7649536132812,5622869,6473000000.0,1515000000.0,104301000000.0,2607000000.0,86498000000.0,1035000000.0,83.04585,139.14,1262.784,12829889.0,NEULANDLAB.NS,0.030139425189021712,0.04970230390887911,0.059932021549631204,1
2020-09-30,573.9449794620983,1185.4820340118301,502.8554623591669,1132.3992919921875,14585476,6473000000.0,1515000000.0,104301000000.0,2607000000.0,86498000000.0,1035000000.0,83.04585,139.14,1262.784,12829889.0,NEULANDLAB.NS,0.030139425189021712,0.04970230390887911,0.059932021549631204,0
2020-12-31,1164.2686900387014,1317.2022083947163,965.9983345238915,1082.52294921875,7260328,6473000000.0,1515000000.0,104301000000.0,2607000000.0,86498000000.0,1035000000.0,83.04585,139.14,1262.784,12829889.0,NEULANDLAB.NS,0.030139425189021712,0.04970230390887911,0.059932021549631204,1
2021-03-31,1087.069287177508,2322.5867426880222,1067.401403847717,2064.82861328125,7762900,6473000000.0,1515000000.0,104301000000.0,2607000000.0,86498000000.0,1035000000.0,83.04585,139.14,1262.784,12829889.0,NEULANDLAB.NS,0.030139425189021712,0.04970230390887911,0.059932021549631204,1
2021-06-30,2060.6778557234584,2811.2192670500076,1892.7596686645486,2139.468994140625,4958036,6473000000.0,1515000000.0,104301000000.0,2607000000.0,86498000000.0,1035000000.0,83.04585,139.14,1262.784,12829889.0,NEULANDLAB.NS,0.030139425189021712,0.04970230390887911,0.059932021549631204,0
2021-09-30,2157.731227946611,2250.032870145123,1432.3340460164286,1539.9285888671875,1719737,6473000000.0,1515000000.0,104301000000.0,2607000000.0,86498000000.0,1035000000.0,83.04585,139.14,1262.784,12829889.0,NEULANDLAB.NS,0.030139425189021712,0.04970230390887911,0.059932021549631204,0
2021-12-31,1573.830353909378,1854.9421226401266,1453.9618224295643,1529.33740234375,1926462,6473000000.0,1515000000.0,104301000000.0,2607000000.0,86498000000.0,1035000000.0,83.04585,139.14,1262.784,12829889.0,NEULANDLAB.NS,0.030139425189021712,0.04970230390887911,0.059932021549631204,0
2022-03-31,1544.6303765610526,1727.253939181012,984.4358497661284,1018.6839599609375,3047120,6473000000.0,1515000000.0,104301000000.0,2607000000.0,86498000000.0,1035000000.0,83.04585,139.14,1262.784,12829889.0,NEULANDLAB.NS,0.030139425189021712,0.04970230390887911,0.059932021549631204,1
2022-06-30,1028.433842446117,1459.0099848173556,957.1659769330506,1167.6038818359375,2528488,6473000000.0,1515000000.0,104301000000.0,2607000000.0,86498000000.0,1035000000.0,83.04585,139.14,1262.784,12829889.0,NEULANDLAB.NS,0.030139425189021712,0.04970230390887911,0.059932021549631204,1
2022-09-30,1173.3944505659877,1473.1311842322814,1061.608763382988,1355.19140625,3435338,6473000000.0,1515000000.0,104301000000.0,2607000000.0,86498000000.0,1035000000.0,83.04585,139.14,1262.784,12829889.0,NEULANDLAB.NS,0.030139425189021712,0.04970230390887911,0.059932021549631204,1
2022-12-31,1356.9307860328595,1990.0194176762122,1292.369515889536,1656.974365234375,3629614,6473000000.0,1515000000.0,104301000000.0,2607000000.0,86498000000.0,1035000000.0,83.04585,139.14,1262.784,12829889.0,NEULANDLAB.NS,0.030139425189021712,0.04970230390887911,0.059932021549631204,1
2023-03-31,1675.910545875959,1848.8692826971214,1310.212122886654,1793.254150390625,2519061,6473000000.0,1515000000.0,104301000000.0,2607000000.0,86498000000.0,1035000000.0,83.04585,139.14,1262.784,12829889.0,NEULANDLAB.NS,0.030139425189021712,0.04970230390887911,0.059932021549631204,1
2023-06-30,1808.06478903772,3113.1081301765785,1779.2383340556503,2813.81005859375,6006079,6473000000.0,1515000000.0,104301000000.0,2607000000.0,86498000000.0,1035000000.0,83.04585,139.14,1262.784,12829889.0,NEULANDLAB.NS,0.030139425189021712,0.04970230390887911,0.059932021549631204,1
2023-09-30,2821.9609247825565,4328.917681917743,2769.427388338844,3678.8818359375,2980006,6473000000.0,1515000000.0,104301000000.0,2607000000.0,86498000000.0,1035000000.0,83.04585,139.14,1262.784,12829889.0,NEULANDLAB.NS,0.030139425189021712,0.04970230390887911,0.059932021549631204,1
2023-12-31,3690.501857224568,5587.096309523477,3601.87898285806,5277.8876953125,2796168,6473000000.0,1515000000.0,104301000000.0,2607000000.0,86498000000.0,1035000000.0,83.04585,139.14,1262.784,12829889.0,NEULANDLAB.NS,0.030139425189021712,0.04970230390887911,0.059932021549631204,1
2024-03-31,5346.312473760619,7299.611787166599,5008.27818065717,6306.005859375,2801488,6473000000.0,1515000000.0,104301000000.0,2607000000.0,86498000000.0,1035000000.0,83.04585,139.14,1262.784,12829889.0,NEULANDLAB.NS,0.030139425189021712,0.04970230390887911,0.059932021549631204,1
2024-06-30,6234.039986562204,7770.107938639832,5525.952797049976,7465.78662109375,2257178,6473000000.0,1515000000.0,104301000000.0,2607000000.0,86498000000.0,1035000000.0,83.04585,139.14,1262.784,12829889.0,NEULANDLAB.NS,0.030139425189021712,0.04970230390887911,0.059932021549631204,1
2024-09-30,7630.4652288816205,13618.722380166188,7476.907845735045,12376.1513671875,2873723,6473000000.0,1515000000.0,19438004000.0,1094883000.0,13952122000.0,724729000.0,83.04585,139.14,1262.784,12829889.0,NEULANDLAB.NS,0.0784742994649846,0.04970230390887911,0.059932021549631204,1
2024-12-31,12375.351483711363,18085.023749408418,11090.815073408929,13712.4443359375,3912116,3980318000.0,1015868000.0,19438004000.0,1094883000.0,13952122000.0,724729000.0,83.04585,139.14,1262.784,12829889.0,NEULANDLAB.NS,0.0784742994649846,0.04970230390887911,0.059932021549631204,0
2025-03-31,13774.442994469351,15207.406007938065,10182.267882797636,12061.5615234375,2646919,2859048000.0,278059000.0,21798816000.0,1571376000.0,15248063000.0,1319304000.0,83.04585,139.14,1262.784,12829889.0,NEULANDLAB.NS,0.10305413874536064,0.01275569278625041,0.01823569328117283,0
2025-06-30,11970.08756654399,13938.457671427168,10391.545245063022,11990.0712890625,3627154,2927527000.0,139000000.0,21798816000.0,1571376000.0,15248063000.0,1319304000.0,83.04585,139.14,1262.784,12829889.0,NEULANDLAB.NS,0.10305413874536064,0.01275569278625041,0.01823569328117283,1
2025-09-30,12040.029558322107,16440.0,11562.425135118487,14605.0,5875937,5142731000.0,968539000.0,25340339000.0,2645276000.0,16201551000.0,413418000.0,83.04585,139.14,1262.784,12829889.0,NEULANDLAB.NS,0.16327301009637904,0.03822123295193486,0.05978063458245448,1
2025-12-31,14700.0,19747.0,14670.0,15175.0,3853280,4397093000.0,405719000.0,25340339000.0,2645276000.0,16201551000.0,413418000.0,83.04585,139.14,1262.784,12829889.0,NEULANDLAB.NS,0.16327301009637904,0.03822123295193486,0.05978063458245448,0
2026-03-31,15277.0,15490.0,11500.0,11555.0,2362107,4397093000.0,405719000.0,25340339000.0,2645276000.0,16201551000.0,413418000.0,83.04585,139.14,1262.784,12829889.0,NEULANDLAB.NS,0.16327301009637904,0.03822123295193486,0.05978063458245448,0
2022-09-30,1844.2636021169296,1933.8873565356744,1372.8671551445125,1472.85888671875,194260,4397093000.0,405719000.0,25340339000.0,2645276000.0,16201551000.0,413418000.0,35.73401,57.22,485.914,6178024.0,NGLFINE.NS,0.16327301009637904,0.03822123295193486,0.05978063458245448,1
2022-12-31,1460.4970435987477,1984.5313188525056,1385.7775574233228,1531.37841796875,383193,4397093000.0,405719000.0,25340339000.0,2645276000.0,16201551000.0,413418000.0,35.73401,57.22,485.914,6178024.0,NGLFINE.NS,0.16327301009637904,0.03822123295193486,0.05978063458245448,0
2023-03-31,1550.370023979094,1602.9577652859127,1171.4383482046078,1198.0062255859375,204886,4397093000.0,405719000.0,25340339000.0,2645276000.0,16201551000.0,413418000.0,35.73401,57.22,485.914,6178024.0,NGLFINE.NS,0.16327301009637904,0.03822123295193486,0.05978063458245448,1
2023-06-30,1197.0093001868022,1916.5409603656765,1197.0093001868022,1872.6761474609375,423201,4397093000.0,405719000.0,25340339000.0,2645276000.0,16201551000.0,413418000.0,35.73401,57.22,485.914,6178024.0,NGLFINE.NS,0.16327301009637904,0.03822123295193486,0.05978063458245448,1
2023-09-30,1906.1231066225948,2434.6181820832603,1820.4372156243412,1956.315673828125,564048,4397093000.0,405719000.0,25340339000.0,2645276000.0,16201551000.0,413418000.0,35.73401,57.22,485.914,6178024.0,NGLFINE.NS,0.16327301009637904,0.03822123295193486,0.05978063458245448,1
2023-12-31,1974.9749326318536,2244.584348018257,1724.32360826969,2225.575927734375,326974,4397093000.0,405719000.0,25340339000.0,2645276000.0,16201551000.0,413418000.0,35.73401,57.22,485.914,6178024.0,NGLFINE.NS,0.16327301009637904,0.03822123295193486,0.05978063458245448,0
2024-03-31,2235.1049430071125,2283.499038263572,1769.1755236407153,2089.424072265625,348833,4397093000.0,405719000.0,25340339000.0,2645276000.0,16201551000.0,413418000.0,35.73401,57.22,485.914,6178024.0,NGLFINE.NS,0.16327301009637904,0.03822123295193486,0.05978063458245448,1
2024-06-30,2089.4242014973606,2817.72900749372,2072.8106824383353,2349.304931640625,563445,4397093000.0,405719000.0,25340339000.0,2645276000.0,16201551000.0,413418000.0,35.73401,57.22,485.914,6178024.0,NGLFINE.NS,0.16327301009637904,0.03822123295193486,0.05978063458245448,0
2024-09-30,2359.8320077067533,2771.8795497715932,1997.1292863867786,2016.50146484375,503014,4397093000.0,405719000.0,3958519000.0,492029000.0,2802947000.0,59961000.0,35.73401,57.22,485.914,6178024.0,NGLFINE.NS,0.1755398871259428,0.03822123295193486,0.05978063458245448,0
2024-12-31,2016.551324055004,2175.772557360769,1699.9064754445853,1808.5504150390625,178589,890988000.0,12766000.0,3958519000.0,492029000.0,2802947000.0,59961000.0,35.73401,57.22,485.914,6178024.0,NGLFINE.NS,0.1755398871259428,0.03822123295193486,0.05978063458245448,0
2025-03-31,1816.2893128083074,2047.0575426644475,955.6263787584328,1131.373779296875,667358,896930000.0,8240000.0,4333913000.0,770972000.0,2824346000.0,5833000.0,35.73401,57.22,485.914,6178024.0,NGLFINE.NS,0.2729736370827087,0.0019012841282231554,0.0029174895710369765,0
2025-06-30,1127.3795166015625,1372.9265172557075,978.5933435058594,1100.018798828125,115313,1041854000.0,92406000.0,4333913000.0,770972000.0,2824346000.0,5833000.0,35.73401,57.22,485.914,6178024.0,NGLFINE.NS,0.2729736370827087,0.0019012841282231554,0.0029174895710369765,1
2025-09-30,1101.4167798872534,1564.9000244140625,1101.4167798872534,1405.4000244140625,179187,1202583000.0,96255000.0,4841248000.0,882032000.0,3002031000.0,19016000.0,35.73401,57.22,485.914,6178024.0,NGLFINE.NS,0.2938117561077817,0.019882270026241166,0.03206329315053709,1
2025-12-31,1419.300048828125,1650.0,1271.0,1406.199951171875,166174,1275099000.0,156907000.0,4841248000.0,882032000.0,3002031000.0,19016000.0,35.73401,57.22,485.914,6178024.0,NGLFINE.NS,0.2938117561077817,0.019882270026241166,0.03206329315053709,1
2026-03-31,1413.199951171875,2575.0,1357.0,2044.699951171875,392158,1275099000.0,156907000.0,4841248000.0,882032000.0,3002031000.0,19016000.0,35.73401,57.22,485.914,6178024.0,NGLFINE.NS,0.2938117561077817,0.019882270026241166,0.03206329315053709,0
2016-03-31,39.45000076293945,39.70000076293945,36.20000076293945,37.650001525878906,2082615,1275099000.0,156907000.0,4841248000.0,882032000.0,3002031000.0,19016000.0,134.85449,3.78,251.493,50719105.0,ORCHPHARMA.NS,0.2938117561077817,0.019882270026241166,0.03206329315053709,1
2016-06-30,37.5,45.75,35.25,39.75,31442039,1275099000.0,156907000.0,4841248000.0,882032000.0,3002031000.0,19016000.0,134.85449,3.78,251.493,50719105.0,ORCHPHARMA.NS,0.2938117561077817,0.019882270026241166,0.03206329315053709,0
2016-09-30,40.29999923706055,45.849998474121094,35.54999923706055,38.099998474121094,40413991,1275099000.0,156907000.0,4841248000.0,882032000.0,3002031000.0,19016000.0,134.85449,3.78,251.493,50719105.0,ORCHPHARMA.NS,0.2938117561077817,0.019882270026241166,0.03206329315053709,0
2016-12-31,39.0,41.0,23.899999618530273,27.049999237060547,42467830,1275099000.0,156907000.0,4841248000.0,882032000.0,3002031000.0,19016000.0,134.85449,3.78,251.493,50719105.0,ORCHPHARMA.NS,0.2938117561077817,0.019882270026241166,0.03206329315053709,0
2017-03-31,27.100000381469727,31.5,26.0,26.25,20845595,1275099000.0,156907000.0,4841248000.0,882032000.0,3002031000.0,19016000.0,134.85449,3.78,251.493,50719105.0,ORCHPHARMA.NS,0.2938117561077817,0.019882270026241166,0.03206329315053709,1
2017-06-30,26.25,40.0,25.399999618530273,26.799999237060547,53569814,1275099000.0,156907000.0,4841248000.0,882032000.0,3002031000.0,19016000.0,134.85449,3.78,251.493,50719105.0,ORCHPHARMA.NS,0.2938117561077817,0.019882270026241166,0.03206329315053709,0
2017-09-30,27.049999237060547,30.149999618530273,16.649999618530273,18.450000762939453,38721259,1275099000.0,156907000.0,4841248000.0,882032000.0,3002031000.0,19016000.0,134.85449,3.78,251.493,50719105.0,ORCHPHARMA.NS,0.2938117561077817,0.019882270026241166,0.03206329315053709,1
2017-12-31,18.399999618530273,20.0,17.0,18.700000762939453,10914689,1275099000.0,156907000.0,4841248000.0,882032000.0,3002031000.0,19016000.0,134.85449,3.78,251.493,50719105.0,ORCHPHARMA.NS,0.2938117561077817,0.019882270026241166,0.03206329315053709,0
2018-03-31,18.450000762939453,24.700000762939453,10.850000381469727,11.0,14696022,1275099000.0,156907000.0,4841248000.0,882032000.0,3002031000.0,19016000.0,134.85449,3.78,251.493,50719105.0,ORCHPHARMA.NS,0.2938117561077817,0.019882270026241166,0.03206329315053709,0
2018-06-30,10.449999809265137,13.75,6.650000095367432,8.899999618530273,2697319,1275099000.0,156907000.0,4841248000.0,882032000.0,3002031000.0,19016000.0,134.85449,3.78,251.493,50719105.0,ORCHPHARMA.NS,0.2938117561077817,0.019882270026241166,0.03206329315053709,0
2018-09-30,8.699999809265137,8.949999809265137,6.599999904632568,6.599999904632568,1701004,1275099000.0,156907000.0,4841248000.0,882032000.0,3002031000.0,19016000.0,134.85449,3.78,251.493,50719105.0,ORCHPHARMA.NS,0.2938117561077817,0.019882270026241166,0.03206329315053709,0
2018-12-31,6.349999904632568,6.400000095367432,4.5,4.800000190734863,1698436,1275099000.0,156907000.0,4841248000.0,882032000.0,3002031000.0,19016000.0,134.85449,3.78,251.493,50719105.0,ORCHPHARMA.NS,0.2938117561077817,0.019882270026241166,0.03206329315053709,1
2019-03-31,4.949999809265137,7.199999809265137,3.0,5.599999904632568,1649974,1275099000.0,156907000.0,4841248000.0,882032000.0,3002031000.0,19016000.0,134.85449,3.78,251.493,50719105.0,ORCHPHARMA.NS,0.2938117561077817,0.019882270026241166,0.03206329315053709,0
2019-06-30,5.599999904632568,6.650000095367432,3.9000000953674316,5.25,1900770,1275099000.0,156907000.0,4841248000.0,882032000.0,3002031000.0,19016000.0,134.85449,3.78,251.493,50719105.0,ORCHPHARMA.NS,0.2938117561077817,0.019882270026241166,0.03206329315053709,1
2019-09-30,5.5,8.25,5.0,5.449999809265137,1305739,1275099000.0,156907000.0,4841248000.0,882032000.0,3002031000.0,19016000.0,134.85449,3.78,251.493,50719105.0,ORCHPHARMA.NS,0.2938117561077817,0.019882270026241166,0.03206329315053709,0
2019-12-31,5.449999809265137,5.449999809265137,5.449999809265137,5.449999809265137,0,1275099000.0,156907000.0,4841248000.0,882032000.0,3002031000.0,19016000.0,134.85449,3.78,251.493,50719105.0,ORCHPHARMA.NS,0.2938117561077817,0.019882270026241166,0.03206329315053709,0
2020-03-31,5.449999809265137,5.449999809265137,5.449999809265137,5.449999809265137,0,1275099000.0,156907000.0,4841248000.0,882032000.0,3002031000.0,19016000.0,134.85449,3.78,251.493,50719105.0,ORCHPHARMA.NS,0.2938117561077817,0.019882270026241166,0.03206329315053709,0
2020-06-30,5.449999809265137,5.449999809265137,5.449999809265137,5.449999809265137,0,1275099000.0,156907000.0,4841248000.0,882032000.0,3002031000.0,19016000.0,134.85449,3.78,251.493,50719105.0,ORCHPHARMA.NS,0.2938117561077817,0.019882270026241166,0.03206329315053709,0
2020-09-30,5.449999809265137,5.449999809265137,5.449999809265137,5.449999809265137,0,1275099000.0,156907000.0,4841248000.0,882032000.0,3002031000.0,19016000.0,134.85449,3.78,251.493,50719105.0,ORCHPHARMA.NS,0.2938117561077817,0.019882270026241166,0.03206329315053709,1
2020-12-31,5.449999809265137,123.25,5.449999809265137,123.25,6056,1275099000.0,156907000.0,4841248000.0,882032000.0,3002031000.0,19016000.0,134.85449,3.78,251.493,50719105.0,ORCHPHARMA.NS,0.2938117561077817,0.019882270026241166,0.03206329315053709,1
2021-03-31,129.39999389648438,2407.550048828125,129.39999389648438,2407.550048828125,22749,1275099000.0,156907000.0,4841248000.0,882032000.0,3002031000.0,19016000.0,134.85449,3.78,251.493,50719105.0,ORCHPHARMA.NS,0.2938117561077817,0.019882270026241166,0.03206329315053709,0
2021-06-30,2527.89990234375,2654.25,913.7000122070312,913.7000122070312,241270,1275099000.0,156907000.0,4841248000.0,882032000.0,3002031000.0,19016000.0,134.85449,3.78,251.493,50719105.0,ORCHPHARMA.NS,0.2938117561077817,0.019882270026241166,0.03206329315053709,0
2021-09-30,868.0499877929688,868.0499877929688,365.0,424.70001220703125,1418247,1275099000.0,156907000.0,4841248000.0,882032000.0,3002031000.0,19016000.0,134.85449,3.78,251.493,50719105.0,ORCHPHARMA.NS,0.2938117561077817,0.019882270026241166,0.03206329315053709,0
2021-12-31,420.0,463.0,385.0,394.8999938964844,356248,1275099000.0,156907000.0,4841248000.0,882032000.0,3002031000.0,19016000.0,134.85449,3.78,251.493,50719105.0,ORCHPHARMA.NS,0.2938117561077817,0.019882270026241166,0.03206329315053709,0
2022-03-31,398.0,460.0,265.0,285.20001220703125,1361042,1275099000.0,156907000.0,4841248000.0,882032000.0,3002031000.0,19016000.0,134.85449,3.78,251.493,50719105.0,ORCHPHARMA.NS,0.2938117561077817,0.019882270026241166,0.03206329315053709,0
2022-06-30,297.0,426.0,268.1499938964844,284.1499938964844,922254,1275099000.0,156907000.0,4841248000.0,882032000.0,3002031000.0,19016000.0,134.85449,3.78,251.493,50719105.0,ORCHPHARMA.NS,0.2938117561077817,0.019882270026241166,0.03206329315053709,1
2022-09-30,280.1000061035156,365.8999938964844,272.5,319.75,350934,1275099000.0,156907000.0,4841248000.0,882032000.0,3002031000.0,19016000.0,134.85449,3.78,251.493,50719105.0,ORCHPHARMA.NS,0.2938117561077817,0.019882270026241166,0.03206329315053709,1
2022-12-31,320.0,428.0,310.54998779296875,364.04998779296875,701434,1275099000.0,156907000.0,4841248000.0,882032000.0,3002031000.0,19016000.0,134.85449,3.78,251.493,50719105.0,ORCHPHARMA.NS,0.2938117561077817,0.019882270026241166,0.03206329315053709,1
2023-03-31,369.25,430.8999938964844,332.75,383.25,331080,1275099000.0,156907000.0,4841248000.0,882032000.0,3002031000.0,19016000.0,134.85449,3.78,251.493,50719105.0,ORCHPHARMA.NS,0.2938117561077817,0.019882270026241166,0.03206329315053709,1
2023-06-30,388.5,524.0,372.6499938964844,499.8999938964844,856343,1275099000.0,156907000.0,4841248000.0,882032000.0,3002031000.0,19016000.0,134.85449,3.78,251.493,50719105.0,ORCHPHARMA.NS,0.2938117561077817,0.019882270026241166,0.03206329315053709,1
2023-09-30,502.0,634.7999877929688,486.20001220703125,531.7999877929688,2243534,1275099000.0,156907000.0,4841248000.0,882032000.0,3002031000.0,19016000.0,134.85449,3.78,251.493,50719105.0,ORCHPHARMA.NS,0.2938117561077817,0.019882270026241166,0.03206329315053709,1
2023-12-31,544.8499755859375,749.5,432.04998779296875,712.5,11762185,1275099000.0,156907000.0,4841248000.0,882032000.0,3002031000.0,19016000.0,134.85449,3.78,251.493,50719105.0,ORCHPHARMA.NS,0.2938117561077817,0.019882270026241166,0.03206329315053709,1
2024-03-31,712.5,1359.949951171875,702.75,1044.8499755859375,14812239,1275099000.0,156907000.0,4841248000.0,882032000.0,3002031000.0,19016000.0,134.85449,3.78,251.493,50719105.0,ORCHPHARMA.NS,0.2938117561077817,0.019882270026241166,0.03206329315053709,1
2024-06-30,1052.949951171875,1260.0,913.25,1138.949951171875,6088819,1275099000.0,156907000.0,4841248000.0,882032000.0,3002031000.0,19016000.0,134.85449,3.78,251.493,50719105.0,ORCHPHARMA.NS,0.2938117561077817,0.019882270026241166,0.03206329315053709,1
2024-09-30,1156.0,1590.0,1081.050048828125,1367.699951171875,7895002,1275099000.0,156907000.0,16351441000.0,1649379000.0,12242432000.0,43531000.0,134.85449,3.78,251.493,50719105.0,ORCHPHARMA.NS,0.13472641710405253,0.019882270026241166,0.03206329315053709,1
2024-12-31,1377.0,1863.9000244140625,1225.050048828125,1807.050048828125,4672286,2173425000.0,207751000.0,16351441000.0,1649379000.0,12242432000.0,43531000.0,134.85449,3.78,251.493,50719105.0,ORCHPHARMA.NS,0.13472641710405253,0.019882270026241166,0.03206329315053709,0
2025-03-31,1824.0,1997.4000244140625,761.0999755859375,776.0999755859375,7372108,2294658000.0,222946000.0,16879147000.0,1746091000.0,12672854000.0,211068000.0,134.85449,3.78,251.493,50719105.0,ORCHPHARMA.NS,0.13778198659907231,0.013208368882621852,0.017592406572347476,0
2025-06-30,789.9500122070312,875.0,603.7999877929688,714.2999877929688,8296378,1729288000.0,149106000.0,16879147000.0,1746091000.0,12672854000.0,211068000.0,134.85449,3.78,251.493,50719105.0,ORCHPHARMA.NS,0.13778198659907231,0.013208368882621852,0.017592406572347476,0
2025-09-30,716.0,816.25,680.0,702.0,6276932,1935242000.0,-57236000.0,17220487000.0,2816085000.0,12738433000.0,419872000.0,134.85449,3.78,251.493,50719105.0,ORCHPHARMA.NS,0.22106996990917172,-0.0033237155255829874,-0.004493174317437632,1
2025-12-31,703.0,899.0,701.0,758.9500122070312,6006130,2072670000.0,-126135000.0,17220487000.0,2816085000.0,12738433000.0,419872000.0,134.85449,3.78,251.493,50719105.0,ORCHPHARMA.NS,0.22106996990917172,-0.0033237155255829874,-0.004493174317437632,0
2026-03-31,767.4500122070312,805.0,489.0,509.75,4548535,2072670000.0,-126135000.0,17220487000.0,2816085000.0,12738433000.0,419872000.0,134.85449,3.78,251.493,50719105.0,ORCHPHARMA.NS,0.22106996990917172,-0.0033237155255829874,-0.004493174317437632,0
2016-03-31,80.52145385742188,86.6402359008789,76.65472412109375,78.18441772460938,381664,2072670000.0,-126135000.0,17220487000.0,2816085000.0,12738433000.0,419872000.0,134.85449,-1.29,134.767,61250746.0,PANACEABIO.NS,0.22106996990917172,-0.0033237155255829874,-0.004493174317437632,1
2016-06-30,78.69432067871094,113.02748107910156,71.6407241821289,104.78411865234375,6792079,2072670000.0,-126135000.0,17220487000.0,2816085000.0,12738433000.0,419872000.0,134.85449,-1.29,134.767,61250746.0,PANACEABIO.NS,0.22106996990917172,-0.0033237155255829874,-0.004493174317437632,0
2016-09-30,107.07866668701172,125.7324447631836,87.53256225585938,93.56635284423828,4707365,2072670000.0,-126135000.0,17220487000.0,2816085000.0,12738433000.0,419872000.0,134.85449,-1.29,134.767,61250746.0,PANACEABIO.NS,0.22106996990917172,-0.0033237155255829874,-0.004493174317437632,1
2016-12-31,95.60594940185547,122.33312225341797,85.06804656982422,99.8551025390625,5536302,2072670000.0,-126135000.0,17220487000.0,2816085000.0,12738433000.0,419872000.0,134.85449,-1.29,134.767,61250746.0,PANACEABIO.NS,0.22106996990917172,-0.0033237155255829874,-0.004493174317437632,1
2017-03-31,100.95988464355469,151.77975463867188,99.8551025390625,137.0776824951172,15470304,2072670000.0,-126135000.0,17220487000.0,2816085000.0,12738433000.0,419872000.0,134.85449,-1.29,134.767,61250746.0,PANACEABIO.NS,0.22106996990917172,-0.0033237155255829874,-0.004493174317437632,0
2017-06-30,138.39492797851562,148.72036743164062,108.09845733642578,115.66195678710938,5841124,2072670000.0,-126135000.0,17220487000.0,2816085000.0,12738433000.0,419872000.0,134.85449,-1.29,134.767,61250746.0,PANACEABIO.NS,0.22106996990917172,-0.0033237155255829874,-0.004493174317437632,1
2017-09-30,117.14915466308594,226.05496215820312,110.56297302246094,177.14720153808594,14738347,2072670000.0,-126135000.0,17220487000.0,2816085000.0,12738433000.0,419872000.0,134.85449,-1.29,134.767,61250746.0,PANACEABIO.NS,0.22106996990917172,-0.0033237155255829874,-0.004493174317437632,1
2017-12-31,180.88645935058594,257.2012634277344,166.77926635742188,206.50885009765625,20219537,2072670000.0,-126135000.0,17220487000.0,2816085000.0,12738433000.0,419872000.0,134.85449,-1.29,134.767,61250746.0,PANACEABIO.NS,0.22106996990917172,-0.0033237155255829874,-0.004493174317437632,1
2018-03-31,207.27369689941406,309.63580322265625,195.970947265625,227.03225708007812,26110288,2072670000.0,-126135000.0,17220487000.0,2816085000.0,12738433000.0,419872000.0,134.85449,-1.29,134.767,61250746.0,PANACEABIO.NS,0.22106996990917172,-0.0033237155255829874,-0.004493174317437632,0
2018-06-30,227.32969665527344,301.7323913574219,184.83816528320312,192.8265838623047,10809475,2072670000.0,-126135000.0,17220487000.0,2816085000.0,12738433000.0,419872000.0,134.85449,-1.29,134.767,61250746.0,PANACEABIO.NS,0.22106996990917172,-0.0033237155255829874,-0.004493174317437632,0
2018-09-30,193.7613983154297,228.68943786621094,144.47120666503906,148.12548828125,5289179,2072670000.0,-126135000.0,17220487000.0,2816085000.0,12738433000.0,419872000.0,134.85449,-1.29,134.767,61250746.0,PANACEABIO.NS,0.22106996990917172,-0.0033237155255829874,-0.004493174317437632,0
2018-12-31,148.12548828125,151.2698516845703,117.06417083740234,136.1003875732422,2118322,2072670000.0,-126135000.0,17220487000.0,2816085000.0,12738433000.0,419872000.0,134.85449,-1.29,134.767,61250746.0,PANACEABIO.NS,0.22106996990917172,-0.0033237155255829874,-0.004493174317437632,1
2019-03-31,136.35533142089844,183.52093505859375,118.16895294189453,174.89515686035156,4999363,2072670000.0,-126135000.0,17220487000.0,2816085000.0,12738433000.0,419872000.0,134.85449,-1.29,134.767,61250746.0,PANACEABIO.NS,0.22106996990917172,-0.0033237155255829874,-0.004493174317437632,0
2019-06-30,166.5668182373047,182.6286163330078,128.6218719482422,133.25344848632812,5952178,2072670000.0,-126135000.0,17220487000.0,2816085000.0,12738433000.0,419872000.0,134.85449,-1.29,134.767,61250746.0,PANACEABIO.NS,0.22106996990917172,-0.0033237155255829874,-0.004493174317437632,0
2019-09-30,133.55088806152344,140.09458923339844,97.94298553466797,122.54558563232422,2287404,2072670000.0,-126135000.0,17220487000.0,2816085000.0,12738433000.0,419872000.0,134.85449,-1.29,134.767,61250746.0,PANACEABIO.NS,0.22106996990917172,-0.0033237155255829874,-0.004493174317437632,0
2019-12-31,121.61077117919922,128.2819366455078,93.48137664794922,111.582763671875,2814487,2072670000.0,-126135000.0,17220487000.0,2816085000.0,12738433000.0,419872000.0,134.85449,-1.29,134.767,61250746.0,PANACEABIO.NS,0.22106996990917172,-0.0033237155255829874,-0.004493174317437632,0
2020-03-31,111.45529174804688,120.46349334716797,73.0429458618164,92.84400177001953,1957525,2072670000.0,-126135000.0,17220487000.0,2816085000.0,12738433000.0,419872000.0,134.85449,-1.29,134.767,61250746.0,PANACEABIO.NS,0.22106996990917172,-0.0033237155255829874,-0.004493174317437632,1
2020-06-30,93.60884857177734,223.8029022216797,93.56635284423828,171.96324157714844,23026884,2072670000.0,-126135000.0,17220487000.0,2816085000.0,12738433000.0,419872000.0,134.85449,-1.29,134.767,61250746.0,PANACEABIO.NS,0.22106996990917172,-0.0033237155255829874,-0.004493174317437632,1
2020-09-30,171.580810546875,207.0,149.44271850585938,181.5,18370642,2072670000.0,-126135000.0,17220487000.0,2816085000.0,12738433000.0,419872000.0,134.85449,-1.29,134.767,61250746.0,PANACEABIO.NS,0.22106996990917172,-0.0033237155255829874,-0.004493174317437632,1
2020-12-31,175.25,265.0,170.75,239.5500030517578,16932246,2072670000.0,-126135000.0,17220487000.0,2816085000.0,12738433000.0,419872000.0,134.85449,-1.29,134.767,61250746.0,PANACEABIO.NS,0.22106996990917172,-0.0033237155255829874,-0.004493174317437632,0
2021-03-31,240.39999389648438,250.0,172.5500030517578,178.89999389648438,8431581,2072670000.0,-126135000.0,17220487000.0,2816085000.0,12738433000.0,419872000.0,134.85449,-1.29,134.767,61250746.0,PANACEABIO.NS,0.22106996990917172,-0.0033237155255829874,-0.004493174317437632,1
2021-06-30,180.0,449.0,179.9499969482422,371.45001220703125,61027026,2072670000.0,-126135000.0,17220487000.0,2816085000.0,12738433000.0,419872000.0,134.85449,-1.29,134.767,61250746.0,PANACEABIO.NS,0.22106996990917172,-0.0033237155255829874,-0.004493174317437632,0
2021-09-30,373.0,412.29998779296875,268.8500061035156,285.8999938964844,12161958,2072670000.0,-126135000.0,17220487000.0,2816085000.0,12738433000.0,419872000.0,134.85449,-1.29,134.767,61250746.0,PANACEABIO.NS,0.22106996990917172,-0.0033237155255829874,-0.004493174317437632,0
2021-12-31,283.0,287.3500061035156,165.3000030517578,198.64999389648438,9063566,2072670000.0,-126135000.0,17220487000.0,2816085000.0,12738433000.0,419872000.0,134.85449,-1.29,134.767,61250746.0,PANACEABIO.NS,0.22106996990917172,-0.0033237155255829874,-0.004493174317437632,0
2022-03-31,199.3000030517578,278.1499938964844,147.9499969482422,148.1999969482422,10895435,2072670000.0,-126135000.0,17220487000.0,2816085000.0,12738433000.0,419872000.0,134.85449,-1.29,134.767,61250746.0,PANACEABIO.NS,0.22106996990917172,-0.0033237155255829874,-0.004493174317437632,0
2022-06-30,150.0,191.6999969482422,125.0,128.1999969482422,4745989,2072670000.0,-126135000.0,17220487000.0,2816085000.0,12738433000.0,419872000.0,134.85449,-1.29,134.767,61250746.0,PANACEABIO.NS,0.22106996990917172,-0.0033237155255829874,-0.004493174317437632,1
2022-09-30,131.0,155.60000610351562,125.0,131.4499969482422,4869502,2072670000.0,-126135000.0,17220487000.0,2816085000.0,12738433000.0,419872000.0,134.85449,-1.29,134.767,61250746.0,PANACEABIO.NS,0.22106996990917172,-0.0033237155255829874,-0.004493174317437632,1
2022-12-31,133.89999389648438,164.39999389648438,130.10000610351562,142.0500030517578,10160894,2072670000.0,-126135000.0,17220487000.0,2816085000.0,12738433000.0,419872000.0,134.85449,-1.29,134.767,61250746.0,PANACEABIO.NS,0.22106996990917172,-0.0033237155255829874,-0.004493174317437632,0
2023-03-31,143.0,144.1999969482422,107.0,108.44999694824219,3786531,2072670000.0,-126135000.0,17220487000.0,2816085000.0,12738433000.0,419872000.0,134.85449,-1.29,134.767,61250746.0,PANACEABIO.NS,0.22106996990917172,-0.0033237155255829874,-0.004493174317437632,1
2023-06-30,110.75,141.64999389648438,109.44999694824219,127.75,4547932,2072670000.0,-126135000.0,17220487000.0,2816085000.0,12738433000.0,419872000.0,134.85449,-1.29,134.767,61250746.0,PANACEABIO.NS,0.22106996990917172,-0.0033237155255829874,-0.004493174317437632,1
2023-09-30,127.75,173.5,121.0999984741211,166.5500030517578,65141220,2072670000.0,-126135000.0,17220487000.0,2816085000.0,12738433000.0,419872000.0,134.85449,-1.29,134.767,61250746.0,PANACEABIO.NS,0.22106996990917172,-0.0033237155255829874,-0.004493174317437632,1
2023-12-31,167.6999969482422,181.0,140.9499969482422,167.89999389648438,22064349,2072670000.0,-126135000.0,17220487000.0,2816085000.0,12738433000.0,419872000.0,134.85449,-1.29,134.767,61250746.0,PANACEABIO.NS,0.22106996990917172,-0.0033237155255829874,-0.004493174317437632,0
2024-03-31,168.8000030517578,202.5,120.30000305175781,121.55000305175781,19872521,2072670000.0,-126135000.0,17220487000.0,2816085000.0,12738433000.0,419872000.0,134.85449,-1.29,134.767,61250746.0,PANACEABIO.NS,0.22106996990917172,-0.0033237155255829874,-0.004493174317437632,1
2024-06-30,121.9000015258789,161.25,112.3499984741211,133.99000549316406,8279135,2072670000.0,-126135000.0,17220487000.0,2816085000.0,12738433000.0,419872000.0,134.85449,-1.29,134.767,61250746.0,PANACEABIO.NS,0.22106996990917172,-0.0033237155255829874,-0.004493174317437632,1
2024-09-30,134.0500030517578,367.2699890136719,130.0,300.57000732421875,52433347,2072670000.0,-126135000.0,12430800000.0,215700000.0,8329100000.0,476700000.0,134.85449,-1.29,134.767,61250746.0,PANACEABIO.NS,0.025897155755123604,-0.0033237155255829874,-0.004493174317437632,1
2024-12-31,302.0,490.54998779296875,271.20001220703125,418.6000061035156,10362091,1634900000.0,45200000.0,12430800000.0,215700000.0,8329100000.0,476700000.0,134.85449,-1.29,134.767,61250746.0,PANACEABIO.NS,0.025897155755123604,-0.0033237155255829874,-0.004493174317437632,1
2025-03-31,419.0,464.8999938964844,281.1000061035156,441.25,14487382,660400000.0,-18900000.0,12897460000.0,150000000.0,8347860000.0,821250000.0,134.85449,-1.29,134.767,61250746.0,PANACEABIO.NS,0.01796867700224968,-0.0014654048161420932,-0.0022640533022834594,0
2025-06-30,439.0,581.9000244140625,397.70001220703125,426.6000061035156,16917435,1667000000.0,40500000.0,12897460000.0,150000000.0,8347860000.0,821250000.0,134.85449,-1.29,134.767,61250746.0,PANACEABIO.NS,0.01796867700224968,-0.0014654048161420932,-0.0022640533022834594,0
2025-09-30,426.5,474.25,380.04998779296875,406.8999938964844,12243066,1411300000.0,-139200000.0,12545000000.0,229000000.0,8264100000.0,636700000.0,134.85449,-1.29,134.767,61250746.0,PANACEABIO.NS,0.027710216478503406,-0.011096054204862494,-0.01684393944894181,0
2025-12-31,410.95001220703125,464.0,322.6499938964844,376.29998779296875,48508234,1651900000.0,39800000.0,12545000000.0,229000000.0,8264100000.0,636700000.0,134.85449,-1.29,134.767,61250746.0,PANACEABIO.NS,0.027710216478503406,-0.011096054204862494,-0.01684393944894181,0
2026-03-31,379.5,448.0,305.04998779296875,322.04998779296875,28725781,1651900000.0,39800000.0,12545000000.0,229000000.0,8264100000.0,636700000.0,134.85449,-1.29,134.767,61250746.0,PANACEABIO.NS,0.027710216478503406,-0.011096054204862494,-0.01684393944894181,0
2016-03-31,1421.7804135793053,1540.177502771596,1413.3174349270475,1517.708251953125,305925,1651900000.0,39800000.0,12545000000.0,229000000.0,8264100000.0,636700000.0,24.432062,186.64,841.241,45747732.0,PFIZER.NS,0.027710216478503406,-0.011096054204862494,-0.01684393944894181,1
2016-06-30,1511.3187569164018,1630.5013342494324,1430.4551289382716,1617.1484375,1451203,1651900000.0,39800000.0,12545000000.0,229000000.0,8264100000.0,636700000.0,24.432062,186.64,841.241,45747732.0,PFIZER.NS,0.027710216478503406,-0.011096054204862494,-0.01684393944894181,1
2016-09-30,1605.9288145495393,1748.6723289671286,1545.1796613523757,1636.388916015625,916356,1651900000.0,39800000.0,12545000000.0,229000000.0,8264100000.0,636700000.0,24.432062,186.64,841.241,45747732.0,PFIZER.NS,0.027710216478503406,-0.011096054204862494,-0.01684393944894181,0
2016-12-31,1636.4739925387487,1656.098240062058,1413.442694074746,1556.186279296875,690487,1651900000.0,39800000.0,12545000000.0,229000000.0,8264100000.0,636700000.0,24.432062,186.64,841.241,45747732.0,PFIZER.NS,0.027710216478503406,-0.011096054204862494,-0.01684393944894181,1
2017-03-31,1578.4553204082042,1669.7495787052524,1416.3436880973743,1634.127685546875,1150088,1651900000.0,39800000.0,12545000000.0,229000000.0,8264100000.0,636700000.0,24.432062,186.64,841.241,45747732.0,PFIZER.NS,0.027710216478503406,-0.011096054204862494,-0.01684393944894181,0
2017-06-30,1633.9997802183377,1669.0670623083256,1400.9857618712617,1541.6812744140625,1060279,1651900000.0,39800000.0,12545000000.0,229000000.0,8264100000.0,636700000.0,24.432062,186.64,841.241,45747732.0,PFIZER.NS,0.027710216478503406,-0.011096054204862494,-0.01684393944894181,1
2017-09-30,1542.7052370133736,1620.2627977098464,1477.226475889693,1568.1778564453125,782641,1651900000.0,39800000.0,12545000000.0,229000000.0,8264100000.0,636700000.0,24.432062,186.64,841.241,45747732.0,PFIZER.NS,0.027710216478503406,-0.011096054204862494,-0.01684393944894181,1
2017-12-31,1579.1369195046964,1807.809708712931,1450.5624412333123,1780.1531982421875,1223028,1651900000.0,39800000.0,12545000000.0,229000000.0,8264100000.0,636700000.0,24.432062,186.64,841.241,45747732.0,PFIZER.NS,0.027710216478503406,-0.011096054204862494,-0.01684393944894181,1
2018-03-31,1792.665528929193,2044.9396622937486,1726.6956228948497,1885.644775390625,1667629,1651900000.0,39800000.0,12545000000.0,229000000.0,8264100000.0,636700000.0,24.432062,186.64,841.241,45747732.0,PFIZER.NS,0.027710216478503406,-0.011096054204862494,-0.01684393944894181,1
2018-06-30,1885.4724105204496,2308.3013252468177,1794.866106628387,2225.892822265625,1734705,1651900000.0,39800000.0,12545000000.0,229000000.0,8264100000.0,636700000.0,24.432062,186.64,841.241,45747732.0,PFIZER.NS,0.027710216478503406,-0.011096054204862494,-0.01684393944894181,1
2018-09-30,2238.4051743754685,3338.1326291065725,2149.611159784497,2590.984619140625,4944100,1651900000.0,39800000.0,12545000000.0,229000000.0,8264100000.0,636700000.0,24.432062,186.64,841.241,45747732.0,PFIZER.NS,0.027710216478503406,-0.011096054204862494,-0.01684393944894181,0
2018-12-31,2592.2865692447367,2594.02170081719,2169.7820698451624,2476.336669921875,1505623,1651900000.0,39800000.0,12545000000.0,229000000.0,8264100000.0,636700000.0,24.432062,186.64,841.241,45747732.0,PFIZER.NS,0.027710216478503406,-0.011096054204862494,-0.01684393944894181,1
2019-03-31,2481.2381178535484,2943.60748642062,2278.270864597224,2854.50830078125,1466177,1651900000.0,39800000.0,12545000000.0,229000000.0,8264100000.0,636700000.0,24.432062,186.64,841.241,45747732.0,PFIZER.NS,0.027710216478503406,-0.011096054204862494,-0.01684393944894181,1
2019-06-30,2884.6563670170185,2939.31258439968,2559.319139090325,2911.11669921875,738491,1651900000.0,39800000.0,12545000000.0,229000000.0,8264100000.0,636700000.0,24.432062,186.64,841.241,45747732.0,PFIZER.NS,0.027710216478503406,-0.011096054204862494,-0.01684393944894181,1
2019-09-30,2906.345270599783,3048.6768955655393,2440.5582694872446,2928.975830078125,1481469,1651900000.0,39800000.0,12545000000.0,229000000.0,8264100000.0,636700000.0,24.432062,186.64,841.241,45747732.0,PFIZER.NS,0.027710216478503406,-0.011096054204862494,-0.01684393944894181,1
2019-12-31,2928.0144082465117,3932.3382102640085,2705.176026918708,3692.587158203125,2236016,1651900000.0,39800000.0,12545000000.0,229000000.0,8264100000.0,636700000.0,24.432062,186.64,841.241,45747732.0,PFIZER.NS,0.027710216478503406,-0.011096054204862494,-0.01684393944894181,0
2020-03-31,3692.848909254957,4304.681690389167,3025.0773631683464,3516.2919921875,3058774,1651900000.0,39800000.0,12545000000.0,229000000.0,8264100000.0,636700000.0,24.432062,186.64,841.241,45747732.0,PFIZER.NS,0.027710216478503406,-0.011096054204862494,-0.01684393944894181,1
2020-06-30,3513.6693977719056,4518.823508964938,3345.0220498280746,3703.045654296875,4844804,1651900000.0,39800000.0,12545000000.0,229000000.0,8264100000.0,636700000.0,24.432062,186.64,841.241,45747732.0,PFIZER.NS,0.027710216478503406,-0.011096054204862494,-0.01684393944894181,1
2020-09-30,3726.4008166918256,4904.465635593897,3699.495350346021,4586.78515625,4536458,1651900000.0,39800000.0,12545000000.0,229000000.0,8264100000.0,636700000.0,24.432062,186.64,841.241,45747732.0,PFIZER.NS,0.027710216478503406,-0.011096054204862494,-0.01684393944894181,1
2020-12-31,4596.474176553655,5523.25781364413,4549.666903879992,4780.70703125,8253184,1651900000.0,39800000.0,12545000000.0,229000000.0,8264100000.0,636700000.0,24.432062,186.64,841.241,45747732.0,PFIZER.NS,0.027710216478503406,-0.011096054204862494,-0.01684393944894181,0
2021-03-31,4830.510936199821,5101.993139978493,4053.5101704706503,4235.96484375,3973802,1651900000.0,39800000.0,12545000000.0,229000000.0,8264100000.0,636700000.0,24.432062,186.64,841.241,45747732.0,PFIZER.NS,0.027710216478503406,-0.011096054204862494,-0.01684393944894181,1
2021-06-30,4223.888463967923,5373.474693123774,4222.016172982121,5308.69287109375,8105729,1651900000.0,39800000.0,12545000000.0,229000000.0,8264100000.0,636700000.0,24.432062,186.64,841.241,45747732.0,PFIZER.NS,0.027710216478503406,-0.011096054204862494,-0.01684393944894181,0
2021-09-30,5312.438391908916,5815.437504480562,5152.544619037993,5256.11962890625,4369465,1651900000.0,39800000.0,12545000000.0,229000000.0,8264100000.0,636700000.0,24.432062,186.64,841.241,45747732.0,PFIZER.NS,0.027710216478503406,-0.011096054204862494,-0.01684393944894181,0
2021-12-31,5256.119492054046,5409.534312981834,4506.422576491425,4760.93603515625,3339780,1651900000.0,39800000.0,12545000000.0,229000000.0,8264100000.0,636700000.0,24.432062,186.64,841.241,45747732.0,PFIZER.NS,0.027710216478503406,-0.011096054204862494,-0.01684393944894181,0
2022-03-31,4798.93668108525,4868.957391781697,3936.6042963015357,4094.962646484375,2652040,1651900000.0,39800000.0,12545000000.0,229000000.0,8264100000.0,636700000.0,24.432062,186.64,841.241,45747732.0,PFIZER.NS,0.027710216478503406,-0.011096054204862494,-0.01684393944894181,0
2022-06-30,4096.751829840927,4275.641191387798,3823.5909310848265,3842.75634765625,1692517,1651900000.0,39800000.0,12545000000.0,229000000.0,8264100000.0,636700000.0,24.432062,186.64,841.241,45747732.0,PFIZER.NS,0.027710216478503406,-0.011096054204862494,-0.01684393944894181,1
2022-09-30,3865.9708917920966,4204.932565111139,3840.0721830163884,4079.683349609375,1196862,1651900000.0,39800000.0,12545000000.0,229000000.0,8264100000.0,636700000.0,24.432062,186.64,841.241,45747732.0,PFIZER.NS,0.027710216478503406,-0.011096054204862494,-0.01684393944894181,1
2022-12-31,4065.0011214077012,4457.153811044602,4018.1816863868926,4238.79248046875,1273293,1651900000.0,39800000.0,12545000000.0,229000000.0,8264100000.0,636700000.0,24.432062,186.64,841.241,45747732.0,PFIZER.NS,0.027710216478503406,-0.011096054204862494,-0.01684393944894181,0
2023-03-31,4242.904921802098,4245.726697774074,3259.6525332394667,3316.22802734375,489162,1651900000.0,39800000.0,12545000000.0,229000000.0,8264100000.0,636700000.0,24.432062,186.64,841.241,45747732.0,PFIZER.NS,0.027710216478503406,-0.011096054204862494,-0.01684393944894181,1
2023-06-30,3346.691677830459,3847.8823369468323,3326.653659185741,3612.734130859375,973692,1651900000.0,39800000.0,12545000000.0,229000000.0,8264100000.0,636700000.0,24.432062,186.64,841.241,45747732.0,PFIZER.NS,0.027710216478503406,-0.011096054204862494,-0.01684393944894181,1
2023-09-30,3625.0249835680147,3954.3377752545143,3607.8082351569483,3728.56298828125,1713497,1651900000.0,39800000.0,12545000000.0,229000000.0,8264100000.0,636700000.0,24.432062,186.64,841.241,45747732.0,PFIZER.NS,0.027710216478503406,-0.011096054204862494,-0.01684393944894181,1
2023-12-31,3742.4259080697498,4164.583731557002,3707.6482899194657,4123.9619140625,1321920,1651900000.0,39800000.0,12545000000.0,229000000.0,8264100000.0,636700000.0,24.432062,186.64,841.241,45747732.0,PFIZER.NS,0.027710216478503406,-0.011096054204862494,-0.01684393944894181,0
2024-03-31,4151.059113782403,4830.18309370561,3815.844622059915,4052.475341796875,1825097,1651900000.0,39800000.0,12545000000.0,229000000.0,8264100000.0,636700000.0,24.432062,186.64,841.241,45747732.0,PFIZER.NS,0.027710216478503406,-0.011096054204862494,-0.01684393944894181,1
2024-06-30,4057.3537568408055,4847.716550810766,3936.599372565108,4374.7451171875,1939706,1651900000.0,39800000.0,12545000000.0,229000000.0,8264100000.0,636700000.0,24.432062,186.64,841.241,45747732.0,PFIZER.NS,0.027710216478503406,-0.011096054204862494,-0.01684393944894181,1
2024-09-30,4413.8214029797855,6269.225261345253,4389.622373855218,5560.68603515625,3562320,1651900000.0,39800000.0,44586000000.0,747000000.0,37508700000.0,353400000.0,24.432062,186.64,841.241,45747732.0,PFIZER.NS,0.019915379631925394,-0.011096054204862494,-0.01684393944894181,0
2024-12-31,5605.3889774267645,5850.233895855588,4471.250085267153,5132.56005859375,2370033,5379900000.0,1276000000.0,44586000000.0,747000000.0,37508700000.0,353400000.0,24.432062,186.64,841.241,45747732.0,PFIZER.NS,0.019915379631925394,-0.011096054204862494,-0.01684393944894181,0
2025-03-31,5121.384233064186,5387.657297581053,3756.00581971144,3891.57177734375,3044619,5915600000.0,3309400000.0,49111100000.0,1084000000.0,42174100000.0,4950700000.0,24.432062,186.64,841.241,45747732.0,PFIZER.NS,0.025702978842464926,0.0673859880963774,0.0784699614218205,1
2025-06-30,3879.9102538758807,5823.995353554535,3596.63048496886,5517.392578125,3487901,6030500000.0,1917500000.0,49111100000.0,1084000000.0,42174100000.0,4950700000.0,24.432062,186.64,841.241,45747732.0,PFIZER.NS,0.025702978842464926,0.0673859880963774,0.0784699614218205,0
2025-09-30,5586.876175182477,5873.5,4770.5,5036.0,2454853,6423400000.0,1890200000.0,46055200000.0,898300000.0,38482900000.0,2053500000.0,24.432062,186.64,841.241,45747732.0,PFIZER.NS,0.023342835389224825,0.041042053883166285,0.049117919907283494,0
2025-12-31,5200.0,5578.5,4855.2001953125,4987.7001953125,1795620,6450300000.0,1418400000.0,46055200000.0,898300000.0,38482900000.0,2053500000.0,24.432062,186.64,841.241,45747732.0,PFIZER.NS,0.023342835389224825,0.041042053883166285,0.049117919907283494,0
2026-03-31,4940.0,5257.0,4460.0,4560.0,1899265,6450300000.0,1418400000.0,46055200000.0,898300000.0,38482900000.0,2053500000.0,24.432062,186.64,841.241,45747732.0,PFIZER.NS,0.023342835389224825,0.041042053883166285,0.049117919907283494,0
2016-03-31,139.0637083774382,140.6918618541711,129.86941749967986,135.95103454589844,149828,6450300000.0,1418400000.0,46055200000.0,898300000.0,38482900000.0,2053500000.0,35.34877,34.12,287.91,101359490.0,POLYMED.NS,0.023342835389224825,0.041042053883166285,0.049117919907283494,1
2016-06-30,135.99893998298305,191.42804881176792,125.12858720890367,187.0703582763672,751120,6450300000.0,1418400000.0,46055200000.0,898300000.0,38482900000.0,2053500000.0,35.34877,34.12,287.91,101359490.0,POLYMED.NS,0.023342835389224825,0.041042053883166285,0.049117919907283494,0
2016-09-30,186.28023464800006,212.6180570584585,170.50636678592963,182.4216766357422,750054,6450300000.0,1418400000.0,46055200000.0,898300000.0,38482900000.0,2053500000.0,35.34877,34.12,287.91,101359490.0,POLYMED.NS,0.023342835389224825,0.041042053883166285,0.049117919907283494,1
2016-12-31,189.73390459277473,204.74186864846092,165.6061664705632,183.10418701171875,302650,6450300000.0,1418400000.0,46055200000.0,898300000.0,38482900000.0,2053500000.0,35.34877,34.12,287.91,101359490.0,POLYMED.NS,0.023342835389224825,0.041042053883166285,0.049117919907283494,1
2017-03-31,187.4786697168333,304.9546442746099,179.30652283034198,261.58233642578125,9717213,6450300000.0,1418400000.0,46055200000.0,898300000.0,38482900000.0,2053500000.0,35.34877,34.12,287.91,101359490.0,POLYMED.NS,0.023342835389224825,0.041042053883166285,0.049117919907283494,0
2017-06-30,265.8689720788997,308.06124506703475,192.658691790832,211.5392303466797,2266302,6450300000.0,1418400000.0,46055200000.0,898300000.0,38482900000.0,2053500000.0,35.34877,34.12,287.91,101359490.0,POLYMED.NS,0.023342835389224825,0.041042053883166285,0.049117919907283494,1
2017-09-30,211.9245314348001,238.89677034906353,184.18166998643485,222.6402130126953,1514185,6450300000.0,1418400000.0,46055200000.0,898300000.0,38482900000.0,2053500000.0,35.34877,34.12,287.91,101359490.0,POLYMED.NS,0.023342835389224825,0.041042053883166285,0.049117919907283494,1
2017-12-31,222.06090995675126,292.5410988931158,216.94385125915605,269.61090087890625,1581802,6450300000.0,1418400000.0,46055200000.0,898300000.0,38482900000.0,2053500000.0,35.34877,34.12,287.91,101359490.0,POLYMED.NS,0.023342835389224825,0.041042053883166285,0.049117919907283494,0
2018-03-31,273.18322059350174,292.9756169387236,229.78475578721432,242.43258666992188,1046205,6450300000.0,1418400000.0,46055200000.0,898300000.0,38482900000.0,2053500000.0,35.34877,34.12,287.91,101359490.0,POLYMED.NS,0.023342835389224825,0.041042053883166285,0.049117919907283494,0
2018-06-30,243.15669386969154,289.6447022609447,170.02142962451248,204.87530517578125,1491899,6450300000.0,1418400000.0,46055200000.0,898300000.0,38482900000.0,2053500000.0,35.34877,34.12,287.91,101359490.0,POLYMED.NS,0.023342835389224825,0.041042053883166285,0.049117919907283494,1
2018-09-30,201.8340706850313,249.48060324421994,194.73777013599425,208.34429931640625,548428,6450300000.0,1418400000.0,46055200000.0,898300000.0,38482900000.0,2053500000.0,35.34877,34.12,287.91,101359490.0,POLYMED.NS,0.023342835389224825,0.041042053883166285,0.049117919907283494,1
2018-12-31,231.9267975299278,246.3978451259354,197.91734563036457,216.52993774414062,411264,6450300000.0,1418400000.0,46055200000.0,898300000.0,38482900000.0,2053500000.0,35.34877,34.12,287.91,101359490.0,POLYMED.NS,0.023342835389224825,0.041042053883166285,0.049117919907283494,0
2019-03-31,219.5995969473628,223.8872980798294,195.3349526481942,210.78050231933594,351370,6450300000.0,1418400000.0,46055200000.0,898300000.0,38482900000.0,2053500000.0,35.34877,34.12,287.91,101359490.0,POLYMED.NS,0.023342835389224825,0.041042053883166285,0.049117919907283494,0
2019-06-30,218.8199910375846,219.50212563504166,160.88704249313156,186.36973571777344,368604,6450300000.0,1418400000.0,46055200000.0,898300000.0,38482900000.0,2053500000.0,35.34877,34.12,287.91,101359490.0,POLYMED.NS,0.023342835389224825,0.041042053883166285,0.049117919907283494,1
2019-09-30,184.6643956442255,234.83886378082988,162.73853286636765,224.26718139648438,338624,6450300000.0,1418400000.0,46055200000.0,898300000.0,38482900000.0,2053500000.0,35.34877,34.12,287.91,101359490.0,POLYMED.NS,0.023342835389224825,0.041042053883166285,0.049117919907283494,0
2019-12-31,221.26776043035605,231.88861593214924,187.43838099423175,214.43301391601562,2446480,6450300000.0,1418400000.0,46055200000.0,898300000.0,38482900000.0,2053500000.0,35.34877,34.12,287.91,101359490.0,POLYMED.NS,0.023342835389224825,0.041042053883166285,0.049117919907283494,1
2020-03-31,214.3838713866999,343.21085359419897,197.9424217491559,230.65240478515625,5725853,6450300000.0,1418400000.0,46055200000.0,898300000.0,38482900000.0,2053500000.0,35.34877,34.12,287.91,101359490.0,POLYMED.NS,0.023342835389224825,0.041042053883166285,0.049117919907283494,1
2020-06-30,234.01743076204772,320.6667421044889,204.87039157490983,291.3712158203125,6484955,6450300000.0,1418400000.0,46055200000.0,898300000.0,38482900000.0,2053500000.0,35.34877,34.12,287.91,101359490.0,POLYMED.NS,0.023342835389224825,0.041042053883166285,0.049117919907283494,1
2020-09-30,292.9547559089467,513.9574508398359,287.01648382971126,453.8324890136719,19165437,6450300000.0,1418400000.0,46055200000.0,898300000.0,38482900000.0,2053500000.0,35.34877,34.12,287.91,101359490.0,POLYMED.NS,0.023342835389224825,0.041042053883166285,0.049117919907283494,1
2020-12-31,456.3067619612999,553.0511648147328,444.62817556787184,500.9923095703125,7698091,6450300000.0,1418400000.0,46055200000.0,898300000.0,38482900000.0,2053500000.0,35.34877,34.12,287.91,101359490.0,POLYMED.NS,0.023342835389224825,0.041042053883166285,0.049117919907283494,1
2021-03-31,500.79432171140974,908.0609012830179,480.01038837623247,813.8897705078125,13484429,6450300000.0,1418400000.0,46055200000.0,898300000.0,38482900000.0,2053500000.0,35.34877,34.12,287.91,101359490.0,POLYMED.NS,0.023342835389224825,0.041042053883166285,0.049117919907283494,1
2021-06-30,814.7310058164487,1153.014553080957,806.6153545845807,1006.091796875,12340706,6450300000.0,1418400000.0,46055200000.0,898300000.0,38482900000.0,2053500000.0,35.34877,34.12,287.91,101359490.0,POLYMED.NS,0.023342835389224825,0.041042053883166285,0.049117919907283494,0
2021-09-30,1010.4960377507001,1082.9924656941882,812.553650758333,919.9429321289062,8190312,6450300000.0,1418400000.0,46055200000.0,898300000.0,38482900000.0,2053500000.0,35.34877,34.12,287.91,101359490.0,POLYMED.NS,0.023342835389224825,0.041042053883166285,0.049117919907283494,1
2021-12-31,915.8251119815185,1069.6202258748708,762.0300233612668,950.5034790039062,5270244,6450300000.0,1418400000.0,46055200000.0,898300000.0,38482900000.0,2053500000.0,35.34877,34.12,287.91,101359490.0,POLYMED.NS,0.023342835389224825,0.041042053883166285,0.049117919907283494,0
2022-03-31,951.3964513773757,986.2732971413462,680.2705003051534,942.119140625,5004791,6450300000.0,1418400000.0,46055200000.0,898300000.0,38482900000.0,2053500000.0,35.34877,34.12,287.91,101359490.0,POLYMED.NS,0.023342835389224825,0.041042053883166285,0.049117919907283494,0
2022-06-30,937.6541724846012,940.5812531775148,646.0387522824128,745.0133056640625,2647450,6450300000.0,1418400000.0,46055200000.0,898300000.0,38482900000.0,2053500000.0,35.34877,34.12,287.91,101359490.0,POLYMED.NS,0.023342835389224825,0.041042053883166285,0.049117919907283494,1
2022-09-30,745.0629913279926,952.5375548653032,704.4808661117895,860.8372192382812,4935481,6450300000.0,1418400000.0,46055200000.0,898300000.0,38482900000.0,2053500000.0,35.34877,34.12,287.91,101359490.0,POLYMED.NS,0.023342835389224825,0.041042053883166285,0.049117919907283494,1
2022-12-31,862.4290860912689,1039.7304848168721,862.4290860912689,893.322509765625,3182817,6450300000.0,1418400000.0,46055200000.0,898300000.0,38482900000.0,2053500000.0,35.34877,34.12,287.91,101359490.0,POLYMED.NS,0.023342835389224825,0.041042053883166285,0.049117919907283494,1
2023-03-31,897.5013769167213,1039.7305511520237,816.1635558388832,947.8462524414062,3830895,6450300000.0,1418400000.0,46055200000.0,898300000.0,38482900000.0,2053500000.0,35.34877,34.12,287.91,101359490.0,POLYMED.NS,0.023342835389224825,0.041042053883166285,0.049117919907283494,1
2023-06-30,952.8707466614529,1183.899821282245,916.455278119261,1144.1016845703125,7491084,6450300000.0,1418400000.0,46055200000.0,898300000.0,38482900000.0,2053500000.0,35.34877,34.12,287.91,101359490.0,POLYMED.NS,0.023342835389224825,0.041042053883166285,0.049117919907283494,1
2023-09-30,1153.155577873843,1567.0579631387177,1069.579226454268,1370.096923828125,13257101,6450300000.0,1418400000.0,46055200000.0,898300000.0,38482900000.0,2053500000.0,35.34877,34.12,287.91,101359490.0,POLYMED.NS,0.023342835389224825,0.041042053883166285,0.049117919907283494,1
2023-12-31,1370.0968852240821,1672.0536200771473,1246.4127410133322,1485.5054931640625,5579003,6450300000.0,1418400000.0,46055200000.0,898300000.0,38482900000.0,2053500000.0,35.34877,34.12,287.91,101359490.0,POLYMED.NS,0.023342835389224825,0.041042053883166285,0.049117919907283494,1
2024-03-31,1485.605261170993,1723.9002441027912,1356.9857328622427,1584.5125732421875,5079108,6450300000.0,1418400000.0,46055200000.0,898300000.0,38482900000.0,2053500000.0,35.34877,34.12,287.91,101359490.0,POLYMED.NS,0.023342835389224825,0.041042053883166285,0.049117919907283494,1
2024-06-30,1584.5126725504247,2091.6125887288063,1484.2093621009185,1924.8558349609375,8217686,6450300000.0,1418400000.0,46055200000.0,898300000.0,38482900000.0,2053500000.0,35.34877,34.12,287.91,101359490.0,POLYMED.NS,0.023342835389224825,0.041042053883166285,0.049117919907283494,1
2024-09-30,1944.2983524331003,2678.675899419477,1804.8108705228285,2310.6923828125,9023660,6450300000.0,1418400000.0,30522636000.0,1606277000.0,25912630000.0,130861000.0,35.34877,34.12,287.91,101359490.0,POLYMED.NS,0.06198818877126714,0.041042053883166285,0.049117919907283494,1
2024-12-31,2310.9419005466093,3351.91393077756,2273.0585170310346,2610.66552734375,13474023,4242119000.0,852288000.0,30522636000.0,1606277000.0,25912630000.0,130861000.0,35.34877,34.12,287.91,101359490.0,POLYMED.NS,0.06198818877126714,0.041042053883166285,0.049117919907283494,0
2025-03-31,2615.4072481499734,2871.4075415834327,1964.400446980262,2241.314208984375,9321740,4260193000.0,918343000.0,31924522000.0,1802454000.0,27656579000.0,86988000.0,35.34877,34.12,287.91,101359490.0,POLYMED.NS,0.06517270266868509,0.02876606891717909,0.03320522758798187,0
2025-06-30,2216.1085159141203,2932.4506243653755,1931.1088780509776,2219.7021484375,11654587,4032107000.0,930829000.0,31924522000.0,1802454000.0,27656579000.0,86988000.0,35.34877,34.12,287.91,101359490.0,POLYMED.NS,0.06517270266868509,0.02876606891717909,0.03320522758798187,0
2025-09-30,2223.994515863722,2312.5391609099993,1818.0073794900068,1948.0999755859375,10625163,4438816000.0,918350000.0,35871817000.0,2395549000.0,29183496000.0,264430000.0,35.34877,34.12,287.91,101359490.0,POLYMED.NS,0.08208574462771698,0.025600877702961072,0.03146812842436698,0
2025-12-31,1945.199951171875,2094.300048828125,1683.0999755859375,1773.699951171875,12027953,4936555000.0,709302000.0,35871817000.0,2395549000.0,29183496000.0,264430000.0,35.34877,34.12,287.91,101359490.0,POLYMED.NS,0.08208574462771698,0.025600877702961072,0.03146812842436698,0
2026-03-31,1762.0,1839.0,1195.5999755859375,1206.0999755859375,14732138,4936555000.0,709302000.0,35871817000.0,2395549000.0,29183496000.0,264430000.0,35.34877,34.12,287.91,101359490.0,POLYMED.NS,0.08208574462771698,0.025600877702961072,0.03146812842436698,0
2022-12-31,195.04405934966607,195.04405934966607,110.24865547078626,111.80901336669922,273802696,4936555000.0,709302000.0,35871817000.0,2395549000.0,29183496000.0,264430000.0,35.34877,-1.25,61.029,1323367386.0,PPLPHARMA.NS,0.08208574462771698,0.025600877702961072,0.03146812842436698,0
2023-03-31,112.58919273376371,123.4628953214807,61.53641004733221,66.75382995605469,230706813,4936555000.0,709302000.0,35871817000.0,2395549000.0,29183496000.0,264430000.0,35.34877,-1.25,61.029,1323367386.0,PPLPHARMA.NS,0.08208574462771698,0.025600877702961072,0.03146812842436698,1
2023-06-30,67.5340088707157,95.32779351322745,66.99764134956035,90.15911865234375,479018704,4936555000.0,709302000.0,35871817000.0,2395549000.0,29183496000.0,264430000.0,35.34877,-1.25,61.029,1323367386.0,PPLPHARMA.NS,0.08208574462771698,0.025600877702961072,0.03146812842436698,1
2023-09-30,91.08558615653429,108.75051992030856,88.35496674151226,101.90992736816406,378729648,4936555000.0,709302000.0,35871817000.0,2395549000.0,29183496000.0,264430000.0,35.34877,-1.25,61.029,1323367386.0,PPLPHARMA.NS,0.08208574462771698,0.025600877702961072,0.03146812842436698,1
2023-12-31,102.05971538030785,142.30440042729026,87.37988916315372,138.65940856933594,520381989,4936555000.0,709302000.0,35871817000.0,2395549000.0,29183496000.0,264430000.0,35.34877,-1.25,61.029,1323367386.0,PPLPHARMA.NS,0.08208574462771698,0.025600877702961072,0.03146812842436698,0
2024-03-31,138.70932792233592,148.79546632551856,114.19303818288748,128.72305297851562,281713868,4936555000.0,709302000.0,35871817000.0,2395549000.0,29183496000.0,264430000.0,35.34877,-1.25,61.029,1323367386.0,PPLPHARMA.NS,0.08208574462771698,0.025600877702961072,0.03146812842436698,1
2024-06-30,132.76751160568526,166.4711683099223,128.92280520559405,157.02418518066406,343582105,4936555000.0,709302000.0,35871817000.0,2395549000.0,29183496000.0,264430000.0,35.34877,-1.25,61.029,1323367386.0,PPLPHARMA.NS,0.08208574462771698,0.025600877702961072,0.03146812842436698,1
2024-09-30,156.5847752944037,243.83202633470472,145.1559570798938,228.86170959472656,524027568,22417500000.0,225900000.0,152417400000.0,47864100000.0,79071700000.0,2703000000.0,35.34877,-1.25,61.029,1323367386.0,PPLPHARMA.NS,0.6053252933729767,0.0014821142467985938,0.002856900762219606,1
2024-12-31,230.46068757957326,307.70063928668344,209.36435329552108,266.0776062011719,663241059,22042200000.0,36800000.0,152417400000.0,47864100000.0,79071700000.0,2703000000.0,35.34877,-1.25,61.029,1323367386.0,PPLPHARMA.NS,0.6053252933729767,0.0014821142467985938,0.002856900762219606,0
2025-03-31,264.8284238536499,267.4767019926225,181.61232780315876,224.60447692871094,491784555,26638900000.0,1535000000.0,156775900000.0,48564700000.0,81254100000.0,3689800000.0,35.34877,-1.25,61.029,1323367386.0,PPLPHARMA.NS,0.5976892242976046,0.00979104569005823,0.018891354405500767,0
2025-06-30,223.85496403531883,240.79399167744475,187.178734623628,203.24832153320312,261075802,19337100000.0,-817000000.0,156775900000.0,48564700000.0,81254100000.0,3689800000.0,35.34877,-1.25,61.029,1323367386.0,PPLPHARMA.NS,0.5976892242976046,0.00979104569005823,0.018891354405500767,0
2025-09-30,203.96786089175762,220.85000610351562,182.0,191.16000366210938,283208322,19337100000.0,-817000000.0,156775900000.0,48564700000.0,81254100000.0,3689800000.0,35.34877,-1.25,61.029,1323367386.0,PPLPHARMA.NS,0.5976892242976046,0.00979104569005823,0.018891354405500767,0
2025-12-31,191.07000732421875,209.25,165.1199951171875,172.2100067138672,192427157,21398700000.0,-1361900000.0,156775900000.0,48564700000.0,81254100000.0,3689800000.0,35.34877,-1.25,61.029,1323367386.0,PPLPHARMA.NS,0.5976892242976046,0.00979104569005823,0.018891354405500767,0
2026-03-31,172.75,185.0399932861328,132.3000030517578,133.27000427246094,177726353,21398700000.0,-1361900000.0,156775900000.0,48564700000.0,81254100000.0,3689800000.0,35.34877,-1.25,61.029,1323367386.0,PPLPHARMA.NS,0.5976892242976046,0.00979104569005823,0.018891354405500767,0
2024-12-31,650.0,808.7999877929688,650.0,751.2000122070312,93456495,4397780000.0,538510000.0,156775900000.0,48564700000.0,81254100000.0,3689800000.0,62.544304,15.8,108.169,211768134.0,SAILIFE.NS,0.5976892242976046,0.00979104569005823,0.018891354405500767,1
2025-03-31,751.25,803.7000122070312,639.1500244140625,760.8499755859375,36129409,5453290000.0,882690000.0,31599750000.0,3523810000.0,21283550000.0,911190000.0,62.544304,15.8,108.169,211768134.0,SAILIFE.NS,0.1655649550944274,0.02793344884057627,0.04147287459093995,1
2025-06-30,749.4500122070312,802.0,636.0999755859375,773.5,40350867,4964190000.0,604550000.0,31599750000.0,3523810000.0,21283550000.0,911190000.0,62.544304,15.8,108.169,211768134.0,SAILIFE.NS,0.1655649550944274,0.02793344884057627,0.04147287459093995,1
2025-09-30,780.0,943.0,764.4000244140625,860.7000122070312,102520091,4964190000.0,604550000.0,31599750000.0,3523810000.0,21283550000.0,911190000.0,62.544304,15.8,108.169,211768134.0,SAILIFE.NS,0.1655649550944274,0.02793344884057627,0.04147287459093995,1
2025-12-31,860.5,939.9500122070312,839.25,908.4000244140625,19807504,5564640000.0,1003750000.0,31599750000.0,3523810000.0,21283550000.0,911190000.0,62.544304,15.8,108.169,211768134.0,SAILIFE.NS,0.1655649550944274,0.02793344884057627,0.04147287459093995,1
2026-03-31,905.0,1084.0,783.8499755859375,988.2000122070312,35516632,5564640000.0,1003750000.0,31599750000.0,3523810000.0,21283550000.0,911190000.0,62.544304,15.8,108.169,211768134.0,SAILIFE.NS,0.1655649550944274,0.02793344884057627,0.04147287459093995,0
2016-03-31,144.06183469246065,147.8752339715667,123.25762155243461,126.01173400878906,238945,5564640000.0,1003750000.0,31599750000.0,3523810000.0,21283550000.0,911190000.0,123.417175,1.63,32.384,435722226.0,SEQUENT.NS,0.1655649550944274,0.02793344884057627,0.04147287459093995,0
2016-06-30,127.11337778975592,149.5701134356219,93.2164863009919,121.64750671386719,5473747,5564640000.0,1003750000.0,31599750000.0,3523810000.0,21283550000.0,911190000.0,123.417175,1.63,32.384,435722226.0,SEQUENT.NS,0.1655649550944274,0.02793344884057627,0.04147287459093995,0
2016-09-30,122.87628338766703,126.26596777945969,90.08102374054256,112.28349304199219,6461209,5564640000.0,1003750000.0,31599750000.0,3523810000.0,21283550000.0,911190000.0,123.417175,1.63,32.384,435722226.0,SEQUENT.NS,0.1655649550944274,0.02793344884057627,0.04147287459093995,0
2016-12-31,111.60555837997065,114.19019722935192,89.82679509443406,93.13174438476562,3238710,5564640000.0,1003750000.0,31599750000.0,3523810000.0,21283550000.0,911190000.0,123.417175,1.63,32.384,435722226.0,SEQUENT.NS,0.1655649550944274,0.02793344884057627,0.04147287459093995,1
2017-03-31,94.69948043674565,128.97771630035598,93.51309060938105,108.59720611572266,5940328,5564640000.0,1003750000.0,31599750000.0,3523810000.0,21283550000.0,911190000.0,123.417175,1.63,32.384,435722226.0,SEQUENT.NS,0.1655649550944274,0.02793344884057627,0.04147287459093995,0
2017-06-30,108.47008774146482,123.13050691245448,88.30144120835514,102.28390502929688,8807612,5564640000.0,1003750000.0,31599750000.0,3523810000.0,21283550000.0,911190000.0,123.417175,1.63,32.384,435722226.0,SEQUENT.NS,0.1655649550944274,0.02793344884057627,0.04147287459093995,0
2017-09-30,103.80927258803844,114.23256384517279,91.81823997023139,99.52978515625,5735839,5564640000.0,1003750000.0,31599750000.0,3523810000.0,21283550000.0,911190000.0,123.417175,1.63,32.384,435722226.0,SEQUENT.NS,0.1655649550944274,0.02793344884057627,0.04147287459093995,0
2017-12-31,99.86875365083434,105.33463009270818,81.6915409261178,82.90503692626953,11633576,5564640000.0,1003750000.0,31599750000.0,3523810000.0,21283550000.0,911190000.0,123.417175,1.63,32.384,435722226.0,SEQUENT.NS,0.1655649550944274,0.02793344884057627,0.04147287459093995,0
2018-03-31,82.94749722834328,92.8009668591525,52.792497826416586,65.53404998779297,21580228,5564640000.0,1003750000.0,31599750000.0,3523810000.0,21283550000.0,911190000.0,123.417175,1.63,32.384,435722226.0,SEQUENT.NS,0.1655649550944274,0.02793344884057627,0.04147287459093995,0
2018-06-30,66.42595718811667,81.39223033044051,44.22841678676464,53.83030700683594,20196890,5564640000.0,1003750000.0,31599750000.0,3523810000.0,21283550000.0,911190000.0,123.417175,1.63,32.384,435722226.0,SEQUENT.NS,0.1655649550944274,0.02793344884057627,0.04147287459093995,0
2018-09-30,54.12881356244605,77.0141644779006,47.01445960365101,50.24825668334961,86489742,5564640000.0,1003750000.0,31599750000.0,3523810000.0,21283550000.0,911190000.0,123.417175,1.63,32.384,435722226.0,SEQUENT.NS,0.1655649550944274,0.02793344884057627,0.04147287459093995,1
2018-12-31,50.696012251095624,73.53160409784275,42.4373893737793,67.41226196289062,29559604,5564640000.0,1003750000.0,31599750000.0,3523810000.0,21283550000.0,911190000.0,123.417175,1.63,32.384,435722226.0,SEQUENT.NS,0.1655649550944274,0.02793344884057627,0.04147287459093995,1
2019-03-31,67.95952330157562,88.80508460998536,61.19342113676525,72.83509826660156,58803617,5564640000.0,1003750000.0,31599750000.0,3523810000.0,21283550000.0,911190000.0,123.417175,1.63,32.384,435722226.0,SEQUENT.NS,0.1655649550944274,0.02793344884057627,0.04147287459093995,0
2019-06-30,73.08384144166806,74.12861223292056,62.48694006832665,65.82023620605469,21454219,5564640000.0,1003750000.0,31599750000.0,3523810000.0,21283550000.0,911190000.0,123.417175,1.63,32.384,435722226.0,SEQUENT.NS,0.1655649550944274,0.02793344884057627,0.04147287459093995,1
2019-09-30,66.16849570709633,89.20403467811985,63.58146212379833,75.48417663574219,25353370,5564640000.0,1003750000.0,31599750000.0,3523810000.0,21283550000.0,911190000.0,123.417175,1.63,32.384,435722226.0,SEQUENT.NS,0.1655649550944274,0.02793344884057627,0.04147287459093995,0
2019-12-31,74.83560046589189,79.52529359620769,62.86190319745419,70.5450210571289,13331383,5564640000.0,1003750000.0,31599750000.0,3523810000.0,21283550000.0,911190000.0,123.417175,1.63,32.384,435722226.0,SEQUENT.NS,0.1655649550944274,0.02793344884057627,0.04147287459093995,1
2020-03-31,70.4951387520956,99.03244300221708,51.58667166224768,77.62946319580078,37938847,5564640000.0,1003750000.0,31599750000.0,3523810000.0,21283550000.0,911190000.0,123.417175,1.63,32.384,435722226.0,SEQUENT.NS,0.1655649550944274,0.02793344884057627,0.04147287459093995,1
2020-06-30,78.82683423100686,99.63112549081866,68.84875269856987,91.44910430908203,57489987,5564640000.0,1003750000.0,31599750000.0,3523810000.0,21283550000.0,911190000.0,123.417175,1.63,32.384,435722226.0,SEQUENT.NS,0.1655649550944274,0.02793344884057627,0.04147287459093995,1
2020-09-30,91.79833233199999,162.39324683158858,91.44910106848845,153.3630828857422,136914469,5564640000.0,1003750000.0,31599750000.0,3523810000.0,21283550000.0,911190000.0,123.417175,1.63,32.384,435722226.0,SEQUENT.NS,0.1655649550944274,0.02793344884057627,0.04147287459093995,1
2020-12-31,154.4606715980686,178.60762325211633,136.55003252803203,169.1783447265625,62560098,5564640000.0,1003750000.0,31599750000.0,3523810000.0,21283550000.0,911190000.0,123.417175,1.63,32.384,435722226.0,SEQUENT.NS,0.1655649550944274,0.02793344884057627,0.04147287459093995,1
2021-03-31,170.92451578061332,264.41911453128455,168.72932830593726,240.37193298339844,59803047,5564640000.0,1003750000.0,31599750000.0,3523810000.0,21283550000.0,911190000.0,123.417175,1.63,32.384,435722226.0,SEQUENT.NS,0.1655649550944274,0.02793344884057627,0.04147287459093995,1
2021-06-30,242.41744192412952,335.7623718551735,234.9837844107474,312.16424560546875,73232560,5564640000.0,1003750000.0,31599750000.0,3523810000.0,21283550000.0,911190000.0,123.417175,1.63,32.384,435722226.0,SEQUENT.NS,0.1655649550944274,0.02793344884057627,0.04147287459093995,0
2021-09-30,294.35335238386443,318.45039986585624,198.0,219.75,103969019,5564640000.0,1003750000.0,31599750000.0,3523810000.0,21283550000.0,911190000.0,123.417175,1.63,32.384,435722226.0,SEQUENT.NS,0.1655649550944274,0.02793344884057627,0.04147287459093995,0
2021-12-31,216.0,226.64999389648438,144.75,160.9499969482422,154611823,5564640000.0,1003750000.0,31599750000.0,3523810000.0,21283550000.0,911190000.0,123.417175,1.63,32.384,435722226.0,SEQUENT.NS,0.1655649550944274,0.02793344884057627,0.04147287459093995,0
2022-03-31,161.8000030517578,203.0,120.94999694824219,133.8000030517578,159295674,5564640000.0,1003750000.0,31599750000.0,3523810000.0,21283550000.0,911190000.0,123.417175,1.63,32.384,435722226.0,SEQUENT.NS,0.1655649550944274,0.02793344884057627,0.04147287459093995,0
2022-06-30,133.89999389648438,156.0,82.0,92.8499984741211,105202396,5564640000.0,1003750000.0,31599750000.0,3523810000.0,21283550000.0,911190000.0,123.417175,1.63,32.384,435722226.0,SEQUENT.NS,0.1655649550944274,0.02793344884057627,0.04147287459093995,1
2022-09-30,93.55000305175781,132.5,91.19999694824219,103.44999694824219,87915870,5564640000.0,1003750000.0,31599750000.0,3523810000.0,21283550000.0,911190000.0,123.417175,1.63,32.384,435722226.0,SEQUENT.NS,0.1655649550944274,0.02793344884057627,0.04147287459093995,0
2022-12-31,103.94999694824219,113.3499984741211,82.55000305175781,87.5999984741211,49855940,5564640000.0,1003750000.0,31599750000.0,3523810000.0,21283550000.0,911190000.0,123.417175,1.63,32.384,435722226.0,SEQUENT.NS,0.1655649550944274,0.02793344884057627,0.04147287459093995,0
2023-03-31,88.25,89.4000015258789,61.79999923706055,72.5999984741211,155172512,5564640000.0,1003750000.0,31599750000.0,3523810000.0,21283550000.0,911190000.0,123.417175,1.63,32.384,435722226.0,SEQUENT.NS,0.1655649550944274,0.02793344884057627,0.04147287459093995,1
2023-06-30,72.5999984741211,95.6500015258789,69.80000305175781,94.3499984741211,154570963,5564640000.0,1003750000.0,31599750000.0,3523810000.0,21283550000.0,911190000.0,123.417175,1.63,32.384,435722226.0,SEQUENT.NS,0.1655649550944274,0.02793344884057627,0.04147287459093995,0
2023-09-30,94.69999694824219,103.9000015258789,86.4000015258789,92.6500015258789,119866819,5564640000.0,1003750000.0,31599750000.0,3523810000.0,21283550000.0,911190000.0,123.417175,1.63,32.384,435722226.0,SEQUENT.NS,0.1655649550944274,0.02793344884057627,0.04147287459093995,1
2023-12-31,92.1500015258789,128.6999969482422,90.6500015258789,113.75,242362171,5564640000.0,1003750000.0,31599750000.0,3523810000.0,21283550000.0,911190000.0,123.417175,1.63,32.384,435722226.0,SEQUENT.NS,0.1655649550944274,0.02793344884057627,0.04147287459093995,1
2024-03-31,114.30000305175781,155.5,112.0999984741211,115.5,163979440,5564640000.0,1003750000.0,31599750000.0,3523810000.0,21283550000.0,911190000.0,123.417175,1.63,32.384,435722226.0,SEQUENT.NS,0.1655649550944274,0.02793344884057627,0.04147287459093995,1
2024-06-30,116.80000305175781,134.85000610351562,92.05000305175781,116.93000030517578,58403497,5564640000.0,1003750000.0,31599750000.0,3523810000.0,21283550000.0,911190000.0,123.417175,1.63,32.384,435722226.0,SEQUENT.NS,0.1655649550944274,0.02793344884057627,0.04147287459093995,1
2024-09-30,117.0,237.85000610351562,116.80000305175781,232.22000122070312,292378419,5564640000.0,1003750000.0,15620500000.0,4892000000.0,6795800000.0,680500000.0,123.417175,1.63,32.384,435722226.0,SEQUENT.NS,0.7198563818829277,0.02793344884057627,0.04147287459093995,0
2024-12-31,231.50999450683594,240.6999969482422,164.52000427246094,175.86000061035156,50867147,7740300000.0,446100000.0,15620500000.0,4892000000.0,6795800000.0,680500000.0,123.417175,1.63,32.384,435722226.0,SEQUENT.NS,0.7198563818829277,0.02793344884057627,0.04147287459093995,0
2025-03-31,177.0,210.0,129.99000549316406,130.82000732421875,33529571,3973060000.0,93180000.0,16019460000.0,4812430000.0,7044740000.0,626600000.0,123.417175,1.63,32.384,435722226.0,SEQUENT.NS,0.6831238626265838,0.0058166754684614835,0.013226889849731856,1
2025-06-30,130.82000732421875,203.4499969482422,117.3499984741211,192.75,56220109,4414200000.0,143100000.0,16019460000.0,4812430000.0,7044740000.0,626600000.0,123.417175,1.63,32.384,435722226.0,SEQUENT.NS,0.6831238626265838,0.0058166754684614835,0.013226889849731856,0
2025-09-30,192.75,209.0,166.0,186.2899932861328,40411059,4239900000.0,147400000.0,17261300000.0,4903100000.0,8090600000.0,707700000.0,123.417175,1.63,32.384,435722226.0,SEQUENT.NS,0.6060242750846662,0.008539333653896287,0.018218673522359282,1
2025-12-31,186.2899932861328,257.8500061035156,186.05999755859375,208.5399932861328,99856563,8584100000.0,384400000.0,17261300000.0,4903100000.0,8090600000.0,707700000.0,123.417175,1.63,32.384,435722226.0,SEQUENT.NS,0.6060242750846662,0.008539333653896287,0.018218673522359282,0
2026-03-31,208.44000244140625,240.0,188.0,188.42999267578125,39340242,8584100000.0,384400000.0,17261300000.0,4903100000.0,8090600000.0,707700000.0,123.417175,1.63,32.384,435722226.0,SEQUENT.NS,0.6060242750846662,0.008539333653896287,0.018218673522359282,0
2016-03-31,206.7718726092374,218.25508829982675,203.49079959455756,210.80404663085938,488494,8584100000.0,384400000.0,17261300000.0,4903100000.0,8090600000.0,707700000.0,27.617153,11.31,124.441,195581816.0,SHILPAMED.NS,0.6060242750846662,0.008539333653896287,0.018218673522359282,1
2016-06-30,214.15288018583348,258.54954150838586,207.33210108330385,245.69590759277344,6326420,8584100000.0,384400000.0,17261300000.0,4903100000.0,8090600000.0,707700000.0,27.617153,11.31,124.441,195581816.0,SHILPAMED.NS,0.6060242750846662,0.008539333653896287,0.018218673522359282,1
2016-09-30,251.21168237115725,301.8381148302721,251.21168237115725,265.96124267578125,7992718,8584100000.0,384400000.0,17261300000.0,4903100000.0,8090600000.0,707700000.0,27.617153,11.31,124.441,195581816.0,SHILPAMED.NS,0.6060242750846662,0.008539333653896287,0.018218673522359282,1
2016-12-31,266.109041465069,387.5288275311563,258.5495578085566,340.2511901855469,10652410,8584100000.0,384400000.0,17261300000.0,4903100000.0,8090600000.0,707700000.0,27.617153,11.31,124.441,195581816.0,SHILPAMED.NS,0.6060242750846662,0.008539333653896287,0.018218673522359282,0
2017-03-31,342.71359016916233,365.9091259909813,299.1853885895698,314.2198181152344,6289944,8584100000.0,384400000.0,17261300000.0,4903100000.0,8090600000.0,707700000.0,27.617153,11.31,124.441,195581816.0,SHILPAMED.NS,0.6060242750846662,0.008539333653896287,0.018218673522359282,1
2017-06-30,317.15279700617134,369.650138060779,301.23104570356213,321.56451416015625,5520564,8584100000.0,384400000.0,17261300000.0,4903100000.0,8090600000.0,707700000.0,27.617153,11.31,124.441,195581816.0,SHILPAMED.NS,0.6060242750846662,0.008539333653896287,0.018218673522359282,0
2017-09-30,324.96576285258504,349.3905665392781,263.7681508700367,289.4992370605469,4008274,8584100000.0,384400000.0,17261300000.0,4903100000.0,8090600000.0,707700000.0,27.617153,11.31,124.441,195581816.0,SHILPAMED.NS,0.6060242750846662,0.008539333653896287,0.018218673522359282,1
2017-12-31,291.05203298712695,347.41884896430724,280.13356486426255,305.1745300292969,4359376,8584100000.0,384400000.0,17261300000.0,4903100000.0,8090600000.0,707700000.0,27.617153,11.31,124.441,195581816.0,SHILPAMED.NS,0.6060242750846662,0.008539333653896287,0.018218673522359282,0
2018-03-31,307.7871268213528,314.3923351586695,197.48922906769977,228.91470336914062,8982842,8584100000.0,384400000.0,17261300000.0,4903100000.0,8090600000.0,707700000.0,27.617153,11.31,124.441,195581816.0,SHILPAMED.NS,0.6060242750846662,0.008539333653896287,0.018218673522359282,0
2018-06-30,230.46993758381365,244.2941859334145,183.17128126155697,196.2549285888672,2791884,8584100000.0,384400000.0,17261300000.0,4903100000.0,8090600000.0,707700000.0,27.617153,11.31,124.441,195581816.0,SHILPAMED.NS,0.6060242750846662,0.008539333653896287,0.018218673522359282,1
2018-09-30,196.50180708654395,271.00458107533706,177.39471440820537,198.97042846679688,6024796,8584100000.0,384400000.0,17261300000.0,4903100000.0,8090600000.0,707700000.0,27.617153,11.31,124.441,195581816.0,SHILPAMED.NS,0.6060242750846662,0.008539333653896287,0.018218673522359282,0
2018-12-31,199.9825375355135,208.99299277031494,180.72734358180148,190.3549346923828,2047806,8584100000.0,384400000.0,17261300000.0,4903100000.0,8090600000.0,707700000.0,27.617153,11.31,124.441,195581816.0,SHILPAMED.NS,0.6060242750846662,0.008539333653896287,0.018218673522359282,0
2019-03-31,195.02062579378932,206.77122479626524,159.42319925508548,170.23573303222656,1817356,8584100000.0,384400000.0,17261300000.0,4903100000.0,8090600000.0,707700000.0,27.617153,11.31,124.441,195581816.0,SHILPAMED.NS,0.6060242750846662,0.008539333653896287,0.018218673522359282,0
2019-06-30,169.76670313978283,214.79422868645403,161.07716870896405,169.39642333984375,4903064,8584100000.0,384400000.0,17261300000.0,4903100000.0,8090600000.0,707700000.0,27.617153,11.31,124.441,195581816.0,SHILPAMED.NS,0.6060242750846662,0.008539333653896287,0.018218673522359282,0
2019-09-30,168.80394706855978,183.17128720333855,102.74378334210654,137.7603759765625,6580432,8584100000.0,384400000.0,17261300000.0,4903100000.0,8090600000.0,707700000.0,27.617153,11.31,124.441,195581816.0,SHILPAMED.NS,0.6060242750846662,0.008539333653896287,0.018218673522359282,1
2019-12-31,136.27377123937305,167.26984683192583,124.62855754866911,139.7921142578125,1720676,8584100000.0,384400000.0,17261300000.0,4903100000.0,8090600000.0,707700000.0,27.617153,11.31,124.441,195581816.0,SHILPAMED.NS,0.6060242750846662,0.008539333653896287,0.018218673522359282,0
2020-03-31,139.79208894355676,266.60101556102785,115.87677784936857,121.59233856201172,11264526,8584100000.0,384400000.0,17261300000.0,4903100000.0,8090600000.0,707700000.0,27.617153,11.31,124.441,195581816.0,SHILPAMED.NS,0.6060242750846662,0.008539333653896287,0.018218673522359282,1
2020-06-30,125.22047710545077,292.7361392629077,121.26928669900568,236.2762908935547,10526144,8584100000.0,384400000.0,17261300000.0,4903100000.0,8090600000.0,707700000.0,27.617153,11.31,124.441,195581816.0,SHILPAMED.NS,0.6060242750846662,0.008539333653896287,0.018218673522359282,1
2020-09-30,239.75533570837388,345.4186805613848,228.62241841228064,278.1241455078125,99264676,8584100000.0,384400000.0,17261300000.0,4903100000.0,8090600000.0,707700000.0,27.617153,11.31,124.441,195581816.0,SHILPAMED.NS,0.6060242750846662,0.008539333653896287,0.018218673522359282,0
2020-12-31,281.25531640942984,282.79599935945345,201.8835502869721,223.8014678955078,51319580,8584100000.0,384400000.0,17261300000.0,4903100000.0,8090600000.0,707700000.0,27.617153,11.31,124.441,195581816.0,SHILPAMED.NS,0.6060242750846662,0.008539333653896287,0.018218673522359282,0
2021-03-31,224.09967332154417,228.59757512509353,154.8668476146742,165.90037536621094,32745756,8584100000.0,384400000.0,17261300000.0,4903100000.0,8090600000.0,707700000.0,27.617153,11.31,124.441,195581816.0,SHILPAMED.NS,0.6060242750846662,0.008539333653896287,0.018218673522359282,1
2021-06-30,169.9758115490198,295.41996426738467,164.01174640868624,267.96038818359375,123324990,8584100000.0,384400000.0,17261300000.0,4903100000.0,8090600000.0,707700000.0,27.617153,11.31,124.441,195581816.0,SHILPAMED.NS,0.6060242750846662,0.008539333653896287,0.018218673522359282,1
2021-09-30,269.2277859485956,333.1923568718802,246.46490433104543,277.31781005859375,84821884,8584100000.0,384400000.0,17261300000.0,4903100000.0,8090600000.0,707700000.0,27.617153,11.31,124.441,195581816.0,SHILPAMED.NS,0.6060242750846662,0.008539333653896287,0.018218673522359282,0
2021-12-31,273.83204982230825,327.6622593734743,262.42857571364874,266.46209716796875,33109384,8584100000.0,384400000.0,17261300000.0,4903100000.0,8090600000.0,707700000.0,27.617153,11.31,124.441,195581816.0,SHILPAMED.NS,0.6060242750846662,0.008539333653896287,0.018218673522359282,0
2022-03-31,267.60745208001345,301.7679763224128,189.22744141808715,198.2904510498047,28848980,8584100000.0,384400000.0,17261300000.0,4903100000.0,8090600000.0,707700000.0,27.617153,11.31,124.441,195581816.0,SHILPAMED.NS,0.6060242750846662,0.008539333653896287,0.018218673522359282,0
2022-06-30,198.39002335387391,250.477370200133,191.717278473884,193.88343811035156,28734246,8584100000.0,384400000.0,17261300000.0,4903100000.0,8090600000.0,707700000.0,27.617153,11.31,124.441,195581816.0,SHILPAMED.NS,0.6060242750846662,0.008539333653896287,0.018218673522359282,0
2022-09-30,193.88343259429092,218.109519357104,177.38507164050142,193.24085998535156,20815554,8584100000.0,384400000.0,17261300000.0,4903100000.0,8090600000.0,707700000.0,27.617153,11.31,124.441,195581816.0,SHILPAMED.NS,0.6060242750846662,0.008539333653896287,0.018218673522359282,0
2022-12-31,191.1184344627221,193.51552905145616,130.89141111895526,139.00657653808594,39201456,8584100000.0,384400000.0,17261300000.0,4903100000.0,8090600000.0,707700000.0,27.617153,11.31,124.441,195581816.0,SHILPAMED.NS,0.6060242750846662,0.008539333653896287,0.018218673522359282,0
2023-03-31,139.05651174016276,153.81363149368562,111.1653087607395,114.2865219116211,133605980,8584100000.0,384400000.0,17261300000.0,4903100000.0,8090600000.0,707700000.0,27.617153,11.31,124.441,195581816.0,SHILPAMED.NS,0.6060242750846662,0.008539333653896287,0.018218673522359282,1
2023-06-30,115.11052598818655,144.7745811183959,114.11173407222242,141.9530029296875,140876606,8584100000.0,384400000.0,17261300000.0,4903100000.0,8090600000.0,707700000.0,27.617153,11.31,124.441,195581816.0,SHILPAMED.NS,0.6060242750846662,0.008539333653896287,0.018218673522359282,1
2023-09-30,142.8768805513687,192.01733309354645,140.52972465095206,179.0830078125,105710520,8584100000.0,384400000.0,17261300000.0,4903100000.0,8090600000.0,707700000.0,27.617153,11.31,124.441,195581816.0,SHILPAMED.NS,0.6060242750846662,0.008539333653896287,0.018218673522359282,0
2023-12-31,180.28155073487187,198.25977240220175,148.22039342690618,164.95013427734375,37983340,8584100000.0,384400000.0,17261300000.0,4903100000.0,8090600000.0,707700000.0,27.617153,11.31,124.441,195581816.0,SHILPAMED.NS,0.6060242750846662,0.008539333653896287,0.018218673522359282,1
2024-03-31,164.7004279422253,234.21620023242528,156.3855078972556,229.99630737304688,102246012,8584100000.0,384400000.0,17261300000.0,4903100000.0,8090600000.0,707700000.0,27.617153,11.31,124.441,195581816.0,SHILPAMED.NS,0.6060242750846662,0.008539333653896287,0.018218673522359282,1
2024-06-30,231.51947399695155,303.632084184422,208.5473114078295,284.455322265625,55522876,8584100000.0,384400000.0,17261300000.0,4903100000.0,8090600000.0,707700000.0,27.617153,11.31,124.441,195581816.0,SHILPAMED.NS,0.6060242750846662,0.008539333653896287,0.018218673522359282,1
2024-09-30,284.55520966616405,479.1694000127227,279.16175080926973,406.25775146484375,56255610,8584100000.0,384400000.0,31173286000.0,4905912000.0,23278798000.0,170051000.0,27.617153,11.31,124.441,195581816.0,SHILPAMED.NS,0.2107459328441271,0.008539333653896287,0.018218673522359282,1
2024-12-31,405.50866444314755,476.9221270163818,373.0979138850646,407.25653076171875,46809480,3193012000.0,317841000.0,31173286000.0,4905912000.0,23278798000.0,170051000.0,27.617153,11.31,124.441,195581816.0,SHILPAMED.NS,0.2107459328441271,0.008539333653896287,0.018218673522359282,0
2025-03-31,408.9045475946892,425.70916818022357,294.84276480742244,331.298583984375,35930088,3307901000.0,145091000.0,33107079000.0,5877468000.0,23722364000.0,259683000.0,27.617153,11.31,124.441,195581816.0,SHILPAMED.NS,0.24776063633455755,0.004382476629847048,0.00611621168952639,1
2025-06-30,329.60063061305465,499.39489216005256,277.164171999296,444.7361145019531,40907372,3214574000.0,468856000.0,33107079000.0,5877468000.0,23722364000.0,259683000.0,27.617153,11.31,124.441,195581816.0,SHILPAMED.NS,0.24776063633455755,0.004382476629847048,0.00611621168952639,0
2025-09-30,448.4066738984233,474.3752161241673,374.0,376.6000061035156,9755866,3699688000.0,440667000.0,34951084000.0,5932548000.0,24371985000.0,179525000.0,27.617153,11.31,124.441,195581816.0,SHILPAMED.NS,0.2434166933879206,0.01260810680435548,0.018080882619942527,0
2025-12-31,380.0,415.0,313.1499938964844,321.1499938964844,16506630,4097267000.0,445822000.0,34951084000.0,5932548000.0,24371985000.0,179525000.0,27.617153,11.31,124.441,195581816.0,SHILPAMED.NS,0.2434166933879206,0.01260810680435548,0.018080882619942527,0
2026-03-31,320.0,350.8999938964844,259.5,312.3500061035156,21577570,4097267000.0,445822000.0,34951084000.0,5932548000.0,24371985000.0,179525000.0,27.617153,11.31,124.441,195581816.0,SHILPAMED.NS,0.2434166933879206,0.01260810680435548,0.018080882619942527,0
2016-03-31,79.1996596142786,84.02051123671619,70.7976021142852,76.39897155761719,660602,4097267000.0,445822000.0,34951084000.0,5932548000.0,24371985000.0,179525000.0,36.83816,10.01,81.83,93652030.0,SMSPHARMA.NS,0.2434166933879206,0.01260810680435548,0.018080882619942527,1
2016-06-30,77.73044392685797,92.00933875803264,73.55237875037817,84.29598999023438,5440782,4097267000.0,445822000.0,34951084000.0,5932548000.0,24371985000.0,179525000.0,36.83816,10.01,81.83,93652030.0,SMSPHARMA.NS,0.2434166933879206,0.01260810680435548,0.018080882619942527,1
2016-09-30,83.60729013049699,102.1306992145338,78.83235140245085,93.25177001953125,12829387,4097267000.0,445822000.0,34951084000.0,5932548000.0,24371985000.0,179525000.0,36.83816,10.01,81.83,93652030.0,SMSPHARMA.NS,0.2434166933879206,0.01260810680435548,0.018080882619942527,0
2016-12-31,96.05806279787828,105.90308261569703,74.52780992716805,81.2445068359375,9691460,4097267000.0,445822000.0,34951084000.0,5932548000.0,24371985000.0,179525000.0,36.83816,10.01,81.83,93652030.0,SMSPHARMA.NS,0.2434166933879206,0.01260810680435548,0.018080882619942527,0
2017-03-31,80.78446898910515,91.36556043909204,77.93216464218204,78.8062515258789,3772058,4097267000.0,445822000.0,34951084000.0,5932548000.0,24371985000.0,179525000.0,36.83816,10.01,81.83,93652030.0,SMSPHARMA.NS,0.2434166933879206,0.01260810680435548,0.018080882619942527,0
2017-06-30,79.12829700481394,87.17913327052004,69.13659930140159,71.99909210205078,7672971,4097267000.0,445822000.0,34951084000.0,5932548000.0,24371985000.0,179525000.0,36.83816,10.01,81.83,93652030.0,SMSPHARMA.NS,0.2434166933879206,0.01260810680435548,0.018080882619942527,1
2017-09-30,75.54082914262622,117.38271791412059,63.071984056662885,102.74634552001953,19368812,4097267000.0,445822000.0,34951084000.0,5932548000.0,24371985000.0,179525000.0,36.83816,10.01,81.83,93652030.0,SMSPHARMA.NS,0.2434166933879206,0.01260810680435548,0.018080882619942527,0
2017-12-31,103.96199324614146,111.1586264762989,85.6300770262569,100.55818939208984,10148731,4097267000.0,445822000.0,34951084000.0,5932548000.0,24371985000.0,179525000.0,36.83816,10.01,81.83,93652030.0,SMSPHARMA.NS,0.2434166933879206,0.01260810680435548,0.018080882619942527,0
2018-03-31,102.26008526294954,113.49265227135298,70.06980765537635,71.09095764160156,7891258,4097267000.0,445822000.0,34951084000.0,5932548000.0,24371985000.0,179525000.0,36.83816,10.01,81.83,93652030.0,SMSPHARMA.NS,0.2434166933879206,0.01260810680435548,0.018080882619942527,0
2018-06-30,72.35522228815493,81.69136873291595,59.42074612676066,69.63217163085938,3416993,4097267000.0,445822000.0,34951084000.0,5932548000.0,24371985000.0,179525000.0,36.83816,10.01,81.83,93652030.0,SMSPHARMA.NS,0.2434166933879206,0.01260810680435548,0.018080882619942527,0
2018-09-30,69.92392301732409,88.98525760884179,60.53913383285999,63.06462860107422,4113667,4097267000.0,445822000.0,34951084000.0,5932548000.0,24371985000.0,179525000.0,36.83816,10.01,81.83,93652030.0,SMSPHARMA.NS,0.2434166933879206,0.01260810680435548,0.018080882619942527,1
2018-12-31,66.08861516442632,73.16083251779573,58.528668511801946,65.74720764160156,2196943,4097267000.0,445822000.0,34951084000.0,5932548000.0,24371985000.0,179525000.0,36.83816,10.01,81.83,93652030.0,SMSPHARMA.NS,0.2434166933879206,0.01260810680435548,0.018080882619942527,0
2019-03-31,67.795703864781,79.89162647158577,59.9430979283105,62.52812194824219,3039951,4097267000.0,445822000.0,34951084000.0,5932548000.0,24371985000.0,179525000.0,36.83816,10.01,81.83,93652030.0,SMSPHARMA.NS,0.2434166933879206,0.01260810680435548,0.018080882619942527,0
2019-06-30,62.576897450975935,65.40578433758637,50.52974095505002,52.773345947265625,1400580,4097267000.0,445822000.0,34951084000.0,5932548000.0,24371985000.0,179525000.0,36.83816,10.01,81.83,93652030.0,SMSPHARMA.NS,0.2434166933879206,0.01260810680435548,0.018080882619942527,0
2019-09-30,52.1880620880421,54.62675657813753,39.027067886169604,40.93920135498047,2794952,4097267000.0,445822000.0,34951084000.0,5932548000.0,24371985000.0,179525000.0,36.83816,10.01,81.83,93652030.0,SMSPHARMA.NS,0.2434166933879206,0.01260810680435548,0.018080882619942527,0
2019-12-31,40.399882980646424,43.145505632720756,36.37949998726932,39.860565185546875,1699544,4097267000.0,445822000.0,34951084000.0,5932548000.0,24371985000.0,179525000.0,36.83816,10.01,81.83,93652030.0,SMSPHARMA.NS,0.2434166933879206,0.01260810680435548,0.018080882619942527,0
2020-03-31,40.89016515836327,51.088197215605376,23.533909662722067,26.625499725341797,4169955,4097267000.0,445822000.0,34951084000.0,5932548000.0,24371985000.0,179525000.0,36.83816,10.01,81.83,93652030.0,SMSPHARMA.NS,0.2434166933879206,0.01260810680435548,0.018080882619942527,1
2020-06-30,26.872948629245336,69.2856838733479,26.427541767388227,61.614768981933594,15806477,4097267000.0,445822000.0,34951084000.0,5932548000.0,24371985000.0,179525000.0,36.83816,10.01,81.83,93652030.0,SMSPHARMA.NS,0.2434166933879206,0.01260810680435548,0.018080882619942527,1
2020-09-30,61.61476730767633,100.66220229012744,59.63517639016062,87.59689331054688,50264800,4097267000.0,445822000.0,34951084000.0,5932548000.0,24371985000.0,179525000.0,36.83816,10.01,81.83,93652030.0,SMSPHARMA.NS,0.2434166933879206,0.01260810680435548,0.018080882619942527,1
2020-12-31,88.09180077641011,119.468317641508,79.57956647462501,116.94434356689453,20322817,4097267000.0,445822000.0,34951084000.0,5932548000.0,24371985000.0,179525000.0,36.83816,10.01,81.83,93652030.0,SMSPHARMA.NS,0.2434166933879206,0.01260810680435548,0.018080882619942527,1
2021-03-31,117.78567215768913,143.5203518130915,108.97648382916542,122.98209381103516,10204487,4097267000.0,445822000.0,34951084000.0,5932548000.0,24371985000.0,179525000.0,36.83816,10.01,81.83,93652030.0,SMSPHARMA.NS,0.2434166933879206,0.01260810680435548,0.018080882619942527,1
2021-06-30,122.98209009542029,185.98257541797068,121.0519966130381,171.33363342285156,20039180,4097267000.0,445822000.0,34951084000.0,5932548000.0,24371985000.0,179525000.0,36.83816,10.01,81.83,93652030.0,SMSPHARMA.NS,0.2434166933879206,0.01260810680435548,0.018080882619942527,0
2021-09-30,172.22441965738932,196.77136299867786,145.83501630472836,153.9176788330078,11215524,4097267000.0,445822000.0,34951084000.0,5932548000.0,24371985000.0,179525000.0,36.83816,10.01,81.83,93652030.0,SMSPHARMA.NS,0.2434166933879206,0.01260810680435548,0.018080882619942527,0
2021-12-31,150.2482424795647,159.32263375562496,115.09115378116363,127.43827819824219,5746831,4097267000.0,445822000.0,34951084000.0,5932548000.0,24371985000.0,179525000.0,36.83816,10.01,81.83,93652030.0,SMSPHARMA.NS,0.2434166933879206,0.01260810680435548,0.018080882619942527,0
2022-03-31,127.58703395430982,157.53752292117758,80.42992004279668,92.72746276855469,9238170,4097267000.0,445822000.0,34951084000.0,5932548000.0,24371985000.0,179525000.0,36.83816,10.01,81.83,93652030.0,SMSPHARMA.NS,0.2434166933879206,0.01260810680435548,0.018080882619942527,0
2022-06-30,93.12415896380512,108.8927953544919,67.83485353524111,80.77703094482422,3052329,4097267000.0,445822000.0,34951084000.0,5932548000.0,24371985000.0,179525000.0,36.83816,10.01,81.83,93652030.0,SMSPHARMA.NS,0.2434166933879206,0.01260810680435548,0.018080882619942527,1
2022-09-30,78.74396409047533,98.18201980853745,75.71916028305712,87.76593017578125,5443103,4097267000.0,445822000.0,34951084000.0,5932548000.0,24371985000.0,179525000.0,36.83816,10.01,81.83,93652030.0,SMSPHARMA.NS,0.2434166933879206,0.01260810680435548,0.018080882619942527,0
2022-12-31,87.76593112648231,105.08030860029247,78.95949029579167,82.39251708984375,5155443,4097267000.0,445822000.0,34951084000.0,5932548000.0,24371985000.0,179525000.0,36.83816,10.01,81.83,93652030.0,SMSPHARMA.NS,0.2434166933879206,0.01260810680435548,0.018080882619942527,0
2023-03-31,83.38759412604489,84.03439034457404,54.28154205640313,57.96332931518555,2252649,4097267000.0,445822000.0,34951084000.0,5932548000.0,24371985000.0,179525000.0,36.83816,10.01,81.83,93652030.0,SMSPHARMA.NS,0.2434166933879206,0.01260810680435548,0.018080882619942527,1
2023-06-30,58.460871000684975,97.31869429019362,58.26185451043405,90.60191345214844,6079069,4097267000.0,445822000.0,34951084000.0,5932548000.0,24371985000.0,179525000.0,36.83816,10.01,81.83,93652030.0,SMSPHARMA.NS,0.2434166933879206,0.01260810680435548,0.018080882619942527,1
2023-09-30,92.04478056534477,139.3110043190801,88.16396816995507,125.54126739501953,13599031,4097267000.0,445822000.0,34951084000.0,5932548000.0,24371985000.0,179525000.0,36.83816,10.01,81.83,93652030.0,SMSPHARMA.NS,0.2434166933879206,0.01260810680435548,0.018080882619942527,0
2023-12-31,125.54126737569953,130.32948436819427,111.57560871154782,118.40880584716797,6172816,4097267000.0,445822000.0,34951084000.0,5932548000.0,24371985000.0,179525000.0,36.83816,10.01,81.83,93652030.0,SMSPHARMA.NS,0.2434166933879206,0.01260810680435548,0.018080882619942527,1
2024-03-31,119.60587251476996,197.51427504595588,117.61077875342492,177.81272888183594,57580072,4097267000.0,445822000.0,34951084000.0,5932548000.0,24371985000.0,179525000.0,36.83816,10.01,81.83,93652030.0,SMSPHARMA.NS,0.2434166933879206,0.01260810680435548,0.018080882619942527,1
2024-06-30,179.50855544265377,248.78818639006622,174.82008318041193,222.83201599121094,22253871,4097267000.0,445822000.0,34951084000.0,5932548000.0,24371985000.0,179525000.0,36.83816,10.01,81.83,93652030.0,SMSPHARMA.NS,0.2434166933879206,0.01260810680435548,0.018080882619942527,1
2024-09-30,225.42562484379746,397.45507412256694,224.0589905789783,350.3196716308594,33912569,4097267000.0,445822000.0,11347282000.0,2853432000.0,5635498000.0,89006000.0,36.83816,10.01,81.83,93652030.0,SMSPHARMA.NS,0.5063318272848292,0.01260810680435548,0.018080882619942527,0
2024-12-31,352.51667470683554,390.31485855162987,226.68919085997854,238.52297973632812,12277359,1733533000.0,182417000.0,11347282000.0,2853432000.0,5635498000.0,89006000.0,36.83816,10.01,81.83,93652030.0,SMSPHARMA.NS,0.5063318272848292,0.01260810680435548,0.018080882619942527,0
2025-03-31,238.52297808742125,259.62405224634716,175.80896079776196,212.48866271972656,7603688,2447214000.0,203154000.0,11526813000.0,3107557000.0,6396443000.0,413991000.0,36.83816,10.01,81.83,93652030.0,SMSPHARMA.NS,0.48582579411713667,0.017624472610078778,0.031760464370588465,1
2025-06-30,212.48866798870188,274.6234825865705,187.7425947938867,250.35675048828125,9353775,1960471000.0,204905000.0,11526813000.0,3107557000.0,6396443000.0,413991000.0,36.83816,10.01,81.83,93652030.0,SMSPHARMA.NS,0.48582579411713667,0.017624472610078778,0.031760464370588465,0
2025-09-30,251.2555144780577,311.9722671673739,207.70523539173377,245.66000366210938,32857410,2424295000.0,253127000.0,12764604000.0,3243028000.0,7293464000.0,994895000.0,36.83816,10.01,81.83,93652030.0,SMSPHARMA.NS,0.4446485236644755,0.01983038408398725,0.034706005267181685,1
2025-12-31,246.14999389648438,335.0,245.2100067138672,310.3999938964844,43561626,2104470000.0,234720000.0,12764604000.0,3243028000.0,7293464000.0,994895000.0,36.83816,10.01,81.83,93652030.0,SMSPHARMA.NS,0.4446485236644755,0.01983038408398725,0.034706005267181685,1
2026-03-31,309.3999938964844,433.8999938964844,293.1499938964844,368.75,24260214,2104470000.0,234720000.0,12764604000.0,3243028000.0,7293464000.0,994895000.0,36.83816,10.01,81.83,93652030.0,SMSPHARMA.NS,0.4446485236644755,0.01983038408398725,0.034706005267181685,0
2016-03-31,886.1936782051944,962.6496255911946,862.3880030064064,941.8414306640625,3491718,2104470000.0,234720000.0,12764604000.0,3243028000.0,7293464000.0,994895000.0,16.409517,55.48,299.064,92172714.0,STAR.NS,0.4446485236644755,0.01983038408398725,0.034706005267181685,1
2016-06-30,942.6233360373714,1056.7860495017023,867.1231157079282,980.7644653320312,19731289,2104470000.0,234720000.0,12764604000.0,3243028000.0,7293464000.0,994895000.0,16.409517,55.48,299.064,92172714.0,STAR.NS,0.4446485236644755,0.01983038408398725,0.034706005267181685,0
2016-09-30,1012.1289691679839,1046.9250729636665,800.4919103879373,877.1838989257812,27958013,2104470000.0,234720000.0,12764604000.0,3243028000.0,7293464000.0,994895000.0,16.409517,55.48,299.064,92172714.0,STAR.NS,0.4446485236644755,0.01983038408398725,0.034706005267181685,1
2016-12-31,884.8138108390053,1000.1788635642075,815.315886781845,926.233642578125,25877009,2104470000.0,234720000.0,12764604000.0,3243028000.0,7293464000.0,994895000.0,16.409517,55.48,299.064,92172714.0,STAR.NS,0.4446485236644755,0.01983038408398725,0.034706005267181685,1
2017-03-31,927.2799379647931,1111.5326355750472,909.1425766186245,957.8871459960938,23132883,2104470000.0,234720000.0,12764604000.0,3243028000.0,7293464000.0,994895000.0,16.409517,55.48,299.064,92172714.0,STAR.NS,0.4446485236644755,0.01983038408398725,0.034706005267181685,0
2017-06-30,954.8352557689788,1000.178833322234,739.4520813764192,872.4751586914062,17856373,2104470000.0,234720000.0,12764604000.0,3243028000.0,7293464000.0,994895000.0,16.409517,55.48,299.064,92172714.0,STAR.NS,0.4446485236644755,0.01983038408398725,0.034706005267181685,0
2017-09-30,884.2035919481217,961.1135343571043,754.3197318663384,776.2349243164062,19852312,2104470000.0,234720000.0,12764604000.0,3243028000.0,7293464000.0,994895000.0,16.409517,55.48,299.064,92172714.0,STAR.NS,0.4446485236644755,0.01983038408398725,0.034706005267181685,0
2017-12-31,788.0690048570383,793.3286641574251,659.4709362188087,721.4032592773438,41626005,2104470000.0,234720000.0,12764604000.0,3243028000.0,7293464000.0,994895000.0,16.409517,55.48,299.064,92172714.0,STAR.NS,0.4446485236644755,0.01983038408398725,0.034706005267181685,0
2018-03-31,720.5704265338749,735.1658473043424,562.7373631327418,586.5811157226562,23266983,2104470000.0,234720000.0,12764604000.0,3243028000.0,7293464000.0,994895000.0,16.409517,55.48,299.064,92172714.0,STAR.NS,0.4446485236644755,0.01983038408398725,0.034706005267181685,0
2018-06-30,591.7091735601491,634.8302392103717,313.3489767182891,370.9325866699219,245458272,2104470000.0,234720000.0,12764604000.0,3243028000.0,7293464000.0,994895000.0,16.409517,55.48,299.064,92172714.0,STAR.NS,0.4446485236644755,0.01983038408398725,0.034706005267181685,1
2018-09-30,371.2616733053805,488.04222459317845,319.74197613736436,410.5407409667969,157016038,2104470000.0,234720000.0,12764604000.0,3243028000.0,7293464000.0,994895000.0,16.409517,55.48,299.064,92172714.0,STAR.NS,0.4446485236644755,0.01983038408398725,0.034706005267181685,1
2018-12-31,407.8032474383881,463.40418433046926,368.29725023767656,435.17889404296875,78770814,2104470000.0,234720000.0,12764604000.0,3243028000.0,7293464000.0,994895000.0,16.409517,55.48,299.064,92172714.0,STAR.NS,0.4446485236644755,0.01983038408398725,0.034706005267181685,1
2019-03-31,437.35003123666064,520.5155729190544,370.2325095307254,439.6628112792969,111609007,2104470000.0,234720000.0,12764604000.0,3243028000.0,7293464000.0,994895000.0,16.409517,55.48,299.064,92172714.0,STAR.NS,0.4446485236644755,0.01983038408398725,0.034706005267181685,0
2019-06-30,450.18833841408,479.59354371674607,366.55087827205057,376.5571594238281,68306464,2104470000.0,234720000.0,12764604000.0,3243028000.0,7293464000.0,994895000.0,16.409517,55.48,299.064,92172714.0,STAR.NS,0.4446485236644755,0.01983038408398725,0.034706005267181685,0
2019-09-30,377.97314087312526,408.8266594304056,293.0091615447002,302.2931213378906,93269486,2104470000.0,234720000.0,12764604000.0,3243028000.0,7293464000.0,994895000.0,16.409517,55.48,299.064,92172714.0,STAR.NS,0.4446485236644755,0.01983038408398725,0.034706005267181685,1
2019-12-31,303.5702753543762,406.72518258876426,282.9392643937815,355.58990478515625,46588682,2104470000.0,234720000.0,12764604000.0,3243028000.0,7293464000.0,994895000.0,16.409517,55.48,299.064,92172714.0,STAR.NS,0.4446485236644755,0.01983038408398725,0.034706005267181685,0
2020-03-31,356.62139552257514,538.026743206195,263.29070675881377,316.48919677734375,38857969,2104470000.0,234720000.0,12764604000.0,3243028000.0,7293464000.0,994895000.0,16.409517,55.48,299.064,92172714.0,STAR.NS,0.4446485236644755,0.01983038408398725,0.034706005267181685,1
2020-06-30,319.1908720760823,497.4032985697042,297.8721695628465,402.4025573730469,68599531,2104470000.0,234720000.0,12764604000.0,3243028000.0,7293464000.0,994895000.0,16.409517,55.48,299.064,92172714.0,STAR.NS,0.4446485236644755,0.01983038408398725,0.034706005267181685,1
2020-09-30,402.99203297610467,745.3039564264132,397.09746416600854,710.3092041015625,114174085,2104470000.0,234720000.0,12764604000.0,3243028000.0,7293464000.0,994895000.0,16.409517,55.48,299.064,92172714.0,STAR.NS,0.4446485236644755,0.01983038408398725,0.034706005267181685,1
2020-12-31,715.4918000057346,916.082192313661,586.3716085904812,866.9218139648438,54050957,2104470000.0,234720000.0,12764604000.0,3243028000.0,7293464000.0,994895000.0,16.409517,55.48,299.064,92172714.0,STAR.NS,0.4446485236644755,0.01983038408398725,0.034706005267181685,0
2021-03-31,871.4627340275662,986.1704657606248,730.4966108086074,833.85205078125,38005913,2104470000.0,234720000.0,12764604000.0,3243028000.0,7293464000.0,994895000.0,16.409517,55.48,299.064,92172714.0,STAR.NS,0.4446485236644755,0.01983038408398725,0.034706005267181685,0
2021-06-30,843.0326200672133,934.8381441340102,660.1123242787874,749.5486450195312,45364004,2104470000.0,234720000.0,12764604000.0,3243028000.0,7293464000.0,994895000.0,16.409517,55.48,299.064,92172714.0,STAR.NS,0.4446485236644755,0.01983038408398725,0.034706005267181685,0
2021-09-30,752.2633770511136,807.4948687502617,557.0998833233306,583.7887573242188,45825612,2104470000.0,234720000.0,12764604000.0,3243028000.0,7293464000.0,994895000.0,16.409517,55.48,299.064,92172714.0,STAR.NS,0.4446485236644755,0.01983038408398725,0.034706005267181685,0
2021-12-31,581.2139815639905,603.0504483277876,399.3927190186183,442.7188720703125,70659121,2104470000.0,234720000.0,12764604000.0,3243028000.0,7293464000.0,994895000.0,16.409517,55.48,299.064,92172714.0,STAR.NS,0.4446485236644755,0.01983038408398725,0.034706005267181685,0
2022-03-31,443.65967037671237,462.376575835253,301.2528662031927,343.2420959472656,63031756,2104470000.0,234720000.0,12764604000.0,3243028000.0,7293464000.0,994895000.0,16.409517,55.48,299.064,92172714.0,STAR.NS,0.4446485236644755,0.01983038408398725,0.034706005267181685,0
2022-06-30,343.2420711137798,385.18176786138764,260.79860504187474,327.49615478515625,63468541,2104470000.0,234720000.0,12764604000.0,3243028000.0,7293464000.0,994895000.0,16.409517,55.48,299.064,92172714.0,STAR.NS,0.4446485236644755,0.01983038408398725,0.034706005267181685,1
2022-09-30,321.9008347434733,361.4638004061304,300.5596176459499,328.9320373535156,23631927,2104470000.0,234720000.0,12764604000.0,3243028000.0,7293464000.0,994895000.0,16.409517,55.48,299.064,92172714.0,STAR.NS,0.4446485236644755,0.01983038408398725,0.034706005267181685,1
2022-12-31,324.77276957468905,388.20220894005934,284.21950049313523,346.4606018066406,36259534,2104470000.0,234720000.0,12764604000.0,3243028000.0,7293464000.0,994895000.0,16.409517,55.48,299.064,92172714.0,STAR.NS,0.4446485236644755,0.01983038408398725,0.034706005267181685,0
2023-03-31,347.00524748180817,369.28725597583497,265.55211065515323,283.5757751464844,17845611,2104470000.0,234720000.0,12764604000.0,3243028000.0,7293464000.0,994895000.0,16.409517,55.48,299.064,92172714.0,STAR.NS,0.4446485236644755,0.01983038408398725,0.034706005267181685,1
2023-06-30,285.45740314946244,437.2226430407046,284.6156319960513,426.4777526855469,44564877,2104470000.0,234720000.0,12764604000.0,3243028000.0,7293464000.0,994895000.0,16.409517,55.48,299.064,92172714.0,STAR.NS,0.4446485236644755,0.01983038408398725,0.034706005267181685,1
2023-09-30,445.6403106021423,545.5249792524882,409.49153339226,504.8838806152344,50932353,2104470000.0,234720000.0,12764604000.0,3243028000.0,7293464000.0,994895000.0,16.409517,55.48,299.064,92172714.0,STAR.NS,0.4446485236644755,0.01983038408398725,0.034706005267181685,1
2023-12-31,505.3807175409001,660.7907358228856,464.04401223590264,645.1404418945312,42680202,2104470000.0,234720000.0,12764604000.0,3243028000.0,7293464000.0,994895000.0,16.409517,55.48,299.064,92172714.0,STAR.NS,0.4446485236644755,0.01983038408398725,0.034706005267181685,1
2024-03-31,646.8793363181243,833.2919091874078,639.7249119453513,779.7330322265625,42892484,2104470000.0,234720000.0,12764604000.0,3243028000.0,7293464000.0,994895000.0,16.409517,55.48,299.064,92172714.0,STAR.NS,0.4446485236644755,0.01983038408398725,0.034706005267181685,1
2024-06-30,793.644461786797,987.5591670819639,682.8502471140165,942.8440551757812,22953345,2104470000.0,234720000.0,12764604000.0,3243028000.0,7293464000.0,994895000.0,16.409517,55.48,299.064,92172714.0,STAR.NS,0.4446485236644755,0.01983038408398725,0.034706005267181685,1
2024-09-30,942.7446687361796,1438.4982931459208,894.8497375448027,1392.705322265625,25503075,11669340000.0,718430000.0,59896290000.0,23084920000.0,22714150000.0,1306380000.0,16.409517,55.48,299.064,92172714.0,STAR.NS,1.0163233050763512,0.011994565940561594,0.03162918269008526,0
2024-12-31,1392.7052879360724,1667.4634472482887,634.6316185052959,656.43310546875,22248792,11536670000.0,879460000.0,59896290000.0,23084920000.0,22714150000.0,1306380000.0,16.409517,55.48,299.064,92172714.0,STAR.NS,1.0163233050763512,0.011994565940561594,0.03162918269008526,1
2025-03-31,648.9170251949267,757.5261485112721,527.6153251956652,666.18896484375,46481794,10167400000.0,821940000.0,60487250000.0,18796330000.0,25518310000.0,1125640000.0,16.409517,55.48,299.064,92172714.0,STAR.NS,0.7365820855691463,0.013588648847484387,0.03220981326741465,1
2025-06-30,671.7140044994376,909.8875206870944,510.74156639006026,895.6021118164062,39364154,11197360000.0,996080000.0,60487250000.0,18796330000.0,25518310000.0,1125640000.0,16.409517,55.48,299.064,92172714.0,STAR.NS,0.7365820855691463,0.013588648847484387,0.03220981326741465,0
2025-09-30,895.6021039383122,972.0,783.1500244140625,820.5999755859375,23156167,11197360000.0,996080000.0,60487250000.0,18796330000.0,25518310000.0,1125640000.0,16.409517,55.48,299.064,92172714.0,STAR.NS,0.7365820855691463,0.013588648847484387,0.03220981326741465,1
2025-12-31,820.0,1025.0,792.0,900.3499755859375,33080261,11946460000.0,2021070000.0,60487250000.0,18796330000.0,25518310000.0,1125640000.0,16.409517,55.48,299.064,92172714.0,STAR.NS,0.7365820855691463,0.013588648847484387,0.03220981326741465,1
2026-03-31,906.3499755859375,1010.2999877929688,768.6500244140625,910.4000244140625,21530392,11946460000.0,2021070000.0,60487250000.0,18796330000.0,25518310000.0,1125640000.0,16.409517,55.48,299.064,92172714.0,STAR.NS,0.7365820855691463,0.013588648847484387,0.03220981326741465,0
2016-03-31,776.1239731116727,782.8313194448903,707.488303547623,753.4290771484375,22648051,11946460000.0,2021070000.0,60487250000.0,18796330000.0,25518310000.0,1125640000.0,38.654648,45.49,324.462,2399334970.0,SUNPHARMA.NS,0.7365820855691463,0.013588648847484387,0.03220981326741465,0
2016-06-30,754.3479165752499,773.6430927606635,652.4972427796074,701.1483764648438,201562795,11946460000.0,2021070000.0,60487250000.0,18796330000.0,25518310000.0,1125640000.0,38.654648,45.49,324.462,2399334970.0,SUNPHARMA.NS,0.7365820855691463,0.013588648847484387,0.03220981326741465,0
2016-09-30,706.569629653676,785.5417608279421,673.437466936006,683.2816162109375,182872742,11946460000.0,2021070000.0,60487250000.0,18796330000.0,25518310000.0,1125640000.0,38.654648,45.49,324.462,2399334970.0,SUNPHARMA.NS,0.7365820855691463,0.013588648847484387,0.03220981326741465,0
2016-12-31,689.997312856759,711.1573011679732,526.1461861645842,579.5980224609375,276222397,11946460000.0,2021070000.0,60487250000.0,18796330000.0,25518310000.0,1125640000.0,38.654648,45.49,324.462,2399334970.0,SUNPHARMA.NS,0.7365820855691463,0.013588648847484387,0.03220981326741465,1
2017-03-31,582.3577454389684,670.7235332918395,568.9258430692985,633.0955810546875,203978429,11946460000.0,2021070000.0,60487250000.0,18796330000.0,25518310000.0,1125640000.0,38.654648,45.49,324.462,2399334970.0,SUNPHARMA.NS,0.7365820855691463,0.013588648847484387,0.03220981326741465,0
2017-06-30,633.6475447498573,643.8597133580162,453.2363120540693,511.2422180175781,307446597,11946460000.0,2021070000.0,60487250000.0,18796330000.0,25518310000.0,1125640000.0,38.654648,45.49,324.462,2399334970.0,SUNPHARMA.NS,0.7365820855691463,0.013588648847484387,0.03220981326741465,0
2017-09-30,511.5181519881538,544.1779878730833,398.08256590624757,466.0997619628906,304297032,11946460000.0,2021070000.0,60487250000.0,18796330000.0,25518310000.0,1125640000.0,38.654648,45.49,324.462,2399334970.0,SUNPHARMA.NS,0.7365820855691463,0.013588648847484387,0.03220981326741465,1
2017-12-31,471.4253430988775,542.3706083546701,461.4225803921664,528.9872436523438,287570126,11946460000.0,2021070000.0,60487250000.0,18796330000.0,25518310000.0,1125640000.0,38.654648,45.49,324.462,2399334970.0,SUNPHARMA.NS,0.7365820855691463,0.013588648847484387,0.03220981326741465,0
2018-03-31,529.3114718558335,563.9969085776705,455.6802300277062,458.5513916015625,396003655,11946460000.0,2021070000.0,60487250000.0,18796330000.0,25518310000.0,1125640000.0,38.654648,45.49,324.462,2399334970.0,SUNPHARMA.NS,0.7365820855691463,0.013588648847484387,0.03220981326741465,1
2018-06-30,463.92324104355276,548.2981901549373,402.88803605843856,522.3651123046875,393551740,11946460000.0,2021070000.0,60487250000.0,18796330000.0,25518310000.0,1125640000.0,38.654648,45.49,324.462,2399334970.0,SUNPHARMA.NS,0.7365820855691463,0.013588648847484387,0.03220981326741465,1
2018-09-30,524.4954957849693,629.153566557892,491.52333421656084,578.98193359375,415924954,11946460000.0,2021070000.0,60487250000.0,18796330000.0,25518310000.0,1125640000.0,38.654648,45.49,324.462,2399334970.0,SUNPHARMA.NS,0.7365820855691463,0.013588648847484387,0.03220981326741465,0
2018-12-31,579.6786387054431,595.2388242545276,362.85655941945294,399.92254638671875,664877544,11946460000.0,2021070000.0,60487250000.0,18796330000.0,25518310000.0,1125640000.0,38.654648,45.49,324.462,2399334970.0,SUNPHARMA.NS,0.7365820855691463,0.013588648847484387,0.03220981326741465,1
2019-03-31,401.78048041307096,445.72075405330173,343.905455301048,441.67974853515625,600462598,11946460000.0,2021070000.0,60487250000.0,18796330000.0,25518310000.0,1125640000.0,38.654648,45.49,324.462,2399334970.0,SUNPHARMA.NS,0.7365820855691463,0.013588648847484387,0.03220981326741465,0
2019-06-30,446.78916504808006,449.85476179050136,320.0773723292776,372.4714660644531,381775029,11946460000.0,2021070000.0,60487250000.0,18796330000.0,25518310000.0,1125640000.0,38.654648,45.49,324.462,2399334970.0,SUNPHARMA.NS,0.7365820855691463,0.013588648847484387,0.03220981326741465,0
2019-09-30,373.44686655209495,426.36365408244063,339.44642339884666,364.138916015625,478800099,11946460000.0,2021070000.0,60487250000.0,18796330000.0,25518310000.0,1125640000.0,38.654648,45.49,324.462,2399334970.0,SUNPHARMA.NS,0.7365820855691463,0.013588648847484387,0.03220981326741465,1
2019-12-31,363.2506453652833,437.02277395401524,348.3840166324348,404.4377136230469,356426059,11946460000.0,2021070000.0,60487250000.0,18796330000.0,25518310000.0,1125640000.0,38.654648,45.49,324.462,2399334970.0,SUNPHARMA.NS,0.7365820855691463,0.013588648847484387,0.03220981326741465,0
2020-03-31,404.8117670233072,432.4412009344349,293.8285611132137,331.7814025878906,449390468,11946460000.0,2021070000.0,60487250000.0,18796330000.0,25518310000.0,1125640000.0,38.654648,45.49,324.462,2399334970.0,SUNPHARMA.NS,0.7365820855691463,0.013588648847484387,0.03220981326741465,1
2020-06-30,332.4407047566562,482.8394719343214,318.6910268005536,445.40460205078125,841692225,11946460000.0,2021070000.0,60487250000.0,18796330000.0,25518310000.0,1125640000.0,38.654648,45.49,324.462,2399334970.0,SUNPHARMA.NS,0.7365820855691463,0.013588648847484387,0.03220981326741465,1
2020-09-30,445.92250634096155,532.870996390277,439.0005778440217,472.2006530761719,687713069,11946460000.0,2021070000.0,60487250000.0,18796330000.0,25518310000.0,1125640000.0,38.654648,45.49,324.462,2399334970.0,SUNPHARMA.NS,0.7365820855691463,0.013588648847484387,0.03220981326741465,1
2020-12-31,476.5881169556726,565.6123960443352,426.72136657425466,558.9130249023438,620316621,11946460000.0,2021070000.0,60487250000.0,18796330000.0,25518310000.0,1125640000.0,38.654648,45.49,324.462,2399334970.0,SUNPHARMA.NS,0.7365820855691463,0.013588648847484387,0.03220981326741465,1
2021-03-31,559.0545754102791,622.8583185585117,519.3310859139956,568.9863891601562,469485265,11946460000.0,2021070000.0,60487250000.0,18796330000.0,25518310000.0,1125640000.0,38.654648,45.49,324.462,2399334970.0,SUNPHARMA.NS,0.7365820855691463,0.013588648847484387,0.03220981326741465,1
2021-06-30,571.0803987157184,687.0571665207405,564.1797891921052,642.8936767578125,435181637,11946460000.0,2021070000.0,60487250000.0,18796330000.0,25518310000.0,1125640000.0,38.654648,45.49,324.462,2399334970.0,SUNPHARMA.NS,0.7365820855691463,0.013588648847484387,0.03220981326741465,1
2021-09-30,642.4654392844965,794.8910128406582,632.1860284730996,780.8626708984375,290276513,11946460000.0,2021070000.0,60487250000.0,18796330000.0,25518310000.0,1125640000.0,38.654648,45.49,324.462,2399334970.0,SUNPHARMA.NS,0.7365820855691463,0.013588648847484387,0.03220981326741465,1
2021-12-31,774.8981197243096,812.1162681358525,700.1758262696529,807.058349609375,240166878,11946460000.0,2021070000.0,60487250000.0,18796330000.0,25518310000.0,1125640000.0,38.654648,45.49,324.462,2399334970.0,SUNPHARMA.NS,0.7365820855691463,0.013588648847484387,0.03220981326741465,1
2022-03-31,806.3903832838085,895.4715496885157,748.9409983943964,879.8417358398438,221862085,11946460000.0,2021070000.0,60487250000.0,18796330000.0,25518310000.0,1125640000.0,38.654648,45.49,324.462,2399334970.0,SUNPHARMA.NS,0.7365820855691463,0.013588648847484387,0.03220981326741465,0
2022-06-30,879.1204376691488,930.1459922356707,759.7562459525225,798.9030151367188,188257631,11946460000.0,2021070000.0,60487250000.0,18796330000.0,25518310000.0,1125640000.0,38.654648,45.49,324.462,2399334970.0,SUNPHARMA.NS,0.7365820855691463,0.013588648847484387,0.03220981326741465,1
2022-09-30,798.2296495460893,922.0539041677889,790.5351123822153,915.44384765625,183852261,11946460000.0,2021070000.0,60487250000.0,18796330000.0,25518310000.0,1125640000.0,38.654648,45.49,324.462,2399334970.0,SUNPHARMA.NS,0.7365820855691463,0.013588648847484387,0.03220981326741465,1
2022-12-31,919.593256577309,1033.4627993996746,902.5127446414319,966.3473510742188,155347414,11946460000.0,2021070000.0,60487250000.0,18796330000.0,25518310000.0,1125640000.0,38.654648,45.49,324.462,2399334970.0,SUNPHARMA.NS,0.7365820855691463,0.013588648847484387,0.03220981326741465,0
2023-03-31,966.3473256708925,1034.6209045973899,919.8379983719522,955.810791015625,133002671,11946460000.0,2021070000.0,60487250000.0,18796330000.0,25518310000.0,1125640000.0,38.654648,45.49,324.462,2399334970.0,SUNPHARMA.NS,0.7365820855691463,0.013588648847484387,0.03220981326741465,1
2023-06-30,953.7691743312581,1025.7151920547037,896.8443911682698,1022.4095458984375,155132945,11946460000.0,2021070000.0,60487250000.0,18796330000.0,25518310000.0,1125640000.0,38.654648,45.49,324.462,2399334970.0,SUNPHARMA.NS,0.7365820855691463,0.013588648847484387,0.03220981326741465,1
2023-09-30,1023.7705513601969,1141.2533227731062,1000.193651235542,1130.4722900390625,146889259,11946460000.0,2021070000.0,60487250000.0,18796330000.0,25518310000.0,1125640000.0,38.654648,45.49,324.462,2399334970.0,SUNPHARMA.NS,0.7365820855691463,0.013588648847484387,0.03220981326741465,1
2023-12-31,1131.3500935406598,1241.0166841731589,1042.3680831680417,1228.8206787109375,109961279,11946460000.0,2021070000.0,60487250000.0,18796330000.0,25518310000.0,1125640000.0,38.654648,45.49,324.462,2399334970.0,SUNPHARMA.NS,0.7365820855691463,0.013588648847484387,0.03220981326741465,1
2024-03-31,1230.3329565725116,1603.3498824078497,1222.039673360088,1590.1522216796875,151514932,11946460000.0,2021070000.0,60487250000.0,18796330000.0,25518310000.0,1125640000.0,38.654648,45.49,324.462,2399334970.0,SUNPHARMA.NS,0.7365820855691463,0.013588648847484387,0.03220981326741465,0
2024-06-30,1600.9947379706316,1608.1089061131531,1351.3668651546072,1492.3223876953125,166524718,11946460000.0,2021070000.0,60487250000.0,18796330000.0,25518310000.0,1125640000.0,38.654648,45.49,324.462,2399334970.0,SUNPHARMA.NS,0.7365820855691463,0.013588648847484387,0.03220981326741465,1
2024-09-30,1492.3223575208087,1929.6780973997247,1470.195442233684,1896.5545654296875,131490407,132642200000.0,30401600000.0,881156600000.0,25719500000.0,691149000000.0,80125400000.0,38.654648,45.49,324.462,2399334970.0,SUNPHARMA.NS,0.037212670495074145,0.03450192621833622,0.0439870418679619,0
2024-12-31,1894.7335142236582,1921.7048464638563,1696.4353857445187,1856.8359375,117212855,134369400000.0,29033800000.0,881156600000.0,25719500000.0,691149000000.0,80125400000.0,38.654648,45.49,324.462,2399334970.0,SUNPHARMA.NS,0.037212670495074145,0.03450192621833622,0.0439870418679619,0
2025-03-31,1860.330371005137,1873.1761166918582,1537.9641709934328,1717.8494873046875,126659791,128155800000.0,21498800000.0,921005800000.0,23621900000.0,722180200000.0,102687700000.0,38.654648,45.49,324.462,2399334970.0,SUNPHARMA.NS,0.03270914932311908,0.02334274116406216,0.029769301346118323,0
2025-06-30,1714.1855319993706,1833.2178100929195,1604.3627135400736,1659.4227294921875,174755465,137860700000.0,22786300000.0,921005800000.0,23621900000.0,722180200000.0,102687700000.0,38.654648,45.49,324.462,2399334970.0,SUNPHARMA.NS,0.03270914932311908,0.02334274116406216,0.029769301346118323,0
2025-09-30,1659.4226824613615,1736.7186855343634,1538.0094080385923,1584.0106201171875,153218563,137860700000.0,22786300000.0,921005800000.0,23621900000.0,722180200000.0,102687700000.0,38.654648,45.49,324.462,2399334970.0,SUNPHARMA.NS,0.03270914932311908,0.02334274116406216,0.029769301346118323,1
2025-12-31,1601.4970384204441,1837.0668475095704,1589.6737732165213,1708.6011962890625,120715659,154690700000.0,33688100000.0,921005800000.0,23621900000.0,722180200000.0,102687700000.0,38.654648,45.49,324.462,2399334970.0,SUNPHARMA.NS,0.03270914932311908,0.02334274116406216,0.029769301346118323,1
2026-03-31,1708.8993110343238,1843.0,1573.4790131992938,1758.4000244140625,145236728,154690700000.0,33688100000.0,921005800000.0,23621900000.0,722180200000.0,102687700000.0,38.654648,45.49,324.462,2399334970.0,SUNPHARMA.NS,0.03270914932311908,0.02334274116406216,0.029769301346118323,0
2021-12-31,418.24321568521503,524.3934914014774,380.69074906432877,480.53265380859375,66835420,154690700000.0,33688100000.0,921005800000.0,23621900000.0,722180200000.0,102687700000.0,24.037792,23.02,134.509,80482800.0,SUPRIYA.NS,0.03270914932311908,0.02334274116406216,0.029769301346118323,1
2022-03-31,486.79138092848433,597.9587061880895,374.28296032339205,490.06976318359375,91846908,154690700000.0,33688100000.0,921005800000.0,23621900000.0,722180200000.0,102687700000.0,24.037792,23.02,134.509,80482800.0,SUPRIYA.NS,0.03270914932311908,0.02334274116406216,0.029769301346118323,0
2022-06-30,494.44096097252486,511.7767065883755,290.43565126916934,356.2021484375,21009755,154690700000.0,33688100000.0,921005800000.0,23621900000.0,722180200000.0,102687700000.0,24.037792,23.02,134.509,80482800.0,SUPRIYA.NS,0.03270914932311908,0.02334274116406216,0.029769301346118323,0
2022-09-30,354.56293423948927,404.0368487247287,292.5695962525775,298.59014892578125,18448535,154690700000.0,33688100000.0,921005800000.0,23621900000.0,722180200000.0,102687700000.0,24.037792,23.02,134.509,80482800.0,SUPRIYA.NS,0.03270914932311908,0.02334274116406216,0.029769301346118323,0
2022-12-31,303.5160821942852,308.29271658609593,220.6711154782817,233.90640258789062,12652572,154690700000.0,33688100000.0,921005800000.0,23621900000.0,722180200000.0,102687700000.0,24.037792,23.02,134.509,80482800.0,SUPRIYA.NS,0.03270914932311908,0.02334274116406216,0.029769301346118323,0
2023-03-31,236.0459384300814,242.7133426814486,169.32215258936498,189.8219451904297,15067258,154690700000.0,33688100000.0,921005800000.0,23621900000.0,722180200000.0,102687700000.0,24.037792,23.02,134.509,80482800.0,SUPRIYA.NS,0.03270914932311908,0.02334274116406216,0.029769301346118323,1
2023-06-30,190.02095803502192,266.99462449676196,190.02095803502192,246.64413452148438,19873917,154690700000.0,33688100000.0,921005800000.0,23621900000.0,722180200000.0,102687700000.0,24.037792,23.02,134.509,80482800.0,SUPRIYA.NS,0.03270914932311908,0.02334274116406216,0.029769301346118323,1
2023-09-30,248.78367527845336,309.08885538361403,232.16491176798746,280.10760498046875,20500263,154690700000.0,33688100000.0,921005800000.0,23621900000.0,722180200000.0,102687700000.0,24.037792,23.02,134.509,80482800.0,SUPRIYA.NS,0.03270914932311908,0.02334274116406216,0.029769301346118323,1
2023-12-31,281.90255024172734,324.33250471914585,234.23736509270597,313.86212158203125,29432449,154690700000.0,33688100000.0,921005800000.0,23621900000.0,722180200000.0,102687700000.0,24.037792,23.02,134.509,80482800.0,SUPRIYA.NS,0.03270914932311908,0.02334274116406216,0.029769301346118323,1
2024-03-31,315.50746100998356,392.8885468132933,288.08503039563755,332.01080322265625,34412853,154690700000.0,33688100000.0,921005800000.0,23621900000.0,722180200000.0,102687700000.0,24.037792,23.02,134.509,80482800.0,SUPRIYA.NS,0.03270914932311908,0.02334274116406216,0.029769301346118323,1
2024-06-30,335.2516357627413,422.80392920098666,329.06911602015265,386.50665283203125,20703518,154690700000.0,33688100000.0,921005800000.0,23621900000.0,722180200000.0,102687700000.0,24.037792,23.02,134.509,80482800.0,SUPRIYA.NS,0.03270914932311908,0.02334274116406216,0.029769301346118323,1
2024-09-30,392.29025879094434,673.0959041628258,366.96193015941486,562.10009765625,37381668,154690700000.0,33688100000.0,10123910000.0,55090000.0,9058880000.0,775050000.0,24.037792,23.02,134.509,80482800.0,SUPRIYA.NS,0.006081325726800664,0.02334274116406216,0.029769301346118323,1
2024-12-31,566.7430081132763,833.9390296454453,510.6279072259752,738.6830444335938,33156351,1856480000.0,467830000.0,10123910000.0,55090000.0,9058880000.0,775050000.0,24.037792,23.02,134.509,80482800.0,SUPRIYA.NS,0.006081325726800664,0.02334274116406216,0.029769301346118323,0
2025-03-31,743.6755013942019,796.5954674434579,555.3103714480952,733.0416259765625,18057375,1671880000.0,503820000.0,11123140000.0,53800000.0,9967600000.0,759970000.0,24.037792,23.02,134.509,80482800.0,SUPRIYA.NS,0.005397487860668566,0.045294763888614184,0.05054576828925719,0
2025-06-30,730.6452170722291,840.7287510368915,599.0941375990768,707.9794921875,19425964,1450740000.0,347900000.0,11123140000.0,53800000.0,9967600000.0,759970000.0,24.037792,23.02,134.509,80482800.0,SUPRIYA.NS,0.005397487860668566,0.045294763888614184,0.05054576828925719,1
2025-09-30,710.6754382273672,754.7999877929688,615.369481507797,729.0499877929688,14496927,1998330000.0,504270000.0,12029580000.0,52320000.0,10817970000.0,992630000.0,24.037792,23.02,134.509,80482800.0,SUPRIYA.NS,0.0048363972168530694,0.041919169247804165,0.046614105973671584,1
2025-12-31,729.9000244140625,832.4000244140625,680.7000122070312,751.5,15290222,2064400000.0,496750000.0,12029580000.0,52320000.0,10817970000.0,992630000.0,24.037792,23.02,134.509,80482800.0,SUPRIYA.NS,0.0048363972168530694,0.041919169247804165,0.046614105973671584,0
2026-03-31,753.0,775.0,549.1500244140625,553.3499755859375,8438240,2064400000.0,496750000.0,12029580000.0,52320000.0,10817970000.0,992630000.0,24.037792,23.02,134.509,80482800.0,SUPRIYA.NS,0.0048363972168530694,0.041919169247804165,0.046614105973671584,0
2016-03-31,6.065390520181003,6.1889213967067445,5.650015529246847,5.949579238891602,40473444,2064400000.0,496750000.0,12029580000.0,52320000.0,10817970000.0,992630000.0,24.037792,-12.32,12.661,263720583.0,SUVEN.NS,0.0048363972168530694,0.041919169247804165,0.046614105973671584,1
2016-06-30,5.975829817100313,7.0104049108076385,5.653104251741999,6.368041515350342,418781282,2064400000.0,496750000.0,12029580000.0,52320000.0,10817970000.0,992630000.0,24.037792,-12.32,12.661,263720583.0,SUVEN.NS,0.0048363972168530694,0.041919169247804165,0.046614105973671584,0
2016-09-30,6.3773065077631195,6.825108022348295,5.682442427922768,6.184289455413818,461117842,2064400000.0,496750000.0,12029580000.0,52320000.0,10817970000.0,992630000.0,24.037792,-12.32,12.661,263720583.0,SUVEN.NS,0.0048363972168530694,0.041919169247804165,0.046614105973671584,0
2016-12-31,6.238334242908826,6.576500411663715,4.6015429713211145,5.339642524719238,390457105,2064400000.0,496750000.0,12029580000.0,52320000.0,10817970000.0,992630000.0,24.037792,-12.32,12.661,263720583.0,SUVEN.NS,0.0048363972168530694,0.041919169247804165,0.046614105973671584,1
2017-03-31,5.339642524719238,6.467394424660551,5.2593480161926935,5.717300891876221,252182375,2064400000.0,496750000.0,12029580000.0,52320000.0,10817970000.0,992630000.0,24.037792,-12.32,12.661,263720583.0,SUVEN.NS,0.0048363972168530694,0.041919169247804165,0.046614105973671584,1
2017-06-30,5.712116352321894,6.890833898510503,5.705203199065842,5.936798572540283,408021332,2064400000.0,496750000.0,12029580000.0,52320000.0,10817970000.0,992630000.0,24.037792,-12.32,12.661,263720583.0,SUVEN.NS,0.0048363972168530694,0.041919169247804165,0.046614105973671584,1
2017-09-30,5.94371183404961,6.851083193523447,5.357809622632219,6.118272304534912,344683503,2064400000.0,496750000.0,12029580000.0,52320000.0,10817970000.0,992630000.0,24.037792,-12.32,12.661,263720583.0,SUVEN.NS,0.0048363972168530694,0.041919169247804165,0.046614105973671584,1
2017-12-31,6.159751659787292,7.96412447135917,6.11827203460695,7.03082799911499,763448760,2064400000.0,496750000.0,12029580000.0,52320000.0,10817970000.0,992630000.0,24.037792,-12.32,12.661,263720583.0,SUVEN.NS,0.0048363972168530694,0.041919169247804165,0.046614105973671584,0
2018-03-31,7.017001817457444,8.669280976977156,6.291104724161978,6.800784587860107,730837244,2064400000.0,496750000.0,12029580000.0,52320000.0,10817970000.0,992630000.0,24.037792,-12.32,12.661,263720583.0,SUVEN.NS,0.0048363972168530694,0.041919169247804165,0.046614105973671584,1
2018-06-30,6.865785874425333,9.847730729678972,6.835316235292201,8.448165893554688,988633574,2064400000.0,496750000.0,12029580000.0,52320000.0,10817970000.0,992630000.0,24.037792,-12.32,12.661,263720583.0,SUVEN.NS,0.0048363972168530694,0.041919169247804165,0.046614105973671584,1
2018-09-30,8.48269796522913,13.723446681375718,8.21050406972529,10.962912559509277,1478486288,2064400000.0,496750000.0,12029580000.0,52320000.0,10817970000.0,992630000.0,24.037792,-12.32,12.661,263720583.0,SUVEN.NS,0.0048363972168530694,0.041919169247804165,0.046614105973671584,0
2018-12-31,10.87556729337792,11.381360447057826,8.775205778809616,9.203808784484863,550101959,2064400000.0,496750000.0,12029580000.0,52320000.0,10817970000.0,992630000.0,24.037792,-12.32,12.661,263720583.0,SUVEN.NS,0.0048363972168530694,0.041919169247804165,0.046614105973671584,1
2019-03-31,9.189590343689327,12.696008682250977,7.422360845657709,12.164106369018555,448562267,2064400000.0,496750000.0,12029580000.0,52320000.0,10817970000.0,992630000.0,24.037792,-12.32,12.661,263720583.0,SUVEN.NS,0.0048363972168530694,0.041919169247804165,0.046614105973671584,1
2019-06-30,12.217528343200684,13.165200233459473,11.520710945129395,12.598455429077148,288192335,2064400000.0,496750000.0,12029580000.0,52320000.0,10817970000.0,992630000.0,24.037792,-12.32,12.661,263720583.0,SUVEN.NS,0.0048363972168530694,0.041919169247804165,0.046614105973671584,1
2019-09-30,12.593810081481934,14.14074420928955,10.150303840637207,12.932927131652832,244212510,2064400000.0,496750000.0,12029580000.0,52320000.0,10817970000.0,992630000.0,24.037792,-12.32,12.661,263720583.0,SUVEN.NS,0.0048363972168530694,0.041919169247804165,0.046614105973671584,1
2019-12-31,12.937573432922363,15.548315048217773,11.52535629272461,14.2661714553833,797686942,2064400000.0,496750000.0,12029580000.0,52320000.0,10817970000.0,992630000.0,24.037792,-12.32,12.661,263720583.0,SUVEN.NS,0.0048363972168530694,0.041919169247804165,0.046614105973671584,1
2020-03-31,14.33585262298584,62.1875,13.634389877319336,19.715740203857422,107626544,2064400000.0,496750000.0,12029580000.0,52320000.0,10817970000.0,992630000.0,24.037792,-12.32,12.661,263720583.0,SUVEN.NS,0.0048363972168530694,0.041919169247804165,0.046614105973671584,1
2020-06-30,18.74837875366211,43.761573791503906,17.827083587646484,38.141666412353516,58250692,2064400000.0,496750000.0,12029580000.0,52320000.0,10817970000.0,992630000.0,24.037792,-12.32,12.661,263720583.0,SUVEN.NS,0.0048363972168530694,0.041919169247804165,0.046614105973671584,1
2020-09-30,36.391204833984375,54.034027099609375,33.30485916137695,46.43333435058594,71139888,2064400000.0,496750000.0,12029580000.0,52320000.0,10817970000.0,992630000.0,24.037792,-12.32,12.661,263720583.0,SUVEN.NS,0.0048363972168530694,0.041919169247804165,0.046614105973671584,1
2020-12-31,46.801849365234375,99.5,40.490970611572266,83.42337799072266,76812222,2064400000.0,496750000.0,12029580000.0,52320000.0,10817970000.0,992630000.0,24.037792,-12.32,12.661,263720583.0,SUVEN.NS,0.0048363972168530694,0.041919169247804165,0.046614105973671584,0
2021-03-31,83.74583435058594,86.14120483398438,64.07615661621094,65.08958435058594,38055498,2064400000.0,496750000.0,12029580000.0,52320000.0,10817970000.0,992630000.0,24.037792,-12.32,12.661,263720583.0,SUVEN.NS,0.0048363972168530694,0.041919169247804165,0.046614105973671584,1
2021-06-30,65.08958435058594,106.87036895751953,65.08958435058594,80.98194122314453,78871611,2064400000.0,496750000.0,12029580000.0,52320000.0,10817970000.0,992630000.0,24.037792,-12.32,12.661,263720583.0,SUVEN.NS,0.0048363972168530694,0.041919169247804165,0.046614105973671584,1
2021-09-30,81.0740737915039,94.89351654052734,67.25463104248047,86.00300598144531,47244517,2064400000.0,496750000.0,12029580000.0,52320000.0,10817970000.0,992630000.0,24.037792,-12.32,12.661,263720583.0,SUVEN.NS,0.0048363972168530694,0.041919169247804165,0.046614105973671584,0
2021-12-31,85.68055725097656,114.65532684326172,78.31018829345703,82.0875015258789,56394634,2064400000.0,496750000.0,12029580000.0,52320000.0,10817970000.0,992630000.0,24.037792,-12.32,12.661,263720583.0,SUVEN.NS,0.0048363972168530694,0.041919169247804165,0.046614105973671584,1
2022-03-31,82.64027404785156,94.47893524169922,66.1490707397461,85.40416717529297,36631680,2064400000.0,496750000.0,12029580000.0,52320000.0,10817970000.0,992630000.0,24.037792,-12.32,12.661,263720583.0,SUVEN.NS,0.0048363972168530694,0.041919169247804165,0.046614105973671584,0
2022-06-30,83.69976806640625,93.92615509033203,56.01481246948242,64.72106170654297,30548855,2064400000.0,496750000.0,12029580000.0,52320000.0,10817970000.0,992630000.0,24.037792,-12.32,12.661,263720583.0,SUVEN.NS,0.0048363972168530694,0.041919169247804165,0.046614105973671584,1
2022-09-30,64.72106170654297,78.21805572509766,60.851619720458984,65.45809936523438,19208995,2064400000.0,496750000.0,12029580000.0,52320000.0,10817970000.0,992630000.0,24.037792,-12.32,12.661,263720583.0,SUVEN.NS,0.0048363972168530694,0.041919169247804165,0.046614105973671584,1
2022-12-31,66.79398345947266,72.5,59.5,68.44999694824219,26497737,2064400000.0,496750000.0,12029580000.0,52320000.0,10817970000.0,992630000.0,24.037792,-12.32,12.661,263720583.0,SUVEN.NS,0.0048363972168530694,0.041919169247804165,0.046614105973671584,0
2023-03-31,68.44999694824219,68.5999984741211,45.0,48.5,12760187,2064400000.0,496750000.0,12029580000.0,52320000.0,10817970000.0,992630000.0,24.037792,-12.32,12.661,263720583.0,SUVEN.NS,0.0048363972168530694,0.041919169247804165,0.046614105973671584,1
2023-06-30,48.849998474121094,67.80000305175781,48.349998474121094,63.29999923706055,15436776,2064400000.0,496750000.0,12029580000.0,52320000.0,10817970000.0,992630000.0,24.037792,-12.32,12.661,263720583.0,SUVEN.NS,0.0048363972168530694,0.041919169247804165,0.046614105973671584,1
2023-09-30,63.75,82.19999694824219,59.599998474121094,71.05000305175781,52180457,2064400000.0,496750000.0,12029580000.0,52320000.0,10817970000.0,992630000.0,24.037792,-12.32,12.661,263720583.0,SUVEN.NS,0.0048363972168530694,0.041919169247804165,0.046614105973671584,1
2023-12-31,71.5,88.75,60.75,80.75,41047510,2064400000.0,496750000.0,12029580000.0,52320000.0,10817970000.0,992630000.0,24.037792,-12.32,12.661,263720583.0,SUVEN.NS,0.0048363972168530694,0.041919169247804165,0.046614105973671584,1
2024-03-31,81.5,129.0,80.69999694824219,100.0,59703060,2064400000.0,496750000.0,12029580000.0,52320000.0,10817970000.0,992630000.0,24.037792,-12.32,12.661,263720583.0,SUVEN.NS,0.0048363972168530694,0.041919169247804165,0.046614105973671584,1
2024-06-30,100.0999984741211,121.5,82.94999694824219,105.2300033569336,12877120,2064400000.0,496750000.0,12029580000.0,52320000.0,10817970000.0,992630000.0,24.037792,-12.32,12.661,263720583.0,SUVEN.NS,0.0048363972168530694,0.041919169247804165,0.046614105973671584,1
2024-09-30,106.0,169.3000030517578,103.31999969482422,140.69000244140625,41147716,2064400000.0,496750000.0,2119559000.0,2442000.0,1926758000.0,74369000.0,24.037792,-12.32,12.661,263720583.0,SUVEN.NS,0.0012674139668811548,0.041919169247804165,0.046614105973671584,0
2024-12-31,140.6999969482422,167.17999267578125,112.0,127.91999816894531,16839298,16099000.0,-391166000.0,2119559000.0,2442000.0,1926758000.0,74369000.0,24.037792,-12.32,12.661,263720583.0,SUVEN.NS,0.0012674139668811548,0.041919169247804165,0.046614105973671584,0
2025-03-31,126.5,153.0,102.5,113.66999816894531,34159845,14670000.0,-439449000.0,1351833000.0,0.0,1099868000.0,150256000.0,24.037792,-12.32,12.661,263720583.0,SUVEN.NS,0.0,-0.3250763962708412,-0.39954703655347734,1
2025-06-30,114.0,271.7200012207031,113.98999786376953,246.14999389648438,66920148,18667000.0,-515169000.0,1351833000.0,0.0,1099868000.0,150256000.0,24.037792,-12.32,12.661,263720583.0,SUVEN.NS,0.0,-0.3250763962708412,-0.39954703655347734,0
2025-09-30,246.14999389648438,299.989990234375,200.0,204.2100067138672,10544119,9192000.0,-773099000.0,3374100000.0,0.0,2812741000.0,96093000.0,24.037792,-12.32,12.661,263720583.0,SUVEN.NS,0.0,-0.22912747102931152,-0.2748560923312882,0
2025-12-31,204.2100067138672,216.7899932861328,160.1999969482422,166.27000427246094,10463066,28087000.0,-1019218000.0,3374100000.0,0.0,2812741000.0,96093000.0,24.037792,-12.32,12.661,263720583.0,SUVEN.NS,0.0,-0.22912747102931152,-0.2748560923312882,0
2026-03-31,166.5,178.5,124.76000213623047,126.6500015258789,19477445,28087000.0,-1019218000.0,3374100000.0,0.0,2812741000.0,96093000.0,24.037792,-12.32,12.661,263720583.0,SUVEN.NS,0.0,-0.22912747102931152,-0.2748560923312882,0
2022-12-31,8.75,11.600000381469727,7.650000095367432,8.850000381469727,85845688,28087000.0,-1019218000.0,3374100000.0,0.0,2812741000.0,96093000.0,15.328766,0.73,4.104,940000000.0,SYNCOMF.NS,0.0,-0.22912747102931152,-0.2748560923312882,0
2023-03-31,8.899999618530273,9.75,4.599999904632568,5.900000095367432,100182373,28087000.0,-1019218000.0,3374100000.0,0.0,2812741000.0,96093000.0,15.328766,0.73,4.104,940000000.0,SYNCOMF.NS,0.0,-0.22912747102931152,-0.2748560923312882,1
2023-06-30,5.900000095367432,8.300000190734863,5.800000190734863,7.550000190734863,95890224,28087000.0,-1019218000.0,3374100000.0,0.0,2812741000.0,96093000.0,15.328766,0.73,4.104,940000000.0,SYNCOMF.NS,0.0,-0.22912747102931152,-0.2748560923312882,1
2023-09-30,7.650000095367432,9.850000381469727,7.099999904632568,8.399999618530273,170858397,28087000.0,-1019218000.0,3374100000.0,0.0,2812741000.0,96093000.0,15.328766,0.73,4.104,940000000.0,SYNCOMF.NS,0.0,-0.22912747102931152,-0.2748560923312882,1
2023-12-31,8.550000190734863,16.899999618530273,7.25,15.050000190734863,521265885,28087000.0,-1019218000.0,3374100000.0,0.0,2812741000.0,96093000.0,15.328766,0.73,4.104,940000000.0,SYNCOMF.NS,0.0,-0.22912747102931152,-0.2748560923312882,0
2024-03-31,15.350000381469727,18.649999618530273,11.0,11.149999618530273,241524884,28087000.0,-1019218000.0,3374100000.0,0.0,2812741000.0,96093000.0,15.328766,0.73,4.104,940000000.0,SYNCOMF.NS,0.0,-0.22912747102931152,-0.2748560923312882,1
2024-06-30,11.449999809265137,14.449999809265137,10.949999809265137,12.479999542236328,138085573,28087000.0,-1019218000.0,3374100000.0,0.0,2812741000.0,96093000.0,15.328766,0.73,4.104,940000000.0,SYNCOMF.NS,0.0,-0.22912747102931152,-0.2748560923312882,1
2024-09-30,12.539999961853027,27.899999618530273,12.449999809265137,21.809999465942383,879430586,28087000.0,-1019218000.0,3724451000.0,142460000.0,3135591000.0,2502000.0,15.328766,0.73,4.104,940000000.0,SYNCOMF.NS,0.04543322136082161,-0.22912747102931152,-0.2748560923312882,0
2024-12-31,21.899999618530273,23.8700008392334,17.84000015258789,20.0,221368571,1275332000.0,130020000.0,3724451000.0,142460000.0,3135591000.0,2502000.0,15.328766,0.73,4.104,940000000.0,SYNCOMF.NS,0.04543322136082161,-0.22912747102931152,-0.2748560923312882,0
2025-03-31,20.030000686645508,21.049999237060547,14.100000381469727,16.459999084472656,139094225,1412369000.0,176943000.0,4132809000.0,45836000.0,3421576000.0,6585000.0,15.328766,0.73,4.104,940000000.0,SYNCOMF.NS,0.013396165977315716,0.042814221513745254,0.051713888570646974,1
2025-06-30,16.479999542236328,23.489999771118164,14.5,19.25,229391138,1169017000.0,157544000.0,4132809000.0,45836000.0,3421576000.0,6585000.0,15.328766,0.73,4.104,940000000.0,SYNCOMF.NS,0.013396165977315716,0.042814221513745254,0.051713888570646974,0
2025-09-30,19.34000015258789,19.5,16.030000686645508,16.139999389648438,52890143,1217174000.0,166011000.0,4560834000.0,6970000.0,3784957000.0,2753000.0,15.328766,0.73,4.104,940000000.0,SYNCOMF.NS,0.0018415004450512912,0.03639926381885418,0.043860736066486355,0
2025-12-31,16.139999389648438,17.399999618530273,14.020000457763672,14.260000228881836,72431100,1151406000.0,189081000.0,4560834000.0,6970000.0,3784957000.0,2753000.0,15.328766,0.73,4.104,940000000.0,SYNCOMF.NS,0.0018415004450512912,0.03639926381885418,0.043860736066486355,0
2026-03-31,14.260000228881836,14.829999923706055,11.0,11.1899995803833,89706670,1151406000.0,189081000.0,4560834000.0,6970000.0,3784957000.0,2753000.0,15.328766,0.73,4.104,940000000.0,SYNCOMF.NS,0.0018415004450512912,0.03639926381885418,0.043860736066486355,0
2016-03-31,192.5983966416773,194.52437759392146,183.21539125704805,190.25265502929688,1652234,1151406000.0,189081000.0,4560834000.0,6970000.0,3784957000.0,2753000.0,45.46857,8.75,117.843,401751784.0,SYNGENE.NS,0.0018415004450512912,0.03639926381885418,0.043860736066486355,1
2016-06-30,189.98103738975,205.83335548987753,172.35087309365312,198.64794921875,21543616,1151406000.0,189081000.0,4560834000.0,6970000.0,3784957000.0,2753000.0,45.46857,8.75,117.843,401751784.0,SYNGENE.NS,0.0018415004450512912,0.03639926381885418,0.043860736066486355,1
2016-09-30,199.88256013804468,258.72388358238686,198.17879911902327,234.5009002685547,21596516,1151406000.0,189081000.0,4560834000.0,6970000.0,3784957000.0,2753000.0,45.46857,8.75,117.843,401751784.0,SYNGENE.NS,0.0018415004450512912,0.03639926381885418,0.043860736066486355,1
2016-12-31,236.40220355429523,327.5160411224184,236.0565080789721,277.4651184082031,26078594,1151406000.0,189081000.0,4560834000.0,6970000.0,3784957000.0,2753000.0,45.46857,8.75,117.843,401751784.0,SYNGENE.NS,0.0018415004450512912,0.03639926381885418,0.043860736066486355,0
2017-03-31,278.0083963893664,304.97213354423127,228.64886634016705,257.1682434082031,18825932,1151406000.0,189081000.0,4560834000.0,6970000.0,3784957000.0,2753000.0,45.46857,8.75,117.843,401751784.0,SYNGENE.NS,0.0018415004450512912,0.03639926381885418,0.043860736066486355,0
2017-06-30,257.93374543568837,278.5269278893748,217.9078246043861,232.3280029296875,18257552,1151406000.0,189081000.0,4560834000.0,6970000.0,3784957000.0,2753000.0,45.46857,8.75,117.843,401751784.0,SYNGENE.NS,0.0018415004450512912,0.03639926381885418,0.043860736066486355,1
2017-09-30,233.93298948585863,253.26193814600322,212.83306453201195,245.22068786621094,13587634,1151406000.0,189081000.0,4560834000.0,6970000.0,3784957000.0,2753000.0,45.46857,8.75,117.843,401751784.0,SYNGENE.NS,0.0018415004450512912,0.03639926381885418,0.043860736066486355,1
2017-12-31,245.56708996117987,286.169169312088,238.02068645892365,267.8846435546875,15425790,1151406000.0,189081000.0,4560834000.0,6970000.0,3784957000.0,2753000.0,45.46857,8.75,117.843,401751784.0,SYNGENE.NS,0.0018415004450512912,0.03639926381885418,0.043860736066486355,1
2018-03-31,268.25571281284573,332.53621934109117,265.1877470255813,295.521728515625,20503404,1151406000.0,189081000.0,4560834000.0,6970000.0,3784957000.0,2753000.0,45.46857,8.75,117.843,401751784.0,SYNGENE.NS,0.0018415004450512912,0.03639926381885418,0.043860736066486355,1
2018-06-30,296.90733797080986,346.3918086724018,282.5568017806383,301.8310241699219,21320018,1151406000.0,189081000.0,4560834000.0,6970000.0,3784957000.0,2753000.0,45.46857,8.75,117.843,401751784.0,SYNGENE.NS,0.0018415004450512912,0.03639926381885418,0.043860736066486355,0
2018-09-30,304.0825969297878,326.1498893400491,275.09602899966035,297.77288818359375,12308022,1151406000.0,189081000.0,4560834000.0,6970000.0,3784957000.0,2753000.0,45.46857,8.75,117.843,401751784.0,SYNGENE.NS,0.0018415004450512912,0.03639926381885418,0.043860736066486355,0
2018-12-31,299.829913202776,309.6441635378968,247.8838421774626,277.67352294921875,7698178,1151406000.0,189081000.0,4560834000.0,6970000.0,3784957000.0,2753000.0,45.46857,8.75,117.843,401751784.0,SYNGENE.NS,0.0018415004450512912,0.03639926381885418,0.043860736066486355,1
2019-03-31,277.7974610587709,306.8188069492269,265.1826717675561,296.97979736328125,11683656,1151406000.0,189081000.0,4560834000.0,6970000.0,3784957000.0,2753000.0,45.46857,8.75,117.843,401751784.0,SYNGENE.NS,0.0018415004450512912,0.03639926381885418,0.043860736066486355,1
2019-06-30,294.17927636247305,365.803403275275,282.6301878388269,331.0074462890625,23266994,1151406000.0,189081000.0,4560834000.0,6970000.0,3784957000.0,2753000.0,45.46857,8.75,117.843,401751784.0,SYNGENE.NS,0.0018415004450512912,0.03639926381885418,0.043860736066486355,0
2019-09-30,331.10659822753155,335.0719467092984,290.4741538243586,307.8500061035156,8463250,1151406000.0,189081000.0,4560834000.0,6970000.0,3784957000.0,2753000.0,45.46857,8.75,117.843,401751784.0,SYNGENE.NS,0.0018415004450512912,0.03639926381885418,0.043860736066486355,1
2019-12-31,308.69396898460684,341.90662765516225,288.93521990108394,317.87835693359375,10470865,1151406000.0,189081000.0,4560834000.0,6970000.0,3784957000.0,2753000.0,45.46857,8.75,117.843,401751784.0,SYNGENE.NS,0.0018415004450512912,0.03639926381885418,0.043860736066486355,0
2020-03-31,317.87835353421417,339.0272048915447,211.04183885445536,238.44598388671875,16111023,1151406000.0,189081000.0,4560834000.0,6970000.0,3784957000.0,2753000.0,45.46857,8.75,117.843,401751784.0,SYNGENE.NS,0.0018415004450512912,0.03639926381885418,0.043860736066486355,1
2020-06-30,235.2190528981223,420.9915116606349,231.69423472004743,398.05535888671875,25906292,1151406000.0,189081000.0,4560834000.0,6970000.0,3784957000.0,2753000.0,45.46857,8.75,117.843,401751784.0,SYNGENE.NS,0.0018415004450512912,0.03639926381885418,0.043860736066486355,1
2020-09-30,400.09084814287826,592.4660073931833,398.8497469237967,549.0264892578125,67910481,1151406000.0,189081000.0,4560834000.0,6970000.0,3784957000.0,2753000.0,45.46857,8.75,117.843,401751784.0,SYNGENE.NS,0.0018415004450512912,0.03639926381885418,0.043860736066486355,1
2020-12-31,554.0903096120037,639.9764730207311,510.65073164243006,635.0615844726562,41248102,1151406000.0,189081000.0,4560834000.0,6970000.0,3784957000.0,2753000.0,45.46857,8.75,117.843,401751784.0,SYNGENE.NS,0.0018415004450512912,0.03639926381885418,0.043860736066486355,0
2021-03-31,634.4658752317232,635.3596193243444,487.0196007575551,539.5939331054688,27717528,1151406000.0,189081000.0,4560834000.0,6970000.0,3784957000.0,2753000.0,45.46857,8.75,117.843,401751784.0,SYNGENE.NS,0.0018415004450512912,0.03639926381885418,0.043860736066486355,1
2021-06-30,546.0974256499486,614.6078575494749,538.3528112869618,579.1611328125,26801443,1151406000.0,189081000.0,4560834000.0,6970000.0,3784957000.0,2753000.0,45.46857,8.75,117.843,401751784.0,SYNGENE.NS,0.0018415004450512912,0.03639926381885418,0.043860736066486355,1
2021-09-30,580.650443867471,695.0331004835128,571.0689944877454,595.6434326171875,45840033,1151406000.0,189081000.0,4560834000.0,6970000.0,3784957000.0,2753000.0,45.46857,8.75,117.843,401751784.0,SYNGENE.NS,0.0018415004450512912,0.03639926381885418,0.043860736066486355,1
2021-12-31,595.7426343740386,634.7141013738319,526.7854370381898,615.5015258789062,42387588,1151406000.0,189081000.0,4560834000.0,6970000.0,3784957000.0,2753000.0,45.46857,8.75,117.843,401751784.0,SYNGENE.NS,0.0018415004450512912,0.03639926381885418,0.043860736066486355,0
2022-03-31,617.1397572454807,644.146774144389,511.3457749178483,593.3596801757812,27164123,1151406000.0,189081000.0,4560834000.0,6970000.0,3784957000.0,2753000.0,45.46857,8.75,117.843,401751784.0,SYNGENE.NS,0.0018415004450512912,0.03639926381885418,0.043860736066486355,0
2022-06-30,588.3951654775491,678.1537276606813,506.4309119595668,551.7958984375,25715607,1151406000.0,189081000.0,4560834000.0,6970000.0,3784957000.0,2753000.0,45.46857,8.75,117.843,401751784.0,SYNGENE.NS,0.0018415004450512912,0.03639926381885418,0.043860736066486355,1
2022-09-30,547.071236040415,623.8103796413503,539.5116989844428,557.61474609375,39899150,1151406000.0,189081000.0,4560834000.0,6970000.0,3784957000.0,2753000.0,45.46857,8.75,117.843,401751784.0,SYNGENE.NS,0.0018415004450512912,0.03639926381885418,0.043860736066486355,1
2022-12-31,558.4602057410054,644.5493700530394,532.2504757251968,582.4319458007812,30078136,1151406000.0,189081000.0,4560834000.0,6970000.0,3784957000.0,2753000.0,45.46857,8.75,117.843,401751784.0,SYNGENE.NS,0.0018415004450512912,0.03639926381885418,0.043860736066486355,1
2023-03-31,585.4656294569495,623.2135826675058,542.0977966698887,591.334228515625,32509672,1151406000.0,189081000.0,4560834000.0,6970000.0,3784957000.0,2753000.0,45.46857,8.75,117.843,401751784.0,SYNGENE.NS,0.0018415004450512912,0.03639926381885418,0.043860736066486355,1
2023-06-30,594.4177271940011,778.9298516786197,573.4798315906928,762.2303466796875,38782579,1151406000.0,189081000.0,4560834000.0,6970000.0,3784957000.0,2753000.0,45.46857,8.75,117.843,401751784.0,SYNGENE.NS,0.0018415004450512912,0.03639926381885418,0.043860736066486355,1
2023-09-30,762.3798123209128,857.0795034746012,735.529123135803,801.186279296875,48514718,1151406000.0,189081000.0,4560834000.0,6970000.0,3784957000.0,2753000.0,45.46857,8.75,117.843,401751784.0,SYNGENE.NS,0.0018415004450512912,0.03639926381885418,0.043860736066486355,0
2023-12-31,796.9021085370205,816.9778695331694,668.6764836398502,698.8648071289062,59219421,1151406000.0,189081000.0,4560834000.0,6970000.0,3784957000.0,2753000.0,45.46857,8.75,117.843,401751784.0,SYNGENE.NS,0.0018415004450512912,0.03639926381885418,0.043860736066486355,1
2024-03-31,699.7116007277582,771.1473648209393,657.916212552411,699.9607543945312,57233465,1151406000.0,189081000.0,4560834000.0,6970000.0,3784957000.0,2753000.0,45.46857,8.75,117.843,401751784.0,SYNGENE.NS,0.0018415004450512912,0.03639926381885418,0.043860736066486355,1
2024-06-30,697.9182760481134,764.1732251994001,605.4105154851864,708.62548828125,53717747,1151406000.0,189081000.0,4560834000.0,6970000.0,3784957000.0,2753000.0,45.46857,8.75,117.843,401751784.0,SYNGENE.NS,0.0018415004450512912,0.03639926381885418,0.043860736066486355,1
2024-09-30,709.8730914308773,943.4200675777962,704.6332549036194,896.6608276367188,66139167,8910000000.0,1061000000.0,61360000000.0,6368000000.0,43955000000.0,2206000000.0,45.46857,8.75,117.843,401751784.0,SYNGENE.NS,0.1448754407917188,0.017291395045632332,0.024138323285178023,0
2024-12-31,890.4728259534413,958.7403573186607,827.045842530384,856.7881469726562,48409040,9437000000.0,1311000000.0,61360000000.0,6368000000.0,43955000000.0,2206000000.0,45.46857,8.75,117.843,401751784.0,SYNGENE.NS,0.1448754407917188,0.017291395045632332,0.024138323285178023,0
2025-03-31,856.7881306637273,894.0159145019406,635.0681613325866,724.794189453125,46901391,8884000000.0,1833000000.0,67959000000.0,5779000000.0,47268000000.0,3669000000.0,45.46857,8.75,117.843,401751784.0,SYNGENE.NS,0.12226030295337226,0.02697214496976118,0.038778877887788776,0
2025-06-30,721.7999772017532,758.5287125409659,598.3893124980021,638.9000244140625,81559175,8745000000.0,867000000.0,67959000000.0,5779000000.0,47268000000.0,3669000000.0,45.46857,8.75,117.843,401751784.0,SYNGENE.NS,0.12226030295337226,0.02697214496976118,0.038778877887788776,0
2025-09-30,638.9000244140625,728.5999755859375,607.0499877929688,622.8499755859375,58635670,8745000000.0,867000000.0,67959000000.0,5779000000.0,47268000000.0,3669000000.0,45.46857,8.75,117.843,401751784.0,SYNGENE.NS,0.12226030295337226,0.02697214496976118,0.038778877887788776,1
2025-12-31,623.2999877929688,673.4000244140625,608.5999755859375,651.0,36370053,9171000000.0,150000000.0,67959000000.0,5779000000.0,47268000000.0,3669000000.0,45.46857,8.75,117.843,401751784.0,SYNGENE.NS,0.12226030295337226,0.02697214496976118,0.038778877887788776,0
2026-03-31,650.0499877929688,678.9500122070312,387.04998779296875,397.8500061035156,72664815,9171000000.0,150000000.0,67959000000.0,5779000000.0,47268000000.0,3669000000.0,45.46857,8.75,117.843,401751784.0,SYNGENE.NS,0.12226030295337226,0.02697214496976118,0.038778877887788776,0
2016-03-31,34.04627017124029,35.799729097743885,31.70346020635439,35.11295700073242,27890,9171000000.0,150000000.0,67959000000.0,5779000000.0,47268000000.0,3669000000.0,45.46857,-1.89,40.99,92100120.0,THEMISMED.NS,0.12226030295337226,0.02697214496976118,0.038778877887788776,1
2016-06-30,35.06912083209698,62.242814575207085,34.046270813225796,54.649375915527344,5101480,9171000000.0,150000000.0,67959000000.0,5779000000.0,47268000000.0,3669000000.0,45.46857,-1.89,40.99,92100120.0,THEMISMED.NS,0.12226030295337226,0.02697214496976118,0.038778877887788776,1
2016-09-30,55.91576118770036,64.1959713682732,47.29947737662673,57.95658874511719,2380280,9171000000.0,150000000.0,67959000000.0,5779000000.0,47268000000.0,3669000000.0,45.46857,-1.89,40.99,92100120.0,THEMISMED.NS,0.12226030295337226,0.02697214496976118,0.038778877887788776,0
2016-12-31,59.42267710060886,69.06667468416275,49.97349347107216,54.26458740234375,1374080,9171000000.0,150000000.0,67959000000.0,5779000000.0,47268000000.0,3669000000.0,45.46857,-1.89,40.99,92100120.0,THEMISMED.NS,0.12226030295337226,0.02697214496976118,0.038778877887788776,1
2017-03-31,54.264597047618636,63.22182530384286,53.87006349480358,59.680816650390625,1236420,9171000000.0,150000000.0,67959000000.0,5779000000.0,47268000000.0,3669000000.0,45.46857,-1.89,40.99,92100120.0,THEMISMED.NS,0.12226030295337226,0.02697214496976118,0.038778877887788776,0
2017-06-30,59.89513133881222,63.89397809158969,48.99447669900033,51.2496223449707,912680,9171000000.0,150000000.0,67959000000.0,5779000000.0,47268000000.0,3669000000.0,45.46857,-1.89,40.99,92100120.0,THEMISMED.NS,0.12226030295337226,0.02697214496976118,0.038778877887788776,0
2017-09-30,50.54336838729962,55.219256382217985,37.75774761306213,43.83639907836914,941360,9171000000.0,150000000.0,67959000000.0,5779000000.0,47268000000.0,3669000000.0,45.46857,-1.89,40.99,92100120.0,THEMISMED.NS,0.12226030295337226,0.02697214496976118,0.038778877887788776,1
2017-12-31,46.26688173361338,63.309503060089874,42.76484170964925,57.15779113769531,1577780,9171000000.0,150000000.0,67959000000.0,5779000000.0,47268000000.0,3669000000.0,45.46857,-1.89,40.99,92100120.0,THEMISMED.NS,0.12226030295337226,0.02697214496976118,0.038778877887788776,0
2018-03-31,58.74076940712859,77.83396711942011,48.707111145891325,54.71756362915039,4256180,9171000000.0,150000000.0,67959000000.0,5779000000.0,47268000000.0,3669000000.0,45.46857,-1.89,40.99,92100120.0,THEMISMED.NS,0.12226030295337226,0.02697214496976118,0.038778877887788776,0
2018-06-30,55.896277957560244,57.91275036706364,36.57903472125071,37.18787384033203,875160,9171000000.0,150000000.0,67959000000.0,5779000000.0,47268000000.0,3669000000.0,45.46857,-1.89,40.99,92100120.0,THEMISMED.NS,0.12226030295337226,0.02697214496976118,0.038778877887788776,0
2018-09-30,39.296901554260714,40.232068542043166,29.51650819883411,29.696725845336914,928450,9171000000.0,150000000.0,67959000000.0,5779000000.0,47268000000.0,3669000000.0,45.46857,-1.89,40.99,92100120.0,THEMISMED.NS,0.12226030295337226,0.02697214496976118,0.038778877887788776,1
2018-12-31,29.22426394701741,42.7648498985239,26.404124263699828,32.50225830078125,1028420,9171000000.0,150000000.0,67959000000.0,5779000000.0,47268000000.0,3669000000.0,45.46857,-1.89,40.99,92100120.0,THEMISMED.NS,0.12226030295337226,0.02697214496976118,0.038778877887788776,0
2019-03-31,32.146696364773774,37.01740087435463,26.788908529613156,27.923786163330078,900620,9171000000.0,150000000.0,67959000000.0,5779000000.0,47268000000.0,3669000000.0,45.46857,-1.89,40.99,92100120.0,THEMISMED.NS,0.12226030295337226,0.02697214496976118,0.038778877887788776,0
2019-06-30,27.8896903769608,29.419097598261903,20.94405534224412,22.39065933227539,457590,9171000000.0,150000000.0,67959000000.0,5779000000.0,47268000000.0,3669000000.0,45.46857,-1.89,40.99,92100120.0,THEMISMED.NS,0.12226030295337226,0.02697214496976118,0.038778877887788776,1
2019-09-30,22.39065894965214,27.86046930870911,13.472386762406533,24.110017776489258,5922750,9171000000.0,150000000.0,67959000000.0,5779000000.0,47268000000.0,3669000000.0,45.46857,-1.89,40.99,92100120.0,THEMISMED.NS,0.12226030295337226,0.02697214496976118,0.038778877887788776,1
2019-12-31,23.38915308274545,31.157937371100815,20.676167254298786,30.93875503540039,1854840,9171000000.0,150000000.0,67959000000.0,5779000000.0,47268000000.0,3669000000.0,45.46857,-1.89,40.99,92100120.0,THEMISMED.NS,0.12226030295337226,0.02697214496976118,0.038778877887788776,0
2020-03-31,32.43893068627782,44.71312818485948,21.923065545559076,23.369667053222656,1724020,9171000000.0,150000000.0,67959000000.0,5779000000.0,47268000000.0,3669000000.0,45.46857,-1.89,40.99,92100120.0,THEMISMED.NS,0.12226030295337226,0.02697214496976118,0.038778877887788776,1
2020-06-30,22.570876560106015,36.223477875497665,22.273762869288177,33.47153091430664,2568130,9171000000.0,150000000.0,67959000000.0,5779000000.0,47268000000.0,3669000000.0,45.46857,-1.89,40.99,92100120.0,THEMISMED.NS,0.12226030295337226,0.02697214496976118,0.038778877887788776,1
2020-09-30,33.018549005141125,41.01139000640554,26.81326304588798,35.0521240234375,8979810,9171000000.0,150000000.0,67959000000.0,5779000000.0,47268000000.0,3669000000.0,45.46857,-1.89,40.99,92100120.0,THEMISMED.NS,0.12226030295337226,0.02697214496976118,0.038778877887788776,1
2020-12-31,35.30189931582105,41.42389411310854,29.885153894925768,35.458621978759766,13799540,9171000000.0,150000000.0,67959000000.0,5779000000.0,47268000000.0,3669000000.0,45.46857,-1.89,40.99,92100120.0,THEMISMED.NS,0.12226030295337226,0.02697214496976118,0.038778877887788776,0
2021-03-31,35.478211181687485,36.01694621483117,27.03474996704647,27.558792114257812,7717190,9171000000.0,150000000.0,67959000000.0,5779000000.0,47268000000.0,3669000000.0,45.46857,-1.89,40.99,92100120.0,THEMISMED.NS,0.12226030295337226,0.02697214496976118,0.038778877887788776,1
2021-06-30,28.01427182284517,81.78991089421153,27.568590306339534,68.20886993408203,52450490,9171000000.0,150000000.0,67959000000.0,5779000000.0,47268000000.0,3669000000.0,45.46857,-1.89,40.99,92100120.0,THEMISMED.NS,0.12226030295337226,0.02697214496976118,0.038778877887788776,1
2021-09-30,67.68482769575141,117.24853492763806,64.3201880705718,98.83737182617188,17170370,9171000000.0,150000000.0,67959000000.0,5779000000.0,47268000000.0,3669000000.0,45.46857,-1.89,40.99,92100120.0,THEMISMED.NS,0.12226030295337226,0.02697214496976118,0.038778877887788776,0
2021-12-31,97.48982971786755,106.22915700466999,78.68825667794542,92.84722137451172,3248760,9171000000.0,150000000.0,67959000000.0,5779000000.0,47268000000.0,3669000000.0,45.46857,-1.89,40.99,92100120.0,THEMISMED.NS,0.12226030295337226,0.02697214496976118,0.038778877887788776,0
2022-03-31,93.67837404358978,111.73732853555178,89.01609283164746,92.1734619140625,3991900,9171000000.0,150000000.0,67959000000.0,5779000000.0,47268000000.0,3669000000.0,45.46857,-1.89,40.99,92100120.0,THEMISMED.NS,0.12226030295337226,0.02697214496976118,0.038778877887788776,0
2022-06-30,94.03247038285673,98.36524090916569,67.51943999360358,73.49974822998047,960540,9171000000.0,150000000.0,67959000000.0,5779000000.0,47268000000.0,3669000000.0,45.46857,-1.89,40.99,92100120.0,THEMISMED.NS,0.12226030295337226,0.02697214496976118,0.038778877887788776,1
2022-09-30,73.96205591616256,113.82548187687081,69.34403232207352,100.74982452392578,4850150,9171000000.0,150000000.0,67959000000.0,5779000000.0,47268000000.0,3669000000.0,45.46857,-1.89,40.99,92100120.0,THEMISMED.NS,0.12226030295337226,0.02697214496976118,0.038778877887788776,1
2022-12-31,102.32365655191278,142.0653120896902,86.87241284106386,134.11697387695312,10935570,9171000000.0,150000000.0,67959000000.0,5779000000.0,47268000000.0,3669000000.0,45.46857,-1.89,40.99,92100120.0,THEMISMED.NS,0.12226030295337226,0.02697214496976118,0.038778877887788776,0
2023-03-31,136.59651313856872,140.35786662211086,108.52493459647495,116.78506469726562,3509470,9171000000.0,150000000.0,67959000000.0,5779000000.0,47268000000.0,3669000000.0,45.46857,-1.89,40.99,92100120.0,THEMISMED.NS,0.12226030295337226,0.02697214496976118,0.038778877887788776,1
2023-06-30,115.31022773170706,168.2710653120389,115.31022773170706,134.57725524902344,5679220,9171000000.0,150000000.0,67959000000.0,5779000000.0,47268000000.0,3669000000.0,45.46857,-1.89,40.99,92100120.0,THEMISMED.NS,0.12226030295337226,0.02697214496976118,0.038778877887788776,1
2023-09-30,136.4925882613622,182.11289332024265,131.25637039542522,179.57086181640625,4851570,9171000000.0,150000000.0,67959000000.0,5779000000.0,47268000000.0,3669000000.0,45.46857,-1.89,40.99,92100120.0,THEMISMED.NS,0.12226030295337226,0.02697214496976118,0.038778877887788776,1
2023-12-31,186.67069258924715,224.9104174499148,141.0034466287364,212.20025634765625,10977945,9171000000.0,150000000.0,67959000000.0,5779000000.0,47268000000.0,3669000000.0,45.46857,-1.89,40.99,92100120.0,THEMISMED.NS,0.12226030295337226,0.02697214496976118,0.038778877887788776,1
2024-03-31,213.49112969616576,257.5795263071095,192.63851333530974,217.0658721923828,11867499,9171000000.0,150000000.0,67959000000.0,5779000000.0,47268000000.0,3669000000.0,45.46857,-1.89,40.99,92100120.0,THEMISMED.NS,0.12226030295337226,0.02697214496976118,0.038778877887788776,0
2024-06-30,217.11550236962213,234.09551120167234,179.28290429863372,208.21839904785156,2985120,9171000000.0,150000000.0,67959000000.0,5779000000.0,47268000000.0,3669000000.0,45.46857,-1.89,40.99,92100120.0,THEMISMED.NS,0.12226030295337226,0.02697214496976118,0.038778877887788776,1
2024-09-30,208.873776807303,301.5306899163479,197.1565742982532,271.8752136230469,17503493,9171000000.0,150000000.0,6022144000.0,814538000.0,4120152000.0,96995000.0,45.46857,-1.89,40.99,92100120.0,THEMISMED.NS,0.19769610441556526,0.02697214496976118,0.038778877887788776,0
2024-12-31,272.17373938096307,315.46280714117745,247.09594948099226,262.27197265625,12145083,938063000.0,5193000.0,6022144000.0,814538000.0,4120152000.0,96995000.0,45.46857,-1.89,40.99,92100120.0,THEMISMED.NS,0.19769610441556526,0.02697214496976118,0.038778877887788776,0
2025-03-31,261.72467234809073,282.57308951791396,141.01286170321364,146.2672576904297,9295414,662701000.0,-96644000.0,5880318000.0,829885000.0,4026011000.0,65594000.0,45.46857,-1.89,40.99,92100120.0,THEMISMED.NS,0.20613083272748137,-0.016435165581181153,-0.024004902122721473,0
2025-06-30,146.2971104330654,175.14653593594846,114.44234005127248,129.3098907470703,9127315,975777000.0,-142196000.0,5880318000.0,829885000.0,4026011000.0,65594000.0,45.46857,-1.89,40.99,92100120.0,THEMISMED.NS,0.20613083272748137,-0.016435165581181153,-0.024004902122721473,1
2025-09-30,130.31499709240276,148.0,97.52477605016982,134.80999755859375,19230591,779941000.0,-36156000.0,5824953000.0,955636000.0,3800083000.0,81335000.0,45.46857,-1.89,40.99,92100120.0,THEMISMED.NS,0.25147766509310454,-0.00620708870955697,-0.009514529024760776,0
2025-12-31,135.5,147.0,98.0199966430664,100.5999984741211,21347181,901332000.0,100936000.0,5824953000.0,955636000.0,3800083000.0,81335000.0,45.46857,-1.89,40.99,92100120.0,THEMISMED.NS,0.25147766509310454,-0.00620708870955697,-0.009514529024760776,0
2026-03-31,101.91000366210938,108.29000091552734,70.25,71.12000274658203,5332771,901332000.0,100936000.0,5824953000.0,955636000.0,3800083000.0,81335000.0,45.46857,-1.89,40.99,92100120.0,THEMISMED.NS,0.25147766509310454,-0.00620708870955697,-0.009514529024760776,0
2016-03-31,631.4370170732233,635.9034413100408,579.57262210749,595.638671875,2025626,901332000.0,100936000.0,5824953000.0,955636000.0,3800083000.0,81335000.0,62.856503,67.04,249.467,338445440.0,TORNTPHARM.NS,0.25147766509310454,-0.00620708870955697,-0.009514529024760776,1
2016-06-30,599.082943019305,660.8577711477176,555.5295328145187,610.126953125,14764624,901332000.0,100936000.0,5824953000.0,955636000.0,3800083000.0,81335000.0,62.856503,67.04,249.467,338445440.0,TORNTPHARM.NS,0.25147766509310454,-0.00620708870955697,-0.009514529024760776,1
2016-09-30,611.5267914434287,786.4074807024865,605.8158727596068,721.5439453125,25421526,901332000.0,100936000.0,5824953000.0,955636000.0,3800083000.0,81335000.0,62.856503,67.04,249.467,338445440.0,TORNTPHARM.NS,0.25147766509310454,-0.00620708870955697,-0.009514529024760776,0
2016-12-31,727.521242925955,755.0755795339606,530.6860646145141,585.3726196289062,21921672,901332000.0,100936000.0,5824953000.0,955636000.0,3800083000.0,81335000.0,62.856503,67.04,249.467,338445440.0,TORNTPHARM.NS,0.25147766509310454,-0.00620708870955697,-0.009514529024760776,1
2017-03-31,585.3725812924163,705.6922764600143,539.9593321295538,695.5453491210938,22193816,901332000.0,100936000.0,5824953000.0,955636000.0,3800083000.0,81335000.0,62.856503,67.04,249.467,338445440.0,TORNTPHARM.NS,0.25147766509310454,-0.00620708870955697,-0.009514529024760776,0
2017-06-30,694.3806070383158,694.3806070383158,511.5793019950628,548.6019287109375,17205842,901332000.0,100936000.0,5824953000.0,955636000.0,3800083000.0,81335000.0,62.856503,67.04,249.467,338445440.0,TORNTPHARM.NS,0.25147766509310454,-0.00620708870955697,-0.009514529024760776,1
2017-09-30,548.6243851953299,615.7752549201474,515.6780305105251,553.2763671875,23983336,901332000.0,100936000.0,5824953000.0,955636000.0,3800083000.0,81335000.0,62.856503,67.04,249.467,338445440.0,TORNTPHARM.NS,0.25147766509310454,-0.00620708870955697,-0.009514529024760776,1
2017-12-31,555.1416343122538,643.5750479500566,541.2529364337535,637.5970458984375,24377518,901332000.0,100936000.0,5824953000.0,955636000.0,3800083000.0,81335000.0,62.856503,67.04,249.467,338445440.0,TORNTPHARM.NS,0.25147766509310454,-0.00620708870955697,-0.009514529024760776,0
2018-03-31,637.7995245802535,662.8798494982731,552.3723150097152,565.2860107421875,22315866,901332000.0,100936000.0,5824953000.0,955636000.0,3800083000.0,81335000.0,62.856503,67.04,249.467,338445440.0,TORNTPHARM.NS,0.25147766509310454,-0.00620708870955697,-0.009514529024760776,1
2018-06-30,565.3085836265061,692.1219361643421,562.504171331749,635.9126586914062,28778256,901332000.0,100936000.0,5824953000.0,955636000.0,3800083000.0,81335000.0,62.856503,67.04,249.467,338445440.0,TORNTPHARM.NS,0.25147766509310454,-0.00620708870955697,-0.009514529024760776,1
2018-09-30,640.4283803392597,849.9711457896375,631.1471604869366,750.0333862304688,40692858,901332000.0,100936000.0,5824953000.0,955636000.0,3800083000.0,81335000.0,62.856503,67.04,249.467,338445440.0,TORNTPHARM.NS,0.25147766509310454,-0.00620708870955697,-0.009514529024760776,1
2018-12-31,744.3147840629728,832.8156503595357,685.9268872562983,803.95068359375,25857376,901332000.0,100936000.0,5824953000.0,955636000.0,3800083000.0,81335000.0,62.856503,67.04,249.467,338445440.0,TORNTPHARM.NS,0.25147766509310454,-0.00620708870955697,-0.009514529024760776,1
2019-03-31,809.6464055150409,890.454617204118,792.8994548761832,883.796142578125,26561392,901332000.0,100936000.0,5824953000.0,955636000.0,3800083000.0,81335000.0,62.856503,67.04,249.467,338445440.0,TORNTPHARM.NS,0.25147766509310454,-0.00620708870955697,-0.009514529024760776,0
2019-06-30,891.3612660052851,891.3612660052851,670.303488665195,709.1212158203125,35040460,901332000.0,100936000.0,5824953000.0,955636000.0,3800083000.0,81335000.0,62.856503,67.04,249.467,338445440.0,TORNTPHARM.NS,0.25147766509310454,-0.00620708870955697,-0.009514529024760776,1
2019-09-30,714.0250029467823,813.4751969586321,665.445488596431,764.1624755859375,37994334,901332000.0,100936000.0,5824953000.0,955636000.0,3800083000.0,81335000.0,62.856503,67.04,249.467,338445440.0,TORNTPHARM.NS,0.25147766509310454,-0.00620708870955697,-0.009514529024760776,1
2019-12-31,765.1937138788293,889.5523626806063,712.650091712711,847.412109375,31495774,901332000.0,100936000.0,5824953000.0,955636000.0,3800083000.0,81335000.0,62.856503,67.04,249.467,338445440.0,TORNTPHARM.NS,0.25147766509310454,-0.00620708870955697,-0.009514529024760776,1
2020-03-31,850.0930303783416,1048.2371807111094,737.4797989938447,918.466796875,50724330,901332000.0,100936000.0,5824953000.0,955636000.0,3800083000.0,81335000.0,62.856503,67.04,249.467,338445440.0,TORNTPHARM.NS,0.25147766509310454,-0.00620708870955697,-0.009514529024760776,1
2020-06-30,921.354862324129,1257.1977404009904,899.9280050607772,1104.9271240234375,109795560,901332000.0,100936000.0,5824953000.0,955636000.0,3800083000.0,81335000.0,62.856503,67.04,249.467,338445440.0,TORNTPHARM.NS,0.25147766509310454,-0.00620708870955697,-0.009514529024760776,1
2020-09-30,1109.072794281799,1411.9366249728757,1039.598339447879,1304.2200927734375,103290238,901332000.0,100936000.0,5824953000.0,955636000.0,3800083000.0,81335000.0,62.856503,67.04,249.467,338445440.0,TORNTPHARM.NS,0.25147766509310454,-0.00620708870955697,-0.009514529024760776,1
2020-12-31,1315.9583461892717,1366.660891482599,1126.6566180915465,1305.5009765625,67489844,901332000.0,100936000.0,5824953000.0,955636000.0,3800083000.0,81335000.0,62.856503,67.04,249.467,338445440.0,TORNTPHARM.NS,0.25147766509310454,-0.00620708870955697,-0.009514529024760776,0
2021-03-31,1305.5942155452256,1353.1525660915856,1084.8524783529633,1194.6705322265625,46028576,901332000.0,100936000.0,5824953000.0,955636000.0,3800083000.0,81335000.0,62.856503,67.04,249.467,338445440.0,TORNTPHARM.NS,0.25147766509310454,-0.00620708870955697,-0.009514529024760776,1
2021-06-30,1196.501415317711,1412.6879383569606,1162.02312015523,1369.14453125,37872996,901332000.0,100936000.0,5824953000.0,955636000.0,3800083000.0,81335000.0,62.856503,67.04,249.467,338445440.0,TORNTPHARM.NS,0.25147766509310454,-0.00620708870955697,-0.009514529024760776,1
2021-09-30,1372.1643877452793,1533.6343786172959,1346.6838773691215,1455.9193115234375,22546750,901332000.0,100936000.0,5824953000.0,955636000.0,3800083000.0,81335000.0,62.856503,67.04,249.467,338445440.0,TORNTPHARM.NS,0.25147766509310454,-0.00620708870955697,-0.009514529024760776,1
2021-12-31,1450.9646587915786,1556.4251406948385,1290.674441683488,1546.96435546875,30080258,901332000.0,100936000.0,5824953000.0,955636000.0,3800083000.0,81335000.0,62.856503,67.04,249.467,338445440.0,TORNTPHARM.NS,0.25147766509310454,-0.00620708870955697,-0.009514529024760776,0
2022-03-31,1546.98777750435,1555.2216836141374,1205.072582362703,1329.81640625,26886142,901332000.0,100936000.0,5824953000.0,955636000.0,3800083000.0,81335000.0,62.856503,67.04,249.467,338445440.0,TORNTPHARM.NS,0.25147766509310454,-0.00620708870955697,-0.009514529024760776,1
2022-06-30,1331.2691407541208,1407.4301302318358,1183.2100723811968,1373.569580078125,24441262,901332000.0,100936000.0,5824953000.0,955636000.0,3800083000.0,81335000.0,62.856503,67.04,249.467,338445440.0,TORNTPHARM.NS,0.25147766509310454,-0.00620708870955697,-0.009514529024760776,1
2022-09-30,1368.6472799614526,1541.5290616091686,1362.9085893765196,1498.1644287109375,19522757,901332000.0,100936000.0,5824953000.0,955636000.0,3800083000.0,81335000.0,62.856503,67.04,249.467,338445440.0,TORNTPHARM.NS,0.25147766509310454,-0.00620708870955697,-0.009514529024760776,0
2022-12-31,1498.1163832275058,1680.7948996971782,1482.9412315036825,1489.2801513671875,16900909,901332000.0,100936000.0,5824953000.0,955636000.0,3800083000.0,81335000.0,62.856503,67.04,249.467,338445440.0,TORNTPHARM.NS,0.25147766509310454,-0.00620708870955697,-0.009514529024760776,1
2023-03-31,1495.0910557024838,1567.797277566158,1401.1133259768358,1489.8974609375,12927551,901332000.0,100936000.0,5824953000.0,955636000.0,3800083000.0,81335000.0,62.856503,67.04,249.467,338445440.0,TORNTPHARM.NS,0.25147766509310454,-0.00620708870955697,-0.009514529024760776,1
2023-06-30,1492.6112415972489,1931.5494649219606,1477.490815825948,1854.3553466796875,24591410,901332000.0,100936000.0,5824953000.0,955636000.0,3800083000.0,81335000.0,62.856503,67.04,249.467,338445440.0,TORNTPHARM.NS,0.25147766509310454,-0.00620708870955697,-0.009514529024760776,1
2023-09-30,1859.2715244870435,2038.9198481905446,1724.9853101218862,1877.8641357421875,26533971,901332000.0,100936000.0,5824953000.0,955636000.0,3800083000.0,81335000.0,62.856503,67.04,249.467,338445440.0,TORNTPHARM.NS,0.25147766509310454,-0.00620708870955697,-0.009514529024760776,1
2023-12-31,1875.8199924975693,2248.7936019256385,1774.1439565925887,2244.31591796875,19459143,901332000.0,100936000.0,5824953000.0,955636000.0,3800083000.0,81335000.0,62.856503,67.04,249.467,338445440.0,TORNTPHARM.NS,0.25147766509310454,-0.00620708870955697,-0.009514529024760776,1
2024-03-31,2263.2492189530863,2693.4193845915215,2227.913280390414,2552.66259765625,15717158,901332000.0,100936000.0,5824953000.0,955636000.0,3800083000.0,81335000.0,62.856503,67.04,249.467,338445440.0,TORNTPHARM.NS,0.25147766509310454,-0.00620708870955697,-0.009514529024760776,1
2024-06-30,2560.6133391651447,2925.0687909592625,2459.1193194604193,2745.611083984375,15246091,901332000.0,100936000.0,5824953000.0,955636000.0,3800083000.0,81335000.0,62.856503,67.04,249.467,338445440.0,TORNTPHARM.NS,0.25147766509310454,-0.00620708870955697,-0.009514529024760776,1
2024-09-30,2750.3330159532106,3515.499778566622,2712.758088477654,3340.954345703125,19823209,901332000.0,100936000.0,150880000000.0,31260000000.0,75040000000.0,11460000000.0,62.856503,67.04,249.467,338445440.0,TORNTPHARM.NS,0.4165778251599147,-0.00620708870955697,-0.009514529024760776,0
2024-12-31,3352.708759438996,3531.9263586905495,3002.0441266904686,3305.0517578125,24775262,27620000000.0,5030000000.0,150880000000.0,31260000000.0,75040000000.0,11460000000.0,62.856503,67.04,249.467,338445440.0,TORNTPHARM.NS,0.4165778251599147,-0.00620708870955697,-0.009514529024760776,0
2025-03-31,3313.019055892159,3408.283983856019,2861.3567601023287,3199.8876953125,21197198,29092500000.0,4982500000.0,149897400000.0,32023200000.0,75906900000.0,5734800000.0,62.856503,67.04,249.467,338445440.0,TORNTPHARM.NS,0.42187469123360327,0.033239402417920526,0.06563961905966388,1
2025-06-30,3171.090300787924,3455.208472264623,3074.6362545691254,3384.989990234375,24733313,31280000000.0,5480000000.0,149897400000.0,32023200000.0,75906900000.0,5734800000.0,62.856503,67.04,249.467,338445440.0,TORNTPHARM.NS,0.42187469123360327,0.033239402417920526,0.06563961905966388,1
2025-09-30,3452.6260998305142,3762.1039231944756,3264.913195593453,3578.661865234375,24148163,32460000000.0,5910000000.0,155150000000.0,28220000000.0,84490000000.0,6210000000.0,62.856503,67.04,249.467,338445440.0,TORNTPHARM.NS,0.33400402414486924,0.03809216886883661,0.06994910640312463,1
2025-12-31,3578.562698455239,3855.761908973848,3456.8969269478816,3823.78125,14122697,32510000000.0,6350000000.0,155150000000.0,28220000000.0,84490000000.0,6210000000.0,62.856503,67.04,249.467,338445440.0,TORNTPHARM.NS,0.33400402414486924,0.03809216886883661,0.06994910640312463,1
2026-03-31,3833.713239179788,4482.89990234375,3669.8367325000245,4213.89990234375,19070391,32510000000.0,6350000000.0,155150000000.0,28220000000.0,84490000000.0,6210000000.0,62.856503,67.04,249.467,338445440.0,TORNTPHARM.NS,0.33400402414486924,0.03809216886883661,0.06994910640312463,0
2019-06-30,4.494592189788818,4.494592189788818,1.7478959560394287,2.080828905105591,58642374,32510000000.0,6350000000.0,155150000000.0,28220000000.0,84490000000.0,6210000000.0,62.856503,-0.08,3.672,1857668560.0,VIKASLIFE.NS,0.33400402414486924,0.03809216886883661,0.06994910640312463,1
2019-09-30,1.9143630266189575,3.32932710647583,1.7895129919052124,3.1628611087799072,83515080,32510000000.0,6350000000.0,155150000000.0,28220000000.0,84490000000.0,6210000000.0,62.856503,-0.08,3.672,1857668560.0,VIKASLIFE.NS,0.33400402414486924,0.03809216886883661,0.06994910640312463,0
2019-12-31,3.246093988418579,3.537410020828247,2.372144937515259,2.829927921295166,23527809,32510000000.0,6350000000.0,155150000000.0,28220000000.0,84490000000.0,6210000000.0,62.856503,-0.08,3.672,1857668560.0,VIKASLIFE.NS,0.33400402414486924,0.03809216886883661,0.06994910640312463,0
2020-03-31,2.788311004638672,2.829927921295166,0.9987980127334595,0.9987980127334595,25242716,32510000000.0,6350000000.0,155150000000.0,28220000000.0,84490000000.0,6210000000.0,62.856503,-0.08,3.672,1857668560.0,VIKASLIFE.NS,0.33400402414486924,0.03809216886883661,0.06994910640312463,1
2020-06-30,0.9571809768676758,4.411357879638672,0.749098002910614,4.203275203704834,68693990,32510000000.0,6350000000.0,155150000000.0,28220000000.0,84490000000.0,6210000000.0,62.856503,-0.08,3.672,1857668560.0,VIKASLIFE.NS,0.33400402414486924,0.03809216886883661,0.06994910640312463,1
2020-09-30,4.286509037017822,17.811901092529297,4.161658763885498,6.450571060180664,319453649,32510000000.0,6350000000.0,155150000000.0,28220000000.0,84490000000.0,6210000000.0,62.856503,-0.08,3.672,1857668560.0,VIKASLIFE.NS,0.33400402414486924,0.03809216886883661,0.06994910640312463,0
2020-12-31,6.159255027770996,9.322115898132324,4.494592189788818,4.57782506942749,688189156,32510000000.0,6350000000.0,155150000000.0,28220000000.0,84490000000.0,6210000000.0,62.856503,-0.08,3.672,1857668560.0,VIKASLIFE.NS,0.33400402414486924,0.03809216886883661,0.06994910640312463,0
2021-03-31,4.536208152770996,5.160457134246826,2.372144937515259,2.4553780555725098,1201558720,32510000000.0,6350000000.0,155150000000.0,28220000000.0,84490000000.0,6210000000.0,62.856503,-0.08,3.672,1857668560.0,VIKASLIFE.NS,0.33400402414486924,0.03809216886883661,0.06994910640312463,1
2021-06-30,2.496994972229004,3.502052068710327,2.247296094894409,2.6385319232940674,409141138,32510000000.0,6350000000.0,155150000000.0,28220000000.0,84490000000.0,6210000000.0,62.856503,-0.08,3.672,1857668560.0,VIKASLIFE.NS,0.33400402414486924,0.03809216886883661,0.06994910640312463,1
2021-09-30,2.5425848960876465,4.893278121948242,2.5425848960876465,3.11826491355896,592802804,32510000000.0,6350000000.0,155150000000.0,28220000000.0,84490000000.0,6210000000.0,62.856503,-0.08,3.672,1857668560.0,VIKASLIFE.NS,0.33400402414486924,0.03809216886883661,0.06994910640312463,1
2021-12-31,3.214211940765381,4.221652030944824,3.0999999046325684,4.050000190734863,427805713,32510000000.0,6350000000.0,155150000000.0,28220000000.0,84490000000.0,6210000000.0,62.856503,-0.08,3.672,1857668560.0,VIKASLIFE.NS,0.33400402414486924,0.03809216886883661,0.06994910640312463,1
2022-03-31,4.25,7.949999809265137,4.050000190734863,5.300000190734863,442476851,32510000000.0,6350000000.0,155150000000.0,28220000000.0,84490000000.0,6210000000.0,62.856503,-0.08,3.672,1857668560.0,VIKASLIFE.NS,0.33400402414486924,0.03809216886883661,0.06994910640312463,1
2022-06-30,5.449999809265137,6.849999904632568,3.6500000953674316,5.449999809265137,604250168,32510000000.0,6350000000.0,155150000000.0,28220000000.0,84490000000.0,6210000000.0,62.856503,-0.08,3.672,1857668560.0,VIKASLIFE.NS,0.33400402414486924,0.03809216886883661,0.06994910640312463,0
2022-09-30,5.449999809265137,5.599999904632568,4.150000095367432,4.550000190734863,409586151,32510000000.0,6350000000.0,155150000000.0,28220000000.0,84490000000.0,6210000000.0,62.856503,-0.08,3.672,1857668560.0,VIKASLIFE.NS,0.33400402414486924,0.03809216886883661,0.06994910640312463,0
2022-12-31,4.650000095367432,5.400000095367432,4.0,4.449999809265137,712868504,32510000000.0,6350000000.0,155150000000.0,28220000000.0,84490000000.0,6210000000.0,62.856503,-0.08,3.672,1857668560.0,VIKASLIFE.NS,0.33400402414486924,0.03809216886883661,0.06994910640312463,0
2023-03-31,4.5,4.900000095367432,3.25,3.3499999046325684,667747071,32510000000.0,6350000000.0,155150000000.0,28220000000.0,84490000000.0,6210000000.0,62.856503,-0.08,3.672,1857668560.0,VIKASLIFE.NS,0.33400402414486924,0.03809216886883661,0.06994910640312463,0
2023-06-30,3.4000000953674316,3.5999999046325684,2.700000047683716,3.0999999046325684,877500667,32510000000.0,6350000000.0,155150000000.0,28220000000.0,84490000000.0,6210000000.0,62.856503,-0.08,3.672,1857668560.0,VIKASLIFE.NS,0.33400402414486924,0.03809216886883661,0.06994910640312463,1
2023-09-30,3.0999999046325684,7.050000190734863,3.0,5.349999904632568,1634550771,32510000000.0,6350000000.0,155150000000.0,28220000000.0,84490000000.0,6210000000.0,62.856503,-0.08,3.672,1857668560.0,VIKASLIFE.NS,0.33400402414486924,0.03809216886883661,0.06994910640312463,0
2023-12-31,5.349999904632568,5.75,4.150000095367432,4.949999809265137,1255845039,32510000000.0,6350000000.0,155150000000.0,28220000000.0,84490000000.0,6210000000.0,62.856503,-0.08,3.672,1857668560.0,VIKASLIFE.NS,0.33400402414486924,0.03809216886883661,0.06994910640312463,0
2024-03-31,4.949999809265137,8.0,4.800000190734863,4.849999904632568,1726256091,32510000000.0,6350000000.0,155150000000.0,28220000000.0,84490000000.0,6210000000.0,62.856503,-0.08,3.672,1857668560.0,VIKASLIFE.NS,0.33400402414486924,0.03809216886883661,0.06994910640312463,1
2024-06-30,4.949999809265137,6.03000020980835,4.650000095367432,5.489999771118164,812268030,920923000.0,-28210000.0,155150000000.0,28220000000.0,84490000000.0,6210000000.0,62.856503,-0.08,3.672,1857668560.0,VIKASLIFE.NS,0.33400402414486924,0.03809216886883661,0.06994910640312463,0
2024-09-30,5.559999942779541,5.800000190734863,4.010000228881836,4.46999979019165,597518437,1348763000.0,23897000.0,7272685000.0,614587000.0,5434285000.0,20804000.0,62.856503,-0.08,3.672,1857668560.0,VIKASLIFE.NS,0.11309436291986895,0.003285856599041482,0.004397450630579736,0
2024-12-31,4.389999866485596,5.349999904632568,3.75,4.230000019073486,367868323,1178491000.0,-68116000.0,7272685000.0,614587000.0,5434285000.0,20804000.0,62.856503,-0.08,3.672,1857668560.0,VIKASLIFE.NS,0.11309436291986895,0.003285856599041482,0.004397450630579736,0
2025-03-31,4.260000228881836,4.320000171661377,2.6700000762939453,2.680000066757202,291339481,1352046000.0,-28965000.0,7292600000.0,767000000.0,5317628000.0,56072000.0,62.856503,-0.08,3.672,1857668560.0,VIKASLIFE.NS,0.14423724262020585,-0.003971834462331679,-0.00544697748695471,0
2025-06-30,2.680000066757202,3.1600000858306885,2.2799999713897705,2.5999999046325684,488621271,923836000.0,-39597000.0,7292600000.0,767000000.0,5317628000.0,56072000.0,62.856503,-0.08,3.672,1857668560.0,VIKASLIFE.NS,0.14423724262020585,-0.003971834462331679,-0.00544697748695471,0
2025-09-30,2.609999895095825,2.640000104904175,2.1500000953674316,2.180000066757202,245841704,923836000.0,-39597000.0,7292600000.0,767000000.0,5317628000.0,56072000.0,62.856503,-0.08,3.672,1857668560.0,VIKASLIFE.NS,0.14423724262020585,-0.003971834462331679,-0.00544697748695471,0
2025-12-31,2.180000066757202,2.2300000190734863,1.7400000095367432,1.7699999809265137,214968371,923836000.0,-39597000.0,7292600000.0,767000000.0,5317628000.0,56072000.0,62.856503,-0.08,3.672,1857668560.0,VIKASLIFE.NS,0.14423724262020585,-0.003971834462331679,-0.00544697748695471,0
2026-03-31,1.7799999713897705,2.049999952316284,1.2200000286102295,1.2200000286102295,203595357,923836000.0,-39597000.0,7292600000.0,767000000.0,5317628000.0,56072000.0,62.856503,-0.08,3.672,1857668560.0,VIKASLIFE.NS,0.14423724262020585,-0.003971834462331679,-0.00544697748695471,0
2016-03-31,13.87500286102295,14.775003433227539,12.800000190734863,12.800000190734863,2327678,923836000.0,-39597000.0,7292600000.0,767000000.0,5317628000.0,56072000.0,62.856503,-0.06,0.008,292700534.0,VIVIDHA.NS,0.14423724262020585,-0.003971834462331679,-0.00544697748695471,0
2016-06-30,12.800000190734863,13.300000190734863,3.5999999046325684,3.75,42483960,923836000.0,-39597000.0,7292600000.0,767000000.0,5317628000.0,56072000.0,62.856503,-0.06,0.008,292700534.0,VIVIDHA.NS,0.14423724262020585,-0.003971834462331679,-0.00544697748695471,0
2016-09-30,3.799999952316284,5.25,1.9500000476837158,2.1500000953674316,310098593,923836000.0,-39597000.0,7292600000.0,767000000.0,5317628000.0,56072000.0,62.856503,-0.06,0.008,292700534.0,VIVIDHA.NS,0.14423724262020585,-0.003971834462331679,-0.00544697748695471,0
2016-12-31,2.0999999046325684,2.6500000953674316,1.7000000476837158,1.899999976158142,75097392,923836000.0,-39597000.0,7292600000.0,767000000.0,5317628000.0,56072000.0,62.856503,-0.06,0.008,292700534.0,VIVIDHA.NS,0.14423724262020585,-0.003971834462331679,-0.00544697748695471,1
2017-03-31,1.9500000476837158,2.799999952316284,1.850000023841858,1.9500000476837158,90420485,923836000.0,-39597000.0,7292600000.0,767000000.0,5317628000.0,56072000.0,62.856503,-0.06,0.008,292700534.0,VIVIDHA.NS,0.14423724262020585,-0.003971834462331679,-0.00544697748695471,0
2017-06-30,1.9500000476837158,2.5999999046325684,1.0499999523162842,1.2000000476837158,187756023,923836000.0,-39597000.0,7292600000.0,767000000.0,5317628000.0,56072000.0,62.856503,-0.06,0.008,292700534.0,VIVIDHA.NS,0.14423724262020585,-0.003971834462331679,-0.00544697748695471,0
2017-09-30,1.25,1.399999976158142,0.75,0.8999999761581421,76765691,923836000.0,-39597000.0,7292600000.0,767000000.0,5317628000.0,56072000.0,62.856503,-0.06,0.008,292700534.0,VIVIDHA.NS,0.14423724262020585,-0.003971834462331679,-0.00544697748695471,1
2017-12-31,0.949999988079071,1.7999999523162842,0.8500000238418579,1.5,60788424,923836000.0,-39597000.0,7292600000.0,767000000.0,5317628000.0,56072000.0,62.856503,-0.06,0.008,292700534.0,VIVIDHA.NS,0.14423724262020585,-0.003971834462331679,-0.00544697748695471,0
2018-03-31,1.5499999523162842,1.7999999523162842,0.949999988079071,1.0,50109557,923836000.0,-39597000.0,7292600000.0,767000000.0,5317628000.0,56072000.0,62.856503,-0.06,0.008,292700534.0,VIVIDHA.NS,0.14423724262020585,-0.003971834462331679,-0.00544697748695471,0
2018-06-30,1.0499999523162842,1.350000023841858,0.8500000238418579,0.949999988079071,32670738,923836000.0,-39597000.0,7292600000.0,767000000.0,5317628000.0,56072000.0,62.856503,-0.06,0.008,292700534.0,VIVIDHA.NS,0.14423724262020585,-0.003971834462331679,-0.00544697748695471,0
2018-09-30,1.0,1.2000000476837158,0.800000011920929,0.800000011920929,30190316,923836000.0,-39597000.0,7292600000.0,767000000.0,5317628000.0,56072000.0,62.856503,-0.06,0.008,292700534.0,VIVIDHA.NS,0.14423724262020585,-0.003971834462331679,-0.00544697748695471,0
2018-12-31,0.800000011920929,0.8500000238418579,0.6000000238418579,0.699999988079071,22494376,923836000.0,-39597000.0,7292600000.0,767000000.0,5317628000.0,56072000.0,62.856503,-0.06,0.008,292700534.0,VIVIDHA.NS,0.14423724262020585,-0.003971834462331679,-0.00544697748695471,0
2019-03-31,0.699999988079071,0.800000011920929,0.44999998807907104,0.550000011920929,21665027,923836000.0,-39597000.0,7292600000.0,767000000.0,5317628000.0,56072000.0,62.856503,-0.06,0.008,292700534.0,VIVIDHA.NS,0.14423724262020585,-0.003971834462331679,-0.00544697748695471,0
2019-06-30,0.5,0.6000000238418579,0.30000001192092896,0.3499999940395355,15866939,923836000.0,-39597000.0,7292600000.0,767000000.0,5317628000.0,56072000.0,62.856503,-0.06,0.008,292700534.0,VIVIDHA.NS,0.14423724262020585,-0.003971834462331679,-0.00544697748695471,0
2019-09-30,0.30000001192092896,0.4000000059604645,0.15000000596046448,0.25,7200017,923836000.0,-39597000.0,7292600000.0,767000000.0,5317628000.0,56072000.0,62.856503,-0.06,0.008,292700534.0,VIVIDHA.NS,0.14423724262020585,-0.003971834462331679,-0.00544697748695471,1
2019-12-31,0.25,0.5,0.10000000149011612,0.44999998807907104,8117753,923836000.0,-39597000.0,7292600000.0,767000000.0,5317628000.0,56072000.0,62.856503,-0.06,0.008,292700534.0,VIVIDHA.NS,0.14423724262020585,-0.003971834462331679,-0.00544697748695471,0
2020-03-31,0.4000000059604645,0.4000000059604645,0.10000000149011612,0.20000000298023224,12939428,923836000.0,-39597000.0,7292600000.0,767000000.0,5317628000.0,56072000.0,62.856503,-0.06,0.008,292700534.0,VIVIDHA.NS,0.14423724262020585,-0.003971834462331679,-0.00544697748695471,1
2020-06-30,0.20000000298023224,0.550000011920929,0.15000000596046448,0.550000011920929,9350599,923836000.0,-39597000.0,7292600000.0,767000000.0,5317628000.0,56072000.0,62.856503,-0.06,0.008,292700534.0,VIVIDHA.NS,0.14423724262020585,-0.003971834462331679,-0.00544697748695471,0
2020-09-30,0.6000000238418579,0.6000000238418579,0.30000001192092896,0.4000000059604645,23355552,923836000.0,-39597000.0,7292600000.0,767000000.0,5317628000.0,56072000.0,62.856503,-0.06,0.008,292700534.0,VIVIDHA.NS,0.14423724262020585,-0.003971834462331679,-0.00544697748695471,1
2020-12-31,0.4000000059604645,1.2000000476837158,0.30000001192092896,1.2000000476837158,48724531,923836000.0,-39597000.0,7292600000.0,767000000.0,5317628000.0,56072000.0,62.856503,-0.06,0.008,292700534.0,VIVIDHA.NS,0.14423724262020585,-0.003971834462331679,-0.00544697748695471,0
2021-03-31,1.25,2.0,0.6499999761581421,0.699999988079071,60266415,923836000.0,-39597000.0,7292600000.0,767000000.0,5317628000.0,56072000.0,62.856503,-0.06,0.008,292700534.0,VIVIDHA.NS,0.14423724262020585,-0.003971834462331679,-0.00544697748695471,1
2021-06-30,0.75,1.2000000476837158,0.6499999761581421,0.949999988079071,151176627,923836000.0,-39597000.0,7292600000.0,767000000.0,5317628000.0,56072000.0,62.856503,-0.06,0.008,292700534.0,VIVIDHA.NS,0.14423724262020585,-0.003971834462331679,-0.00544697748695471,0
2021-09-30,0.949999988079071,1.100000023841858,0.699999988079071,0.800000011920929,262466378,923836000.0,-39597000.0,7292600000.0,767000000.0,5317628000.0,56072000.0,62.856503,-0.06,0.008,292700534.0,VIVIDHA.NS,0.14423724262020585,-0.003971834462331679,-0.00544697748695471,1
2021-12-31,0.800000011920929,1.75,0.699999988079071,1.75,175834699,923836000.0,-39597000.0,7292600000.0,767000000.0,5317628000.0,56072000.0,62.856503,-0.06,0.008,292700534.0,VIVIDHA.NS,0.14423724262020585,-0.003971834462331679,-0.00544697748695471,0
2022-03-31,1.7999999523162842,3.1500000953674316,1.5,1.649999976158142,120457314,923836000.0,-39597000.0,7292600000.0,767000000.0,5317628000.0,56072000.0,62.856503,-0.06,0.008,292700534.0,VIVIDHA.NS,0.14423724262020585,-0.003971834462331679,-0.00544697748695471,0
2022-06-30,1.7000000476837158,2.0999999046325684,1.2000000476837158,1.399999976158142,111175540,923836000.0,-39597000.0,7292600000.0,767000000.0,5317628000.0,56072000.0,62.856503,-0.06,0.008,292700534.0,VIVIDHA.NS,0.14423724262020585,-0.003971834462331679,-0.00544697748695471,0
2022-09-30,1.399999976158142,1.7000000476837158,1.25,1.2999999523162842,90921469,923836000.0,-39597000.0,7292600000.0,767000000.0,5317628000.0,56072000.0,62.856503,-0.06,0.008,292700534.0,VIVIDHA.NS,0.14423724262020585,-0.003971834462331679,-0.00544697748695471,0
2022-12-31,1.350000023841858,1.399999976158142,1.0,1.2000000476837158,49876804,923836000.0,-39597000.0,7292600000.0,767000000.0,5317628000.0,56072000.0,62.856503,-0.06,0.008,292700534.0,VIVIDHA.NS,0.14423724262020585,-0.003971834462331679,-0.00544697748695471,0
2023-03-31,1.2000000476837158,1.5,0.75,0.800000011920929,44063417,923836000.0,-39597000.0,7292600000.0,767000000.0,5317628000.0,56072000.0,62.856503,-0.06,0.008,292700534.0,VIVIDHA.NS,0.14423724262020585,-0.003971834462331679,-0.00544697748695471,1
2023-06-30,0.800000011920929,1.100000023841858,0.75,0.8500000238418579,37593002,923836000.0,-39597000.0,7292600000.0,767000000.0,5317628000.0,56072000.0,62.856503,-0.06,0.008,292700534.0,VIVIDHA.NS,0.14423724262020585,-0.003971834462331679,-0.00544697748695471,1
2023-09-30,0.8500000238418579,1.25,0.800000011920929,1.0499999523162842,89389767,923836000.0,-39597000.0,7292600000.0,767000000.0,5317628000.0,56072000.0,62.856503,-0.06,0.008,292700534.0,VIVIDHA.NS,0.14423724262020585,-0.003971834462331679,-0.00544697748695471,1
2023-12-31,1.0499999523162842,1.350000023841858,0.8500000238418579,1.100000023841858,99756503,923836000.0,-39597000.0,7292600000.0,767000000.0,5317628000.0,56072000.0,62.856503,-0.06,0.008,292700534.0,VIVIDHA.NS,0.14423724262020585,-0.003971834462331679,-0.00544697748695471,0
2024-03-31,1.100000023841858,2.0999999046325684,1.0,1.0499999523162842,166063856,923836000.0,-39597000.0,7292600000.0,767000000.0,5317628000.0,56072000.0,62.856503,-0.06,0.008,292700534.0,VIVIDHA.NS,0.14423724262020585,-0.003971834462331679,-0.00544697748695471,1
2024-06-30,1.0499999523162842,1.25,0.949999988079071,1.1299999952316284,26852091,923836000.0,-39597000.0,7292600000.0,767000000.0,5317628000.0,56072000.0,62.856503,-0.06,0.008,292700534.0,VIVIDHA.NS,0.14423724262020585,-0.003971834462331679,-0.00544697748695471,0
2024-09-30,1.1799999475479126,1.4199999570846558,0.9900000095367432,1.0499999523162842,67398748,923836000.0,-39597000.0,77867000.0,57800000.0,19290000.0,4000.0,62.856503,-0.06,0.008,292700534.0,VIVIDHA.NS,2.9963711767755314,-0.003971834462331679,-0.00544697748695471,0
2024-12-31,1.0700000524520874,1.340000033378601,0.8999999761581421,1.0499999523162842,41965834,0.0,-3205000.0,77867000.0,57800000.0,19290000.0,4000.0,62.856503,-0.06,0.008,292700534.0,VIVIDHA.NS,2.9963711767755314,-0.003971834462331679,-0.00544697748695471,0
2025-03-31,1.059999942779541,1.090000033378601,0.7300000190734863,0.8700000047683716,27079248,0.0,-5491000.0,72757000.0,63509000.0,11299000.0,2000.0,62.856503,-0.06,0.008,292700534.0,VIVIDHA.NS,5.620762899371626,-0.07547040147339774,-0.48597220993008233,0
2025-06-30,0.8500000238418579,1.0499999523162842,0.7599999904632568,0.8500000238418579,23905835,1085000.0,-5962000.0,72757000.0,63509000.0,11299000.0,2000.0,62.856503,-0.06,0.008,292700534.0,VIVIDHA.NS,5.620762899371626,-0.07547040147339774,-0.48597220993008233,0
2025-09-30,0.8500000238418579,0.9100000262260437,0.6000000238418579,0.8199999928474426,28615791,0.0,-2999000.0,62583000.0,61343000.0,2339000.0,1000.0,62.856503,-0.06,0.008,292700534.0,VIVIDHA.NS,26.226165027789655,-0.04792036175958327,-1.2821718683197947,0
2025-12-31,0.8199999928474426,0.8399999737739563,0.6200000047683716,0.6299999952316284,23143072,67000.0,-2175000.0,62583000.0,61343000.0,2339000.0,1000.0,62.856503,-0.06,0.008,292700534.0,VIVIDHA.NS,26.226165027789655,-0.04792036175958327,-1.2821718683197947,0
2026-03-31,0.6399999856948853,0.6600000262260437,0.47999998927116394,0.5299999713897705,19546713,67000.0,-2175000.0,62583000.0,61343000.0,2339000.0,1000.0,62.856503,-0.06,0.008,292700534.0,VIVIDHA.NS,26.226165027789655,-0.04792036175958327,-1.2821718683197947,0
2016-03-31,80.23970354214453,83.20127762941577,79.23930519810077,82.5079345703125,870775,67000.0,-2175000.0,62583000.0,61343000.0,2339000.0,1000.0,62.856503,-4.21,-5.781,82913915.0,VIVIMEDLAB.NS,26.226165027789655,-0.04792036175958327,-1.2821718683197947,0
2016-06-30,82.6168840512393,92.06616765750039,72.00871462081291,78.29833984375,6471858,67000.0,-2175000.0,62583000.0,61343000.0,2339000.0,1000.0,62.856503,-4.21,-5.781,82913915.0,VIVIMEDLAB.NS,26.226165027789655,-0.04792036175958327,-1.2821718683197947,1
2016-09-30,78.2983474202847,115.19414557477103,67.35341174397247,109.84548950195312,45626196,67000.0,-2175000.0,62583000.0,61343000.0,2339000.0,1000.0,62.856503,-4.21,-5.781,82913915.0,VIVIMEDLAB.NS,26.226165027789655,-0.04792036175958327,-1.2821718683197947,0
2016-12-31,112.91601181564877,120.04754630074297,79.98217501102157,88.7480239868164,33156367,67000.0,-2175000.0,62583000.0,61343000.0,2339000.0,1000.0,62.856503,-4.21,-5.781,82913915.0,VIVIMEDLAB.NS,26.226165027789655,-0.04792036175958327,-1.2821718683197947,1
2017-03-31,89.09469327839363,111.72742074400958,88.25277714822971,106.47782135009766,48648122,67000.0,-2175000.0,62583000.0,61343000.0,2339000.0,1000.0,62.856503,-4.21,-5.781,82913915.0,VIVIMEDLAB.NS,26.226165027789655,-0.04792036175958327,-1.2821718683197947,1
2017-06-30,106.7254413620769,135.10300923442094,96.3748124513635,115.49128723144531,70909931,67000.0,-2175000.0,62583000.0,61343000.0,2339000.0,1000.0,62.856503,-4.21,-5.781,82913915.0,VIVIMEDLAB.NS,26.226165027789655,-0.04792036175958327,-1.2821718683197947,1
2017-09-30,115.49128851538305,152.48174977023353,96.6719475277841,129.7833251953125,86694128,67000.0,-2175000.0,62583000.0,61343000.0,2339000.0,1000.0,62.856503,-4.21,-5.781,82913915.0,VIVIMEDLAB.NS,26.226165027789655,-0.04792036175958327,-1.2821718683197947,0
2017-12-31,131.3727202308334,136.38922053322426,99.68432734529073,103.35978698730469,63978620,67000.0,-2175000.0,62583000.0,61343000.0,2339000.0,1000.0,62.856503,-4.21,-5.781,82913915.0,VIVIMEDLAB.NS,26.226165027789655,-0.04792036175958327,-1.2821718683197947,0
2018-03-31,103.60812494332914,108.52528589516606,66.45621879183746,70.67802429199219,46916633,67000.0,-2175000.0,62583000.0,61343000.0,2339000.0,1000.0,62.856503,-4.21,-5.781,82913915.0,VIVIMEDLAB.NS,26.226165027789655,-0.04792036175958327,-1.2821718683197947,0
2018-06-30,71.02570477350656,81.95273065567017,56.224540028800234,58.70795822143555,30490668,67000.0,-2175000.0,62583000.0,61343000.0,2339000.0,1000.0,62.856503,-4.21,-5.781,82913915.0,VIVIMEDLAB.NS,26.226165027789655,-0.04792036175958327,-1.2821718683197947,0
2018-09-30,59.00596922279136,75.19784307269246,45.650001525878906,48.150001525878906,24730640,67000.0,-2175000.0,62583000.0,61343000.0,2339000.0,1000.0,62.856503,-4.21,-5.781,82913915.0,VIVIMEDLAB.NS,26.226165027789655,-0.04792036175958327,-1.2821718683197947,0
2018-12-31,47.099998474121094,47.099998474121094,34.5,36.75,30293281,67000.0,-2175000.0,62583000.0,61343000.0,2339000.0,1000.0,62.856503,-4.21,-5.781,82913915.0,VIVIMEDLAB.NS,26.226165027789655,-0.04792036175958327,-1.2821718683197947,0
2019-03-31,37.0,38.20000076293945,20.049999237060547,22.899999618530273,27966661,67000.0,-2175000.0,62583000.0,61343000.0,2339000.0,1000.0,62.856503,-4.21,-5.781,82913915.0,VIVIMEDLAB.NS,26.226165027789655,-0.04792036175958327,-1.2821718683197947,0
2019-06-30,23.350000381469727,27.299999237060547,13.699999809265137,16.100000381469727,11487187,67000.0,-2175000.0,62583000.0,61343000.0,2339000.0,1000.0,62.856503,-4.21,-5.781,82913915.0,VIVIMEDLAB.NS,26.226165027789655,-0.04792036175958327,-1.2821718683197947,0
2019-09-30,16.399999618530273,18.899999618530273,13.100000381469727,15.300000190734863,7113449,67000.0,-2175000.0,62583000.0,61343000.0,2339000.0,1000.0,62.856503,-4.21,-5.781,82913915.0,VIVIMEDLAB.NS,26.226165027789655,-0.04792036175958327,-1.2821718683197947,0
2019-12-31,15.699999809265137,15.899999618530273,10.149999618530273,12.449999809265137,6618590,67000.0,-2175000.0,62583000.0,61343000.0,2339000.0,1000.0,62.856503,-4.21,-5.781,82913915.0,VIVIMEDLAB.NS,26.226165027789655,-0.04792036175958327,-1.2821718683197947,0
2020-03-31,12.300000190734863,14.5,6.199999809265137,7.25,11297441,67000.0,-2175000.0,62583000.0,61343000.0,2339000.0,1000.0,62.856503,-4.21,-5.781,82913915.0,VIVIMEDLAB.NS,26.226165027789655,-0.04792036175958327,-1.2821718683197947,1
2020-06-30,7.349999904632568,16.850000381469727,7.25,12.899999618530273,9276187,67000.0,-2175000.0,62583000.0,61343000.0,2339000.0,1000.0,62.856503,-4.21,-5.781,82913915.0,VIVIMEDLAB.NS,26.226165027789655,-0.04792036175958327,-1.2821718683197947,1
2020-09-30,12.399999618530273,23.350000381469727,10.350000381469727,19.450000762939453,13555879,67000.0,-2175000.0,62583000.0,61343000.0,2339000.0,1000.0,62.856503,-4.21,-5.781,82913915.0,VIVIMEDLAB.NS,26.226165027789655,-0.04792036175958327,-1.2821718683197947,0
2020-12-31,19.600000381469727,19.799999237060547,14.5,18.049999237060547,14541413,67000.0,-2175000.0,62583000.0,61343000.0,2339000.0,1000.0,62.856503,-4.21,-5.781,82913915.0,VIVIMEDLAB.NS,26.226165027789655,-0.04792036175958327,-1.2821718683197947,0
2021-03-31,18.049999237060547,22.25,13.050000190734863,16.100000381469727,52749307,67000.0,-2175000.0,62583000.0,61343000.0,2339000.0,1000.0,62.856503,-4.21,-5.781,82913915.0,VIVIMEDLAB.NS,26.226165027789655,-0.04792036175958327,-1.2821718683197947,1
2021-06-30,16.149999618530273,41.5,15.850000381469727,25.049999237060547,69482367,67000.0,-2175000.0,62583000.0,61343000.0,2339000.0,1000.0,62.856503,-4.21,-5.781,82913915.0,VIVIMEDLAB.NS,26.226165027789655,-0.04792036175958327,-1.2821718683197947,0
2021-09-30,23.799999237060547,27.450000762939453,18.75,20.350000381469727,16604265,67000.0,-2175000.0,62583000.0,61343000.0,2339000.0,1000.0,62.856503,-4.21,-5.781,82913915.0,VIVIMEDLAB.NS,26.226165027789655,-0.04792036175958327,-1.2821718683197947,1
2021-12-31,20.049999237060547,23.600000381469727,17.049999237060547,21.700000762939453,31576734,67000.0,-2175000.0,62583000.0,61343000.0,2339000.0,1000.0,62.856503,-4.21,-5.781,82913915.0,VIVIMEDLAB.NS,26.226165027789655,-0.04792036175958327,-1.2821718683197947,0
2022-03-31,21.850000381469727,26.5,14.25,14.5,33975053,67000.0,-2175000.0,62583000.0,61343000.0,2339000.0,1000.0,62.856503,-4.21,-5.781,82913915.0,VIVIMEDLAB.NS,26.226165027789655,-0.04792036175958327,-1.2821718683197947,0
2022-06-30,14.5,17.399999618530273,7.599999904632568,9.850000381469727,18467487,67000.0,-2175000.0,62583000.0,61343000.0,2339000.0,1000.0,62.856503,-4.21,-5.781,82913915.0,VIVIMEDLAB.NS,26.226165027789655,-0.04792036175958327,-1.2821718683197947,1
2022-09-30,9.75,11.550000190734863,9.350000381469727,10.050000190734863,10990037,67000.0,-2175000.0,62583000.0,61343000.0,2339000.0,1000.0,62.856503,-4.21,-5.781,82913915.0,VIVIMEDLAB.NS,26.226165027789655,-0.04792036175958327,-1.2821718683197947,1
2022-12-31,10.100000381469727,13.949999809265137,8.699999809265137,10.949999809265137,7463644,67000.0,-2175000.0,62583000.0,61343000.0,2339000.0,1000.0,62.856503,-4.21,-5.781,82913915.0,VIVIMEDLAB.NS,26.226165027789655,-0.04792036175958327,-1.2821718683197947,0
2023-03-31,10.75,11.800000190734863,6.599999904632568,6.599999904632568,1178599,67000.0,-2175000.0,62583000.0,61343000.0,2339000.0,1000.0,62.856503,-4.21,-5.781,82913915.0,VIVIMEDLAB.NS,26.226165027789655,-0.04792036175958327,-1.2821718683197947,0
2023-06-30,6.300000190734863,6.900000095367432,5.349999904632568,5.699999809265137,2373027,67000.0,-2175000.0,62583000.0,61343000.0,2339000.0,1000.0,62.856503,-4.21,-5.781,82913915.0,VIVIMEDLAB.NS,26.226165027789655,-0.04792036175958327,-1.2821718683197947,0
2023-09-30,5.699999809265137,5.699999809265137,4.849999904632568,4.949999809265137,849059,67000.0,-2175000.0,62583000.0,61343000.0,2339000.0,1000.0,62.856503,-4.21,-5.781,82913915.0,VIVIMEDLAB.NS,26.226165027789655,-0.04792036175958327,-1.2821718683197947,0
2023-12-31,4.949999809265137,4.949999809265137,4.949999809265137,4.949999809265137,0,67000.0,-2175000.0,62583000.0,61343000.0,2339000.0,1000.0,62.856503,-4.21,-5.781,82913915.0,VIVIMEDLAB.NS,26.226165027789655,-0.04792036175958327,-1.2821718683197947,0
2024-03-31,4.949999809265137,4.949999809265137,4.949999809265137,4.949999809265137,0,67000.0,-2175000.0,62583000.0,61343000.0,2339000.0,1000.0,62.856503,-4.21,-5.781,82913915.0,VIVIMEDLAB.NS,26.226165027789655,-0.04792036175958327,-1.2821718683197947,0
2024-06-30,4.949999809265137,4.949999809265137,4.949999809265137,4.949999809265137,0,67000.0,-2175000.0,62583000.0,61343000.0,2339000.0,1000.0,62.856503,-4.21,-5.781,82913915.0,VIVIMEDLAB.NS,26.226165027789655,-0.04792036175958327,-1.2821718683197947,0
2024-09-30,4.949999809265137,4.949999809265137,4.949999809265137,4.949999809265137,0,67000.0,-2175000.0,9432860000.0,3764640000.0,-258490000.0,15760000.0,62.856503,-4.21,-5.781,82913915.0,VIVIMEDLAB.NS,-14.563967658323339,-0.04792036175958327,-1.2821718683197947,0
2024-12-31,4.949999809265137,4.949999809265137,4.949999809265137,4.949999809265137,0,365100000.0,-59750000.0,9432860000.0,3764640000.0,-258490000.0,15760000.0,62.856503,-4.21,-5.781,82913915.0,VIVIMEDLAB.NS,-14.563967658323339,-0.04792036175958327,-1.2821718683197947,0
2025-03-31,4.949999809265137,4.949999809265137,4.949999809265137,4.949999809265137,0,256140000.0,-56000000.0,9208340000.0,3763280000.0,-351690000.0,7080000.0,62.856503,-4.21,-5.781,82913915.0,VIVIMEDLAB.NS,-10.700560152406949,-0.006081443560945838,0.1592311410617305,0
2025-06-30,4.949999809265137,4.949999809265137,4.949999809265137,4.949999809265137,0,213880000.0,-54930000.0,9208340000.0,3763280000.0,-351690000.0,7080000.0,62.856503,-4.21,-5.781,82913915.0,VIVIMEDLAB.NS,-10.700560152406949,-0.006081443560945838,0.1592311410617305,0
2025-09-30,4.949999809265137,4.949999809265137,4.949999809265137,4.949999809265137,0,206120000.0,-73010000.0,9239940000.0,3840460000.0,-479630000.0,10120000.0,62.856503,-4.21,-5.781,82913915.0,VIVIMEDLAB.NS,-8.007130496424328,-0.007901566460388271,0.15222150407605864,1
2025-12-31,4.949999809265137,29.399999618530273,4.949999809265137,17.670000076293945,270983,159890000.0,-165540000.0,9239940000.0,3840460000.0,-479630000.0,10120000.0,62.856503,-4.21,-5.781,82913915.0,VIVIMEDLAB.NS,-8.007130496424328,-0.007901566460388271,0.15222150407605864,0
2026-03-31,16.790000915527344,16.790000915527344,5.96999979019165,5.989999771118164,25841532,159890000.0,-165540000.0,9239940000.0,3840460000.0,-479630000.0,10120000.0,62.856503,-4.21,-5.781,82913915.0,VIVIMEDLAB.NS,-8.007130496424328,-0.007901566460388271,0.15222150407605864,0
2016-03-31,43.25,47.75,43.099998474121094,47.5,136436,159890000.0,-165540000.0,9239940000.0,3840460000.0,-479630000.0,10120000.0,12.350941,19.12,32.351,34939398.0,WANBURY.NS,-8.007130496424328,-0.007901566460388271,0.15222150407605864,0
2016-06-30,46.0,57.70000076293945,37.0,38.79999923706055,452711,159890000.0,-165540000.0,9239940000.0,3840460000.0,-479630000.0,10120000.0,12.350941,19.12,32.351,34939398.0,WANBURY.NS,-8.007130496424328,-0.007901566460388271,0.15222150407605864,1
2016-09-30,39.400001525878906,53.20000076293945,38.650001525878906,45.75,881690,159890000.0,-165540000.0,9239940000.0,3840460000.0,-479630000.0,10120000.0,12.350941,19.12,32.351,34939398.0,WANBURY.NS,-8.007130496424328,-0.007901566460388271,0.15222150407605864,1
2016-12-31,48.0,65.44999694824219,36.400001525878906,61.599998474121094,1477491,159890000.0,-165540000.0,9239940000.0,3840460000.0,-479630000.0,10120000.0,12.350941,19.12,32.351,34939398.0,WANBURY.NS,-8.007130496424328,-0.007901566460388271,0.15222150407605864,0
2017-03-31,64.30000305175781,75.4000015258789,50.70000076293945,57.900001525878906,1513623,159890000.0,-165540000.0,9239940000.0,3840460000.0,-479630000.0,10120000.0,12.350941,19.12,32.351,34939398.0,WANBURY.NS,-8.007130496424328,-0.007901566460388271,0.15222150407605864,0
2017-06-30,57.0,62.349998474121094,39.54999923706055,42.79999923706055,683432,159890000.0,-165540000.0,9239940000.0,3840460000.0,-479630000.0,10120000.0,12.350941,19.12,32.351,34939398.0,WANBURY.NS,-8.007130496424328,-0.007901566460388271,0.15222150407605864,0
2017-09-30,44.5,49.0,36.04999923706055,38.95000076293945,540315,159890000.0,-165540000.0,9239940000.0,3840460000.0,-479630000.0,10120000.0,12.350941,19.12,32.351,34939398.0,WANBURY.NS,-8.007130496424328,-0.007901566460388271,0.15222150407605864,1
2017-12-31,38.95000076293945,45.5,32.95000076293945,44.400001525878906,695901,159890000.0,-165540000.0,9239940000.0,3840460000.0,-479630000.0,10120000.0,12.350941,19.12,32.351,34939398.0,WANBURY.NS,-8.007130496424328,-0.007901566460388271,0.15222150407605864,0
2018-03-31,44.400001525878906,56.25,30.799999237060547,31.899999618530273,944193,159890000.0,-165540000.0,9239940000.0,3840460000.0,-479630000.0,10120000.0,12.350941,19.12,32.351,34939398.0,WANBURY.NS,-8.007130496424328,-0.007901566460388271,0.15222150407605864,0
2018-06-30,32.45000076293945,37.400001525878906,24.799999237060547,24.950000762939453,264803,159890000.0,-165540000.0,9239940000.0,3840460000.0,-479630000.0,10120000.0,12.350941,19.12,32.351,34939398.0,WANBURY.NS,-8.007130496424328,-0.007901566460388271,0.15222150407605864,0
2018-09-30,25.700000762939453,28.5,20.350000381469727,21.049999237060547,228883,159890000.0,-165540000.0,9239940000.0,3840460000.0,-479630000.0,10120000.0,12.350941,19.12,32.351,34939398.0,WANBURY.NS,-8.007130496424328,-0.007901566460388271,0.15222150407605864,0
2018-12-31,21.049999237060547,23.399999618530273,18.899999618530273,20.350000381469727,238441,159890000.0,-165540000.0,9239940000.0,3840460000.0,-479630000.0,10120000.0,12.350941,19.12,32.351,34939398.0,WANBURY.NS,-8.007130496424328,-0.007901566460388271,0.15222150407605864,1
2019-03-31,19.5,24.450000762939453,14.5,22.75,183332,159890000.0,-165540000.0,9239940000.0,3840460000.0,-479630000.0,10120000.0,12.350941,19.12,32.351,34939398.0,WANBURY.NS,-8.007130496424328,-0.007901566460388271,0.15222150407605864,0
2019-06-30,21.700000762939453,24.5,14.0,14.449999809265137,156023,159890000.0,-165540000.0,9239940000.0,3840460000.0,-479630000.0,10120000.0,12.350941,19.12,32.351,34939398.0,WANBURY.NS,-8.007130496424328,-0.007901566460388271,0.15222150407605864,0
2019-09-30,14.300000190734863,17.600000381469727,11.25,11.800000190734863,120717,159890000.0,-165540000.0,9239940000.0,3840460000.0,-479630000.0,10120000.0,12.350941,19.12,32.351,34939398.0,WANBURY.NS,-8.007130496424328,-0.007901566460388271,0.15222150407605864,1
2019-12-31,12.350000381469727,22.450000762939453,10.75,18.600000381469727,205889,159890000.0,-165540000.0,9239940000.0,3840460000.0,-479630000.0,10120000.0,12.350941,19.12,32.351,34939398.0,WANBURY.NS,-8.007130496424328,-0.007901566460388271,0.15222150407605864,0
2020-03-31,18.0,33.400001525878906,16.149999618530273,18.299999237060547,574449,159890000.0,-165540000.0,9239940000.0,3840460000.0,-479630000.0,10120000.0,12.350941,19.12,32.351,34939398.0,WANBURY.NS,-8.007130496424328,-0.007901566460388271,0.15222150407605864,1
2020-06-30,18.350000381469727,27.850000381469727,16.649999618530273,24.200000762939453,388130,159890000.0,-165540000.0,9239940000.0,3840460000.0,-479630000.0,10120000.0,12.350941,19.12,32.351,34939398.0,WANBURY.NS,-8.007130496424328,-0.007901566460388271,0.15222150407605864,1
2020-09-30,24.0,44.75,22.0,33.599998474121094,1979989,159890000.0,-165540000.0,9239940000.0,3840460000.0,-479630000.0,10120000.0,12.350941,19.12,32.351,34939398.0,WANBURY.NS,-8.007130496424328,-0.007901566460388271,0.15222150407605864,1
2020-12-31,34.45000076293945,46.650001525878906,32.54999923706055,46.650001525878906,1044349,159890000.0,-165540000.0,9239940000.0,3840460000.0,-479630000.0,10120000.0,12.350941,19.12,32.351,34939398.0,WANBURY.NS,-8.007130496424328,-0.007901566460388271,0.15222150407605864,1
2021-03-31,48.95000076293945,113.9000015258789,48.0,82.3499984741211,2402536,159890000.0,-165540000.0,9239940000.0,3840460000.0,-479630000.0,10120000.0,12.350941,19.12,32.351,34939398.0,WANBURY.NS,-8.007130496424328,-0.007901566460388271,0.15222150407605864,1
2021-06-30,82.3499984741211,114.0,79.25,85.69999694824219,2532629,159890000.0,-165540000.0,9239940000.0,3840460000.0,-479630000.0,10120000.0,12.350941,19.12,32.351,34939398.0,WANBURY.NS,-8.007130496424328,-0.007901566460388271,0.15222150407605864,0
2021-09-30,81.44999694824219,91.94999694824219,73.75,79.6500015258789,1235790,159890000.0,-165540000.0,9239940000.0,3840460000.0,-479630000.0,10120000.0,12.350941,19.12,32.351,34939398.0,WANBURY.NS,-8.007130496424328,-0.007901566460388271,0.15222150407605864,1
2021-12-31,78.0999984741211,90.19999694824219,63.29999923706055,83.75,1405592,159890000.0,-165540000.0,9239940000.0,3840460000.0,-479630000.0,10120000.0,12.350941,19.12,32.351,34939398.0,WANBURY.NS,-8.007130496424328,-0.007901566460388271,0.15222150407605864,1
2022-03-31,82.0999984741211,112.0,73.44999694824219,84.55000305175781,4101792,159890000.0,-165540000.0,9239940000.0,3840460000.0,-479630000.0,10120000.0,12.350941,19.12,32.351,34939398.0,WANBURY.NS,-8.007130496424328,-0.007901566460388271,0.15222150407605864,0
2022-06-30,82.5999984741211,88.55000305175781,55.04999923706055,64.9000015258789,987459,159890000.0,-165540000.0,9239940000.0,3840460000.0,-479630000.0,10120000.0,12.350941,19.12,32.351,34939398.0,WANBURY.NS,-8.007130496424328,-0.007901566460388271,0.15222150407605864,1
2022-09-30,65.0,74.30000305175781,59.20000076293945,65.6500015258789,1433152,159890000.0,-165540000.0,9239940000.0,3840460000.0,-479630000.0,10120000.0,12.350941,19.12,32.351,34939398.0,WANBURY.NS,-8.007130496424328,-0.007901566460388271,0.15222150407605864,0
2022-12-31,68.0,70.94999694824219,41.099998474121094,49.0,1256948,159890000.0,-165540000.0,9239940000.0,3840460000.0,-479630000.0,10120000.0,12.350941,19.12,32.351,34939398.0,WANBURY.NS,-8.007130496424328,-0.007901566460388271,0.15222150407605864,0
2023-03-31,49.70000076293945,49.70000076293945,33.29999923706055,37.29999923706055,1627842,159890000.0,-165540000.0,9239940000.0,3840460000.0,-479630000.0,10120000.0,12.350941,19.12,32.351,34939398.0,WANBURY.NS,-8.007130496424328,-0.007901566460388271,0.15222150407605864,1
2023-06-30,38.95000076293945,59.0,33.599998474121094,55.599998474121094,1988859,159890000.0,-165540000.0,9239940000.0,3840460000.0,-479630000.0,10120000.0,12.350941,19.12,32.351,34939398.0,WANBURY.NS,-8.007130496424328,-0.007901566460388271,0.15222150407605864,1
2023-09-30,56.75,69.05000305175781,46.599998474121094,69.05000305175781,1338807,159890000.0,-165540000.0,9239940000.0,3840460000.0,-479630000.0,10120000.0,12.350941,19.12,32.351,34939398.0,WANBURY.NS,-8.007130496424328,-0.007901566460388271,0.15222150407605864,1
2023-12-31,70.4000015258789,136.25,70.4000015258789,126.05000305175781,2969430,159890000.0,-165540000.0,9239940000.0,3840460000.0,-479630000.0,10120000.0,12.350941,19.12,32.351,34939398.0,WANBURY.NS,-8.007130496424328,-0.007901566460388271,0.15222150407605864,1
2024-03-31,128.3000030517578,179.35000610351562,123.0,146.25,5535565,159890000.0,-165540000.0,9239940000.0,3840460000.0,-479630000.0,10120000.0,12.350941,19.12,32.351,34939398.0,WANBURY.NS,-8.007130496424328,-0.007901566460388271,0.15222150407605864,1
2024-06-30,146.35000610351562,175.0,131.1999969482422,155.22000122070312,6847564,159890000.0,-165540000.0,9239940000.0,3840460000.0,-479630000.0,10120000.0,12.350941,19.12,32.351,34939398.0,WANBURY.NS,-8.007130496424328,-0.007901566460388271,0.15222150407605864,1
2024-09-30,157.89999389648438,290.20001220703125,154.99000549316406,275.2900085449219,13568766,159890000.0,-165540000.0,3967764000.0,1807219000.0,387462000.0,58947000.0,12.350941,19.12,32.351,34939398.0,WANBURY.NS,4.6642483650009545,-0.007901566460388271,0.15222150407605864,1
2024-12-31,276.0,323.5299987792969,202.75999450683594,291.17999267578125,7603804,1334518000.0,12177000.0,3967764000.0,1807219000.0,387462000.0,58947000.0,12.350941,19.12,32.351,34939398.0,WANBURY.NS,4.6642483650009545,-0.007901566460388271,0.15222150407605864,0
2025-03-31,292.95001220703125,305.75,154.00999450683594,234.4199981689453,8140500,1719995000.0,202565000.0,4139172000.0,1769128000.0,592718000.0,40605000.0,12.350941,19.12,32.351,34939398.0,WANBURY.NS,2.9847718476577394,0.04893853166768619,0.34175611336250966,1
2025-06-30,240.0,329.70001220703125,211.0,280.5,8804569,1631840000.0,134905000.0,4139172000.0,1769128000.0,592718000.0,40605000.0,12.350941,19.12,32.351,34939398.0,WANBURY.NS,2.9847718476577394,0.04893853166768619,0.34175611336250966,0
2025-09-30,281.0,309.0,235.39999389648438,254.5,4645614,1600582000.0,151803000.0,4565669000.0,1960810000.0,1072267000.0,44843000.0,12.350941,19.12,32.351,34939398.0,WANBURY.NS,1.8286583472213545,0.03324879661666231,0.1415720151790552,0
2025-12-31,257.04998779296875,274.20001220703125,222.0,226.60000610351562,4964593,1624475000.0,157590000.0,4565669000.0,1960810000.0,1072267000.0,44843000.0,12.350941,19.12,32.351,34939398.0,WANBURY.NS,1.8286583472213545,0.03324879661666231,0.1415720151790552,1
2026-03-31,225.25,284.0,161.5,236.14999389648438,7371479,1624475000.0,157590000.0,4565669000.0,1960810000.0,1072267000.0,44843000.0,12.350941,19.12,32.351,34939398.0,WANBURY.NS,1.8286583472213545,0.03324879661666231,0.1415720151790552,0
2016-03-31,874.565452234887,890.2071089794363,810.2712190688937,885.70556640625,6332726,1624475000.0,157590000.0,4565669000.0,1960810000.0,1072267000.0,44843000.0,852.9458,1.29,281.632,162492169.0,WOCKPHARMA.NS,1.8286583472213545,0.03324879661666231,0.1415720151790552,0
2016-06-30,889.3886432197164,972.1435776137632,747.5228902058459,849.2842407226562,54050640,1624475000.0,157590000.0,4565669000.0,1960810000.0,1072267000.0,44843000.0,852.9458,1.29,281.632,162492169.0,WOCKPHARMA.NS,1.8286583472213545,0.03324879661666231,0.1415720151790552,0
2016-09-30,852.8308933717813,1026.7527830031047,696.5968336785475,798.767333984375,117843522,1624475000.0,157590000.0,4565669000.0,1960810000.0,1072267000.0,44843000.0,852.9458,1.29,281.632,162492169.0,WOCKPHARMA.NS,1.8286583472213545,0.03324879661666231,0.1415720151790552,0
2016-12-31,809.2708782633349,852.1034068792322,578.1737670898438,606.3357543945312,57412023,1624475000.0,157590000.0,4565669000.0,1960810000.0,1072267000.0,44843000.0,852.9458,1.29,281.632,162492169.0,WOCKPHARMA.NS,1.8286583472213545,0.03324879661666231,0.1415720151790552,1
2017-03-31,609.28564453125,713.0379638671875,584.6726684570312,663.0285034179688,90112720,1624475000.0,157590000.0,4565669000.0,1960810000.0,1072267000.0,44843000.0,852.9458,1.29,281.632,162492169.0,WOCKPHARMA.NS,1.8286583472213545,0.03324879661666231,0.1415720151790552,0
2017-06-30,666.9462890625,727.0037231445312,511.6174011230469,556.87939453125,63175012,1624475000.0,157590000.0,4565669000.0,1960810000.0,1072267000.0,44843000.0,852.9458,1.29,281.632,162492169.0,WOCKPHARMA.NS,1.8286583472213545,0.03324879661666231,0.1415720151790552,1
2017-09-30,559.552734375,622.6522216796875,489.1707763671875,567.2039184570312,73919093,1624475000.0,157590000.0,4565669000.0,1960810000.0,1072267000.0,44843000.0,852.9458,1.29,281.632,162492169.0,WOCKPHARMA.NS,1.8286583472213545,0.03324879661666231,0.1415720151790552,1
2017-12-31,571.5365600585938,879.3827514648438,558.6309204101562,858.54931640625,116713374,1624475000.0,157590000.0,4565669000.0,1960810000.0,1072267000.0,44843000.0,852.9458,1.29,281.632,162492169.0,WOCKPHARMA.NS,1.8286583472213545,0.03324879661666231,0.1415720151790552,0
2018-03-31,859.1484985351562,932.8951416015625,638.8303833007812,669.7117919921875,111620159,1624475000.0,157590000.0,4565669000.0,1960810000.0,1072267000.0,44843000.0,852.9458,1.29,281.632,162492169.0,WOCKPHARMA.NS,1.8286583472213545,0.03324879661666231,0.1415720151790552,0
2018-06-30,674.7357788085938,786.0010375976562,567.94140625,590.8950805664062,102130318,1624475000.0,157590000.0,4565669000.0,1960810000.0,1072267000.0,44843000.0,852.9458,1.29,281.632,162492169.0,WOCKPHARMA.NS,1.8286583472213545,0.03324879661666231,0.1415720151790552,0
2018-09-30,593.568359375,638.0928955078125,489.6777648925781,499.44921875,98697772,1624475000.0,157590000.0,4565669000.0,1960810000.0,1072267000.0,44843000.0,852.9458,1.29,281.632,162492169.0,WOCKPHARMA.NS,1.8286583472213545,0.03324879661666231,0.1415720151790552,0
2018-12-31,497.7899169921875,533.234375,403.25592041015625,482.3492126464844,106508674,1624475000.0,157590000.0,4565669000.0,1960810000.0,1072267000.0,44843000.0,852.9458,1.29,281.632,162492169.0,WOCKPHARMA.NS,1.8286583472213545,0.03324879661666231,0.1415720151790552,0
2019-03-31,482.1187438964844,494.1025695800781,350.6192321777344,398.877197265625,90165299,1624475000.0,157590000.0,4565669000.0,1960810000.0,1072267000.0,44843000.0,852.9458,1.29,281.632,162492169.0,WOCKPHARMA.NS,1.8286583472213545,0.03324879661666231,0.1415720151790552,0
2019-06-30,411.5063171386719,434.09124755859375,294.1108703613281,345.5952453613281,100069486,1624475000.0,157590000.0,4565669000.0,1960810000.0,1072267000.0,44843000.0,852.9458,1.29,281.632,162492169.0,WOCKPHARMA.NS,1.8286583472213545,0.03324879661666231,0.1415720151790552,0
2019-09-30,346.56317138671875,348.45294189453125,213.12782287597656,236.35801696777344,57128881,1624475000.0,157590000.0,4565669000.0,1960810000.0,1072267000.0,44843000.0,852.9458,1.29,281.632,162492169.0,WOCKPHARMA.NS,1.8286583472213545,0.03324879661666231,0.1415720151790552,0
2019-12-31,235.43618774414062,287.6119384765625,212.15989685058594,215.66287231445312,63308105,1624475000.0,157590000.0,4565669000.0,1960810000.0,1072267000.0,44843000.0,852.9458,1.29,281.632,162492169.0,WOCKPHARMA.NS,1.8286583472213545,0.03324879661666231,0.1415720151790552,0
2020-03-31,217.1838836669922,379.4726257324219,135.23292541503906,159.1544952392578,138764921,1624475000.0,157590000.0,4565669000.0,1960810000.0,1072267000.0,44843000.0,852.9458,1.29,281.632,162492169.0,WOCKPHARMA.NS,1.8286583472213545,0.03324879661666231,0.1415720151790552,1
2020-06-30,160.35287475585938,285.2612609863281,159.52322387695312,258.94293212890625,47759589,1624475000.0,157590000.0,4565669000.0,1960810000.0,1072267000.0,44843000.0,852.9458,1.29,281.632,162492169.0,WOCKPHARMA.NS,1.8286583472213545,0.03324879661666231,0.1415720151790552,1
2020-09-30,258.94293212890625,316.18878173828125,219.0736541748047,271.5720520019531,60178532,1624475000.0,157590000.0,4565669000.0,1960810000.0,1072267000.0,44843000.0,852.9458,1.29,281.632,162492169.0,WOCKPHARMA.NS,1.8286583472213545,0.03324879661666231,0.1415720151790552,1
2020-12-31,272.86260986328125,525.2605590820312,261.8927917480469,503.8279113769531,81352201,1624475000.0,157590000.0,4565669000.0,1960810000.0,1072267000.0,44843000.0,852.9458,1.29,281.632,162492169.0,WOCKPHARMA.NS,1.8286583472213545,0.03324879661666231,0.1415720151790552,0
2021-03-31,501.9381408691406,514.3828735351562,370.5769348144531,381.6850280761719,53370302,1624475000.0,157590000.0,4565669000.0,1960810000.0,1072267000.0,44843000.0,852.9458,1.29,281.632,162492169.0,WOCKPHARMA.NS,1.8286583472213545,0.03324879661666231,0.1415720151790552,1
2021-06-30,384.2661437988281,741.9835205078125,382.3302917480469,477.5556640625,169692805,1624475000.0,157590000.0,4565669000.0,1960810000.0,1072267000.0,44843000.0,852.9458,1.29,281.632,162492169.0,WOCKPHARMA.NS,1.8286583472213545,0.03324879661666231,0.1415720151790552,0
2021-09-30,479.99853515625,545.7252197265625,362.46478271484375,419.20361328125,53627684,1624475000.0,157590000.0,4565669000.0,1960810000.0,1072267000.0,44843000.0,852.9458,1.29,281.632,162492169.0,WOCKPHARMA.NS,1.8286583472213545,0.03324879661666231,0.1415720151790552,0
2021-12-31,416.4381408691406,492.53546142578125,342.69146728515625,380.5788269042969,51985265,1624475000.0,157590000.0,4565669000.0,1960810000.0,1072267000.0,44843000.0,852.9458,1.29,281.632,162492169.0,WOCKPHARMA.NS,1.8286583472213545,0.03324879661666231,0.1415720151790552,0
2022-03-31,380.5788269042969,420.81683349609375,254.3000030517578,263.6000061035156,52025153,1624475000.0,157590000.0,4565669000.0,1960810000.0,1072267000.0,44843000.0,852.9458,1.29,281.632,162492169.0,WOCKPHARMA.NS,1.8286583472213545,0.03324879661666231,0.1415720151790552,0
2022-06-30,265.70001220703125,315.8999938964844,207.0,208.5500030517578,43231140,1624475000.0,157590000.0,4565669000.0,1960810000.0,1072267000.0,44843000.0,852.9458,1.29,281.632,162492169.0,WOCKPHARMA.NS,1.8286583472213545,0.03324879661666231,0.1415720151790552,1
2022-09-30,206.9499969482422,282.54998779296875,201.5,244.0,72782881,1624475000.0,157590000.0,4565669000.0,1960810000.0,1072267000.0,44843000.0,852.9458,1.29,281.632,162492169.0,WOCKPHARMA.NS,1.8286583472213545,0.03324879661666231,0.1415720151790552,0
2022-12-31,244.0,258.0,218.9499969482422,223.0500030517578,49901161,1624475000.0,157590000.0,4565669000.0,1960810000.0,1072267000.0,44843000.0,852.9458,1.29,281.632,162492169.0,WOCKPHARMA.NS,1.8286583472213545,0.03324879661666231,0.1415720151790552,0
2023-03-31,223.85000610351562,237.64999389648438,145.14999389648438,153.89999389648438,46588413,1624475000.0,157590000.0,4565669000.0,1960810000.0,1072267000.0,44843000.0,852.9458,1.29,281.632,162492169.0,WOCKPHARMA.NS,1.8286583472213545,0.03324879661666231,0.1415720151790552,1
2023-06-30,155.1999969482422,243.89999389648438,154.5500030517578,235.4499969482422,83220299,1624475000.0,157590000.0,4565669000.0,1960810000.0,1072267000.0,44843000.0,852.9458,1.29,281.632,162492169.0,WOCKPHARMA.NS,1.8286583472213545,0.03324879661666231,0.1415720151790552,0
2023-09-30,236.89999389648438,269.1000061035156,225.64999389648438,235.25,84249739,1624475000.0,157590000.0,4565669000.0,1960810000.0,1072267000.0,44843000.0,852.9458,1.29,281.632,162492169.0,WOCKPHARMA.NS,1.8286583472213545,0.03324879661666231,0.1415720151790552,1
2023-12-31,236.0,431.75,213.25,424.3500061035156,178594746,1624475000.0,157590000.0,4565669000.0,1960810000.0,1072267000.0,44843000.0,852.9458,1.29,281.632,162492169.0,WOCKPHARMA.NS,1.8286583472213545,0.03324879661666231,0.1415720151790552,1
2024-03-31,428.95001220703125,630.0,402.6499938964844,585.7000122070312,84218598,1624475000.0,157590000.0,4565669000.0,1960810000.0,1072267000.0,44843000.0,852.9458,1.29,281.632,162492169.0,WOCKPHARMA.NS,1.8286583472213545,0.03324879661666231,0.1415720151790552,1
2024-06-30,613.0,686.5999755859375,490.1499938964844,686.5999755859375,21032859,1624475000.0,157590000.0,4565669000.0,1960810000.0,1072267000.0,44843000.0,852.9458,1.29,281.632,162492169.0,WOCKPHARMA.NS,1.8286583472213545,0.03324879661666231,0.1415720151790552,1
2024-09-30,750.0,1097.699951171875,730.5,978.3499755859375,35873934,8090000000.0,-220000000.0,75880000000.0,23430000000.0,33950000000.0,1430000000.0,852.9458,1.29,281.632,162492169.0,WOCKPHARMA.NS,0.6901325478645066,-0.0028993147074327886,-0.006480117820324006,1
2024-12-31,978.3499755859375,1536.5999755859375,915.0,1416.8499755859375,30676840,7210000000.0,140000000.0,75880000000.0,23430000000.0,33950000000.0,1430000000.0,852.9458,1.29,281.632,162492169.0,WOCKPHARMA.NS,0.6901325478645066,-0.0028993147074327886,-0.006480117820324006,1
2025-03-31,1416.8499755859375,1679.9000244140625,1110.050048828125,1424.4000244140625,30950175,6460000000.0,-250000000.0,81350000000.0,20210000000.0,43530000000.0,1120000000.0,852.9458,1.29,281.632,162492169.0,WOCKPHARMA.NS,0.46427750976338156,-0.003073140749846343,-0.005743165632896853,1
2025-06-30,1458.0,1868.800048828125,1154.4000244140625,1714.0,53368123,7380000000.0,-900000000.0,81350000000.0,20210000000.0,43530000000.0,1120000000.0,852.9458,1.29,281.632,162492169.0,WOCKPHARMA.NS,0.46427750976338156,-0.003073140749846343,-0.005743165632896853,0
2025-09-30,1715.0999755859375,1867.0,1325.0,1516.0,45912451,7380000000.0,-900000000.0,81350000000.0,20210000000.0,43530000000.0,1120000000.0,852.9458,1.29,281.632,162492169.0,WOCKPHARMA.NS,0.46427750976338156,-0.003073140749846343,-0.005743165632896853,0
2025-12-31,1510.0,1566.9000244140625,1225.199951171875,1446.199951171875,74784510,8880000000.0,590000000.0,81350000000.0,20210000000.0,43530000000.0,1120000000.0,852.9458,1.29,281.632,162492169.0,WOCKPHARMA.NS,0.46427750976338156,-0.003073140749846343,-0.005743165632896853,0
2026-03-31,1438.0,1529.0,1086.699951171875,1100.300048828125,28540390,8880000000.0,590000000.0,81350000000.0,20210000000.0,43530000000.0,1120000000.0,852.9458,1.29,281.632,162492169.0,WOCKPHARMA.NS,0.46427750976338156,-0.003073140749846343,-0.005743165632896853,0
2016-03-31,287.03573115257245,303.18725943286194,284.26689493764104,292.4810791015625,9488124,8880000000.0,590000000.0,81350000000.0,20210000000.0,43530000000.0,1120000000.0,17.53821,49.07,251.492,1006233990.0,ZYDUSLIFE.NS,0.46427750976338156,-0.003073140749846343,-0.005743165632896853,1
2016-06-30,292.1118953113454,317.86206984067115,280.75965745094777,302.9103698730469,44221187,8880000000.0,590000000.0,81350000000.0,20210000000.0,43530000000.0,1120000000.0,17.53821,49.07,251.492,1006233990.0,ZYDUSLIFE.NS,0.46427750976338156,-0.003073140749846343,-0.005743165632896853,1
2016-09-30,303.32571514875764,380.7607085771821,299.91083727614716,357.9178466796875,60795428,8880000000.0,590000000.0,81350000000.0,20210000000.0,43530000000.0,1120000000.0,17.53821,49.07,251.492,1006233990.0,ZYDUSLIFE.NS,0.46427750976338156,-0.003073140749846343,-0.005743165632896853,0
2016-12-31,360.87132335472353,396.6815112853956,303.4641397528802,329.1681213378906,40393749,8880000000.0,590000000.0,81350000000.0,20210000000.0,43530000000.0,1120000000.0,17.53821,49.07,251.492,1006233990.0,ZYDUSLIFE.NS,0.46427750976338156,-0.003073140749846343,-0.005743165632896853,1
2017-03-31,330.3217820581127,425.2466408116557,304.0179072934502,410.8670654296875,87238702,8880000000.0,590000000.0,81350000000.0,20210000000.0,43530000000.0,1120000000.0,17.53821,49.07,251.492,1006233990.0,ZYDUSLIFE.NS,0.46427750976338156,-0.003073140749846343,-0.005743165632896853,1
2017-06-30,412.72623044788907,519.1611520611688,387.67440484588764,488.1603088378906,74252811,8880000000.0,590000000.0,81350000000.0,20210000000.0,43530000000.0,1120000000.0,17.53821,49.07,251.492,1006233990.0,ZYDUSLIFE.NS,0.46427750976338156,-0.003073140749846343,-0.005743165632896853,0
2017-09-30,488.29969880717465,515.8147973948248,404.4530710235991,437.22021484375,76663587,8880000000.0,590000000.0,81350000000.0,20210000000.0,43530000000.0,1120000000.0,17.53821,49.07,251.492,1006233990.0,ZYDUSLIFE.NS,0.46427750976338156,-0.003073140749846343,-0.005743165632896853,0
2017-12-31,445.7256968958711,478.72518088379843,373.1732655921093,402.96575927734375,59705187,8880000000.0,590000000.0,81350000000.0,20210000000.0,43530000000.0,1120000000.0,17.53821,49.07,251.492,1006233990.0,ZYDUSLIFE.NS,0.46427750976338156,-0.003073140749846343,-0.005743165632896853,0
2018-03-31,407.5670884143443,424.5781465378483,336.5019939221939,351.23553466796875,56996688,8880000000.0,590000000.0,81350000000.0,20210000000.0,43530000000.0,1120000000.0,17.53821,49.07,251.492,1006233990.0,ZYDUSLIFE.NS,0.46427750976338156,-0.003073140749846343,-0.005743165632896853,0
2018-06-30,361.8790505421705,393.01943294202067,317.1670491235337,350.8172912597656,88538745,8880000000.0,590000000.0,81350000000.0,20210000000.0,43530000000.0,1120000000.0,17.53821,49.07,251.492,1006233990.0,ZYDUSLIFE.NS,0.46427750976338156,-0.003073140749846343,-0.005743165632896853,1
2018-09-30,353.23410093138114,405.7479380848204,309.3122730038681,362.0772705078125,156587114,8880000000.0,590000000.0,81350000000.0,20210000000.0,43530000000.0,1120000000.0,17.53821,49.07,251.492,1006233990.0,ZYDUSLIFE.NS,0.46427750976338156,-0.003073140749846343,-0.005743165632896853,0
2018-12-31,361.1860574404457,379.01083893274335,311.6988901333701,326.8968200683594,70255813,8880000000.0,590000000.0,81350000000.0,20210000000.0,43530000000.0,1120000000.0,17.53821,49.07,251.492,1006233990.0,ZYDUSLIFE.NS,0.46427750976338156,-0.003073140749846343,-0.005743165632896853,0
2019-03-31,327.08439875359954,337.49785383642023,287.02566739038275,315.1700134277344,71371898,8880000000.0,590000000.0,81350000000.0,20210000000.0,43530000000.0,1120000000.0,17.53821,49.07,251.492,1006233990.0,ZYDUSLIFE.NS,0.46427750976338156,-0.003073140749846343,-0.005743165632896853,0
2019-06-30,327.36593045348934,330.7901562917829,209.34720178639742,226.74978637695312,164417124,8880000000.0,590000000.0,81350000000.0,20210000000.0,43530000000.0,1120000000.0,17.53821,49.07,251.492,1006233990.0,ZYDUSLIFE.NS,0.46427750976338156,-0.003073140749846343,-0.005743165632896853,0
2019-09-30,225.15493495318375,243.12170149613212,196.72659054944054,222.25820922851562,93756142,8880000000.0,590000000.0,81350000000.0,20210000000.0,43530000000.0,1120000000.0,17.53821,49.07,251.492,1006233990.0,ZYDUSLIFE.NS,0.46427750976338156,-0.003073140749846343,-0.005743165632896853,1
2019-12-31,225.30673043926154,258.1738904614185,209.58767332160485,242.26429748535156,90524556,8880000000.0,590000000.0,81350000000.0,20210000000.0,43530000000.0,1120000000.0,17.53821,49.07,251.492,1006233990.0,ZYDUSLIFE.NS,0.46427750976338156,-0.003073140749846343,-0.005743165632896853,1
2020-03-31,242.88351119690068,295.0351853159308,192.43957953316902,257.7579345703125,129099122,8880000000.0,590000000.0,81350000000.0,20210000000.0,43530000000.0,1120000000.0,17.53821,49.07,251.492,1006233990.0,ZYDUSLIFE.NS,0.46427750976338156,-0.003073140749846343,-0.005743165632896853,1
2020-06-30,260.4103067175567,369.97552829606707,249.12584002646233,340.55877685546875,387879819,8880000000.0,590000000.0,81350000000.0,20210000000.0,43530000000.0,1120000000.0,17.53821,49.07,251.492,1006233990.0,ZYDUSLIFE.NS,0.46427750976338156,-0.003073140749846343,-0.005743165632896853,1
2020-09-30,339.015602734837,407.9761042230755,334.7236437859207,381.018798828125,325762575,8880000000.0,590000000.0,81350000000.0,20210000000.0,43530000000.0,1120000000.0,17.53821,49.07,251.492,1006233990.0,ZYDUSLIFE.NS,0.46427750976338156,-0.003073140749846343,-0.005743165632896853,1
2020-12-31,384.4909812436981,481.5179047977987,376.8715746173751,459.8170471191406,315128918,8880000000.0,590000000.0,81350000000.0,20210000000.0,43530000000.0,1120000000.0,17.53821,49.07,251.492,1006233990.0,ZYDUSLIFE.NS,0.46427750976338156,-0.003073140749846343,-0.005743165632896853,0
2021-03-31,460.78153949318494,491.11449723820414,393.8464769419879,425.2403564453125,170007540,8880000000.0,590000000.0,81350000000.0,20210000000.0,43530000000.0,1120000000.0,17.53821,49.07,251.492,1006233990.0,ZYDUSLIFE.NS,0.46427750976338156,-0.003073140749846343,-0.005743165632896853,1
2021-06-30,429.194723774465,649.771898197514,419.0194428167845,622.2841796875,581340108,8880000000.0,590000000.0,81350000000.0,20210000000.0,43530000000.0,1120000000.0,17.53821,49.07,251.492,1006233990.0,ZYDUSLIFE.NS,0.46427750976338156,-0.003073140749846343,-0.005743165632896853,0
2021-09-30,626.0455952757242,628.7462091426024,505.983566452913,535.3792114257812,186016569,8880000000.0,590000000.0,81350000000.0,20210000000.0,43530000000.0,1120000000.0,17.53821,49.07,251.492,1006233990.0,ZYDUSLIFE.NS,0.46427750976338156,-0.003073140749846343,-0.005743165632896853,0
2021-12-31,535.5247390079882,556.092010749132,423.2779935183083,468.72967529296875,126515899,8880000000.0,590000000.0,81350000000.0,20210000000.0,43530000000.0,1120000000.0,17.53821,49.07,251.492,1006233990.0,ZYDUSLIFE.NS,0.46427750976338156,-0.003073140749846343,-0.005743165632896853,0
2022-03-31,470.8154918223565,472.3192475437045,321.6544185049257,338.0985107421875,116110276,8880000000.0,590000000.0,81350000000.0,20210000000.0,43530000000.0,1120000000.0,17.53821,49.07,251.492,1006233990.0,ZYDUSLIFE.NS,0.46427750976338156,-0.003073140749846343,-0.005743165632896853,1
2022-06-30,340.0388252230543,370.4045985175697,309.4789655047416,346.34478759765625,79490869,8880000000.0,590000000.0,81350000000.0,20210000000.0,43530000000.0,1120000000.0,17.53821,49.07,251.492,1006233990.0,ZYDUSLIFE.NS,0.46427750976338156,-0.003073140749846343,-0.005743165632896853,1
2022-09-30,346.2477794805229,392.55156012863404,329.85223095041124,378.04156494140625,85063927,8880000000.0,590000000.0,81350000000.0,20210000000.0,43530000000.0,1120000000.0,17.53821,49.07,251.492,1006233990.0,ZYDUSLIFE.NS,0.46427750976338156,-0.003073140749846343,-0.005743165632896853,1
2022-12-31,379.8980624196456,443.6540943822544,379.11639106663614,410.3348693847656,79329021,8880000000.0,590000000.0,81350000000.0,20210000000.0,43530000000.0,1120000000.0,17.53821,49.07,251.492,1006233990.0,ZYDUSLIFE.NS,0.46427750976338156,-0.003073140749846343,-0.005743165632896853,1
2023-03-31,410.2371692833708,483.56880636196684,404.66766389168424,480.2955017089844,70249625,8880000000.0,590000000.0,81350000000.0,20210000000.0,43530000000.0,1120000000.0,17.53821,49.07,251.492,1006233990.0,ZYDUSLIFE.NS,0.46427750976338156,-0.003073140749846343,-0.005743165632896853,1
2023-06-30,486.5978572123159,575.6119638706145,473.84663077881305,569.7005004882812,65013351,8880000000.0,590000000.0,81350000000.0,20210000000.0,43530000000.0,1120000000.0,17.53821,49.07,251.492,1006233990.0,ZYDUSLIFE.NS,0.46427750976338156,-0.003073140749846343,-0.005743165632896853,1
2023-09-30,573.511271705142,659.5310132086819,558.0241320130442,606.52197265625,71295114,8880000000.0,590000000.0,81350000000.0,20210000000.0,43530000000.0,1120000000.0,17.53821,49.07,251.492,1006233990.0,ZYDUSLIFE.NS,0.46427750976338156,-0.003073140749846343,-0.005743165632896853,1
2023-12-31,607.902687899293,686.8984414080891,559.9233277216173,679.6991577148438,78478453,8880000000.0,590000000.0,81350000000.0,20210000000.0,43530000000.0,1120000000.0,17.53821,49.07,251.492,1006233990.0,ZYDUSLIFE.NS,0.46427750976338156,-0.003073140749846343,-0.005743165632896853,1
2024-03-31,678.6143034567809,1013.6314697775712,675.5570619982376,993.4633178710938,78662615,8880000000.0,590000000.0,81350000000.0,20210000000.0,43530000000.0,1120000000.0,17.53821,49.07,251.492,1006233990.0,ZYDUSLIFE.NS,0.46427750976338156,-0.003073140749846343,-0.005743165632896853,1
2024-06-30,1010.8206573504774,1156.3366657458257,900.6111725863273,1059.1451416015625,96070334,8880000000.0,590000000.0,81350000000.0,20210000000.0,43530000000.0,1120000000.0,17.53821,49.07,251.492,1006233990.0,ZYDUSLIFE.NS,0.46427750976338156,-0.003073140749846343,-0.005743165632896853,0
2024-09-30,1078.2777327293468,1309.3015081549518,1026.7878652567642,1056.4481201171875,160419132,51136000000.0,9112000000.0,314459000000.0,1905000000.0,218246000000.0,10614000000.0,17.53821,49.07,251.492,1006233990.0,ZYDUSLIFE.NS,0.008728682312619704,0.02897675054617613,0.041751051565664436,0
2024-12-31,1058.9197802379251,1074.936208059278,922.4332337405814,960.6949462890625,69649120,51235000000.0,10235000000.0,314459000000.0,1905000000.0,218246000000.0,10614000000.0,17.53821,49.07,251.492,1006233990.0,ZYDUSLIFE.NS,0.008728682312619704,0.02897675054617613,0.041751051565664436,0
2025-03-31,960.0028419142425,1016.3078009577183,845.4154695488336,876.3610229492188,77985967,62902000000.0,11709000000.0,372017000000.0,32132000000.0,239531000000.0,8268000000.0,17.53821,49.07,251.492,1006233990.0,ZYDUSLIFE.NS,0.13414547595092075,0.03147436810683383,0.0488830255791526,1
2025-06-30,877.9428485576924,984.4230988102257,785.9961424555926,978.7382202148438,86379476,64670000000.0,14668000000.0,372017000000.0,32132000000.0,239531000000.0,8268000000.0,17.53821,49.07,251.492,1006233990.0,ZYDUSLIFE.NS,0.13414547595092075,0.03147436810683383,0.0488830255791526,1
2025-09-30,983.6816382706091,1059.050048828125,919.0499877929688,981.9000244140625,62092416,64670000000.0,14668000000.0,372017000000.0,32132000000.0,239531000000.0,8268000000.0,17.53821,49.07,251.492,1006233990.0,ZYDUSLIFE.NS,0.13414547595092075,0.03147436810683383,0.0488830255791526,0
2025-12-31,981.0,1017.1500244140625,896.75,914.3499755859375,51371640,67804000000.0,10421000000.0,372017000000.0,32132000000.0,239531000000.0,8268000000.0,17.53821,49.07,251.492,1006233990.0,ZYDUSLIFE.NS,0.13414547595092075,0.03147436810683383,0.0488830255791526,0
2026-03-31,919.7999877929688,947.5499877929688,855.9500122070312,860.5999755859375,36418525,67804000000.0,10421000000.0,372017000000.0,32132000000.0,239531000000.0,8268000000.0,17.53821,49.07,251.492,1006233990.0,ZYDUSLIFE.NS,0.13414547595092075,0.03147436810683383,0.0488830255791526,0
2016-03-31,138.84610783858133,148.4643292836307,135.39862014999878,140.97061157226562,179765,67804000000.0,10421000000.0,372017000000.0,32132000000.0,239531000000.0,8268000000.0,63.76154,6.5,179.387,318160720.0,ZYDUSWELL.NS,0.13414547595092075,0.03147436810683383,0.0488830255791526,1
2016-06-30,141.83009126305095,164.5526457298211,135.3889751352254,153.94943237304688,5218930,67804000000.0,10421000000.0,372017000000.0,32132000000.0,239531000000.0,8268000000.0,63.76154,6.5,179.387,318160720.0,ZYDUSWELL.NS,0.13414547595092075,0.03147436810683383,0.0488830255791526,1
2016-09-30,156.05465245034736,177.85977193075357,148.90857276228934,171.64077758789062,4082310,67804000000.0,10421000000.0,372017000000.0,32132000000.0,239531000000.0,8268000000.0,63.76154,6.5,179.387,318160720.0,ZYDUSWELL.NS,0.13414547595092075,0.03147436810683383,0.0488830255791526,0
2016-12-31,172.52920480558723,179.23106676245044,147.18963061748232,167.28553771972656,5740550,67804000000.0,10421000000.0,372017000000.0,32132000000.0,239531000000.0,8268000000.0,63.76154,6.5,179.387,318160720.0,ZYDUSWELL.NS,0.13414547595092075,0.03147436810683383,0.0488830255791526,1
2017-03-31,168.79201065681565,176.91340762873574,157.63833292194175,169.58432006835938,1646740,67804000000.0,10421000000.0,372017000000.0,32132000000.0,239531000000.0,8268000000.0,63.76154,6.5,179.387,318160720.0,ZYDUSWELL.NS,0.13414547595092075,0.03147436810683383,0.0488830255791526,0
2017-06-30,169.71082032610084,172.24089418864062,157.9653751448876,165.27342224121094,1737190,67804000000.0,10421000000.0,372017000000.0,32132000000.0,239531000000.0,8268000000.0,63.76154,6.5,179.387,318160720.0,ZYDUSWELL.NS,0.13414547595092075,0.03147436810683383,0.0488830255791526,1
2017-09-30,164.76741761103867,180.13285927659373,164.73822333431795,174.8293914794922,1776155,67804000000.0,10421000000.0,372017000000.0,32132000000.0,239531000000.0,8268000000.0,63.76154,6.5,179.387,318160720.0,ZYDUSWELL.NS,0.13414547595092075,0.03147436810683383,0.0488830255791526,1
2017-12-31,174.2357867977148,208.63532572710685,169.5162021299656,203.03018188476562,4244935,67804000000.0,10421000000.0,372017000000.0,32132000000.0,239531000000.0,8268000000.0,63.76154,6.5,179.387,318160720.0,ZYDUSWELL.NS,0.13414547595092075,0.03147436810683383,0.0488830255791526,1
2018-03-31,204.54824438232595,256.88223930896265,178.27420488894148,229.17771911621094,5602030,67804000000.0,10421000000.0,372017000000.0,32132000000.0,239531000000.0,8268000000.0,63.76154,6.5,179.387,318160720.0,ZYDUSWELL.NS,0.13414547595092075,0.03147436810683383,0.0488830255791526,1
2018-06-30,234.71472730770392,287.8368771113834,219.35901505313618,260.7843933105469,4103030,67804000000.0,10421000000.0,372017000000.0,32132000000.0,239531000000.0,8268000000.0,63.76154,6.5,179.387,318160720.0,ZYDUSWELL.NS,0.13414547595092075,0.03147436810683383,0.0488830255791526,1
2018-09-30,256.12324313648656,387.50952641283453,254.57595578490537,268.19378662109375,7183140,67804000000.0,10421000000.0,372017000000.0,32132000000.0,239531000000.0,8268000000.0,63.76154,6.5,179.387,318160720.0,ZYDUSWELL.NS,0.13414547595092075,0.03147436810683383,0.0488830255791526,0
2018-12-31,268.13508787919193,280.25942051477386,212.92472013822223,266.2562561035156,6647620,67804000000.0,10421000000.0,372017000000.0,32132000000.0,239531000000.0,8268000000.0,63.76154,6.5,179.387,318160720.0,ZYDUSWELL.NS,0.13414547595092075,0.03147436810683383,0.0488830255791526,0
2019-03-31,266.8922557593273,270.0432246216509,233.92458524917282,254.64071655273438,4526915,67804000000.0,10421000000.0,372017000000.0,32132000000.0,239531000000.0,8268000000.0,63.76154,6.5,179.387,318160720.0,ZYDUSWELL.NS,0.13414547595092075,0.03147436810683383,0.0488830255791526,1
2019-06-30,256.38254368240206,275.33727907988424,237.2027674582685,261.8233337402344,3916030,67804000000.0,10421000000.0,372017000000.0,32132000000.0,239531000000.0,8268000000.0,63.76154,6.5,179.387,318160720.0,ZYDUSWELL.NS,0.13414547595092075,0.03147436810683383,0.0488830255791526,1
2019-09-30,264.1914768923412,365.4084213179393,259.90538126308695,335.8056335449219,4486450,67804000000.0,10421000000.0,372017000000.0,32132000000.0,239531000000.0,8268000000.0,63.76154,6.5,179.387,318160720.0,ZYDUSWELL.NS,0.13414547595092075,0.03147436810683383,0.0488830255791526,0
2019-12-31,338.14323967904346,348.2792773396963,275.0286766122492,288.8184509277344,7999430,67804000000.0,10421000000.0,372017000000.0,32132000000.0,239531000000.0,8268000000.0,63.76154,6.5,179.387,318160720.0,ZYDUSWELL.NS,0.13414547595092075,0.03147436810683383,0.0488830255791526,0
2020-03-31,287.18800147880137,311.93880286112415,216.17674015126414,256.2184143066406,5934440,67804000000.0,10421000000.0,372017000000.0,32132000000.0,239531000000.0,8268000000.0,63.76154,6.5,179.387,318160720.0,ZYDUSWELL.NS,0.13414547595092075,0.03147436810683383,0.0488830255791526,0
2020-06-30,262.26224103835705,311.69775068206684,233.07816844037248,251.564697265625,13079015,67804000000.0,10421000000.0,372017000000.0,32132000000.0,239531000000.0,8268000000.0,63.76154,6.5,179.387,318160720.0,ZYDUSWELL.NS,0.13414547595092075,0.03147436810683383,0.0488830255791526,1
2020-09-30,251.56470370138084,384.5198326464215,248.9125154013876,362.7205505371094,22315860,67804000000.0,10421000000.0,372017000000.0,32132000000.0,239531000000.0,8268000000.0,63.76154,6.5,179.387,318160720.0,ZYDUSWELL.NS,0.13414547595092075,0.03147436810683383,0.0488830255791526,1
2020-12-31,366.57556958815445,404.13039533912416,331.4659881832429,392.50604248046875,12880205,67804000000.0,10421000000.0,372017000000.0,32132000000.0,239531000000.0,8268000000.0,63.76154,6.5,179.387,318160720.0,ZYDUSWELL.NS,0.13414547595092075,0.03147436810683383,0.0488830255791526,0
2021-03-31,392.9990284342996,437.48502749875405,356.51894608696284,388.7693176269531,20110825,67804000000.0,10421000000.0,372017000000.0,32132000000.0,239531000000.0,8268000000.0,63.76154,6.5,179.387,318160720.0,ZYDUSWELL.NS,0.13414547595092075,0.03147436810683383,0.0488830255791526,1
2021-06-30,388.660835044618,453.33906050360906,386.0382009654031,414.2461853027344,21161785,67804000000.0,10421000000.0,372017000000.0,32132000000.0,239531000000.0,8268000000.0,63.76154,6.5,179.387,318160720.0,ZYDUSWELL.NS,0.13414547595092075,0.03147436810683383,0.0488830255791526,1
2021-09-30,417.7857830481312,489.5238144995198,414.30534887355316,467.73406982421875,15053460,67804000000.0,10421000000.0,372017000000.0,32132000000.0,239531000000.0,8268000000.0,63.76154,6.5,179.387,318160720.0,ZYDUSWELL.NS,0.13414547595092075,0.03147436810683383,0.0488830255791526,0
2021-12-31,468.406015340114,473.47551862972546,357.72778530252754,372.45196533203125,9464405,67804000000.0,10421000000.0,372017000000.0,32132000000.0,239531000000.0,8268000000.0,63.76154,6.5,179.387,318160720.0,ZYDUSWELL.NS,0.13414547595092075,0.03147436810683383,0.0488830255791526,0
2022-03-31,371.76023948256324,375.55491761085835,282.62475637972943,296.68682861328125,20348070,67804000000.0,10421000000.0,372017000000.0,32132000000.0,239531000000.0,8268000000.0,63.76154,6.5,179.387,318160720.0,ZYDUSWELL.NS,0.13414547595092075,0.03147436810683383,0.0488830255791526,1
2022-06-30,299.42408835930354,358.5183819651609,295.273666983539,323.5064697265625,10200245,67804000000.0,10421000000.0,372017000000.0,32132000000.0,239531000000.0,8268000000.0,63.76154,6.5,179.387,318160720.0,ZYDUSWELL.NS,0.13414547595092075,0.03147436810683383,0.0488830255791526,0
2022-09-30,323.1408719640971,336.0743230302802,304.3651047033837,321.9571838378906,23363310,67804000000.0,10421000000.0,372017000000.0,32132000000.0,239531000000.0,8268000000.0,63.76154,6.5,179.387,318160720.0,ZYDUSWELL.NS,0.13414547595092075,0.03147436810683383,0.0488830255791526,0
2022-12-31,321.7985851509029,355.108586462294,294.8432202176574,298.7591247558594,8769665,67804000000.0,10421000000.0,372017000000.0,32132000000.0,239531000000.0,8268000000.0,63.76154,6.5,179.387,318160720.0,ZYDUSWELL.NS,0.13414547595092075,0.03147436810683383,0.0488830255791526,1
2023-03-31,299.39361145263854,313.0745156908123,271.6550839268648,307.3840637207031,10397070,67804000000.0,10421000000.0,372017000000.0,32132000000.0,239531000000.0,8268000000.0,63.76154,6.5,179.387,318160720.0,ZYDUSWELL.NS,0.13414547595092075,0.03147436810683383,0.0488830255791526,0
2023-06-30,309.3767125973435,311.2900619831853,285.71272568909706,294.2484436035156,13108895,67804000000.0,10421000000.0,372017000000.0,32132000000.0,239531000000.0,8268000000.0,63.76154,6.5,179.387,318160720.0,ZYDUSWELL.NS,0.13414547595092075,0.03147436810683383,0.0488830255791526,1
2023-09-30,295.7949389749087,336.88129794039327,283.4963497532827,311.8250732421875,21182235,67804000000.0,10421000000.0,372017000000.0,32132000000.0,239531000000.0,8268000000.0,63.76154,6.5,179.387,318160720.0,ZYDUSWELL.NS,0.13414547595092075,0.03147436810683383,0.0488830255791526,1
2023-12-31,311.53664009854,339.4177585896715,295.4226458258081,334.4343566894531,11187120,67804000000.0,10421000000.0,372017000000.0,32132000000.0,239531000000.0,8268000000.0,63.76154,6.5,179.387,318160720.0,ZYDUSWELL.NS,0.13414547595092075,0.03147436810683383,0.0488830255791526,0
2024-03-31,336.8216203847322,342.3719957048131,286.5002933157165,293.5526428222656,13013575,67804000000.0,10421000000.0,372017000000.0,32132000000.0,239531000000.0,8268000000.0,63.76154,6.5,179.387,318160720.0,ZYDUSWELL.NS,0.13414547595092075,0.03147436810683383,0.0488830255791526,1
2024-06-30,295.43261768985053,392.4645236011076,294.42797199058145,355.3029479980469,11983890,67804000000.0,10421000000.0,372017000000.0,32132000000.0,239531000000.0,8268000000.0,63.76154,6.5,179.387,318160720.0,ZYDUSWELL.NS,0.13414547595092075,0.03147436810683383,0.0488830255791526,1
2024-09-30,357.0933818614161,495.31964915251524,356.29764273484494,401.0115051269531,18688925,4907000000.0,209000000.0,60075000000.0,1541000000.0,54943000000.0,206000000.0,63.76154,6.5,179.387,318160720.0,ZYDUSWELL.NS,0.02804724896711137,0.0034789846025801083,0.0038039422674408024,0
2024-12-31,405.49810445202536,433.00587651119355,353.9521675175757,393.0752258300781,13853860,4508000000.0,64000000.0,60075000000.0,1541000000.0,54943000000.0,206000000.0,63.76154,6.5,179.387,318160720.0,ZYDUSWELL.NS,0.02804724896711137,0.0034789846025801083,0.0038039422674408024,0
2025-03-31,394.8200031180887,403.79318867885377,297.75015475131715,335.0985107421875,11474750,9106000000.0,1719000000.0,64419000000.0,1883000000.0,56716000000.0,667000000.0,63.76154,6.5,179.387,318160720.0,ZYDUSWELL.NS,0.03320050779321532,0.026684673776370325,0.03030890753931871,1
2025-06-30,335.0985119004974,429.895169777705,325.8461727042237,403.4342956542969,24979285,8577000000.0,1279000000.0,64419000000.0,1883000000.0,56716000000.0,667000000.0,63.76154,6.5,179.387,318160720.0,ZYDUSWELL.NS,0.03320050779321532,0.026684673776370325,0.03030890753931871,1
2025-09-30,406.1860471807109,530.9000244140625,383.5400085449219,457.20001220703125,32191696,8577000000.0,1279000000.0,64419000000.0,1883000000.0,56716000000.0,667000000.0,63.76154,6.5,179.387,318160720.0,ZYDUSWELL.NS,0.03320050779321532,0.026684673776370325,0.03030890753931871,0
2025-12-31,458.3500061035156,502.3500061035156,404.0,454.6000061035156,19551781,9633000000.0,-399000000.0,64419000000.0,1883000000.0,56716000000.0,667000000.0,63.76154,6.5,179.387,318160720.0,ZYDUSWELL.NS,0.03320050779321532,0.026684673776370325,0.03030890753931871,0
2026-03-31,457.8999938964844,486.79998779296875,367.54998779296875,414.45001220703125,87830068,9633000000.0,-399000000.0,64419000000.0,1883000000.0,56716000000.0,667000000.0,63.76154,6.5,179.387,318160720.0,ZYDUSWELL.NS,0.03320050779321532,0.026684673776370325,0.03030890753931871,0
