Date,open,high,low,close,volume,Revenue,NetIncome,TotalAssets,TotalDebt,Equity,Cash,PE,EPS,BookValue,SharesOutstanding,Ticker,Debt_Equity,ROA,ROE,Label
2016-03-31,1340.559848123016,1368.9813162901855,1253.258126587635,1289.439697265625,1322860,,,,,,,57.06869,125.2,632.453,143784657.0,APOLLOHOSP.NS,,,,0
2016-06-30,1296.9089880022782,1375.4800178461285,1229.8323532181873,1276.0538330078125,13182512,,,,,,,57.06869,125.2,632.453,143784657.0,APOLLOHOSP.NS,,,,0
2016-09-30,1276.5384737892357,1399.7305408027871,1234.828040167804,1274.0167236328125,11621605,,,,,,,57.06869,125.2,632.453,143784657.0,APOLLOHOSP.NS,,,,0
2016-12-31,1293.1259613063628,1351.6180256559321,1078.2677341010256,1144.5196533203125,10646802,,,,,,,57.06869,125.2,632.453,143784657.0,APOLLOHOSP.NS,,,,0
2017-03-31,1144.616688732803,1303.650407868107,1103.4397033050502,1130.2117919921875,25850501,,,,,,,57.06869,125.2,632.453,143784657.0,APOLLOHOSP.NS,,,,1
2017-06-30,1134.9164815523745,1317.279292001213,1097.2799571066523,1236.3319091796875,30319407,,,,,,,57.06869,125.2,632.453,143784657.0,APOLLOHOSP.NS,,,,0
2017-09-30,1228.0381383907973,1280.3699937531653,961.5904478612586,980.2194213867188,21952676,,,,,,,57.06869,125.2,632.453,143784657.0,APOLLOHOSP.NS,,,,1
2017-12-31,986.5592467785825,1211.3759266347763,933.5493019171436,1175.093017578125,33659122,,,,,,,57.06869,125.2,632.453,143784657.0,APOLLOHOSP.NS,,,,0
2018-03-31,1186.01674948154,1232.2479870938664,968.9055418384478,1038.3985595703125,22508949,,,,,,,57.06869,125.2,632.453,143784657.0,APOLLOHOSP.NS,,,,0
2018-06-30,1039.7153496255303,1119.6935450656401,892.6335728298421,1021.6224365234375,25349341,,,,,,,57.06869,125.2,632.453,143784657.0,APOLLOHOSP.NS,,,,0
2018-09-30,1036.7893052645388,1203.963124705316,887.6593687968792,1021.1572265625,60691780,,,,,,,57.06869,125.2,632.453,143784657.0,APOLLOHOSP.NS,,,,1
2018-12-31,1011.5067312993117,1302.937029196572,1004.5014061804137,1232.8350830078125,37208432,,,,,,,57.06869,125.2,632.453,143784657.0,APOLLOHOSP.NS,,,,0
2019-03-31,1227.6422781805393,1359.1752730967,1061.1808159863026,1159.0098876953125,51726328,,,,,,,57.06869,125.2,632.453,143784657.0,APOLLOHOSP.NS,,,,1
2019-06-30,1206.0878528356081,1377.5458807859645,1089.6426537976615,1331.693115234375,36347876,,,,,,,57.06869,125.2,632.453,143784657.0,APOLLOHOSP.NS,,,,1
2019-09-30,1335.4163255935152,1553.9580204993104,1249.1971025675762,1372.759521484375,44931954,,,,,,,57.06869,125.2,632.453,143784657.0,APOLLOHOSP.NS,,,,1
2019-12-31,1375.218882122113,1518.1512258440673,1319.492291959187,1418.501953125,43324150,,,,,,,57.06869,125.2,632.453,143784657.0,APOLLOHOSP.NS,,,,0
2020-03-31,1416.5346476948964,1783.997530206973,1031.8535634828104,1122.518310546875,61203061,,,,,,,57.06869,125.2,632.453,143784657.0,APOLLOHOSP.NS,,,,1
2020-06-30,1119.5125842235848,1458.5199589332312,1064.3746665971682,1330.2586669921875,65206326,,,,,,,57.06869,125.2,632.453,143784657.0,APOLLOHOSP.NS,,,,1
2020-09-30,1330.406681495976,2140.0193775854805,1291.9727106972034,2120.326904296875,82676575,,,,,,,57.06869,125.2,632.453,143784657.0,APOLLOHOSP.NS,,,,1
2020-12-31,2123.238541658878,2487.476222349777,1960.3679869378645,2381.659912109375,96699646,,,,,,,57.06869,125.2,632.453,143784657.0,APOLLOHOSP.NS,,,,1
2021-03-31,2374.4539269955008,3241.615884913543,2355.008215334132,2865.187744140625,70217332,,,,,,,57.06869,125.2,632.453,143784657.0,APOLLOHOSP.NS,,,,1
2021-06-30,2849.098400242617,3612.614850158384,2806.7025270412623,3573.131103515625,54954665,,,,,,,57.06869,125.2,632.453,143784657.0,APOLLOHOSP.NS,,,,1
2021-09-30,3573.131305999871,5134.043106780648,3548.6019306121466,4426.45849609375,59715230,,,,,,,57.06869,125.2,632.453,143784657.0,APOLLOHOSP.NS,,,,1
2021-12-31,4426.458783845958,5862.369984909792,3906.3381145964668,4951.71484375,51785243,,,,,,,57.06869,125.2,632.453,143784657.0,APOLLOHOSP.NS,,,,0
2022-03-31,4976.456893795347,5078.237957745894,4098.9382378396385,4460.533203125,54589792,,,,,,,57.06869,125.2,632.453,143784657.0,APOLLOHOSP.NS,,,,0
2022-06-30,4501.917642989032,4843.314620323712,3320.1894940112015,3638.177734375,45317687,,,,,,,57.06869,125.2,632.453,143784657.0,APOLLOHOSP.NS,,,,1
2022-09-30,3634.7209034408984,4673.690959075415,3590.4720789977578,4341.3125,35461039,,,,,,,57.06869,125.2,632.453,143784657.0,APOLLOHOSP.NS,,,,1
2022-12-31,4342.897784434554,4854.884553646097,4180.522224575921,4434.6083984375,32018886,,,,,,,57.06869,125.2,632.453,143784657.0,APOLLOHOSP.NS,,,,0
2023-03-31,4444.909338867191,4624.12170176669,4083.4137728559563,4275.27587890625,25067738,,,,,,,57.06869,125.2,632.453,143784657.0,APOLLOHOSP.NS,,,,1
2023-06-30,4307.607312727508,5250.25194357551,4133.557442477788,5056.0703125,29645887,,,,,,,57.06869,125.2,632.453,143784657.0,APOLLOHOSP.NS,,,,1
2023-09-30,5085.127673721577,5319.673558798943,4690.912864154839,5104.68359375,28593996,,,,,,,57.06869,125.2,632.453,143784657.0,APOLLOHOSP.NS,,,,1
2023-12-31,5105.876163793002,5732.863661669451,4695.58354591719,5667.388671875,26895939,,,,,,,57.06869,125.2,632.453,143784657.0,APOLLOHOSP.NS,,,,1
2024-03-31,5704.050432817243,6836.368123345939,5603.700491271779,6321.5849609375,29338480,,,,,,,57.06869,125.2,632.453,143784657.0,APOLLOHOSP.NS,,,,0
2024-06-30,6365.539641957079,6520.675430762782,5661.6612199877945,6151.43359375,29113861,,,,,,,57.06869,125.2,632.453,143784657.0,APOLLOHOSP.NS,,,,1
2024-09-30,6145.76457981333,7287.600726184317,6043.334822910365,7170.27294921875,24539249,55893000000.0,3788000000.0,195479000000.0,73710000000.0,75011000000.0,14353000000.0,57.06869,125.2,632.453,143784657.0,APOLLOHOSP.NS,0.9826558771380197,0.019378040607942543,0.050499260108517414,1
2024-12-31,7172.613011235926,7514.735166928777,6567.699551770419,7267.0830078125,20990580,55269000000.0,3723000000.0,195479000000.0,73710000000.0,75011000000.0,14353000000.0,57.06869,125.2,632.453,143784657.0,APOLLOHOSP.NS,0.9826558771380197,0.019378040607942543,0.050499260108517414,0
2025-03-31,7290.63811982779,7515.084405936943,5985.382779702358,6598.9814453125,23342140,53756000000.0,3896000000.0,206574000000.0,54192000000.0,82123000000.0,5781000000.0,57.06869,125.2,632.453,143784657.0,APOLLOHOSP.NS,0.6598882164558041,0.018860069515040614,0.04744103357159383,1
2025-06-30,6581.825921467723,7317.406897569354,6473.957875239059,7223.15283203125,25339761,58421000000.0,4328000000.0,206574000000.0,54192000000.0,82123000000.0,5781000000.0,57.06869,125.2,632.453,143784657.0,APOLLOHOSP.NS,0.6598882164558041,0.018860069515040614,0.04744103357159383,1
2025-09-30,7455.5463516088785,7969.419858393815,7002.229096463765,7399.1767578125,27984573,58421000000.0,4328000000.0,206574000000.0,54192000000.0,82123000000.0,5781000000.0,57.06869,125.2,632.453,143784657.0,APOLLOHOSP.NS,0.6598882164558041,0.018860069515040614,0.04744103357159383,0
2025-12-31,7399.67604192696,8088.761373794325,6871.876867586679,7033.16259765625,19817600,64774000000.0,5023000000.0,206574000000.0,54192000000.0,82123000000.0,5781000000.0,57.06869,125.2,632.453,143784657.0,APOLLOHOSP.NS,0.6598882164558041,0.018860069515040614,0.04744103357159383,1
2026-03-31,7053.635592300983,7870.5,6687.621668232306,7145.0,24716084,64774000000.0,5023000000.0,206574000000.0,54192000000.0,82123000000.0,5781000000.0,57.06869,125.2,632.453,143784657.0,APOLLOHOSP.NS,0.6598882164558041,0.018860069515040614,0.04744103357159383,0
2020-03-31,21.409159345517946,29.62430431511004,10.624918795672004,13.64211654663086,689630,64774000000.0,5023000000.0,206574000000.0,54192000000.0,82123000000.0,5781000000.0,95.7904,2.29,55.96,143784657.0,ARTEMISMED.NS,0.6598882164558041,0.018860069515040614,0.04744103357159383,1
2020-06-30,13.642115843892562,21.966795934427754,12.541785042979592,17.923948287963867,1410910,64774000000.0,5023000000.0,206574000000.0,54192000000.0,82123000000.0,5781000000.0,95.7904,2.29,55.96,143784657.0,ARTEMISMED.NS,0.6598882164558041,0.018860069515040614,0.04744103357159383,0
2020-09-30,18.815167076544483,19.68647230025806,13.442961811053674,15.315018653869629,1574820,64774000000.0,5023000000.0,206574000000.0,54192000000.0,82123000000.0,5781000000.0,95.7904,2.29,55.96,143784657.0,ARTEMISMED.NS,0.6598882164558041,0.018860069515040614,0.04744103357159383,1
2020-12-31,15.633666010374641,24.40644424895348,15.03620144823734,22.44974708557129,2213040,64774000000.0,5023000000.0,206574000000.0,54192000000.0,82123000000.0,5781000000.0,95.7904,2.29,55.96,143784657.0,ARTEMISMED.NS,0.6598882164558041,0.018860069515040614,0.04744103357159383,0
2021-03-31,22.404935031072096,27.05520452936861,18.740483788096597,21.951858520507812,2735560,64774000000.0,5023000000.0,206574000000.0,54192000000.0,82123000000.0,5781000000.0,95.7904,2.29,55.96,143784657.0,ARTEMISMED.NS,0.6598882164558041,0.018860069515040614,0.04744103357159383,1
2021-06-30,21.747724009725864,32.8605726914001,18.5313724874503,32.46226119995117,16312750,64774000000.0,5023000000.0,206574000000.0,54192000000.0,82123000000.0,5781000000.0,95.7904,2.29,55.96,143784657.0,ARTEMISMED.NS,0.6598882164558041,0.018860069515040614,0.04744103357159383,1
2021-09-30,33.159303265903375,41.722973310511996,31.108008334293892,35.35000991821289,10232633,64774000000.0,5023000000.0,206574000000.0,54192000000.0,82123000000.0,5781000000.0,95.7904,2.29,55.96,143784657.0,ARTEMISMED.NS,0.6598882164558041,0.018860069515040614,0.04744103357159383,1
2021-12-31,35.35000912348429,47.498468777294164,31.914588006446003,41.573604583740234,8365888,64774000000.0,5023000000.0,206574000000.0,54192000000.0,82123000000.0,5781000000.0,95.7904,2.29,55.96,143784657.0,ARTEMISMED.NS,0.6598882164558041,0.018860069515040614,0.04744103357159383,1
2022-03-31,42.71874525623131,50.58536569019515,36.99303856765385,45.70606994628906,7404236,64774000000.0,5023000000.0,206574000000.0,54192000000.0,82123000000.0,5781000000.0,95.7904,2.29,55.96,143784657.0,ARTEMISMED.NS,0.6598882164558041,0.018860069515040614,0.04744103357159383,0
2022-06-30,46.502688981071024,49.5895901158991,36.0470526046202,41.474029541015625,8991617,64774000000.0,5023000000.0,206574000000.0,54192000000.0,82123000000.0,5781000000.0,95.7904,2.29,55.96,143784657.0,ARTEMISMED.NS,0.6598882164558041,0.018860069515040614,0.04744103357159383,1
2022-09-30,40.926349132564496,69.10678408569234,39.98036627124781,60.792057037353516,17484613,64774000000.0,5023000000.0,206574000000.0,54192000000.0,82123000000.0,5781000000.0,95.7904,2.29,55.96,143784657.0,ARTEMISMED.NS,0.6598882164558041,0.018860069515040614,0.04744103357159383,1
2022-12-31,61.63847016182876,83.34635992165413,59.54734051355263,75.67889404296875,13525221,64774000000.0,5023000000.0,206574000000.0,54192000000.0,82123000000.0,5781000000.0,95.7904,2.29,55.96,143784657.0,ARTEMISMED.NS,0.6598882164558041,0.018860069515040614,0.04744103357159383,0
2023-03-31,76.32615523188014,76.57509985385049,61.19036822667791,67.61312103271484,6432785,64774000000.0,5023000000.0,206574000000.0,54192000000.0,82123000000.0,5781000000.0,95.7904,2.29,55.96,143784657.0,ARTEMISMED.NS,0.6598882164558041,0.018860069515040614,0.04744103357159383,1
2023-06-30,68.55910481611586,129.40096169906477,64.72537035893893,124.6710205078125,17088255,64774000000.0,5023000000.0,206574000000.0,54192000000.0,82123000000.0,5781000000.0,95.7904,2.29,55.96,143784657.0,ARTEMISMED.NS,0.6598882164558041,0.018860069515040614,0.04744103357159383,1
2023-09-30,123.32672799561274,163.75519328847875,118.04911798510251,157.92991638183594,12299363,64774000000.0,5023000000.0,206574000000.0,54192000000.0,82123000000.0,5781000000.0,95.7904,2.29,55.96,143784657.0,ARTEMISMED.NS,0.6598882164558041,0.018860069515040614,0.04744103357159383,1
2023-12-31,159.27420002056311,186.2099196107844,135.52497539049216,179.38885498046875,13557893,64774000000.0,5023000000.0,206574000000.0,54192000000.0,82123000000.0,5781000000.0,95.7904,2.29,55.96,143784657.0,ARTEMISMED.NS,0.6598882164558041,0.018860069515040614,0.04744103357159383,0
2024-03-31,178.29350696911308,192.88160460613707,140.7030038471077,169.13238525390625,10815956,64774000000.0,5023000000.0,206574000000.0,54192000000.0,82123000000.0,5781000000.0,95.7904,2.29,55.96,143784657.0,ARTEMISMED.NS,0.6598882164558041,0.018860069515040614,0.04744103357159383,1
2024-06-30,171.67159006501126,199.05541541353998,142.44560254615976,176.67039489746094,9249159,64774000000.0,5023000000.0,206574000000.0,54192000000.0,82123000000.0,5781000000.0,95.7904,2.29,55.96,143784657.0,ARTEMISMED.NS,0.6598882164558041,0.018860069515040614,0.04744103357159383,1
2024-09-30,174.95765284784696,304.15696647157694,174.95765284784696,283.89312744140625,23056474,64774000000.0,5023000000.0,206574000000.0,54192000000.0,82123000000.0,5781000000.0,95.7904,2.29,55.96,143784657.0,ARTEMISMED.NS,0.6598882164558041,0.018860069515040614,0.04744103357159383,1
2024-12-31,285.3904773881869,349.37624872525254,249.00542832248277,314.23895263671875,15452172,64774000000.0,5023000000.0,206574000000.0,54192000000.0,82123000000.0,5781000000.0,95.7904,2.29,55.96,143784657.0,ARTEMISMED.NS,0.6598882164558041,0.018860069515040614,0.04744103357159383,0
2025-03-31,315.88604128298164,346.0821331719758,207.33982350347983,272.9726257324219,9031310,64774000000.0,5023000000.0,206574000000.0,54192000000.0,82123000000.0,5781000000.0,95.7904,2.29,55.96,143784657.0,ARTEMISMED.NS,0.6598882164558041,0.018860069515040614,0.04744103357159383,0
2025-06-30,272.96267586190936,305.604373060251,222.90203764223773,254.0464324951172,7149043,64774000000.0,5023000000.0,206574000000.0,54192000000.0,82123000000.0,5781000000.0,95.7904,2.29,55.96,143784657.0,ARTEMISMED.NS,0.6598882164558041,0.018860069515040614,0.04744103357159383,0
2025-09-30,254.09634832189252,264.7772921497082,217.8300018310547,234.17999267578125,8274192,64774000000.0,5023000000.0,206574000000.0,54192000000.0,82123000000.0,5781000000.0,95.7904,2.29,55.96,143784657.0,ARTEMISMED.NS,0.6598882164558041,0.018860069515040614,0.04744103357159383,1
2025-12-31,234.16000366210938,297.5,222.0500030517578,271.04998779296875,15093939,64774000000.0,5023000000.0,206574000000.0,54192000000.0,82123000000.0,5781000000.0,95.7904,2.29,55.96,143784657.0,ARTEMISMED.NS,0.6598882164558041,0.018860069515040614,0.04744103357159383,0
2026-03-31,271.95001220703125,280.6000061035156,210.05999755859375,219.36000061035156,9104347,64774000000.0,5023000000.0,206574000000.0,54192000000.0,82123000000.0,5781000000.0,95.7904,2.29,55.96,143784657.0,ARTEMISMED.NS,0.6598882164558041,0.018860069515040614,0.04744103357159383,0
2018-03-31,138.81572400746643,142.60850335193274,106.19781805657064,128.80276489257812,19922982,64774000000.0,5023000000.0,206574000000.0,54192000000.0,82123000000.0,5781000000.0,97.23005,6.39,87.774,516936536.0,ASTERDM.NS,0.6598882164558041,0.018860069515040614,0.04744103357159383,0
2018-06-30,130.7750127833294,147.00812772995278,114.6936352747275,123.45496368408203,9741943,64774000000.0,5023000000.0,206574000000.0,54192000000.0,82123000000.0,5781000000.0,97.23005,6.39,87.774,516936536.0,ASTERDM.NS,0.6598882164558041,0.018860069515040614,0.04744103357159383,0
2018-09-30,122.92396413758445,142.6084795993981,110.02852010881682,118.25885009765625,4354982,64774000000.0,5023000000.0,206574000000.0,54192000000.0,82123000000.0,5781000000.0,97.23005,6.39,87.774,516936536.0,ASTERDM.NS,0.6598882164558041,0.018860069515040614,0.04744103357159383,0
2018-12-31,116.0590384644457,128.95447527848881,106.53916331196152,117.8037109375,6734564,64774000000.0,5023000000.0,206574000000.0,54192000000.0,82123000000.0,5781000000.0,97.23005,6.39,87.774,516936536.0,ASTERDM.NS,0.6598882164558041,0.018860069515040614,0.04744103357159383,0
2019-03-31,116.55209517027201,127.43737291309931,113.02480994880973,117.19686126708984,3816517,64774000000.0,5023000000.0,206574000000.0,54192000000.0,82123000000.0,5781000000.0,97.23005,6.39,87.774,516936536.0,ASTERDM.NS,0.6598882164558041,0.018860069515040614,0.04744103357159383,0
2019-06-30,117.8416393072149,122.127479206432,91.02669227246506,95.38838958740234,49625879,64774000000.0,5023000000.0,206574000000.0,54192000000.0,82123000000.0,5781000000.0,97.23005,6.39,87.774,516936536.0,ASTERDM.NS,0.6598882164558041,0.018860069515040614,0.04744103357159383,0
2019-09-30,96.18488149339696,99.90179872360028,83.06185897620082,89.54751586914062,9762173,64774000000.0,5023000000.0,206574000000.0,54192000000.0,82123000000.0,5781000000.0,97.23005,6.39,87.774,516936536.0,ASTERDM.NS,0.6598882164558041,0.018860069515040614,0.04744103357159383,1
2019-12-31,89.24409241989588,123.72046573925527,85.86851196432998,121.93785095214844,8620997,64774000000.0,5023000000.0,206574000000.0,54192000000.0,82123000000.0,5781000000.0,97.23005,6.39,87.774,516936536.0,ASTERDM.NS,0.6598882164558041,0.018860069515040614,0.04744103357159383,0
2020-03-31,121.89991868543268,137.9054449426569,59.167351470623956,72.17657470703125,24102987,64774000000.0,5023000000.0,206574000000.0,54192000000.0,82123000000.0,5781000000.0,97.23005,6.39,87.774,516936536.0,ASTERDM.NS,0.6598882164558041,0.018860069515040614,0.04744103357159383,1
2020-06-30,73.35234613884737,98.23296495983854,62.80842156836014,93.94713592529297,20900892,64774000000.0,5023000000.0,206574000000.0,54192000000.0,82123000000.0,5781000000.0,97.23005,6.39,87.774,516936536.0,ASTERDM.NS,0.6598882164558041,0.018860069515040614,0.04744103357159383,1
2020-09-30,93.68163067598502,115.60389505738809,89.77507462162271,100.54656982421875,23452578,64774000000.0,5023000000.0,206574000000.0,54192000000.0,82123000000.0,5781000000.0,97.23005,6.39,87.774,516936536.0,ASTERDM.NS,0.6598882164558041,0.018860069515040614,0.04744103357159383,1
2020-12-31,100.24313904005581,136.54004484749183,97.92955248591772,125.80648803710938,18782104,64774000000.0,5023000000.0,206574000000.0,54192000000.0,82123000000.0,5781000000.0,97.23005,6.39,87.774,516936536.0,ASTERDM.NS,0.6598882164558041,0.018860069515040614,0.04744103357159383,0
2021-03-31,125.23755935924687,132.3300471764648,100.54657045052096,104.26349639892578,13594425,64774000000.0,5023000000.0,206574000000.0,54192000000.0,82123000000.0,5781000000.0,97.23005,6.39,87.774,516936536.0,ASTERDM.NS,0.6598882164558041,0.018860069515040614,0.04744103357159383,1
2021-06-30,104.68070001661893,124.9341386138531,102.13953338305649,116.85551452636719,64276148,64774000000.0,5023000000.0,206574000000.0,54192000000.0,82123000000.0,5781000000.0,97.23005,6.39,87.774,516936536.0,ASTERDM.NS,0.6598882164558041,0.018860069515040614,0.04744103357159383,1
2021-09-30,117.04515787830454,179.77772124199558,112.56968024484843,157.43824768066406,182458537,64774000000.0,5023000000.0,206574000000.0,54192000000.0,82123000000.0,5781000000.0,97.23005,6.39,87.774,516936536.0,ASTERDM.NS,0.6598882164558041,0.018860069515040614,0.04744103357159383,0
2021-12-31,157.43825063480512,165.36516612929765,127.05808780897166,131.83700561523438,36877847,64774000000.0,5023000000.0,206574000000.0,54192000000.0,82123000000.0,5781000000.0,97.23005,6.39,87.774,516936536.0,ASTERDM.NS,0.6598882164558041,0.018860069515040614,0.04744103357159383,1
2022-03-31,133.08861484685278,153.26620769675029,119.92766295322951,149.8147735595703,37616759,64774000000.0,5023000000.0,206574000000.0,54192000000.0,82123000000.0,5781000000.0,97.23005,6.39,87.774,516936536.0,ASTERDM.NS,0.6598882164558041,0.018860069515040614,0.04744103357159383,0
2022-06-30,149.85270248374223,160.8138323246309,123.34118703274991,135.02293395996094,50724232,64774000000.0,5023000000.0,206574000000.0,54192000000.0,82123000000.0,5781000000.0,97.23005,6.39,87.774,516936536.0,ASTERDM.NS,0.6598882164558041,0.018860069515040614,0.04744103357159383,1
2022-09-30,136.1986849901343,201.62412677704313,132.21626736805226,191.45947265625,57554103,64774000000.0,5023000000.0,206574000000.0,54192000000.0,82123000000.0,5781000000.0,97.23005,6.39,87.774,516936536.0,ASTERDM.NS,0.6598882164558041,0.018860069515040614,0.04744103357159383,0
2022-12-31,191.38362908634411,209.05799505899887,161.83788327048345,175.30224609375,35007850,64774000000.0,5023000000.0,206574000000.0,54192000000.0,82123000000.0,5781000000.0,97.23005,6.39,87.774,516936536.0,ASTERDM.NS,0.6598882164558041,0.018860069515040614,0.04744103357159383,1
2023-03-31,176.21252116182373,186.45302036334405,152.6972748832971,182.58438110351562,13556958,64774000000.0,5023000000.0,206574000000.0,54192000000.0,82123000000.0,5781000000.0,97.23005,6.39,87.774,516936536.0,ASTERDM.NS,0.6598882164558041,0.018860069515040614,0.04744103357159383,1
2023-06-30,185.50481238914318,233.5972561036999,179.81566181659974,212.54736328125,29946681,64774000000.0,5023000000.0,206574000000.0,54192000000.0,82123000000.0,5781000000.0,97.23005,6.39,87.774,516936536.0,ASTERDM.NS,0.6598882164558041,0.018860069515040614,0.04744103357159383,1
2023-09-30,214.5195623179623,263.21885042933445,213.1920897215658,248.73043823242188,49337891,64774000000.0,5023000000.0,206574000000.0,54192000000.0,82123000000.0,5781000000.0,97.23005,6.39,87.774,516936536.0,ASTERDM.NS,0.6598882164558041,0.018860069515040614,0.04744103357159383,1
2023-12-31,252.59907350142743,321.931076008042,240.53804891302764,310.85614013671875,60019570,64774000000.0,5023000000.0,206574000000.0,54192000000.0,82123000000.0,5781000000.0,97.23005,6.39,87.774,516936536.0,ASTERDM.NS,0.6598882164558041,0.018860069515040614,0.04744103357159383,0
2024-03-31,312.4111955149415,376.1677985294063,298.8709804987954,310.47686767578125,48461190,64774000000.0,5023000000.0,206574000000.0,54192000000.0,82123000000.0,5781000000.0,97.23005,6.39,87.774,516936536.0,ASTERDM.NS,0.6598882164558041,0.018860069515040614,0.04744103357159383,1
2024-06-30,310.66652022929395,423.2741254371413,305.8876279244113,341.4369812011719,172446417,64774000000.0,5023000000.0,206574000000.0,54192000000.0,82123000000.0,5781000000.0,97.23005,6.39,87.774,516936536.0,ASTERDM.NS,0.6598882164558041,0.018860069515040614,0.04744103357159383,1
2024-09-30,342.66816708821875,434.5648068290331,310.7554331430099,410.9062805175781,95150847,10864400000.0,968400000.0,66876000000.0,19402700000.0,34354700000.0,9145700000.0,97.23005,6.39,87.774,516936536.0,ASTERDM.NS,0.5647757075451103,0.014480531132244751,0.02818828282593066,1
2024-12-31,410.80728078401694,519.349528924161,392.19723812695037,508.75762939453125,103359176,10498100000.0,567900000.0,66876000000.0,19402700000.0,34354700000.0,9145700000.0,97.23005,6.39,87.774,516936536.0,ASTERDM.NS,0.5647757075451103,0.014480531132244751,0.02818828282593066,0
2025-03-31,508.7576037085205,529.3969374393376,386.45589915551216,482.69549560546875,73619369,9313000000.0,790200000.0,66063800000.0,20177700000.0,34280700000.0,1645900000.0,97.23005,6.39,87.774,516936536.0,ASTERDM.NS,0.5886023330912146,0.011961164813407645,0.023050871189911525,1
2025-06-30,478.652235445321,608.4858596729935,449.2512417729854,595.0582275390625,60641186,10778700000.0,855200000.0,66063800000.0,20177700000.0,34280700000.0,1645900000.0,97.23005,6.39,87.774,516936536.0,ASTERDM.NS,0.5886023330912146,0.011961164813407645,0.023050871189911525,1
2025-09-30,598.0033245891357,673.876882214681,570.0499877929688,626.9500122070312,79504086,10778700000.0,855200000.0,66063800000.0,20177700000.0,34280700000.0,1645900000.0,97.23005,6.39,87.774,516936536.0,ASTERDM.NS,0.5886023330912146,0.011961164813407645,0.023050871189911525,0
2025-12-31,626.0,732.2000122070312,587.7000122070312,616.8499755859375,47747482,11857600000.0,524500000.0,66063800000.0,20177700000.0,34280700000.0,1645900000.0,97.23005,6.39,87.774,516936536.0,ASTERDM.NS,0.5886023330912146,0.011961164813407645,0.023050871189911525,1
2026-03-31,615.0,702.1500244140625,519.0999755859375,621.2999877929688,44485160,11857600000.0,524500000.0,66063800000.0,20177700000.0,34280700000.0,1645900000.0,97.23005,6.39,87.774,516936536.0,ASTERDM.NS,0.5886023330912146,0.011961164813407645,0.023050871189911525,0
2025-12-31,192.0,262.79998779296875,173.27999877929688,196.7100067138672,81512998,627599000.0,-56779000.0,66063800000.0,20177700000.0,34280700000.0,1645900000.0,18.966005,7.06,60.17,44450794.0,FABTECH.NS,0.5886023330912146,0.011961164813407645,0.023050871189911525,0
2026-03-31,196.89999389648438,202.0,132.6999969482422,133.89999389648438,19103529,627599000.0,-56779000.0,66063800000.0,20177700000.0,34280700000.0,1645900000.0,18.966005,7.06,60.17,44450794.0,FABTECH.NS,0.5886023330912146,0.011961164813407645,0.023050871189911525,0
2016-03-31,179.27058034364003,183.79209761221603,172.9106476914989,174.40126037597656,1552254,627599000.0,-56779000.0,66063800000.0,20177700000.0,34280700000.0,1645900000.0,62.731556,12.74,124.776,754958148.0,FORTIS.NS,0.5886023330912146,0.011961164813407645,0.023050871189911525,0
2016-06-30,173.90439866057048,187.5186185450729,150.75027750674104,156.7126922607422,26966153,627599000.0,-56779000.0,66063800000.0,20177700000.0,34280700000.0,1645900000.0,62.731556,12.74,124.776,754958148.0,FORTIS.NS,0.5886023330912146,0.011961164813407645,0.023050871189911525,1
2016-09-30,157.8058262656412,197.65477099262026,151.64464474491697,165.95448303222656,88310393,627599000.0,-56779000.0,66063800000.0,20177700000.0,34280700000.0,1645900000.0,62.731556,12.74,124.776,754958148.0,FORTIS.NS,0.5886023330912146,0.011961164813407645,0.023050871189911525,1
2016-12-31,166.9482245571953,187.81674186717257,141.35942092619942,179.71775817871094,54328423,627599000.0,-56779000.0,66063800000.0,20177700000.0,34280700000.0,1645900000.0,62.731556,12.74,124.776,754958148.0,FORTIS.NS,0.5886023330912146,0.011961164813407645,0.023050871189911525,0
2017-03-31,180.66183731985504,203.71657157790642,172.61252147634153,179.56871032714844,125284034,627599000.0,-56779000.0,66063800000.0,20177700000.0,34280700000.0,1645900000.0,62.731556,12.74,124.776,754958148.0,FORTIS.NS,0.5886023330912146,0.011961164813407645,0.023050871189911525,0
2017-06-30,179.96622285698479,227.51664272177715,156.46426161804615,160.98577880859375,324084346,627599000.0,-56779000.0,66063800000.0,20177700000.0,34280700000.0,1645900000.0,62.731556,12.74,124.776,754958148.0,FORTIS.NS,0.5886023330912146,0.011961164813407645,0.023050871189911525,0
2017-09-30,162.3770211617966,169.28351586920078,124.76398759125372,143.0984649658203,469271916,627599000.0,-56779000.0,66063800000.0,20177700000.0,34280700000.0,1645900000.0,62.731556,12.74,124.776,754958148.0,FORTIS.NS,0.5886023330912146,0.011961164813407645,0.023050871189911525,1
2017-12-31,144.14190160635349,166.848842713451,122.62744142996439,159.44549560546875,385528587,627599000.0,-56779000.0,66063800000.0,20177700000.0,34280700000.0,1645900000.0,62.731556,12.74,124.776,754958148.0,FORTIS.NS,0.5886023330912146,0.011961164813407645,0.023050871189911525,0
2018-03-31,158.94861989551157,170.17787421431953,106.42948323497251,122.57775115966797,1401762705,627599000.0,-56779000.0,66063800000.0,20177700000.0,34280700000.0,1645900000.0,62.731556,12.74,124.776,754958148.0,FORTIS.NS,0.5886023330912146,0.011961164813407645,0.023050871189911525,1
2018-06-30,125.1614708122464,159.9423381188653,123.57148933411553,134.00575256347656,396093837,627599000.0,-56779000.0,66063800000.0,20177700000.0,34280700000.0,1645900000.0,62.731556,12.74,124.776,754958148.0,FORTIS.NS,0.5886023330912146,0.011961164813407645,0.023050871189911525,1
2018-09-30,133.90638232989903,151.34651767423253,130.5773573800921,134.10513305664062,175266260,627599000.0,-56779000.0,66063800000.0,20177700000.0,34280700000.0,1645900000.0,62.731556,12.74,124.776,754958148.0,FORTIS.NS,0.5886023330912146,0.011961164813407645,0.023050871189911525,1
2018-12-31,134.10513489507028,152.04212321411282,125.65835391766038,139.62037658691406,119599937,627599000.0,-56779000.0,66063800000.0,20177700000.0,34280700000.0,1645900000.0,62.731556,12.74,124.776,754958148.0,FORTIS.NS,0.5886023330912146,0.011961164813407645,0.023050871189911525,0
2019-03-31,139.6203904878753,142.104735890597,131.91889760031628,135.74481201171875,47906201,627599000.0,-56779000.0,66063800000.0,20177700000.0,34280700000.0,1645900000.0,62.731556,12.74,124.776,754958148.0,FORTIS.NS,0.5886023330912146,0.011961164813407645,0.023050871189911525,0
2019-06-30,135.59574199947292,143.94314839158977,120.49090349666157,129.28549194335938,50302129,627599000.0,-56779000.0,66063800000.0,20177700000.0,34280700000.0,1645900000.0,62.731556,12.74,124.776,754958148.0,FORTIS.NS,0.5886023330912146,0.011961164813407645,0.023050871189911525,1
2019-09-30,129.3351865756065,137.53353085258593,110.60319469879352,134.30386352539062,42394415,627599000.0,-56779000.0,66063800000.0,20177700000.0,34280700000.0,1645900000.0,62.731556,12.74,124.776,754958148.0,FORTIS.NS,0.5886023330912146,0.011961164813407645,0.023050871189911525,0
2019-12-31,134.2045161585859,159.99204983151134,128.19238417688393,131.07421875,159920423,627599000.0,-56779000.0,66063800000.0,20177700000.0,34280700000.0,1645900000.0,62.731556,12.74,124.776,754958148.0,FORTIS.NS,0.5886023330912146,0.011961164813407645,0.023050871189911525,0
2020-03-31,131.57110077709484,167.9419542215798,114.47877918384279,125.3602294921875,112356884,627599000.0,-56779000.0,66063800000.0,20177700000.0,34280700000.0,1645900000.0,62.731556,12.74,124.776,754958148.0,FORTIS.NS,0.5886023330912146,0.011961164813407645,0.023050871189911525,0
2020-06-30,125.36023022757648,129.8320445614931,112.3919225140288,121.18651580810547,91743769,627599000.0,-56779000.0,66063800000.0,20177700000.0,34280700000.0,1645900000.0,62.731556,12.74,124.776,754958148.0,FORTIS.NS,0.5886023330912146,0.011961164813407645,0.023050871189911525,1
2020-09-30,121.23620873351614,141.90598223767338,120.24246397766333,134.4529571533203,112001143,627599000.0,-56779000.0,66063800000.0,20177700000.0,34280700000.0,1645900000.0,62.731556,12.74,124.776,754958148.0,FORTIS.NS,0.5886023330912146,0.011961164813407645,0.023050871189911525,1
2020-12-31,135.04919175434648,160.98578488318276,122.4286912177184,154.2283477783203,162487618,627599000.0,-56779000.0,66063800000.0,20177700000.0,34280700000.0,1645900000.0,62.731556,12.74,124.776,754958148.0,FORTIS.NS,0.5886023330912146,0.011961164813407645,0.023050871189911525,1
2021-03-31,155.02334594726562,215.3433210032327,152.29056900538754,197.9031982421875,272436593,627599000.0,-56779000.0,66063800000.0,20177700000.0,34280700000.0,1645900000.0,62.731556,12.74,124.776,754958148.0,FORTIS.NS,0.5886023330912146,0.011961164813407645,0.023050871189911525,1
2021-06-30,199.74162090664595,246.19894757922503,196.90945752997905,241.8761749267578,285647528,627599000.0,-56779000.0,66063800000.0,20177700000.0,34280700000.0,1645900000.0,62.731556,12.74,124.776,754958148.0,FORTIS.NS,0.5886023330912146,0.011961164813407645,0.023050871189911525,1
2021-09-30,243.21772272041383,301.8980045366681,223.59135048916758,261.850341796875,265818208,627599000.0,-56779000.0,66063800000.0,20177700000.0,34280700000.0,1645900000.0,62.731556,12.74,124.776,754958148.0,FORTIS.NS,0.5886023330912146,0.011961164813407645,0.023050871189911525,1
2021-12-31,260.35974238892555,306.07174474534094,229.85193248895192,295.438720703125,163007235,627599000.0,-56779000.0,66063800000.0,20177700000.0,34280700000.0,1645900000.0,62.731556,12.74,124.776,754958148.0,FORTIS.NS,0.5886023330912146,0.011961164813407645,0.023050871189911525,0
2022-03-31,297.8237133241756,311.4876295267409,227.56631886264273,288.5819396972656,94950385,627599000.0,-56779000.0,66063800000.0,20177700000.0,34280700000.0,1645900000.0,62.731556,12.74,124.776,754958148.0,FORTIS.NS,0.5886023330912146,0.011961164813407645,0.023050871189911525,0
2022-06-30,287.1906977998234,287.1906977998234,218.3742348414345,238.49745178222656,58164029,627599000.0,-56779000.0,66063800000.0,20177700000.0,34280700000.0,1645900000.0,62.731556,12.74,124.776,754958148.0,FORTIS.NS,0.5886023330912146,0.011961164813407645,0.023050871189911525,1
2022-09-30,235.16843079558444,322.9653220300896,230.84567335922898,262.54595947265625,140504170,627599000.0,-56779000.0,66063800000.0,20177700000.0,34280700000.0,1645900000.0,62.731556,12.74,124.776,754958148.0,FORTIS.NS,0.5886023330912146,0.011961164813407645,0.023050871189911525,1
2022-12-31,262.34720073401144,311.93479224901296,257.47788375538863,284.3088684082031,67194887,627599000.0,-56779000.0,66063800000.0,20177700000.0,34280700000.0,1645900000.0,62.731556,12.74,124.776,754958148.0,FORTIS.NS,0.5886023330912146,0.011961164813407645,0.023050871189911525,0
2023-03-31,282.3213786841051,288.1844184203649,243.96301685142663,258.2728576660156,39629096,627599000.0,-56779000.0,66063800000.0,20177700000.0,34280700000.0,1645900000.0,62.731556,12.74,124.776,754958148.0,FORTIS.NS,0.5886023330912146,0.011961164813407645,0.023050871189911525,1
2023-06-30,260.5087682902158,314.8166195771816,249.42859779327756,313.07757568359375,63704933,627599000.0,-56779000.0,66063800000.0,20177700000.0,34280700000.0,1645900000.0,62.731556,12.74,124.776,754958148.0,FORTIS.NS,0.5886023330912146,0.011961164813407645,0.023050871189911525,1
2023-09-30,317.00289895107073,351.3609268943201,307.5031276019796,338.8515319824219,112217237,627599000.0,-56779000.0,66063800000.0,20177700000.0,34280700000.0,1645900000.0,62.731556,12.74,124.776,754958148.0,FORTIS.NS,0.5886023330912146,0.011961164813407645,0.023050871189911525,1
2023-12-31,341.5926096495775,421.6331371530682,312.7859827144992,417.8454284667969,99510565,627599000.0,-56779000.0,66063800000.0,20177700000.0,34280700000.0,1645900000.0,62.731556,12.74,124.776,754958148.0,FORTIS.NS,0.5886023330912146,0.011961164813407645,0.023050871189911525,1
2024-03-31,423.3276281178929,468.1822444828249,373.83803874964934,418.8421936035156,89322243,627599000.0,-56779000.0,66063800000.0,20177700000.0,34280700000.0,1645900000.0,62.731556,12.74,124.776,754958148.0,FORTIS.NS,0.5886023330912146,0.011961164813407645,0.023050871189911525,1
2024-06-30,424.62345457409356,508.2024766440695,404.6880583992591,473.8139953613281,83660499,627599000.0,-56779000.0,66063800000.0,20177700000.0,34280700000.0,1645900000.0,62.731556,12.74,124.776,754958148.0,FORTIS.NS,0.5886023330912146,0.011961164813407645,0.023050871189911525,1
2024-09-30,478.3492694351611,622.1142598213896,451.53621008266487,614.3734130859375,120092096,627599000.0,-56779000.0,135968200000.0,11865000000.0,78472800000.0,2662100000.0,62.731556,12.74,124.776,754958148.0,FORTIS.NS,0.1511988867480197,0.011961164813407645,0.023050871189911525,1
2024-12-31,614.3733835024797,743.6205495232858,571.3243416439801,718.9996337890625,96858920,19282600000.0,2479000000.0,135968200000.0,11865000000.0,78472800000.0,2662100000.0,62.731556,12.74,124.776,754958148.0,FORTIS.NS,0.1511988867480197,0.011961164813407645,0.023050871189911525,0
2025-03-31,721.4467725253223,742.4219797249411,576.3184376890612,697.5250244140625,109061214,19483422000.0,1838952000.0,136915272000.0,24751088000.0,89165154000.0,1397226000.0,62.731556,12.74,124.776,754958148.0,FORTIS.NS,0.27758700444794837,0.01343131392968346,0.020624110625099126,1
2025-06-30,698.9733401950227,801.9516126616782,595.0961762106411,793.5615234375,118834892,21667200000.0,2602800000.0,136915272000.0,24751088000.0,89165154000.0,1397226000.0,62.731556,12.74,124.776,754958148.0,FORTIS.NS,0.27758700444794837,0.01343131392968346,0.020624110625099126,1
2025-09-30,793.0621001104187,983.2000122070312,756.2556285350868,969.7999877929688,116203674,23314400000.0,3219200000.0,150128500000.0,31946500000.0,94290600000.0,1011700000.0,62.731556,12.74,124.776,754958148.0,FORTIS.NS,0.33880895868729227,0.021442963860959112,0.03414126116495175,0
2025-12-31,971.0,1104.300048828125,845.4000244140625,884.0,209767249,22650100000.0,1937300000.0,150128500000.0,31946500000.0,94290600000.0,1011700000.0,62.731556,12.74,124.776,754958148.0,FORTIS.NS,0.33880895868729227,0.021442963860959112,0.03414126116495175,0
2026-03-31,885.0,977.4000244140625,779.5499877929688,799.2000122070312,95068905,22650100000.0,1937300000.0,150128500000.0,31946500000.0,94290600000.0,1011700000.0,62.731556,12.74,124.776,754958148.0,FORTIS.NS,0.33880895868729227,0.021442963860959112,0.03414126116495175,0
2024-03-31,207.2601749020666,211.9837730044127,134.57449056074202,169.95333862304688,48898665,22650100000.0,1937300000.0,150128500000.0,31946500000.0,94290600000.0,1011700000.0,24.107506,4.93,30.875,82054823.0,GPTHEALTH.NS,0.33880895868729227,0.021442963860959112,0.03414126116495175,0
2024-06-30,173.56835214123376,188.56530188145905,124.77302295074736,146.3053436279297,16947544,22650100000.0,1937300000.0,150128500000.0,31946500000.0,94290600000.0,1011700000.0,24.107506,4.93,30.875,82054823.0,GPTHEALTH.NS,0.33880895868729227,0.021442963860959112,0.03414126116495175,1
2024-09-30,146.87733499709805,203.87047609136016,144.60873812572945,177.57122802734375,37198334,22650100000.0,1937300000.0,3467479000.0,278912000.0,2309746000.0,32452000.0,24.107506,4.93,30.875,82054823.0,GPTHEALTH.NS,0.12075440329802498,0.021442963860959112,0.03414126116495175,1
2024-12-31,177.56147256022177,188.86746054231617,148.17164323968777,180.89959716796875,11058479,1022066000.0,122461000.0,3467479000.0,278912000.0,2309746000.0,32452000.0,24.107506,4.93,30.875,82054823.0,GPTHEALTH.NS,0.12075440329802498,0.021442963860959112,0.03414126116495175,0
2025-03-31,179.03059413478366,183.95887559896732,124.04263790547581,144.57212829589844,7108787,1007578000.0,128900000.0,3842534000.0,352974000.0,2478506000.0,16588000.0,24.107506,4.93,30.875,82054823.0,GPTHEALTH.NS,0.14241401876775767,0.03354557175030852,0.05200713655726474,0
2025-06-30,144.5819670839728,173.86625812638886,139.49631630404951,142.65394592285156,11907698,1071086000.0,76818000.0,3842534000.0,352974000.0,2478506000.0,16588000.0,24.107506,4.93,30.875,82054823.0,GPTHEALTH.NS,0.14241401876775767,0.03354557175030852,0.05200713655726474,1
2025-09-30,141.8473242991578,183.70791594738893,137.70603014491675,146.1024169921875,26867635,1189080000.0,106044000.0,4634756000.0,971517000.0,2538047000.0,14632000.0,24.107506,4.93,30.875,82054823.0,GPTHEALTH.NS,0.3827813275325477,0.022880168880519275,0.041781732174384474,0
2025-12-31,146.8273114461163,152.82511639524452,132.3000030517578,140.35000610351562,6562728,1201586000.0,93683000.0,4634756000.0,971517000.0,2538047000.0,14632000.0,24.107506,4.93,30.875,82054823.0,GPTHEALTH.NS,0.3827813275325477,0.022880168880519275,0.041781732174384474,0
2026-03-31,140.0,144.49000549316406,118.0,118.8499984741211,5927019,1201586000.0,93683000.0,4634756000.0,971517000.0,2538047000.0,14632000.0,24.107506,4.93,30.875,82054823.0,GPTHEALTH.NS,0.3827813275325477,0.022880168880519275,0.041781732174384474,0
2016-03-31,169.6999969482422,182.60000610351562,167.4499969482422,178.5500030517578,3889314,1201586000.0,93683000.0,4634756000.0,971517000.0,2538047000.0,14632000.0,398.28247,1.31,65.637,141879174.0,HCG.NS,0.3827813275325477,0.022880168880519275,0.041781732174384474,1
2016-06-30,178.10000610351562,207.0,167.0,183.64999389648438,6915889,1201586000.0,93683000.0,4634756000.0,971517000.0,2538047000.0,14632000.0,398.28247,1.31,65.637,141879174.0,HCG.NS,0.3827813275325477,0.022880168880519275,0.041781732174384474,1
2016-09-30,183.8000030517578,227.9499969482422,180.10000610351562,221.0500030517578,6466570,1201586000.0,93683000.0,4634756000.0,971517000.0,2538047000.0,14632000.0,398.28247,1.31,65.637,141879174.0,HCG.NS,0.3827813275325477,0.022880168880519275,0.041781732174384474,1
2016-12-31,221.0,264.8999938964844,204.64999389648438,247.5,6187500,1201586000.0,93683000.0,4634756000.0,971517000.0,2538047000.0,14632000.0,398.28247,1.31,65.637,141879174.0,HCG.NS,0.3827813275325477,0.022880168880519275,0.041781732174384474,0
2017-03-31,243.1999969482422,249.9499969482422,215.60000610351562,229.4499969482422,14326236,1201586000.0,93683000.0,4634756000.0,971517000.0,2538047000.0,14632000.0,398.28247,1.31,65.637,141879174.0,HCG.NS,0.3827813275325477,0.022880168880519275,0.041781732174384474,1
2017-06-30,225.0500030517578,289.0,225.0500030517578,252.10000610351562,5391435,1201586000.0,93683000.0,4634756000.0,971517000.0,2538047000.0,14632000.0,398.28247,1.31,65.637,141879174.0,HCG.NS,0.3827813275325477,0.022880168880519275,0.041781732174384474,1
2017-09-30,253.75,282.0,250.0,276.1000061035156,5784868,1201586000.0,93683000.0,4634756000.0,971517000.0,2538047000.0,14632000.0,398.28247,1.31,65.637,141879174.0,HCG.NS,0.3827813275325477,0.022880168880519275,0.041781732174384474,1
2017-12-31,279.6499938964844,321.5,261.6000061035156,279.79998779296875,5016645,1201586000.0,93683000.0,4634756000.0,971517000.0,2538047000.0,14632000.0,398.28247,1.31,65.637,141879174.0,HCG.NS,0.3827813275325477,0.022880168880519275,0.041781732174384474,1
2018-03-31,285.79998779296875,353.79998779296875,273.3999938964844,289.1499938964844,7391633,1201586000.0,93683000.0,4634756000.0,971517000.0,2538047000.0,14632000.0,398.28247,1.31,65.637,141879174.0,HCG.NS,0.3827813275325477,0.022880168880519275,0.041781732174384474,0
2018-06-30,314.95001220703125,343.25,267.1499938964844,288.45001220703125,2753263,1201586000.0,93683000.0,4634756000.0,971517000.0,2538047000.0,14632000.0,398.28247,1.31,65.637,141879174.0,HCG.NS,0.3827813275325477,0.022880168880519275,0.041781732174384474,0
2018-09-30,289.54998779296875,295.0,211.1999969482422,214.64999389648438,2384235,1201586000.0,93683000.0,4634756000.0,971517000.0,2538047000.0,14632000.0,398.28247,1.31,65.637,141879174.0,HCG.NS,0.3827813275325477,0.022880168880519275,0.041781732174384474,0
2018-12-31,214.64999389648438,259.0,190.0,195.5500030517578,2808975,1201586000.0,93683000.0,4634756000.0,971517000.0,2538047000.0,14632000.0,398.28247,1.31,65.637,141879174.0,HCG.NS,0.3827813275325477,0.022880168880519275,0.041781732174384474,1
2019-03-31,199.0,226.0,176.85000610351562,196.0,1892930,1201586000.0,93683000.0,4634756000.0,971517000.0,2538047000.0,14632000.0,398.28247,1.31,65.637,141879174.0,HCG.NS,0.3827813275325477,0.022880168880519275,0.041781732174384474,0
2019-06-30,220.0,220.0,155.10000610351562,156.85000610351562,1295701,1201586000.0,93683000.0,4634756000.0,971517000.0,2538047000.0,14632000.0,398.28247,1.31,65.637,141879174.0,HCG.NS,0.3827813275325477,0.022880168880519275,0.041781732174384474,0
2019-09-30,154.5,159.9499969482422,94.0,111.0999984741211,2696028,1201586000.0,93683000.0,4634756000.0,971517000.0,2538047000.0,14632000.0,398.28247,1.31,65.637,141879174.0,HCG.NS,0.3827813275325477,0.022880168880519275,0.041781732174384474,0
2019-12-31,111.5999984741211,124.0,90.0999984741211,104.4000015258789,3906438,1201586000.0,93683000.0,4634756000.0,971517000.0,2538047000.0,14632000.0,398.28247,1.31,65.637,141879174.0,HCG.NS,0.3827813275325477,0.022880168880519275,0.041781732174384474,0
2020-03-31,108.75,123.8499984741211,65.0,74.0999984741211,3800834,1201586000.0,93683000.0,4634756000.0,971517000.0,2538047000.0,14632000.0,398.28247,1.31,65.637,141879174.0,HCG.NS,0.3827813275325477,0.022880168880519275,0.041781732174384474,1
2020-06-30,77.4000015258789,124.80000305175781,62.04999923706055,122.80000305175781,32073684,1201586000.0,93683000.0,4634756000.0,971517000.0,2538047000.0,14632000.0,398.28247,1.31,65.637,141879174.0,HCG.NS,0.3827813275325477,0.022880168880519275,0.041781732174384474,0
2020-09-30,123.44999694824219,139.5,106.94999694824219,120.1500015258789,8857540,1201586000.0,93683000.0,4634756000.0,971517000.0,2538047000.0,14632000.0,398.28247,1.31,65.637,141879174.0,HCG.NS,0.3827813275325477,0.022880168880519275,0.041781732174384474,1
2020-12-31,123.0,185.6999969482422,116.3499984741211,162.75,6986240,1201586000.0,93683000.0,4634756000.0,971517000.0,2538047000.0,14632000.0,398.28247,1.31,65.637,141879174.0,HCG.NS,0.3827813275325477,0.022880168880519275,0.041781732174384474,1
2021-03-31,163.89999389648438,193.6999969482422,149.0500030517578,190.5,14164668,1201586000.0,93683000.0,4634756000.0,971517000.0,2538047000.0,14632000.0,398.28247,1.31,65.637,141879174.0,HCG.NS,0.3827813275325477,0.022880168880519275,0.041781732174384474,1
2021-06-30,192.39999389648438,240.0,161.3000030517578,224.0,9245201,1201586000.0,93683000.0,4634756000.0,971517000.0,2538047000.0,14632000.0,398.28247,1.31,65.637,141879174.0,HCG.NS,0.3827813275325477,0.022880168880519275,0.041781732174384474,1
2021-09-30,226.5,264.75,212.39999389648438,247.39999389648438,19444776,1201586000.0,93683000.0,4634756000.0,971517000.0,2538047000.0,14632000.0,398.28247,1.31,65.637,141879174.0,HCG.NS,0.3827813275325477,0.022880168880519275,0.041781732174384474,0
2021-12-31,245.89999389648438,282.3999938964844,222.25,239.0500030517578,9656046,1201586000.0,93683000.0,4634756000.0,971517000.0,2538047000.0,14632000.0,398.28247,1.31,65.637,141879174.0,HCG.NS,0.3827813275325477,0.022880168880519275,0.041781732174384474,1
2022-03-31,246.85000610351562,285.6499938964844,214.89999389648438,269.8999938964844,10379167,1201586000.0,93683000.0,4634756000.0,971517000.0,2538047000.0,14632000.0,398.28247,1.31,65.637,141879174.0,HCG.NS,0.3827813275325477,0.022880168880519275,0.041781732174384474,1
2022-06-30,268.0,308.79998779296875,254.0,278.04998779296875,12501120,1201586000.0,93683000.0,4634756000.0,971517000.0,2538047000.0,14632000.0,398.28247,1.31,65.637,141879174.0,HCG.NS,0.3827813275325477,0.022880168880519275,0.041781732174384474,1
2022-09-30,275.20001220703125,296.0,250.0,286.1000061035156,7320117,1201586000.0,93683000.0,4634756000.0,971517000.0,2538047000.0,14632000.0,398.28247,1.31,65.637,141879174.0,HCG.NS,0.3827813275325477,0.022880168880519275,0.041781732174384474,1
2022-12-31,286.1000061035156,318.0,278.45001220703125,287.45001220703125,12286323,1201586000.0,93683000.0,4634756000.0,971517000.0,2538047000.0,14632000.0,398.28247,1.31,65.637,141879174.0,HCG.NS,0.3827813275325477,0.022880168880519275,0.041781732174384474,0
2023-03-31,292.0,295.95001220703125,253.14999389648438,262.45001220703125,4931340,1201586000.0,93683000.0,4634756000.0,971517000.0,2538047000.0,14632000.0,398.28247,1.31,65.637,141879174.0,HCG.NS,0.3827813275325477,0.022880168880519275,0.041781732174384474,1
2023-06-30,258.5,327.5,258.0,318.45001220703125,8991162,1201586000.0,93683000.0,4634756000.0,971517000.0,2538047000.0,14632000.0,398.28247,1.31,65.637,141879174.0,HCG.NS,0.3827813275325477,0.022880168880519275,0.041781732174384474,1
2023-09-30,319.95001220703125,380.3500061035156,313.0,357.6000061035156,9548711,1201586000.0,93683000.0,4634756000.0,971517000.0,2538047000.0,14632000.0,398.28247,1.31,65.637,141879174.0,HCG.NS,0.3827813275325477,0.022880168880519275,0.041781732174384474,1
2023-12-31,359.3999938964844,389.3500061035156,350.54998779296875,365.5,7392958,1201586000.0,93683000.0,4634756000.0,971517000.0,2538047000.0,14632000.0,398.28247,1.31,65.637,141879174.0,HCG.NS,0.3827813275325477,0.022880168880519275,0.041781732174384474,0
2024-03-31,364.1499938964844,401.0,314.0,337.8500061035156,12181636,1201586000.0,93683000.0,4634756000.0,971517000.0,2538047000.0,14632000.0,398.28247,1.31,65.637,141879174.0,HCG.NS,0.3827813275325477,0.022880168880519275,0.041781732174384474,1
2024-06-30,334.1000061035156,395.95001220703125,330.6499938964844,380.0,13622069,1201586000.0,93683000.0,4634756000.0,971517000.0,2538047000.0,14632000.0,398.28247,1.31,65.637,141879174.0,HCG.NS,0.3827813275325477,0.022880168880519275,0.041781732174384474,1
2024-09-30,380.5,430.8500061035156,344.95001220703125,419.20001220703125,16851181,1201586000.0,93683000.0,30670800000.0,15579500000.0,8617900000.0,2782100000.0,398.28247,1.31,65.637,141879174.0,HCG.NS,1.807807006347254,0.022880168880519275,0.041781732174384474,1
2024-12-31,419.95001220703125,548.0,404.70001220703125,489.1499938964844,19719655,5575500000.0,69800000.0,30670800000.0,15579500000.0,8617900000.0,2782100000.0,398.28247,1.31,65.637,141879174.0,HCG.NS,1.807807006347254,0.022880168880519275,0.041781732174384474,1
2025-03-31,492.0,567.7000122070312,468.0,542.0999755859375,18116744,5661340000.0,73600000.0,35432360000.0,18372210000.0,9224440000.0,2358710000.0,398.28247,1.31,65.637,141879174.0,HCG.NS,1.991688384335526,0.002077197228747958,0.007978804133367446,1
2025-06-30,547.0,639.0,501.25,550.5999755859375,17455859,6118000000.0,47500000.0,35432360000.0,18372210000.0,9224440000.0,2358710000.0,398.28247,1.31,65.637,141879174.0,HCG.NS,1.991688384335526,0.002077197228747958,0.007978804133367446,1
2025-09-30,550.5999755859375,708.0,531.3499755859375,643.2999877929688,16801053,6451600000.0,162700000.0,35856000000.0,17678800000.0,9206200000.0,1826100000.0,398.28247,1.31,65.637,141879174.0,HCG.NS,1.9203145706154547,0.004537594823739402,0.017672872629315026,1
2025-12-31,640.3499755859375,804.6500244140625,630.5999755859375,662.0,16220133,6311800000.0,-94300000.0,35856000000.0,17678800000.0,9206200000.0,1826100000.0,398.28247,1.31,65.637,141879174.0,HCG.NS,1.9203145706154547,0.004537594823739402,0.017672872629315026,0
2026-03-31,667.7999877929688,675.0,519.0,521.75,9762491,6311800000.0,-94300000.0,35856000000.0,17678800000.0,9206200000.0,1826100000.0,398.28247,1.31,65.637,141879174.0,HCG.NS,1.9203145706154547,0.004537594823739402,0.017672872629315026,0
2024-06-30,652.8125178406748,657.7958195035807,468.5300195280213,554.3424682617188,77341999,6311800000.0,-94300000.0,35856000000.0,17678800000.0,9206200000.0,1826100000.0,23.26923,18.2,119.564,240317117.0,INDGN.NS,1.9203145706154547,0.004537594823739402,0.017672872629315026,1
2024-09-30,557.6314477545358,724.0737165080103,518.3131911609148,689.9879150390625,50278586,6868000000.0,917000000.0,30241000000.0,881000000.0,23600000000.0,3119000000.0,23.26923,18.2,119.564,240317117.0,INDGN.NS,0.03733050847457627,0.03032307132700638,0.03885593220338983,0
2024-12-31,694.6722069793996,733.8409433558774,579.3087735611283,601.683837890625,57716491,7204000000.0,1097000000.0,30241000000.0,881000000.0,23600000000.0,3119000000.0,23.26923,18.2,119.564,240317117.0,INDGN.NS,0.03733050847457627,0.03032307132700638,0.03885593220338983,0
2025-03-31,603.9263006060654,679.4233602941194,497.3334662757155,576.5679931640625,37719105,7556000000.0,1176000000.0,33259000000.0,1016000000.0,26156000000.0,2410000000.0,23.26923,18.2,119.564,240317117.0,INDGN.NS,0.038843859917418566,0.03535885023602634,0.044961003211500226,0
2025-06-30,570.0897170175623,630.7862986026671,503.31345348099666,574.6500244140625,72034766,7608000000.0,1164000000.0,33259000000.0,1016000000.0,26156000000.0,2410000000.0,23.26923,18.2,119.564,240317117.0,INDGN.NS,0.038843859917418566,0.03535885023602634,0.044961003211500226,0
2025-09-30,577.0,596.7999877929688,534.2000122070312,561.0,29410906,7608000000.0,1164000000.0,33259000000.0,1016000000.0,26156000000.0,2410000000.0,23.26923,18.2,119.564,240317117.0,INDGN.NS,0.038843859917418566,0.03535885023602634,0.044961003211500226,0
2025-12-31,562.7000122070312,587.2999877929688,502.79998779296875,520.4500122070312,17760808,9421000000.0,1029000000.0,33259000000.0,1016000000.0,26156000000.0,2410000000.0,23.26923,18.2,119.564,240317117.0,INDGN.NS,0.038843859917418566,0.03535885023602634,0.044961003211500226,0
2026-03-31,520.25,526.5999755859375,414.0,423.5,19485880,9421000000.0,1029000000.0,33259000000.0,1016000000.0,26156000000.0,2410000000.0,23.26923,18.2,119.564,240317117.0,INDGN.NS,0.038843859917418566,0.03535885023602634,0.044961003211500226,0
2016-03-31,42.52387128015397,43.454460038227346,40.784076516923406,41.957420349121094,474002,9421000000.0,1029000000.0,33259000000.0,1016000000.0,26156000000.0,2410000000.0,18.51982,19.93,71.879,91673000.0,INDRAMEDCO.NS,0.038843859917418566,0.03535885023602634,0.044961003211500226,1
2016-06-30,41.957424580309755,47.66234652129333,40.703152306996735,43.65675354003906,6127754,9421000000.0,1029000000.0,33259000000.0,1016000000.0,26156000000.0,2410000000.0,18.51982,19.93,71.879,91673000.0,INDRAMEDCO.NS,0.038843859917418566,0.03535885023602634,0.044961003211500226,1
2016-09-30,44.061365116965085,49.53395448060286,42.64525147372762,43.93737030029297,11111217,9421000000.0,1029000000.0,33259000000.0,1016000000.0,26156000000.0,2410000000.0,18.51982,19.93,71.879,91673000.0,INDRAMEDCO.NS,0.038843859917418566,0.03535885023602634,0.044961003211500226,0
2016-12-31,44.14619931956791,53.04225907718205,40.846719101427006,43.22735595703125,11097716,9421000000.0,1029000000.0,33259000000.0,1016000000.0,26156000000.0,2410000000.0,18.51982,19.93,71.879,91673000.0,INDRAMEDCO.NS,0.038843859917418566,0.03535885023602634,0.044961003211500226,1
2017-03-31,43.89560446832827,49.450429461881114,43.18559119791154,44.39679718017578,6514509,9421000000.0,1029000000.0,33259000000.0,1016000000.0,26156000000.0,2410000000.0,18.51982,19.93,71.879,91673000.0,INDRAMEDCO.NS,0.038843859917418566,0.03535885023602634,0.044961003211500226,0
2017-06-30,44.77268612438485,53.87758172121811,43.60324916934461,44.020904541015625,9636128,9421000000.0,1029000000.0,33259000000.0,1016000000.0,26156000000.0,2410000000.0,18.51982,19.93,71.879,91673000.0,INDRAMEDCO.NS,0.038843859917418566,0.03535885023602634,0.044961003211500226,0
2017-09-30,44.229734135625954,50.87045637553498,43.47795513428699,43.90867614746094,10050007,9421000000.0,1029000000.0,33259000000.0,1016000000.0,26156000000.0,2410000000.0,18.51982,19.93,71.879,91673000.0,INDRAMEDCO.NS,0.038843859917418566,0.03535885023602634,0.044961003211500226,1
2017-12-31,44.21090644750028,56.99062196412448,43.39058594197913,56.51569747924805,12913143,9421000000.0,1029000000.0,33259000000.0,1016000000.0,26156000000.0,2410000000.0,18.51982,19.93,71.879,91673000.0,INDRAMEDCO.NS,0.038843859917418566,0.03535885023602634,0.044961003211500226,0
2018-03-31,56.9042679217173,59.149351477737284,39.97978295126879,41.87947082519531,15257829,9421000000.0,1029000000.0,33259000000.0,1016000000.0,26156000000.0,2410000000.0,18.51982,19.93,71.879,91673000.0,INDRAMEDCO.NS,0.038843859917418566,0.03535885023602634,0.044961003211500226,0
2018-06-30,42.31121720190575,44.29725285709818,34.669294398071806,37.00072479248047,3217420,9421000000.0,1029000000.0,33259000000.0,1016000000.0,26156000000.0,2410000000.0,18.51982,19.93,71.879,91673000.0,INDRAMEDCO.NS,0.038843859917418566,0.03535885023602634,0.044961003211500226,0
2018-09-30,36.9143721886104,44.90169895984643,34.81187260145425,35.525047302246094,3702118,9421000000.0,1029000000.0,33259000000.0,1016000000.0,26156000000.0,2410000000.0,18.51982,19.93,71.879,91673000.0,INDRAMEDCO.NS,0.038843859917418566,0.03535885023602634,0.044961003211500226,0
2018-12-31,35.792486729250875,37.53084971741548,33.474668669581355,34.81187057495117,3000274,9421000000.0,1029000000.0,33259000000.0,1016000000.0,26156000000.0,2410000000.0,18.51982,19.93,71.879,91673000.0,INDRAMEDCO.NS,0.038843859917418566,0.03535885023602634,0.044961003211500226,0
2019-03-31,35.07931373990427,36.906830586686716,32.22661611346737,34.36613845825195,1878281,9421000000.0,1029000000.0,33259000000.0,1016000000.0,26156000000.0,2410000000.0,18.51982,19.93,71.879,91673000.0,INDRAMEDCO.NS,0.038843859917418566,0.03535885023602634,0.044961003211500226,0
2019-06-30,34.143274829898395,36.104508045860015,32.98435861710018,33.78668212890625,1672587,9421000000.0,1029000000.0,33259000000.0,1016000000.0,26156000000.0,2410000000.0,18.51982,19.93,71.879,91673000.0,INDRAMEDCO.NS,0.038843859917418566,0.03535885023602634,0.044961003211500226,1
2019-09-30,33.47466536985392,37.20704548079991,31.290565517611338,34.4630241394043,1882346,9421000000.0,1029000000.0,33259000000.0,1016000000.0,26156000000.0,2410000000.0,18.51982,19.93,71.879,91673000.0,INDRAMEDCO.NS,0.038843859917418566,0.03535885023602634,0.044961003211500226,1
2019-12-31,34.88160900264395,44.41591011264251,32.649183589397786,36.78846740722656,6836448,9421000000.0,1029000000.0,33259000000.0,1016000000.0,26156000000.0,2410000000.0,18.51982,19.93,71.879,91673000.0,INDRAMEDCO.NS,0.038843859917418566,0.03535885023602634,0.044961003211500226,0
2020-03-31,36.78846872148309,48.83424623959961,26.04493154216096,31.532970428466797,15517825,9421000000.0,1029000000.0,33259000000.0,1016000000.0,26156000000.0,2410000000.0,18.51982,19.93,71.879,91673000.0,INDRAMEDCO.NS,0.038843859917418566,0.03535885023602634,0.044961003211500226,1
2020-06-30,31.532975196305955,60.461453217483715,27.905284947459638,48.22963333129883,31233252,9421000000.0,1029000000.0,33259000000.0,1016000000.0,26156000000.0,2410000000.0,18.51982,19.93,71.879,91673000.0,INDRAMEDCO.NS,0.038843859917418566,0.03535885023602634,0.044961003211500226,0
2020-09-30,47.71803544959847,57.11282216847377,42.13697839381255,46.648338317871094,28553503,9421000000.0,1029000000.0,33259000000.0,1016000000.0,26156000000.0,2410000000.0,18.51982,19.93,71.879,91673000.0,INDRAMEDCO.NS,0.038843859917418566,0.03535885023602634,0.044961003211500226,1
2020-12-31,47.43898689634242,64.87978770743582,44.36940423416522,53.159568786621094,27875227,9421000000.0,1029000000.0,33259000000.0,1016000000.0,26156000000.0,2410000000.0,18.51982,19.93,71.879,91673000.0,INDRAMEDCO.NS,0.038843859917418566,0.03535885023602634,0.044961003211500226,0
2021-03-31,53.67116390568073,56.740746023265885,48.27614278460032,49.950462341308594,13869475,9421000000.0,1029000000.0,33259000000.0,1016000000.0,26156000000.0,2410000000.0,18.51982,19.93,71.879,91673000.0,INDRAMEDCO.NS,0.038843859917418566,0.03535885023602634,0.044961003211500226,1
2021-06-30,50.229514258248464,95.34305077826403,50.229513400999714,78.41384887695312,114424408,9421000000.0,1029000000.0,33259000000.0,1016000000.0,26156000000.0,2410000000.0,18.51982,19.93,71.879,91673000.0,INDRAMEDCO.NS,0.038843859917418566,0.03535885023602634,0.044961003211500226,0
2021-09-30,78.92544437849112,87.62258990328796,67.01919935591127,73.20486450195312,33206844,9421000000.0,1029000000.0,33259000000.0,1016000000.0,26156000000.0,2410000000.0,18.51982,19.93,71.879,91673000.0,INDRAMEDCO.NS,0.038843859917418566,0.03535885023602634,0.044961003211500226,0
2021-12-31,72.92581158317861,81.39041293490756,62.13576746905152,70.83291625976562,19054418,9421000000.0,1029000000.0,33259000000.0,1016000000.0,26156000000.0,2410000000.0,18.51982,19.93,71.879,91673000.0,INDRAMEDCO.NS,0.038843859917418566,0.03535885023602634,0.044961003211500226,0
2022-03-31,73.01882787087126,78.83242398588914,52.834002976590384,54.322288513183594,12614995,9421000000.0,1029000000.0,33259000000.0,1016000000.0,26156000000.0,2410000000.0,18.51982,19.93,71.879,91673000.0,INDRAMEDCO.NS,0.038843859917418566,0.03535885023602634,0.044961003211500226,0
2022-06-30,54.55483018939358,67.4377753029407,48.41567218944565,51.392234802246094,7363253,9421000000.0,1029000000.0,33259000000.0,1016000000.0,26156000000.0,2410000000.0,18.51982,19.93,71.879,91673000.0,INDRAMEDCO.NS,0.038843859917418566,0.03535885023602634,0.044961003211500226,1
2022-09-30,51.996852251653394,69.90863292904685,50.78762032385719,60.953399658203125,10156743,9421000000.0,1029000000.0,33259000000.0,1016000000.0,26156000000.0,2410000000.0,18.51982,19.93,71.879,91673000.0,INDRAMEDCO.NS,0.038843859917418566,0.03535885023602634,0.044961003211500226,1
2022-12-31,61.24227200460511,89.84126441542409,58.20904839972459,80.0193862915039,22117041,9421000000.0,1029000000.0,33259000000.0,1016000000.0,26156000000.0,2410000000.0,18.51982,19.93,71.879,91673000.0,INDRAMEDCO.NS,0.038843859917418566,0.03535885023602634,0.044961003211500226,0
2023-03-31,80.88603200762847,90.8042000656374,73.27887781277765,74.19366455078125,5233862,9421000000.0,1029000000.0,33259000000.0,1016000000.0,26156000000.0,2410000000.0,18.51982,19.93,71.879,91673000.0,INDRAMEDCO.NS,0.038843859917418566,0.03535885023602634,0.044961003211500226,1
2023-06-30,75.39734063231174,92.4411708402082,74.62699452440161,87.96355438232422,5274684,9421000000.0,1029000000.0,33259000000.0,1016000000.0,26156000000.0,2410000000.0,18.51982,19.93,71.879,91673000.0,INDRAMEDCO.NS,0.038843859917418566,0.03535885023602634,0.044961003211500226,1
2023-09-30,89.02277980110902,179.10476791796657,85.36364615363323,164.70623779296875,12942709,9421000000.0,1029000000.0,33259000000.0,1016000000.0,26156000000.0,2410000000.0,18.51982,19.93,71.879,91673000.0,INDRAMEDCO.NS,0.038843859917418566,0.03535885023602634,0.044961003211500226,1
2023-12-31,166.81597378253863,225.4959472868356,146.20928594255193,169.22007751464844,7956840,9421000000.0,1029000000.0,33259000000.0,1016000000.0,26156000000.0,2410000000.0,18.51982,19.93,71.879,91673000.0,INDRAMEDCO.NS,0.038843859917418566,0.03535885023602634,0.044961003211500226,0
2024-03-31,171.72230739219515,199.88477734434676,151.60627174705496,168.14068603515625,8033732,9421000000.0,1029000000.0,33259000000.0,1016000000.0,26156000000.0,2410000000.0,18.51982,19.93,71.879,91673000.0,INDRAMEDCO.NS,0.038843859917418566,0.03535885023602634,0.044961003211500226,1
2024-06-30,171.57512946749736,277.5032551692992,170.10322391864148,233.9152374267578,32689724,9421000000.0,1029000000.0,33259000000.0,1016000000.0,26156000000.0,2410000000.0,18.51982,19.93,71.879,91673000.0,INDRAMEDCO.NS,0.038843859917418566,0.03535885023602634,0.044961003211500226,1
2024-09-30,237.8697581598108,479.47004868541234,228.14536458073246,423.4493408203125,41871928,3498200000.0,424000000.0,8063200000.0,327400000.0,5244300000.0,667700000.0,18.51982,19.93,71.879,91673000.0,INDRAMEDCO.NS,0.06242968556337357,0.05258458180375037,0.08084968441927426,1
2024-12-31,425.57919778814636,524.9404781357932,381.39662765359066,518.0059814453125,19048500,3249300000.0,328100000.0,8063200000.0,327400000.0,5244300000.0,667700000.0,18.51982,19.93,71.879,91673000.0,INDRAMEDCO.NS,0.06242968556337357,0.05258458180375037,0.08084968441927426,0
2025-03-31,532.9646024259489,566.6464289522692,304.37432410508376,382.486328125,17287187,2843400000.0,410100000.0,8516200000.0,327600000.0,5966800000.0,614800000.0,18.51982,19.93,71.879,91673000.0,INDRAMEDCO.NS,0.054903801032379164,0.04815528052417745,0.06873030770262117,1
2025-06-30,373.9668178801015,498.2922034646867,318.9367387814896,480.8074035644531,15823414,3650600000.0,514600000.0,8516200000.0,327600000.0,5966800000.0,614800000.0,18.51982,19.93,71.879,91673000.0,INDRAMEDCO.NS,0.054903801032379164,0.04815528052417745,0.06873030770262117,0
2025-09-30,484.6708963534819,518.9966114020981,427.06515455451506,444.79998779296875,14624771,3650600000.0,514600000.0,8516200000.0,327600000.0,5966800000.0,614800000.0,18.51982,19.93,71.879,91673000.0,INDRAMEDCO.NS,0.054903801032379164,0.04815528052417745,0.06873030770262117,1
2025-12-31,448.8500061035156,640.8499755859375,438.1000061035156,448.1000061035156,43884637,3716100000.0,410000000.0,8516200000.0,327600000.0,5966800000.0,614800000.0,18.51982,19.93,71.879,91673000.0,INDRAMEDCO.NS,0.054903801032379164,0.04815528052417745,0.06873030770262117,0
2026-03-31,451.0,460.45001220703125,342.0,369.1000061035156,12670597,3716100000.0,410000000.0,8516200000.0,327600000.0,5966800000.0,614800000.0,18.51982,19.93,71.879,91673000.0,INDRAMEDCO.NS,0.054903801032379164,0.04815528052417745,0.06873030770262117,0
2021-06-30,201.8000030517578,211.8000030517578,187.6199951171875,189.41000366210938,79530025,3716100000.0,410000000.0,8516200000.0,327600000.0,5966800000.0,614800000.0,84.29144,7.48,56.74,400138935.0,KIMS.NS,0.054903801032379164,0.04815528052417745,0.06873030770262117,1
2021-09-30,188.9199981689453,279.5,187.50999450683594,244.25999450683594,162203170,3716100000.0,410000000.0,8516200000.0,327600000.0,5966800000.0,614800000.0,84.29144,7.48,56.74,400138935.0,KIMS.NS,0.054903801032379164,0.04815528052417745,0.06873030770262117,1
2021-12-31,241.0,298.989990234375,200.0,285.1300048828125,62505730,3716100000.0,410000000.0,8516200000.0,327600000.0,5966800000.0,614800000.0,84.29144,7.48,56.74,400138935.0,KIMS.NS,0.054903801032379164,0.04815528052417745,0.06873030770262117,0
2022-03-31,289.79998779296875,313.0,231.72999572753906,276.6400146484375,42839135,3716100000.0,410000000.0,8516200000.0,327600000.0,5966800000.0,614800000.0,84.29144,7.48,56.74,400138935.0,KIMS.NS,0.054903801032379164,0.04815528052417745,0.06873030770262117,0
2022-06-30,279.79998779296875,297.3999938964844,222.64999389648438,236.91000366210938,27601510,3716100000.0,410000000.0,8516200000.0,327600000.0,5966800000.0,614800000.0,84.29144,7.48,56.74,400138935.0,KIMS.NS,0.054903801032379164,0.04815528052417745,0.06873030770262117,1
2022-09-30,236.39999389648438,314.7799987792969,233.39999389648438,302.7900085449219,33959225,3716100000.0,410000000.0,8516200000.0,327600000.0,5966800000.0,614800000.0,84.29144,7.48,56.74,400138935.0,KIMS.NS,0.054903801032379164,0.04815528052417745,0.06873030770262117,1
2022-12-31,301.6000061035156,333.67999267578125,278.0,309.4599914550781,26851650,3716100000.0,410000000.0,8516200000.0,327600000.0,5966800000.0,614800000.0,84.29144,7.48,56.74,400138935.0,KIMS.NS,0.054903801032379164,0.04815528052417745,0.06873030770262117,0
2023-03-31,309.0,311.989990234375,256.3999938964844,280.2900085449219,19983925,3716100000.0,410000000.0,8516200000.0,327600000.0,5966800000.0,614800000.0,84.29144,7.48,56.74,400138935.0,KIMS.NS,0.054903801032379164,0.04815528052417745,0.06873030770262117,1
2023-06-30,279.9800109863281,371.54998779296875,275.82000732421875,357.5,33734590,3716100000.0,410000000.0,8516200000.0,327600000.0,5966800000.0,614800000.0,84.29144,7.48,56.74,400138935.0,KIMS.NS,0.054903801032379164,0.04815528052417745,0.06873030770262117,1
2023-09-30,357.5,445.9800109863281,344.0,395.3599853515625,42300495,3716100000.0,410000000.0,8516200000.0,327600000.0,5966800000.0,614800000.0,84.29144,7.48,56.74,400138935.0,KIMS.NS,0.054903801032379164,0.04815528052417745,0.06873030770262117,1
2023-12-31,397.44000244140625,410.5899963378906,354.4100036621094,395.8399963378906,30011925,3716100000.0,410000000.0,8516200000.0,327600000.0,5966800000.0,614800000.0,84.29144,7.48,56.74,400138935.0,KIMS.NS,0.054903801032379164,0.04815528052417745,0.06873030770262117,1
2024-03-31,395.79998779296875,471.2799987792969,377.1099853515625,411.8500061035156,31533220,3716100000.0,410000000.0,8516200000.0,327600000.0,5966800000.0,614800000.0,84.29144,7.48,56.74,400138935.0,KIMS.NS,0.054903801032379164,0.04815528052417745,0.06873030770262117,1
2024-06-30,411.8500061035156,437.989990234375,350.0,416.8699951171875,26774885,3716100000.0,410000000.0,8516200000.0,327600000.0,5966800000.0,614800000.0,84.29144,7.48,56.74,400138935.0,KIMS.NS,0.054903801032379164,0.04815528052417745,0.06873030770262117,1
2024-09-30,416.8800048828125,580.0,412.0,556.5499877929688,32619869,3716100000.0,410000000.0,45787000000.0,17823000000.0,20020000000.0,632000000.0,84.29144,7.48,56.74,400138935.0,KIMS.NS,0.8902597402597403,0.04815528052417745,0.06873030770262117,1
2024-12-31,560.0,634.6500244140625,507.79998779296875,598.0,28716022,7724000000.0,887000000.0,45787000000.0,17823000000.0,20020000000.0,632000000.0,84.29144,7.48,56.74,400138935.0,KIMS.NS,0.8902597402597403,0.04815528052417745,0.06873030770262117,1
2025-03-31,601.0,674.2999877929688,474.04998779296875,639.5999755859375,40013293,7654000000.0,1018000000.0,57360000000.0,25567000000.0,21378000000.0,560000000.0,84.29144,7.48,56.74,400138935.0,KIMS.NS,1.1959491065581438,0.017747559274755926,0.047619047619047616,1
2025-06-30,642.7999877929688,708.0,528.0499877929688,673.5999755859375,37742621,8716000000.0,786000000.0,57360000000.0,25567000000.0,21378000000.0,560000000.0,84.29144,7.48,56.74,400138935.0,KIMS.NS,1.1959491065581438,0.017747559274755926,0.047619047619047616,1
2025-09-30,673.0,798.4000244140625,660.9000244140625,700.1500244140625,30915297,9607000000.0,669000000.0,66253000000.0,31870000000.0,22704000000.0,807000000.0,84.29144,7.48,56.74,400138935.0,KIMS.NS,1.4037174066243834,0.010097655955202029,0.0294661733615222,0
2025-12-31,700.1500244140625,742.7999877929688,599.8499755859375,608.5999755859375,21738187,9977000000.0,534000000.0,66253000000.0,31870000000.0,22704000000.0,807000000.0,84.29144,7.48,56.74,400138935.0,KIMS.NS,1.4037174066243834,0.010097655955202029,0.0294661733615222,1
2026-03-31,610.5,757.5,575.7999877929688,630.5,23234185,9977000000.0,534000000.0,66253000000.0,31870000000.0,22704000000.0,807000000.0,84.29144,7.48,56.74,400138935.0,KIMS.NS,1.4037174066243834,0.010097655955202029,0.0294661733615222,0
2021-09-30,622.558349609375,1882.0720772698844,622.558349609375,1686.8046875,408448,9977000000.0,534000000.0,66253000000.0,31870000000.0,22704000000.0,807000000.0,20.739254,124.45,1087.669,10942300.0,KOVAI.NS,1.4037174066243834,0.010097655955202029,0.0294661733615222,1
2021-12-31,1686.6549946106747,1803.0810176260345,1569.4304013423102,1701.82568359375,247422,9977000000.0,534000000.0,66253000000.0,31870000000.0,22704000000.0,807000000.0,20.739254,124.45,1087.669,10942300.0,KOVAI.NS,1.4037174066243834,0.010097655955202029,0.0294661733615222,0
2022-03-31,1681.864166353768,1921.3034434038548,1482.2481896542863,1588.8431396484375,366269,9977000000.0,534000000.0,66253000000.0,31870000000.0,22704000000.0,807000000.0,20.739254,124.45,1087.669,10942300.0,KOVAI.NS,1.4037174066243834,0.010097655955202029,0.0294661733615222,0
2022-06-30,1595.8296507744528,1799.9369948222381,1296.954666617334,1457.3460693359375,165082,9977000000.0,534000000.0,66253000000.0,31870000000.0,22704000000.0,807000000.0,20.739254,124.45,1087.669,10942300.0,KOVAI.NS,1.4037174066243834,0.010097655955202029,0.0294661733615222,1
2022-09-30,1462.3365823309296,1659.9563011204734,1403.6993759065156,1507.94873046875,144996,9977000000.0,534000000.0,66253000000.0,31870000000.0,22704000000.0,807000000.0,20.739254,124.45,1087.669,10942300.0,KOVAI.NS,1.4037174066243834,0.010097655955202029,0.0294661733615222,1
2022-12-31,1508.5974347072595,1842.0060188746368,1447.315377589638,1679.2191162109375,281119,9977000000.0,534000000.0,66253000000.0,31870000000.0,22704000000.0,807000000.0,20.739254,124.45,1087.669,10942300.0,KOVAI.NS,1.4037174066243834,0.010097655955202029,0.0294661733615222,1
2023-03-31,1667.7911686363834,2084.9884645715692,1667.7911686363834,1842.804443359375,531041,9977000000.0,534000000.0,66253000000.0,31870000000.0,22704000000.0,807000000.0,20.739254,124.45,1087.669,10942300.0,KOVAI.NS,1.4037174066243834,0.010097655955202029,0.0294661733615222,1
2023-06-30,1835.6681707332825,2337.05369268603,1816.7546087896797,2239.141845703125,406283,9977000000.0,534000000.0,66253000000.0,31870000000.0,22704000000.0,807000000.0,20.739254,124.45,1087.669,10942300.0,KOVAI.NS,1.4037174066243834,0.010097655955202029,0.0294661733615222,1
2023-09-30,2270.7313426184655,2844.527176272008,2230.7082470703126,2594.199951171875,491251,9977000000.0,534000000.0,66253000000.0,31870000000.0,22704000000.0,807000000.0,20.739254,124.45,1087.669,10942300.0,KOVAI.NS,1.4037174066243834,0.010097655955202029,0.0294661733615222,0
2023-12-31,2620.0,2768.89990234375,2505.60009765625,2576.64990234375,82228,9977000000.0,534000000.0,66253000000.0,31870000000.0,22704000000.0,807000000.0,20.739254,124.45,1087.669,10942300.0,KOVAI.NS,1.4037174066243834,0.010097655955202029,0.0294661733615222,0
2021-09-30,990.0633690515882,1082.763315419839,753.2180318168024,759.2240600585938,16363051,9977000000.0,534000000.0,66253000000.0,31870000000.0,22704000000.0,807000000.0,23.48875,24.45,284.461,32438672.0,KRSNAA.NS,1.4037174066243834,0.010097655955202029,0.0294661733615222,0
2021-12-31,759.1256990030244,823.9122407982971,616.3588188635957,726.0924072265625,8757412,9977000000.0,534000000.0,66253000000.0,31870000000.0,22704000000.0,807000000.0,23.48875,24.45,284.461,32438672.0,KRSNAA.NS,1.4037174066243834,0.010097655955202029,0.0294661733615222,0
2022-03-31,748.2950761735576,783.7406327551944,472.6074400442321,481.1734619140625,5853988,9977000000.0,534000000.0,66253000000.0,31870000000.0,22704000000.0,807000000.0,23.48875,24.45,284.461,32438672.0,KRSNAA.NS,1.4037174066243834,0.010097655955202029,0.0294661733615222,1
2022-06-30,482.4534583120021,644.9122386439116,482.4534583120021,526.8588256835938,5982239,9977000000.0,534000000.0,66253000000.0,31870000000.0,22704000000.0,807000000.0,23.48875,24.45,284.461,32438672.0,KRSNAA.NS,1.4037174066243834,0.010097655955202029,0.0294661733615222,0
2022-09-30,518.9328407645854,594.7961225213759,440.7801443740215,493.9112243652344,4279244,9977000000.0,534000000.0,66253000000.0,31870000000.0,22704000000.0,807000000.0,23.48875,24.45,284.461,32438672.0,KRSNAA.NS,1.4037174066243834,0.010097655955202029,0.0294661733615222,0
2022-12-31,494.7027368823498,503.5579319221308,444.7377462599079,456.0169982910156,3203515,9977000000.0,534000000.0,66253000000.0,31870000000.0,22704000000.0,807000000.0,23.48875,24.45,284.461,32438672.0,KRSNAA.NS,1.4037174066243834,0.010097655955202029,0.0294661733615222,0
2023-03-31,456.1159316462377,468.8792338269916,349.35908516847417,455.32440185546875,6316956,9977000000.0,534000000.0,66253000000.0,31870000000.0,22704000000.0,807000000.0,23.48875,24.45,284.461,32438672.0,KRSNAA.NS,1.4037174066243834,0.010097655955202029,0.0294661733615222,1
2023-06-30,464.4269289152944,602.5479686165081,457.1053343604933,578.8516845703125,6494861,9977000000.0,534000000.0,66253000000.0,31870000000.0,22704000000.0,807000000.0,23.48875,24.45,284.461,32438672.0,KRSNAA.NS,1.4037174066243834,0.010097655955202029,0.0294661733615222,1
2023-09-30,579.4453685027715,692.2870607244947,443.8473015663261,677.001953125,10246922,9977000000.0,534000000.0,66253000000.0,31870000000.0,22704000000.0,807000000.0,23.48875,24.45,284.461,32438672.0,KRSNAA.NS,1.4037174066243834,0.010097655955202029,0.0294661733615222,1
2023-12-31,677.0019651387067,762.9436257851689,607.05629531411,701.443115234375,6658788,9977000000.0,534000000.0,66253000000.0,31870000000.0,22704000000.0,807000000.0,23.48875,24.45,284.461,32438672.0,KRSNAA.NS,1.4037174066243834,0.010097655955202029,0.0294661733615222,0
2024-03-31,707.4044398154609,735.3727687000135,551.8152058993354,610.633056640625,6410993,9977000000.0,534000000.0,66253000000.0,31870000000.0,22704000000.0,807000000.0,23.48875,24.45,284.461,32438672.0,KRSNAA.NS,1.4037174066243834,0.010097655955202029,0.0294661733615222,0
2024-06-30,610.6330896215543,679.5851049563444,524.6416670943946,602.8834228515625,5667938,9977000000.0,534000000.0,66253000000.0,31870000000.0,22704000000.0,807000000.0,23.48875,24.45,284.461,32438672.0,KRSNAA.NS,1.4037174066243834,0.010097655955202029,0.0294661733615222,1
2024-09-30,605.0692259250485,877.724738856179,600.8963654078028,839.1012573242188,9747479,9977000000.0,534000000.0,12945390000.0,2160880000.0,8407620000.0,112790000.0,23.48875,24.45,284.461,32438672.0,KRSNAA.NS,0.2570144702067886,0.010097655955202029,0.0294661733615222,1
2024-12-31,847.224658416944,1040.5912455108444,765.9907551312424,882.6087646484375,8002048,1745120000.0,194150000.0,12945390000.0,2160880000.0,8407620000.0,112790000.0,23.48875,24.45,284.461,32438672.0,KRSNAA.NS,0.2570144702067886,0.010097655955202029,0.0294661733615222,0
2025-03-31,885.2002765526241,966.8328534986802,670.8524049374805,785.3274536132812,4408057,1860760000.0,206760000.0,12815950000.0,2035270000.0,8827700000.0,38460000.0,23.48875,24.45,284.461,32438672.0,KRSNAA.NS,0.23055495768999854,0.016133021742438133,0.023421729329270363,0
2025-06-30,796.1918127890445,823.7515675269793,623.7068684832828,702.8974609375,6053328,1929780000.0,205200000.0,12815950000.0,2035270000.0,8827700000.0,38460000.0,23.48875,24.45,284.461,32438672.0,KRSNAA.NS,0.23055495768999854,0.016133021742438133,0.023421729329270363,1
2025-09-30,706.6850825232601,894.4000244140625,691.5346990523427,756.7999877929688,5556611,2059910000.0,239450000.0,15066910000.0,2857400000.0,9229550000.0,105600000.0,23.48875,24.45,284.461,32438672.0,KRSNAA.NS,0.3095925586837928,0.015892442445066705,0.02594384341598453,0
2025-12-31,758.0,848.0999755859375,703.0,721.3499755859375,7095741,1812010000.0,152460000.0,15066910000.0,2857400000.0,9229550000.0,105600000.0,23.48875,24.45,284.461,32438672.0,KRSNAA.NS,0.3095925586837928,0.015892442445066705,0.02594384341598453,0
2026-03-31,715.0,775.0,567.3499755859375,574.2999877929688,4068509,1812010000.0,152460000.0,15066910000.0,2857400000.0,9229550000.0,105600000.0,23.48875,24.45,284.461,32438672.0,KRSNAA.NS,0.3095925586837928,0.015892442445066705,0.02594384341598453,0
2016-03-31,439.25732744776343,452.79096016343107,427.0816962154699,432.3733825683594,915916,1812010000.0,152460000.0,15066910000.0,2857400000.0,9229550000.0,105600000.0,41.301327,31.66,143.094,166973474.0,LALPATHLAB.NS,0.3095925586837928,0.015892442445066705,0.02594384341598453,0
2016-06-30,430.8280400471443,489.0834893694872,360.5842612826897,396.78326416015625,7213586,1812010000.0,152460000.0,15066910000.0,2857400000.0,9229550000.0,105600000.0,41.301327,31.66,143.094,166973474.0,LALPATHLAB.NS,0.3095925586837928,0.015892442445066705,0.02594384341598453,1
2016-09-30,400.3421980482797,599.0351052301988,391.07000850220066,502.3725891113281,14141660,1812010000.0,152460000.0,15066910000.0,2857400000.0,9229550000.0,105600000.0,41.301327,31.66,143.094,166973474.0,LALPATHLAB.NS,0.3095925586837928,0.015892442445066705,0.02594384341598453,1
2016-12-31,500.5417519453438,600.9129728989693,469.93270863236523,502.7715759277344,10291784,1812010000.0,152460000.0,15066910000.0,2857400000.0,9229550000.0,105600000.0,41.301327,31.66,143.094,166973474.0,LALPATHLAB.NS,0.3095925586837928,0.015892442445066705,0.02594384341598453,0
2017-03-31,504.6493753370295,533.5918258880723,435.8135948244399,454.7793884277344,17700442,1812010000.0,152460000.0,15066910000.0,2857400000.0,9229550000.0,105600000.0,41.301327,31.66,143.094,166973474.0,LALPATHLAB.NS,0.3095925586837928,0.015892442445066705,0.02594384341598453,0
2017-06-30,454.99086913081646,466.85917434316474,366.62487494603465,367.54144287109375,16930962,1812010000.0,152460000.0,15066910000.0,2857400000.0,9229550000.0,105600000.0,41.301327,31.66,143.094,166973474.0,LALPATHLAB.NS,0.3095925586837928,0.015892442445066705,0.02594384341598453,1
2017-09-30,368.0349408062496,414.93660730097537,358.23478814905644,375.58587646484375,10146492,1812010000.0,152460000.0,15066910000.0,2857400000.0,9229550000.0,105600000.0,41.301327,31.66,143.094,166973474.0,LALPATHLAB.NS,0.3095925586837928,0.015892442445066705,0.02594384341598453,1
2017-12-31,374.455476776011,427.6531913327427,340.54475459115315,415.77081298828125,10614566,1812010000.0,152460000.0,15066910000.0,2857400000.0,9229550000.0,105600000.0,41.301327,31.66,143.094,166973474.0,LALPATHLAB.NS,0.3095925586837928,0.015892442445066705,0.02594384341598453,0
2018-03-31,416.12469915217514,438.7460551197231,388.101627499636,413.4120178222656,8752792,1812010000.0,152460000.0,15066910000.0,2857400000.0,9229550000.0,105600000.0,41.301327,31.66,143.094,166973474.0,LALPATHLAB.NS,0.3095925586837928,0.015892442445066705,0.02594384341598453,1
2018-06-30,413.4120666081322,464.52835557930973,376.66121809767213,451.81414794921875,12153260,1812010000.0,152460000.0,15066910000.0,2857400000.0,9229550000.0,105600000.0,41.301327,31.66,143.094,166973474.0,LALPATHLAB.NS,0.3095925586837928,0.015892442445066705,0.02594384341598453,1
2018-09-30,452.8755888042153,531.0470519246096,412.7987210431113,453.6854248046875,9608658,1812010000.0,152460000.0,15066910000.0,2857400000.0,9229550000.0,105600000.0,41.301327,31.66,143.094,166973474.0,LALPATHLAB.NS,0.3095925586837928,0.015892442445066705,0.02594384341598453,0
2018-12-31,450.9166003632999,476.6169729704904,386.1687572275496,432.1463928222656,11588922,1812010000.0,152460000.0,15066910000.0,2857400000.0,9229550000.0,105600000.0,41.301327,31.66,143.094,166973474.0,LALPATHLAB.NS,0.3095925586837928,0.015892442445066705,0.02594384341598453,1
2019-03-31,431.98018459478584,534.0707106613121,425.87981060680124,509.9070129394531,9323236,1812010000.0,152460000.0,15066910000.0,2857400000.0,9229550000.0,105600000.0,41.301327,31.66,143.094,166973474.0,LALPATHLAB.NS,0.3095925586837928,0.015892442445066705,0.02594384341598453,0
2019-06-30,499.5104703914771,559.2790292306178,453.3667124205192,507.8180847167969,10069874,1812010000.0,152460000.0,15066910000.0,2857400000.0,9229550000.0,105600000.0,41.301327,31.66,143.094,166973474.0,LALPATHLAB.NS,0.3095925586837928,0.015892442445066705,0.02594384341598453,1
2019-09-30,507.96058251722803,702.0609906517476,489.6597743262739,663.3618774414062,10928004,1812010000.0,152460000.0,15066910000.0,2857400000.0,9229550000.0,105600000.0,41.301327,31.66,143.094,166973474.0,LALPATHLAB.NS,0.3095925586837928,0.015892442445066705,0.02594384341598453,1
2019-12-31,665.9578789911112,808.9896522769893,623.9483182645562,714.1627807617188,14763936,1812010000.0,152460000.0,15066910000.0,2857400000.0,9229550000.0,105600000.0,41.301327,31.66,143.094,166973474.0,LALPATHLAB.NS,0.3095925586837928,0.015892442445066705,0.02594384341598453,0
2020-03-31,714.6646849811406,874.8068495143065,565.8498634508834,672.4188842773438,20859814,1812010000.0,152460000.0,15066910000.0,2857400000.0,9229550000.0,105600000.0,41.301327,31.66,143.094,166973474.0,LALPATHLAB.NS,0.3095925586837928,0.015892442445066705,0.02594384341598453,1
2020-06-30,676.6164424561136,811.2008816912968,626.030321962032,750.5408325195312,17618670,1812010000.0,152460000.0,15066910000.0,2857400000.0,9229550000.0,105600000.0,41.301327,31.66,143.094,166973474.0,LALPATHLAB.NS,0.3095925586837928,0.015892442445066705,0.02594384341598453,1
2020-09-30,753.6348710351622,973.3451401736854,740.2507645417377,901.7474365234375,20353132,1812010000.0,152460000.0,15066910000.0,2857400000.0,9229550000.0,105600000.0,41.301327,31.66,143.094,166973474.0,LALPATHLAB.NS,0.3095925586837928,0.015892442445066705,0.02594384341598453,1
2020-12-31,906.1848713218839,1148.7774087076095,882.6787523728249,1108.9688720703125,25562490,1812010000.0,152460000.0,15066910000.0,2857400000.0,9229550000.0,105600000.0,41.301327,31.66,143.094,166973474.0,LALPATHLAB.NS,0.3095925586837928,0.015892442445066705,0.02594384341598453,1
2021-03-31,1115.6794645698835,1319.470882462306,1057.4470264543304,1305.5093994140625,29074832,1812010000.0,152460000.0,15066910000.0,2857400000.0,9229550000.0,105600000.0,41.301327,31.66,143.094,166973474.0,LALPATHLAB.NS,0.3095925586837928,0.015892442445066705,0.02594384341598453,1
2021-06-30,1310.332015472909,1639.3556122173354,1269.3395304985625,1578.1805419921875,64898144,1812010000.0,152460000.0,15066910000.0,2857400000.0,9229550000.0,105600000.0,41.301327,31.66,143.094,166973474.0,LALPATHLAB.NS,0.3095925586837928,0.015892442445066705,0.02594384341598453,1
2021-09-30,1586.6202876595892,2055.4012080337266,1568.3184401121698,1780.0732421875,42788432,1812010000.0,152460000.0,15066910000.0,2857400000.0,9229550000.0,105600000.0,41.301327,31.66,143.094,166973474.0,LALPATHLAB.NS,0.3095925586837928,0.015892442445066705,0.02594384341598453,1
2021-12-31,1780.1701782070784,1909.773346238238,1590.4367574104365,1850.490966796875,27936558,1812010000.0,152460000.0,15066910000.0,2857400000.0,9229550000.0,105600000.0,41.301327,31.66,143.094,166973474.0,LALPATHLAB.NS,0.3095925586837928,0.015892442445066705,0.02594384341598453,0
2022-03-31,1855.2112598188467,1884.7434944940435,1095.794687397067,1263.9351806640625,30445688,1812010000.0,152460000.0,15066910000.0,2857400000.0,9229550000.0,105600000.0,41.301327,31.66,143.094,166973474.0,LALPATHLAB.NS,0.3095925586837928,0.015892442445066705,0.02594384341598453,0
2022-06-30,1268.437625962247,1393.6112640632457,874.1327476945579,1049.0521240234375,44287462,1812010000.0,152460000.0,15066910000.0,2857400000.0,9229550000.0,105600000.0,41.301327,31.66,143.094,166973474.0,LALPATHLAB.NS,0.3095925586837928,0.015892442445066705,0.02594384341598453,1
2022-09-30,1052.7182850214842,1338.6999914280987,950.7947302892525,1226.12744140625,33701438,1812010000.0,152460000.0,15066910000.0,2857400000.0,9229550000.0,105600000.0,41.301327,31.66,143.094,166973474.0,LALPATHLAB.NS,0.3095925586837928,0.015892442445066705,0.02594384341598453,0
2022-12-31,1222.8416847142996,1306.8877906940108,1090.991729525104,1100.3870849609375,34611538,1812010000.0,152460000.0,15066910000.0,2857400000.0,9229550000.0,105600000.0,41.301327,31.66,143.094,166973474.0,LALPATHLAB.NS,0.3095925586837928,0.015892442445066705,0.02594384341598453,0
2023-03-31,1100.4115115724758,1108.0056660629161,857.765979441576,889.919189453125,24256144,1812010000.0,152460000.0,15066910000.0,2857400000.0,9229550000.0,105600000.0,41.301327,31.66,143.094,166973474.0,LALPATHLAB.NS,0.3095925586837928,0.015892442445066705,0.02594384341598453,1
2023-06-30,890.7467995078657,1114.7722292350254,886.4872988587728,1099.8760986328125,31445332,1812010000.0,152460000.0,15066910000.0,2857400000.0,9229550000.0,105600000.0,41.301327,31.66,143.094,166973474.0,LALPATHLAB.NS,0.3095925586837928,0.015892442445066705,0.02594384341598453,1
2023-09-30,1104.50071988158,1244.5024963156707,1055.515178961594,1235.1326904296875,28742562,1812010000.0,152460000.0,15066910000.0,2857400000.0,9229550000.0,105600000.0,41.301327,31.66,143.094,166973474.0,LALPATHLAB.NS,0.3095925586837928,0.015892442445066705,0.02594384341598453,1
2023-12-31,1244.1600273241231,1353.9071930636592,1131.3793494278946,1261.2362060546875,32495452,1812010000.0,152460000.0,15066910000.0,2857400000.0,9229550000.0,105600000.0,41.301327,31.66,143.094,166973474.0,LALPATHLAB.NS,0.3095925586837928,0.015892442445066705,0.02594384341598453,0
2024-03-31,1262.3370762776217,1302.4832333794707,955.6922576161558,1112.6142578125,28696386,1812010000.0,152460000.0,15066910000.0,2857400000.0,9229550000.0,105600000.0,41.301327,31.66,143.094,166973474.0,LALPATHLAB.NS,0.3095925586837928,0.015892442445066705,0.02594384341598453,1
2024-06-30,1112.638661823899,1423.5363115542325,1064.8960551647144,1370.1722412109375,33895420,1812010000.0,152460000.0,15066910000.0,2857400000.0,9229550000.0,105600000.0,41.301327,31.66,143.094,166973474.0,LALPATHLAB.NS,0.3095925586837928,0.015892442445066705,0.02594384341598453,1
2024-09-30,1377.2185244930938,1707.6920340468314,1367.363640370718,1630.3389892578125,31763694,6602000000.0,1292000000.0,25975000000.0,1985000000.0,20016000000.0,1068000000.0,41.301327,31.66,143.094,166973474.0,LALPATHLAB.NS,0.09917066346922462,0.04974013474494707,0.06454836131095124,0
2024-12-31,1633.942625504074,1803.729286571277,1385.0151894302405,1484.0101318359375,24642260,5967000000.0,967000000.0,25975000000.0,1985000000.0,20016000000.0,1068000000.0,41.301327,31.66,143.094,166973474.0,LALPATHLAB.NS,0.09917066346922462,0.04974013474494707,0.06454836131095124,0
2025-03-31,1479.4844687965328,1554.985866776788,1136.8094045603682,1228.62939453125,27886858,6024220000.0,1548380000.0,27167870000.0,1574300000.0,21727150000.0,2926260000.0,41.301327,31.66,143.094,166973474.0,LALPATHLAB.NS,0.0724577314558053,0.056993058344286834,0.07126475400593267,1
2025-06-30,1234.0568862738505,1504.8459978350074,1165.5573268817473,1388.916748046875,22159138,6698000000.0,1324000000.0,27167870000.0,1574300000.0,21727150000.0,2926260000.0,41.301327,31.66,143.094,166973474.0,LALPATHLAB.NS,0.0724577314558053,0.056993058344286834,0.07126475400593267,1
2025-09-30,1400.092552018331,1761.619796961593,1362.3433824046658,1551.6685791015625,18430946,6698000000.0,1324000000.0,27167870000.0,1574300000.0,21727150000.0,2926260000.0,41.301327,31.66,143.094,166973474.0,LALPATHLAB.NS,0.0724577314558053,0.056993058344286834,0.07126475400593267,0
2025-12-31,1545.149575333067,1650.4834895608128,1344.6463140703581,1478.911376953125,17051180,6598000000.0,905000000.0,27167870000.0,1574300000.0,21727150000.0,2926260000.0,41.301327,31.66,143.094,166973474.0,LALPATHLAB.NS,0.0724577314558053,0.056993058344286834,0.07126475400593267,0
2026-03-31,1479.609752487656,1516.2183979957767,1272.5999755859375,1307.5999755859375,16375891,6598000000.0,905000000.0,27167870000.0,1574300000.0,21727150000.0,2926260000.0,41.301327,31.66,143.094,166973474.0,LALPATHLAB.NS,0.0724577314558053,0.056993058344286834,0.07126475400593267,0
2016-03-31,15.60870561003685,15.939799726264823,14.662724192942594,15.041116714477539,95726,6598000000.0,905000000.0,27167870000.0,1574300000.0,21727150000.0,2926260000.0,326.125,0.32,31.408,20796330.0,LOTUSEYE.NS,0.0724577314558053,0.056993058344286834,0.07126475400593267,1
2016-06-30,15.041117310222651,19.34533811955124,13.764042989276371,15.939799308776855,1769463,6598000000.0,905000000.0,27167870000.0,1574300000.0,21727150000.0,2926260000.0,326.125,0.32,31.408,20796330.0,LOTUSEYE.NS,0.0724577314558053,0.056993058344286834,0.07126475400593267,1
2016-09-30,15.845200081439875,20.054822680538713,13.669443064509121,17.169578552246094,3197365,6598000000.0,905000000.0,27167870000.0,1574300000.0,21727150000.0,2926260000.0,326.125,0.32,31.408,20796330.0,LOTUSEYE.NS,0.0724577314558053,0.056993058344286834,0.07126475400593267,1
2016-12-31,16.933080663707905,30.27143092693798,16.55468734535011,27.00779151916504,6851763,6598000000.0,905000000.0,27167870000.0,1574300000.0,21727150000.0,2926260000.0,326.125,0.32,31.408,20796330.0,LOTUSEYE.NS,0.0724577314558053,0.056993058344286834,0.07126475400593267,1
2017-03-31,27.433483314730676,36.94060109612684,24.122545474043516,34.90674591064453,9589795,6598000000.0,905000000.0,27167870000.0,1574300000.0,21727150000.0,2926260000.0,326.125,0.32,31.408,20796330.0,LOTUSEYE.NS,0.0724577314558053,0.056993058344286834,0.07126475400593267,0
2017-06-30,35.33243648163012,35.33243648163012,25.636117582365838,29.609243392944336,2961086,6598000000.0,905000000.0,27167870000.0,1574300000.0,21727150000.0,2926260000.0,326.125,0.32,31.408,20796330.0,LOTUSEYE.NS,0.0724577314558053,0.056993058344286834,0.07126475400593267,0
2017-09-30,29.372752996634627,40.53533808955592,24.446773529052734,25.117860794067383,2473510,6598000000.0,905000000.0,27167870000.0,1574300000.0,21727150000.0,2926260000.0,326.125,0.32,31.408,20796330.0,LOTUSEYE.NS,0.0724577314558053,0.056993058344286834,0.07126475400593267,1
2017-12-31,25.021994465743347,39.64211883784167,24.590579009959047,32.260154724121094,739706,6598000000.0,905000000.0,27167870000.0,1574300000.0,21727150000.0,2926260000.0,326.125,0.32,31.408,20796330.0,LOTUSEYE.NS,0.0724577314558053,0.056993058344286834,0.07126475400593267,0
2018-03-31,33.698198389461226,35.95114176251451,25.117863624713934,26.460039138793945,874319,6598000000.0,905000000.0,27167870000.0,1574300000.0,21727150000.0,2926260000.0,326.125,0.32,31.408,20796330.0,LOTUSEYE.NS,0.0724577314558053,0.056993058344286834,0.07126475400593267,0
2018-06-30,26.412101040714745,31.15765394540666,19.317742980103475,23.919490814208984,653579,6598000000.0,905000000.0,27167870000.0,1574300000.0,21727150000.0,2926260000.0,326.125,0.32,31.408,20796330.0,LOTUSEYE.NS,0.0724577314558053,0.056993058344286834,0.07126475400593267,1
2018-09-30,27.802214907564768,29.527865155718462,22.193834496207774,25.66317367553711,767719,6598000000.0,905000000.0,27167870000.0,1574300000.0,21727150000.0,2926260000.0,326.125,0.32,31.408,20796330.0,LOTUSEYE.NS,0.0724577314558053,0.056993058344286834,0.07126475400593267,1
2018-12-31,25.760752335173528,32.93277982119155,24.05312667920547,27.7611141204834,454271,6598000000.0,905000000.0,27167870000.0,1574300000.0,21727150000.0,2926260000.0,326.125,0.32,31.408,20796330.0,LOTUSEYE.NS,0.0724577314558053,0.056993058344286834,0.07126475400593267,0
2019-03-31,28.297796697201935,29.176003157467786,21.22334816239097,21.369714736938477,306929,6598000000.0,905000000.0,27167870000.0,1574300000.0,21727150000.0,2926260000.0,326.125,0.32,31.408,20796330.0,LOTUSEYE.NS,0.0724577314558053,0.056993058344286834,0.07126475400593267,1
2019-06-30,21.516082842770118,25.76075228899322,17.856884103041793,21.61366081237793,484077,6598000000.0,905000000.0,27167870000.0,1574300000.0,21727150000.0,2926260000.0,326.125,0.32,31.408,20796330.0,LOTUSEYE.NS,0.0724577314558053,0.056993058344286834,0.07126475400593267,1
2019-09-30,22.394290551704884,25.85833084292528,15.173473041424256,21.711240768432617,297403,6598000000.0,905000000.0,27167870000.0,1574300000.0,21727150000.0,2926260000.0,326.125,0.32,31.408,20796330.0,LOTUSEYE.NS,0.0724577314558053,0.056993058344286834,0.07126475400593267,1
2019-12-31,22.003978270884545,26.785328931672844,18.149621177784564,22.10155487060547,462229,6598000000.0,905000000.0,27167870000.0,1574300000.0,21727150000.0,2926260000.0,326.125,0.32,31.408,20796330.0,LOTUSEYE.NS,0.0724577314558053,0.056993058344286834,0.07126475400593267,1
2020-03-31,22.78460547221879,28.98084798590422,20.149983561547277,22.345500946044922,1049326,6598000000.0,905000000.0,27167870000.0,1574300000.0,21727150000.0,2926260000.0,326.125,0.32,31.408,20796330.0,LOTUSEYE.NS,0.0724577314558053,0.056993058344286834,0.07126475400593267,1
2020-06-30,22.199134321500267,34.44524894583737,19.954828720692603,30.737262725830078,610285,6598000000.0,905000000.0,27167870000.0,1574300000.0,21727150000.0,2926260000.0,326.125,0.32,31.408,20796330.0,LOTUSEYE.NS,0.0724577314558053,0.056993058344286834,0.07126475400593267,0
2020-09-30,30.737261214380954,38.98265325990633,25.516806620797503,29.419950485229492,2011324,6598000000.0,905000000.0,27167870000.0,1574300000.0,21727150000.0,2926260000.0,326.125,0.32,31.408,20796330.0,LOTUSEYE.NS,0.0724577314558053,0.056993058344286834,0.07126475400593267,1
2020-12-31,30.98120814806684,32.9327810921543,26.785328733896716,32.34730911254883,721466,6598000000.0,905000000.0,27167870000.0,1574300000.0,21727150000.0,2926260000.0,326.125,0.32,31.408,20796330.0,LOTUSEYE.NS,0.0724577314558053,0.056993058344286834,0.07126475400593267,1
2021-03-31,33.17672737579668,53.61944694510288,32.200941276508544,40.00722885131836,2847389,6598000000.0,905000000.0,27167870000.0,1574300000.0,21727150000.0,2926260000.0,326.125,0.32,31.408,20796330.0,LOTUSEYE.NS,0.0724577314558053,0.056993058344286834,0.07126475400593267,1
2021-06-30,40.88544038856683,57.57137789858285,39.27538964746902,51.57029342651367,2735823,6598000000.0,905000000.0,27167870000.0,1574300000.0,21727150000.0,2926260000.0,326.125,0.32,31.408,20796330.0,LOTUSEYE.NS,0.0724577314558053,0.056993058344286834,0.07126475400593267,0
2021-09-30,53.131552206776256,53.131552206776256,40.15360446821457,48.06264114379883,560884,6598000000.0,905000000.0,27167870000.0,1574300000.0,21727150000.0,2926260000.0,326.125,0.32,31.408,20796330.0,LOTUSEYE.NS,0.0724577314558053,0.056993058344286834,0.07126475400593267,1
2021-12-31,47.125075421563714,54.97102684119876,37.74940263811694,51.220760345458984,1317831,6598000000.0,905000000.0,27167870000.0,1574300000.0,21727150000.0,2926260000.0,326.125,0.32,31.408,20796330.0,LOTUSEYE.NS,0.0724577314558053,0.056993058344286834,0.07126475400593267,1
2022-03-31,51.02337716006421,72.83414811201395,45.84208989636525,52.306365966796875,2068820,6598000000.0,905000000.0,27167870000.0,1574300000.0,21727150000.0,2926260000.0,326.125,0.32,31.408,20796330.0,LOTUSEYE.NS,0.0724577314558053,0.056993058344286834,0.07126475400593267,1
2022-06-30,54.28018960929961,63.65586070608585,41.45032653808594,54.280189514160156,1558200,6598000000.0,905000000.0,27167870000.0,1574300000.0,21727150000.0,2926260000.0,326.125,0.32,31.408,20796330.0,LOTUSEYE.NS,0.0724577314558053,0.056993058344286834,0.07126475400593267,1
2022-09-30,55.76055994573629,80.72944749502435,48.852168712250595,69.74474334716797,3658262,6598000000.0,905000000.0,27167870000.0,1574300000.0,21727150000.0,2926260000.0,326.125,0.32,31.408,20796330.0,LOTUSEYE.NS,0.0724577314558053,0.056993058344286834,0.07126475400593267,1
2022-12-31,71.83261092836996,97.43385445396551,62.984026502620715,76.10777282714844,3738198,6598000000.0,905000000.0,27167870000.0,1574300000.0,21727150000.0,2926260000.0,326.125,0.32,31.408,20796330.0,LOTUSEYE.NS,0.0724577314558053,0.056993058344286834,0.07126475400593267,0
2023-03-31,76.1574821405068,83.415310245411,54.88111073394528,58.26146697998047,314213,6598000000.0,905000000.0,27167870000.0,1574300000.0,21727150000.0,2926260000.0,326.125,0.32,31.408,20796330.0,LOTUSEYE.NS,0.0724577314558053,0.056993058344286834,0.07126475400593267,1
2023-06-30,58.31117938252118,86.24884269830015,57.66493386369411,80.08466339111328,1156120,6598000000.0,905000000.0,27167870000.0,1574300000.0,21727150000.0,2926260000.0,326.125,0.32,31.408,20796330.0,LOTUSEYE.NS,0.0724577314558053,0.056993058344286834,0.07126475400593267,1
2023-09-30,80.08466901075825,107.37608673417203,74.51701085597865,82.9000015258789,2009372,6598000000.0,905000000.0,27167870000.0,1574300000.0,21727150000.0,2926260000.0,326.125,0.32,31.408,20796330.0,LOTUSEYE.NS,0.0724577314558053,0.056993058344286834,0.07126475400593267,1
2023-12-31,82.0999984741211,111.0,79.1500015258789,83.4000015258789,2065815,6598000000.0,905000000.0,27167870000.0,1574300000.0,21727150000.0,2926260000.0,326.125,0.32,31.408,20796330.0,LOTUSEYE.NS,0.0724577314558053,0.056993058344286834,0.07126475400593267,0
2024-03-31,86.94999694824219,95.5999984741211,48.5,55.650001525878906,19462243,6598000000.0,905000000.0,27167870000.0,1574300000.0,21727150000.0,2926260000.0,326.125,0.32,31.408,20796330.0,LOTUSEYE.NS,0.0724577314558053,0.056993058344286834,0.07126475400593267,1
2024-06-30,58.20000076293945,64.37999725341797,52.349998474121094,56.380001068115234,2212626,6598000000.0,905000000.0,27167870000.0,1574300000.0,21727150000.0,2926260000.0,326.125,0.32,31.408,20796330.0,LOTUSEYE.NS,0.0724577314558053,0.056993058344286834,0.07126475400593267,1
2024-09-30,57.95000076293945,90.9800033569336,55.52000045776367,86.27999877929688,13489700,6598000000.0,905000000.0,700749000.0,29897000.0,601063000.0,3081000.0,326.125,0.32,31.408,20796330.0,LOTUSEYE.NS,0.049740210260821247,0.056993058344286834,0.07126475400593267,0
2024-12-31,87.5,89.45999908447266,62.45000076293945,66.63999938964844,1347645,122469000.0,-2391000.0,700749000.0,29897000.0,601063000.0,3081000.0,326.125,0.32,31.408,20796330.0,LOTUSEYE.NS,0.049740210260821247,0.056993058344286834,0.07126475400593267,1
2025-03-31,68.0,78.69999694824219,54.9900016784668,66.98999786376953,2812356,105528000.0,2524000.0,695737000.0,34302000.0,600003000.0,20111000.0,326.125,0.32,31.408,20796330.0,LOTUSEYE.NS,0.05716971415142924,0.0036278076342066037,0.0042066456334385,1
2025-06-30,66.0,83.73999786376953,63.400001525878906,71.16000366210938,3558984,135169000.0,5448000.0,695737000.0,34302000.0,600003000.0,20111000.0,326.125,0.32,31.408,20796330.0,LOTUSEYE.NS,0.05716971415142924,0.0036278076342066037,0.0042066456334385,1
2025-09-30,71.0,139.1999969482422,70.51000213623047,118.48999786376953,7622714,130384000.0,1158000.0,715148000.0,47993000.0,606176000.0,14753000.0,326.125,0.32,31.408,20796330.0,LOTUSEYE.NS,0.07917337538932587,0.0016192452471376555,0.0019103362719738162,1
2025-12-31,121.0,138.0,101.5,119.23999786376953,1650973,135496000.0,-2607000.0,715148000.0,47993000.0,606176000.0,14753000.0,326.125,0.32,31.408,20796330.0,LOTUSEYE.NS,0.07917337538932587,0.0016192452471376555,0.0019103362719738162,0
2026-03-31,119.58000183105469,147.0,99.5,104.36000061035156,1761491,135496000.0,-2607000.0,715148000.0,47993000.0,606176000.0,14753000.0,326.125,0.32,31.408,20796330.0,LOTUSEYE.NS,0.07917337538932587,0.0016192452471376555,0.0019103362719738162,0
2023-12-31,162.5500030517578,168.0,113.9000015258789,122.5999984741211,3342400,135496000.0,-2607000.0,715148000.0,47993000.0,606176000.0,14753000.0,25.135416,0.32,39.502,6776000.0,MAITREYA.NS,0.07917337538932587,0.0016192452471376555,0.0019103362719738162,0
2024-03-31,120.05000305175781,222.5,115.0,119.0,2345600,135496000.0,-2607000.0,715148000.0,47993000.0,606176000.0,14753000.0,25.135416,0.32,39.502,6776000.0,MAITREYA.NS,0.07917337538932587,0.0016192452471376555,0.0019103362719738162,1
2024-06-30,124.94999694824219,188.4499969482422,122.0,130.0,782400,135496000.0,-2607000.0,715148000.0,47993000.0,606176000.0,14753000.0,25.135416,0.32,39.502,6776000.0,MAITREYA.NS,0.07917337538932587,0.0016192452471376555,0.0019103362719738162,1
2024-09-30,136.4499969482422,398.0,111.0,368.95001220703125,2322400,135496000.0,-2607000.0,715148000.0,47993000.0,606176000.0,14753000.0,25.135416,0.32,39.502,6776000.0,MAITREYA.NS,0.07917337538932587,0.0016192452471376555,0.0019103362719738162,0
2024-12-31,379.79998779296875,400.0,311.1499938964844,336.1499938964844,627200,135496000.0,-2607000.0,715148000.0,47993000.0,606176000.0,14753000.0,25.135416,0.32,39.502,6776000.0,MAITREYA.NS,0.07917337538932587,0.0016192452471376555,0.0019103362719738162,0
2025-03-31,349.5,360.0,220.85000610351562,305.54998779296875,476400,135496000.0,-2607000.0,715148000.0,47993000.0,606176000.0,14753000.0,25.135416,0.32,39.502,6776000.0,MAITREYA.NS,0.07917337538932587,0.0016192452471376555,0.0019103362719738162,0
2025-06-30,305.5,329.0,256.25,266.0,371600,135496000.0,-2607000.0,715148000.0,47993000.0,606176000.0,14753000.0,25.135416,0.32,39.502,6776000.0,MAITREYA.NS,0.07917337538932587,0.0016192452471376555,0.0019103362719738162,0
2025-09-30,259.75,285.0,220.0,229.1999969482422,206400,135496000.0,-2607000.0,715148000.0,47993000.0,606176000.0,14753000.0,25.135416,0.32,39.502,6776000.0,MAITREYA.NS,0.07917337538932587,0.0016192452471376555,0.0019103362719738162,0
2025-12-31,232.0,292.95001220703125,192.10000610351562,218.89999389648438,370400,135496000.0,-2607000.0,715148000.0,47993000.0,606176000.0,14753000.0,25.135416,0.32,39.502,6776000.0,MAITREYA.NS,0.07917337538932587,0.0016192452471376555,0.0019103362719738162,0
2026-03-31,208.9499969482422,244.0,178.60000610351562,189.10000610351562,163200,135496000.0,-2607000.0,715148000.0,47993000.0,606176000.0,14753000.0,25.135416,0.32,39.502,6776000.0,MAITREYA.NS,0.07917337538932587,0.0016192452471376555,0.0019103362719738162,0
2020-09-30,105.9675840614249,133.34295972007246,100.64183680609827,114.82726287841797,43302001,135496000.0,-2607000.0,715148000.0,47993000.0,606176000.0,14753000.0,65.67605,14.57,102.713,973135041.0,MAXHEALTH.NS,0.07917337538932587,0.0016192452471376555,0.0019103362719738162,1
2020-12-31,116.17113347524146,151.21161835105445,96.70973819217474,139.51487731933594,33365907,135496000.0,-2607000.0,715148000.0,47993000.0,606176000.0,14753000.0,65.67605,14.57,102.713,973135041.0,MAXHEALTH.NS,0.07917337538932587,0.0016192452471376555,0.0019103362719738162,1
2021-03-31,139.61441409462375,213.4283915664243,139.36555085358796,204.81759643554688,55922074,135496000.0,-2607000.0,715148000.0,47993000.0,606176000.0,14753000.0,65.67605,14.57,102.713,973135041.0,MAXHEALTH.NS,0.07917337538932587,0.0016192452471376555,0.0019103362719738162,1
2021-06-30,203.32440179007557,263.79909318006355,203.32440179007557,253.34666442871094,168322665,135496000.0,-2607000.0,715148000.0,47993000.0,606176000.0,14753000.0,65.67605,14.57,102.713,973135041.0,MAXHEALTH.NS,0.07917337538932587,0.0016192452471376555,0.0019103362719738162,1
2021-09-30,253.7946374538792,400.77551074021426,251.20642901410918,357.9205627441406,219015820,135496000.0,-2607000.0,715148000.0,47993000.0,606176000.0,14753000.0,65.67605,14.57,102.713,973135041.0,MAXHEALTH.NS,0.07917337538932587,0.0016192452471376555,0.0019103362719738162,1
2021-12-31,357.7712724174964,455.97422126208045,320.3914437868263,440.89288330078125,77148932,135496000.0,-2607000.0,715148000.0,47993000.0,606176000.0,14753000.0,65.67605,14.57,102.713,973135041.0,MAXHEALTH.NS,0.07917337538932587,0.0016192452471376555,0.0019103362719738162,0
2022-03-31,447.36341062327,447.81138347261094,324.6719617831144,346.07452392578125,188126334,135496000.0,-2607000.0,715148000.0,47993000.0,606176000.0,14753000.0,65.67605,14.57,102.713,973135041.0,MAXHEALTH.NS,0.07917337538932587,0.0016192452471376555,0.0019103362719738162,1
2022-06-30,348.4138602965743,430.04229106427937,342.640152660146,365.2870788574219,74163129,135496000.0,-2607000.0,715148000.0,47993000.0,606176000.0,14753000.0,65.67605,14.57,102.713,973135041.0,MAXHEALTH.NS,0.07917337538932587,0.0016192452471376555,0.0019103362719738162,1
2022-09-30,362.9477176268272,447.0648013093788,351.9975896162767,406.05145263671875,130539033,135496000.0,-2607000.0,715148000.0,47993000.0,606176000.0,14753000.0,65.67605,14.57,102.713,973135041.0,MAXHEALTH.NS,0.07917337538932587,0.0016192452471376555,0.0019103362719738162,1
2022-12-31,405.902157144028,480.61204926193466,387.3367051748275,437.55804443359375,140891741,135496000.0,-2607000.0,715148000.0,47993000.0,606176000.0,14753000.0,65.67605,14.57,102.713,973135041.0,MAXHEALTH.NS,0.07917337538932587,0.0016192452471376555,0.0019103362719738162,1
2023-03-31,439.7480687882292,475.63471239205955,415.25957139028316,439.10101318359375,100298852,135496000.0,-2607000.0,715148000.0,47993000.0,606176000.0,14753000.0,65.67605,14.57,102.713,973135041.0,MAXHEALTH.NS,0.07917337538932587,0.0016192452471376555,0.0019103362719738162,1
2023-06-30,434.4721110000273,627.1449608488375,410.03334915080507,596.7333984375,322824238,135496000.0,-2607000.0,715148000.0,47993000.0,606176000.0,14753000.0,65.67605,14.57,102.713,973135041.0,MAXHEALTH.NS,0.07917337538932587,0.0016192452471376555,0.0019103362719738162,0
2023-09-30,597.2809660369086,626.192607783623,506.19556245059243,565.7670288085938,128609917,135496000.0,-2607000.0,715148000.0,47993000.0,606176000.0,14753000.0,65.67605,14.57,102.713,973135041.0,MAXHEALTH.NS,0.07917337538932587,0.0016192452471376555,0.0019103362719738162,1
2023-12-31,567.3125211321208,725.904836279156,537.0997559636329,684.27490234375,93082640,135496000.0,-2607000.0,715148000.0,47993000.0,606176000.0,14753000.0,65.67605,14.57,102.713,973135041.0,MAXHEALTH.NS,0.07917337538932587,0.0016192452471376555,0.0019103362719738162,1
2024-03-31,687.0170328377025,907.3809827997752,667.5233418060791,817.540283203125,207001832,135496000.0,-2607000.0,715148000.0,47993000.0,606176000.0,14753000.0,65.67605,14.57,102.713,973135041.0,MAXHEALTH.NS,0.07917337538932587,0.0016192452471376555,0.0019103362719738162,1
2024-06-30,831.0014315168859,977.0798021291437,740.9612577874428,937.9428100585938,127094311,135496000.0,-2607000.0,715148000.0,47993000.0,606176000.0,14753000.0,65.67605,14.57,102.713,973135041.0,MAXHEALTH.NS,0.07917337538932587,0.0016192452471376555,0.0019103362719738162,1
2024-09-30,943.5764749182845,1116.711411642906,835.6356785262531,984.61376953125,112650140,135496000.0,-2607000.0,131268700000.0,17681900000.0,87990600000.0,9639600000.0,65.67605,14.57,102.713,973135041.0,MAXHEALTH.NS,0.20095214716117404,0.0016192452471376555,0.0019103362719738162,1
2024-12-31,985.3629259367767,1214.1490227096454,887.8754732669348,1126.8497314453125,126379551,18683100000.0,2388000000.0,131268700000.0,17681900000.0,87990600000.0,9639600000.0,65.67605,14.57,102.713,973135041.0,MAXHEALTH.NS,0.20095214716117404,0.0016192452471376555,0.0019103362719738162,0
2025-03-31,1126.8496239565109,1226.5345828318686,938.9664331305744,1095.685546875,149412297,17916400000.0,3190000000.0,152144800000.0,30102900000.0,93808700000.0,6615800000.0,65.67605,14.57,102.713,973135041.0,MAXHEALTH.NS,0.32089667589466647,0.02096686840430958,0.03400537476801192,1
2025-06-30,1104.725156927834,1295.3053718028023,1057.8791960200624,1274.529296875,138527911,20275700000.0,3079700000.0,152144800000.0,30102900000.0,93808700000.0,6615800000.0,65.67605,14.57,102.713,973135041.0,MAXHEALTH.NS,0.32089667589466647,0.02096686840430958,0.03400537476801192,0
2025-09-30,1283.518915605026,1314.300048828125,1103.5999755859375,1114.699951171875,194051771,21354700000.0,4913000000.0,162809800000.0,32750200000.0,100524100000.0,4780600000.0,65.67605,14.57,102.713,973135041.0,MAXHEALTH.NS,0.32579451096801665,0.030176316167699977,0.04887385214092939,0
2025-12-31,1119.699951171875,1221.9000244140625,1024.9000244140625,1045.0999755859375,172139609,20675200000.0,3009200000.0,162809800000.0,32750200000.0,100524100000.0,4780600000.0,65.67605,14.57,102.713,973135041.0,MAXHEALTH.NS,0.32579451096801665,0.030176316167699977,0.04887385214092939,0
2026-03-31,1048.199951171875,1112.550048828125,933.7999877929688,956.9000244140625,162101270,20675200000.0,3009200000.0,162809800000.0,32750200000.0,100524100000.0,4780600000.0,65.67605,14.57,102.713,973135041.0,MAXHEALTH.NS,0.32579451096801665,0.030176316167699977,0.04887385214092939,0
2022-12-31,417.1998373574949,487.57447955474777,406.5036751741657,468.63128662109375,33507566,20675200000.0,3009200000.0,162809800000.0,32750200000.0,100524100000.0,4780600000.0,50.73783,19.11,137.831,268637432.0,MEDANTA.NS,0.32579451096801665,0.030176316167699977,0.04887385214092939,1
2023-03-31,469.83087982223,537.8064058771932,425.99664004446254,526.7603759765625,26544103,20675200000.0,3009200000.0,162809800000.0,32750200000.0,100524100000.0,4780600000.0,50.73783,19.11,137.831,268637432.0,MEDANTA.NS,0.32579451096801665,0.030176316167699977,0.04887385214092939,1
2023-06-30,519.8128879028745,682.6542886673725,472.32997679522794,659.0127563476562,39325051,20675200000.0,3009200000.0,162809800000.0,32750200000.0,100524100000.0,4780600000.0,50.73783,19.11,137.831,268637432.0,MEDANTA.NS,0.32579451096801665,0.030176316167699977,0.04887385214092939,1
2023-09-30,659.0127602206593,731.5366856576669,649.9160593805693,715.7923583984375,22958324,20675200000.0,3009200000.0,162809800000.0,32750200000.0,100524100000.0,4780600000.0,50.73783,19.11,137.831,268637432.0,MEDANTA.NS,0.32579451096801665,0.030176316167699977,0.04887385214092939,1
2023-12-31,715.7423838580002,1027.6301003129672,707.7452622506482,958.8048706054688,23097605,20675200000.0,3009200000.0,162809800000.0,32750200000.0,100524100000.0,4780600000.0,50.73783,19.11,137.831,268637432.0,MEDANTA.NS,0.32579451096801665,0.030176316167699977,0.04887385214092939,1
2024-03-31,965.052622269717,1513.3552655210306,938.1123142743462,1320.6746826171875,30281712,20675200000.0,3009200000.0,162809800000.0,32750200000.0,100524100000.0,4780600000.0,50.73783,19.11,137.831,268637432.0,MEDANTA.NS,0.32579451096801665,0.030176316167699977,0.04887385214092939,0
2024-06-30,1338.4681767066097,1510.4563039452903,1025.6808583788363,1307.8292236328125,27575659,20675200000.0,3009200000.0,162809800000.0,32750200000.0,100524100000.0,4780600000.0,50.73783,19.11,137.831,268637432.0,MEDANTA.NS,0.32579451096801665,0.030176316167699977,0.04887385214092939,0
2024-09-30,1279.539446517247,1291.7349391512364,1014.634796611255,1022.1820678710938,30379274,20675200000.0,3009200000.0,45100810000.0,6884740000.0,31414860000.0,2997670000.0,50.73783,19.11,137.831,268637432.0,MEDANTA.NS,0.21915552066760763,0.030176316167699977,0.04887385214092939,1
2024-12-31,1011.9857194105399,1192.770614011186,935.1633976551744,1078.1119384765625,26248474,9434360000.0,1429070000.0,45100810000.0,6884740000.0,31414860000.0,2997670000.0,50.73783,19.11,137.831,268637432.0,MEDANTA.NS,0.21915552066760763,0.030176316167699977,0.04887385214092939,1
2025-03-31,1081.2107310909932,1277.4401495753284,996.0914527560648,1197.868896484375,21754120,8756130000.0,1014000000.0,47662300000.0,7177320000.0,33864100000.0,2302000000.0,50.73783,19.11,137.831,268637432.0,MEDANTA.NS,0.21194480290336964,0.021274676211597007,0.029943214200288802,0
2025-06-30,1197.8688582338161,1298.33272503313,1009.6366061726477,1136.3909912109375,11636604,10308370000.0,1590090000.0,47662300000.0,7177320000.0,33864100000.0,2302000000.0,50.73783,19.11,137.831,268637432.0,MEDANTA.NS,0.21194480290336964,0.021274676211597007,0.029943214200288802,1
2025-09-30,1138.8900961045838,1455.975933269256,1136.5908748997722,1314.0,27977358,10992220000.0,1584410000.0,54095460000.0,9448930000.0,37076530000.0,7591840000.0,50.73783,19.11,137.831,268637432.0,MEDANTA.NS,0.2548493615772566,0.0292891492188069,0.042733502838588185,0
2025-12-31,1310.4000244140625,1414.699951171875,1115.0,1186.4000244140625,15660262,11210470000.0,950220000.0,54095460000.0,9448930000.0,37076530000.0,7591840000.0,50.73783,19.11,137.831,268637432.0,MEDANTA.NS,0.2548493615772566,0.0292891492188069,0.042733502838588185,0
2026-03-31,1186.300048828125,1244.0,965.0,969.5999755859375,7952520,11210470000.0,950220000.0,54095460000.0,9448930000.0,37076530000.0,7591840000.0,50.73783,19.11,137.831,268637432.0,MEDANTA.NS,0.2548493615772566,0.0292891492188069,0.042733502838588185,0
2019-06-30,234.05036438596474,245.6795759028782,221.59046687014393,237.29971313476562,44629296,11210470000.0,950220000.0,54095460000.0,9448930000.0,37076530000.0,7591840000.0,55.78687,8.07,69.152,207327768.0,METROPOLIS.NS,0.2548493615772566,0.0292891492188069,0.042733502838588185,1
2019-09-30,235.76054854777993,332.26354180323915,231.15529100992103,310.95965576171875,8123164,11210470000.0,950220000.0,54095460000.0,9448930000.0,37076530000.0,7591840000.0,55.78687,8.07,69.152,207327768.0,METROPOLIS.NS,0.2548493615772566,0.0292891492188069,0.042733502838588185,1
2019-12-31,309.786902420147,363.5354510493129,297.7423338668648,354.6302490234375,9440560,11210470000.0,950220000.0,54095460000.0,9448930000.0,37076530000.0,7591840000.0,55.78687,8.07,69.152,207327768.0,METROPOLIS.NS,0.2548493615772566,0.0292891492188069,0.042733502838588185,0
2020-03-31,349.4142000363185,517.5030990049063,244.89993231971522,315.17633056640625,18654184,11210470000.0,950220000.0,54095460000.0,9448930000.0,37076530000.0,7591840000.0,55.78687,8.07,69.152,207327768.0,METROPOLIS.NS,0.2548493615772566,0.0292891492188069,0.042733502838588185,1
2020-06-30,318.96741839938016,379.82127412204346,282.43057349258817,333.54290771484375,54449104,11210470000.0,950220000.0,54095460000.0,9448930000.0,37076530000.0,7591840000.0,55.78687,8.07,69.152,207327768.0,METROPOLIS.NS,0.2548493615772566,0.0292891492188069,0.042733502838588185,1
2020-09-30,332.4877698035864,500.5720022128264,328.5617149571972,440.22119140625,33047088,11210470000.0,950220000.0,54095460000.0,9448930000.0,37076530000.0,7591840000.0,55.78687,8.07,69.152,207327768.0,METROPOLIS.NS,0.2548493615772566,0.0292891492188069,0.042733502838588185,1
2020-12-31,441.43576470515876,570.0140742495911,434.3197907327021,481.2607421875,29686888,11210470000.0,950220000.0,54095460000.0,9448930000.0,37076530000.0,7591840000.0,55.78687,8.07,69.152,207327768.0,METROPOLIS.NS,0.2548493615772566,0.0292891492188069,0.042733502838588185,1
2021-03-31,483.64084987593054,578.5390377185945,455.3408806082698,552.223876953125,27296440,11210470000.0,950220000.0,54095460000.0,9448930000.0,37076530000.0,7591840000.0,55.78687,8.07,69.152,207327768.0,METROPOLIS.NS,0.2548493615772566,0.0292891492188069,0.042733502838588185,1
2021-06-30,546.7539700479068,763.3366347473441,527.7937666688102,698.7191162109375,51703424,11210470000.0,950220000.0,54095460000.0,9448930000.0,37076530000.0,7591840000.0,55.78687,8.07,69.152,207327768.0,METROPOLIS.NS,0.2548493615772566,0.0292891492188069,0.042733502838588185,0
2021-09-30,698.5342411119914,798.3248421102596,642.7993738335375,665.4678344726562,65524672,11210470000.0,950220000.0,54095460000.0,9448930000.0,37076530000.0,7591840000.0,55.78687,8.07,69.152,207327768.0,METROPOLIS.NS,0.2548493615772566,0.0292891492188069,0.042733502838588185,1
2021-12-31,660.1086757482384,882.0750294135171,648.0228674728044,847.825927734375,80625700,11210470000.0,950220000.0,54095460000.0,9448930000.0,37076530000.0,7591840000.0,55.78687,8.07,69.152,207327768.0,METROPOLIS.NS,0.2548493615772566,0.0292891492188069,0.042733502838588185,0
2022-03-31,852.5074609583627,858.3471077401641,446.29648633424983,503.61578369140625,83408236,11210470000.0,950220000.0,54095460000.0,9448930000.0,37076530000.0,7591840000.0,55.78687,8.07,69.152,207327768.0,METROPOLIS.NS,0.2548493615772566,0.0292891492188069,0.042733502838588185,0
2022-06-30,503.4302652469381,635.9300907474487,340.91010906060995,347.93585205078125,97012456,11210470000.0,950220000.0,54095460000.0,9448930000.0,37076530000.0,7591840000.0,55.78687,8.07,69.152,207327768.0,METROPOLIS.NS,0.2548493615772566,0.0292891492188069,0.042733502838588185,1
2022-09-30,346.34020219470756,403.84504384474445,326.066978964676,384.5242004394531,71913700,11210470000.0,950220000.0,54095460000.0,9448930000.0,37076530000.0,7591840000.0,55.78687,8.07,69.152,207327768.0,METROPOLIS.NS,0.2548493615772566,0.0292891492188069,0.042733502838588185,0
2022-12-31,383.4604548893956,443.11755989657365,313.4502637561927,328.4047546386719,80468256,11210470000.0,950220000.0,54095460000.0,9448930000.0,37076530000.0,7591840000.0,55.78687,8.07,69.152,207327768.0,METROPOLIS.NS,0.2548493615772566,0.0292891492188069,0.042733502838588185,0
2023-03-31,327.7862671063106,345.1032813443401,291.50467198668554,310.6546325683594,40992140,11210470000.0,950220000.0,54095460000.0,9448930000.0,37076530000.0,7591840000.0,55.78687,8.07,69.152,207327768.0,METROPOLIS.NS,0.2548493615772566,0.0292891492188069,0.042733502838588185,1
2023-06-30,314.0640263709198,378.25800620070805,300.9365459173498,371.5760498046875,80939676,11210470000.0,950220000.0,54095460000.0,9448930000.0,37076530000.0,7591840000.0,55.78687,8.07,69.152,207327768.0,METROPOLIS.NS,0.2548493615772566,0.0292891492188069,0.042733502838588185,0
2023-09-30,374.0273566568676,380.73417295603474,322.5253478445262,363.2889709472656,70691852,11210470000.0,950220000.0,54095460000.0,9448930000.0,37076530000.0,7591840000.0,55.78687,8.07,69.152,207327768.0,METROPOLIS.NS,0.2548493615772566,0.0292891492188069,0.042733502838588185,1
2023-12-31,364.5830230660937,437.80555781583314,338.46496282384896,418.6701965332031,97398564,11210470000.0,950220000.0,54095460000.0,9448930000.0,37076530000.0,7591840000.0,55.78687,8.07,69.152,207327768.0,METROPOLIS.NS,0.2548493615772566,0.0292891492188069,0.042733502838588185,1
2024-03-31,420.25440962634696,456.7787759541519,361.75061367969977,430.00921630859375,89708088,11210470000.0,950220000.0,54095460000.0,9448930000.0,37076530000.0,7591840000.0,55.78687,8.07,69.152,207327768.0,METROPOLIS.NS,0.2548493615772566,0.0292891492188069,0.042733502838588185,1
2024-06-30,426.36675385572806,515.9187241469373,417.0360848579917,493.490234375,76885632,11210470000.0,950220000.0,54095460000.0,9448930000.0,37076530000.0,7591840000.0,55.78687,8.07,69.152,207327768.0,METROPOLIS.NS,0.2548493615772566,0.0292891492188069,0.042733502838588185,1
2024-09-30,497.66905431968655,554.3516268968575,487.81448653128155,546.879638671875,37224260,3497888000.0,465188000.0,16312289000.0,1894624000.0,11839431000.0,443898000.0,55.78687,8.07,69.152,207327768.0,METROPOLIS.NS,0.16002660938688693,0.02851764090251221,0.03929141527156162,0
2024-12-31,548.9378497860129,578.3768632578006,493.98918849232444,518.0892333984375,39304960,3227674000.0,313605000.0,16312289000.0,1894624000.0,11839431000.0,443898000.0,55.78687,8.07,69.152,207327768.0,METROPOLIS.NS,0.16002660938688693,0.02851764090251221,0.03929141527156162,0
2025-03-31,514.2098418944455,520.5217180537418,381.11051853582734,390.32891845703125,40701304,3452915000.0,291417000.0,18673402000.0,2041274000.0,13309720000.0,394757000.0,55.78687,8.07,69.152,207327768.0,METROPOLIS.NS,0.15336716324610886,0.015605994022942365,0.02189505113556108,1
2025-06-30,392.68654112333826,446.0759266074083,328.0703729499858,425.6681823730469,21712972,3860632000.0,450607000.0,18673402000.0,2041274000.0,13309720000.0,394757000.0,55.78687,8.07,69.152,207327768.0,METROPOLIS.NS,0.15336716324610886,0.015605994022942365,0.02189505113556108,1
2025-09-30,427.6141766717023,564.5804673304132,421.9010056766141,507.94775390625,34732700,3860632000.0,450607000.0,18673402000.0,2041274000.0,13309720000.0,394757000.0,55.78687,8.07,69.152,207327768.0,METROPOLIS.NS,0.15336716324610886,0.015605994022942365,0.02189505113556108,0
2025-12-31,507.2492000367659,538.8837047652257,459.0249938964844,482.2250061035156,14748572,4059097000.0,413856000.0,18673402000.0,2041274000.0,13309720000.0,394757000.0,55.78687,8.07,69.152,207327768.0,METROPOLIS.NS,0.15336716324610886,0.015605994022942365,0.02189505113556108,0
2026-03-31,483.75,515.0,421.20001220703125,450.20001220703125,11411419,4059097000.0,413856000.0,18673402000.0,2041274000.0,13309720000.0,394757000.0,55.78687,8.07,69.152,207327768.0,METROPOLIS.NS,0.15336716324610886,0.015605994022942365,0.02189505113556108,0
2024-09-30,171.0,378.79998779296875,171.0,247.60000610351562,13707200,4059097000.0,413856000.0,18673402000.0,2041274000.0,13309720000.0,394757000.0,116.815926,8.07,33.652,16486400.0,NEPHROCARE.NS,0.15336716324610886,0.015605994022942365,0.02189505113556108,0
2024-12-31,255.0,274.0,180.5,184.0,1056000,4059097000.0,413856000.0,18673402000.0,2041274000.0,13309720000.0,394757000.0,116.815926,8.07,33.652,16486400.0,NEPHROCARE.NS,0.15336716324610886,0.015605994022942365,0.02189505113556108,0
2025-03-31,189.75,206.85000610351562,123.6500015258789,127.1500015258789,2042000,4059097000.0,413856000.0,18673402000.0,2041274000.0,13309720000.0,394757000.0,116.815926,8.07,33.652,16486400.0,NEPHROCARE.NS,0.15336716324610886,0.015605994022942365,0.02189505113556108,0
2025-06-30,131.8000030517578,157.39999389648438,115.5,116.9000015258789,988400,4059097000.0,413856000.0,18673402000.0,2041274000.0,13309720000.0,394757000.0,116.815926,8.07,33.652,16486400.0,NEPHROCARE.NS,0.15336716324610886,0.015605994022942365,0.02189505113556108,1
2025-09-30,117.19999694824219,183.0,99.94999694824219,142.85000610351562,2653600,4059097000.0,413856000.0,18673402000.0,2041274000.0,13309720000.0,394757000.0,116.815926,8.07,33.652,16486400.0,NEPHROCARE.NS,0.15336716324610886,0.015605994022942365,0.02189505113556108,0
2025-12-31,140.10000610351562,156.35000610351562,107.5,110.5,960800,226622000.0,4209000.0,18673402000.0,2041274000.0,13309720000.0,394757000.0,116.815926,8.07,33.652,16486400.0,NEPHROCARE.NS,0.15336716324610886,0.015605994022942365,0.02189505113556108,0
2026-03-31,111.0,123.0,63.5,63.54999923706055,1920400,226622000.0,4209000.0,18673402000.0,2041274000.0,13309720000.0,394757000.0,116.815926,8.07,33.652,16486400.0,NEPHROCARE.NS,0.15336716324610886,0.015605994022942365,0.02189505113556108,0
2016-03-31,289.0146048924379,291.96378334446956,264.24191004001784,281.4452209472656,196856,226622000.0,4209000.0,18673402000.0,2041274000.0,13309720000.0,394757000.0,42.384552,38.33,199.872,203099835.0,NH.NS,0.15336716324610886,0.015605994022942365,0.02189505113556108,1
2016-06-30,281.49437480741443,326.3702540363418,280.16726073025274,308.28228759765625,3451528,226622000.0,4209000.0,18673402000.0,2041274000.0,13309720000.0,394757000.0,42.384552,38.33,199.872,203099835.0,NH.NS,0.15336716324610886,0.015605994022942365,0.02189505113556108,1
2016-09-30,309.70770478632534,367.65806457517465,280.2655464117871,327.8940124511719,8179309,226622000.0,4209000.0,18673402000.0,2041274000.0,13309720000.0,394757000.0,42.384552,38.33,199.872,203099835.0,NH.NS,0.15336716324610886,0.015605994022942365,0.02189505113556108,1
2016-12-31,327.84481989433425,372.57328385596014,276.23506661135707,337.0854187011719,4138000,226622000.0,4209000.0,18673402000.0,2041274000.0,13309720000.0,394757000.0,42.384552,38.33,199.872,203099835.0,NH.NS,0.15336716324610886,0.015605994022942365,0.02189505113556108,0
2017-03-31,338.6583147083203,344.065069166799,298.84503311946065,308.52801513671875,2767432,226622000.0,4209000.0,18673402000.0,2041274000.0,13309720000.0,394757000.0,42.384552,38.33,199.872,203099835.0,NH.NS,0.15336716324610886,0.015605994022942365,0.02189505113556108,1
2017-06-30,309.6093706613811,339.14984107878627,285.2299218367325,308.9212646484375,6903884,226622000.0,4209000.0,18673402000.0,2041274000.0,13309720000.0,394757000.0,42.384552,38.33,199.872,203099835.0,NH.NS,0.15336716324610886,0.015605994022942365,0.02189505113556108,0
2017-09-30,313.3940768100856,314.72121208678493,281.2485680035573,297.9602966308594,10353432,226622000.0,4209000.0,18673402000.0,2041274000.0,13309720000.0,394757000.0,42.384552,38.33,199.872,203099835.0,NH.NS,0.15336716324610886,0.015605994022942365,0.02189505113556108,0
2017-12-31,297.9603273891656,305.23481434360025,276.6774368588566,293.19256591796875,3546588,226622000.0,4209000.0,18673402000.0,2041274000.0,13309720000.0,394757000.0,42.384552,38.33,199.872,203099835.0,NH.NS,0.15336716324610886,0.015605994022942365,0.02189505113556108,0
2018-03-31,293.92984397074815,315.4584757105172,272.4012036769882,274.5147399902344,7670675,226622000.0,4209000.0,18673402000.0,2041274000.0,13309720000.0,394757000.0,42.384552,38.33,199.872,203099835.0,NH.NS,0.15336716324610886,0.015605994022942365,0.02189505113556108,0
2018-06-30,279.18423668260675,289.40785520128037,211.64915954894124,229.88461303710938,5689561,226622000.0,4209000.0,18673402000.0,2041274000.0,13309720000.0,394757000.0,42.384552,38.33,199.872,203099835.0,NH.NS,0.15336716324610886,0.015605994022942365,0.02189505113556108,1
2018-09-30,229.6388643757105,260.40807116708515,225.06768981833707,240.79637145996094,2803151,226622000.0,4209000.0,18673402000.0,2041274000.0,13309720000.0,394757000.0,42.384552,38.33,199.872,203099835.0,NH.NS,0.15336716324610886,0.015605994022942365,0.02189505113556108,0
2018-12-31,244.08955251868804,258.9826827872118,189.72730589546094,191.7917022705078,2906010,226622000.0,4209000.0,18673402000.0,2041274000.0,13309720000.0,394757000.0,42.384552,38.33,199.872,203099835.0,NH.NS,0.15336716324610886,0.015605994022942365,0.02189505113556108,1
2019-03-31,191.79170825988416,228.06596735437628,179.7002350041766,211.60000610351562,3434417,226622000.0,4209000.0,18673402000.0,2041274000.0,13309720000.0,394757000.0,42.384552,38.33,199.872,203099835.0,NH.NS,0.15336716324610886,0.015605994022942365,0.02189505113556108,1
2019-06-30,213.81183270984042,247.72681393215757,181.17480910617613,238.6336669921875,5670916,226622000.0,4209000.0,18673402000.0,2041274000.0,13309720000.0,394757000.0,42.384552,38.33,199.872,203099835.0,NH.NS,0.15336716324610886,0.015605994022942365,0.02189505113556108,0
2019-09-30,237.40486431244508,249.83372858730792,197.54639283318286,221.29541015625,6731233,226622000.0,4209000.0,18673402000.0,2041274000.0,13309720000.0,394757000.0,42.384552,38.33,199.872,203099835.0,NH.NS,0.15336716324610886,0.015605994022942365,0.02189505113556108,1
2019-12-31,221.29542351189778,315.5014845617106,218.48108486615203,303.45416259765625,11686272,226622000.0,4209000.0,18673402000.0,2041274000.0,13309720000.0,394757000.0,42.384552,38.33,199.872,203099835.0,NH.NS,0.15336716324610886,0.015605994022942365,0.02189505113556108,0
2020-03-31,305.7253862424537,384.1317280955526,202.08871885540077,245.18115234375,33348733,226622000.0,4209000.0,18673402000.0,2041274000.0,13309720000.0,394757000.0,42.384552,38.33,199.872,203099835.0,NH.NS,0.15336716324610886,0.015605994022942365,0.02189505113556108,1
2020-06-30,245.18115581721779,313.8318837599403,235.96828512092029,265.48907470703125,10801955,226622000.0,4209000.0,18673402000.0,2041274000.0,13309720000.0,394757000.0,42.384552,38.33,199.872,203099835.0,NH.NS,0.15336716324610886,0.015605994022942365,0.02189505113556108,1
2020-09-30,267.4703964462897,359.35137095531275,260.23880152392513,354.6458740234375,15436221,226622000.0,4209000.0,18673402000.0,2041274000.0,13309720000.0,394757000.0,42.384552,38.33,199.872,203099835.0,NH.NS,0.15336716324610886,0.015605994022942365,0.02189505113556108,1
2020-12-31,358.60843410674676,449.25116394359287,308.2843943054777,443.9512634277344,14797470,226622000.0,4209000.0,18673402000.0,2041274000.0,13309720000.0,394757000.0,42.384552,38.33,199.872,203099835.0,NH.NS,0.15336716324610886,0.015605994022942365,0.02189505113556108,0
2021-03-31,444.2979843531135,519.73454274101,376.43977102897594,402.047607421875,20843315,226622000.0,4209000.0,18673402000.0,2041274000.0,13309720000.0,394757000.0,42.384552,38.33,199.872,203099835.0,NH.NS,0.15336716324610886,0.015605994022942365,0.02189505113556108,1
2021-06-30,407.14930392471905,561.3905659078346,382.9779061479079,487.6380615234375,36467836,226622000.0,4209000.0,18673402000.0,2041274000.0,13309720000.0,394757000.0,42.384552,38.33,199.872,203099835.0,NH.NS,0.15336716324610886,0.015605994022942365,0.02189505113556108,1
2021-09-30,488.3810803427567,556.7345652047082,463.91243320556623,497.5939025878906,21048513,226622000.0,4209000.0,18673402000.0,2041274000.0,13309720000.0,394757000.0,42.384552,38.33,199.872,203099835.0,NH.NS,0.15336716324610886,0.015605994022942365,0.02189505113556108,1
2021-12-31,503.240538063625,645.8914328210516,487.2913258451962,633.508544921875,26618940,226622000.0,4209000.0,18673402000.0,2041274000.0,13309720000.0,394757000.0,42.384552,38.33,199.872,203099835.0,NH.NS,0.15336716324610886,0.015605994022942365,0.02189505113556108,1
2022-03-31,641.9287776165626,769.7201937605926,594.3785501248003,738.3667602539062,14393332,226622000.0,4209000.0,18673402000.0,2041274000.0,13309720000.0,394757000.0,42.384552,38.33,199.872,203099835.0,NH.NS,0.15336716324610886,0.015605994022942365,0.02189505113556108,0
2022-06-30,744.2115154246203,760.9531365925541,605.275536278763,626.6236572265625,8750763,226622000.0,4209000.0,18673402000.0,2041274000.0,13309720000.0,394757000.0,42.384552,38.33,199.872,203099835.0,NH.NS,0.15336716324610886,0.015605994022942365,0.02189505113556108,1
2022-09-30,628.1590659403441,738.0558367929027,582.9368492260937,714.197998046875,16436245,226622000.0,4209000.0,18673402000.0,2041274000.0,13309720000.0,394757000.0,42.384552,38.33,199.872,203099835.0,NH.NS,0.15336716324610886,0.015605994022942365,0.02189505113556108,1
2022-12-31,718.2156991873752,813.4486516512022,685.5288403928613,754.3743896484375,19232802,226622000.0,4209000.0,18673402000.0,2041274000.0,13309720000.0,394757000.0,42.384552,38.33,199.872,203099835.0,NH.NS,0.15336716324610886,0.015605994022942365,0.02189505113556108,1
2023-03-31,758.5904687488263,815.0358549437303,699.4666040155798,767.9649658203125,9377373,226622000.0,4209000.0,18673402000.0,2041274000.0,13309720000.0,394757000.0,42.384552,38.33,199.872,203099835.0,NH.NS,0.15336716324610886,0.015605994022942365,0.02189505113556108,1
2023-06-30,773.7186228579272,1068.3456637835793,740.337390011978,985.314453125,21912766,226622000.0,4209000.0,18673402000.0,2041274000.0,13309720000.0,394757000.0,42.384552,38.33,199.872,203099835.0,NH.NS,0.15336716324610886,0.015605994022942365,0.02189505113556108,1
2023-09-30,986.0584944207147,1114.7951538772497,968.0121383962645,1079.49169921875,16040315,226622000.0,4209000.0,18673402000.0,2041274000.0,13309720000.0,394757000.0,42.384552,38.33,199.872,203099835.0,NH.NS,0.15336716324610886,0.015605994022942365,0.02189505113556108,1
2023-12-31,1084.9114310658076,1306.826359954581,974.5259311802243,1195.297119140625,20922052,226622000.0,4209000.0,18673402000.0,2041274000.0,13309720000.0,394757000.0,42.384552,38.33,199.872,203099835.0,NH.NS,0.15336716324610886,0.015605994022942365,0.02189505113556108,1
2024-03-31,1198.3302553708045,1436.9024237215729,1140.701012983257,1276.694091796875,24918636,226622000.0,4209000.0,18673402000.0,2041274000.0,13309720000.0,394757000.0,42.384552,38.33,199.872,203099835.0,NH.NS,0.15336716324610886,0.015605994022942365,0.02189505113556108,0
2024-06-30,1285.3458628119206,1367.3893040338792,1074.0220801158302,1198.0816650390625,22482846,226622000.0,4209000.0,18673402000.0,2041274000.0,13309720000.0,394757000.0,42.384552,38.33,199.872,203099835.0,NH.NS,0.15336716324610886,0.015605994022942365,0.02189505113556108,1
2024-09-30,1207.6782325946667,1389.6770006716251,1168.2486165313464,1248.110595703125,25590620,226622000.0,4209000.0,62428630000.0,17031340000.0,32056510000.0,2456690000.0,42.384552,38.33,199.872,203099835.0,NH.NS,0.5312911480382612,0.015605994022942365,0.02189505113556108,1
2024-12-31,1248.1105515909662,1343.9847878336143,1182.2157109546542,1269.8094482421875,17167298,13345900000.0,1929360000.0,62428630000.0,17031340000.0,32056510000.0,2456690000.0,42.384552,38.33,199.872,203099835.0,NH.NS,0.5312911480382612,0.015605994022942365,0.02189505113556108,1
2025-03-31,1267.0159960937501,1720.2983787967682,1253.597635914123,1688.0743408203125,58681219,13560160000.0,1972110000.0,72650290000.0,24283680000.0,36263550000.0,4571850000.0,42.384552,38.33,199.872,203099835.0,NH.NS,0.6696443122639676,0.027145246082293684,0.05438270660208391,1
2025-06-30,1689.8700956410062,2364.630916434966,1447.640657514107,2165.30029296875,34473417,15072690000.0,1966510000.0,72650290000.0,24283680000.0,36263550000.0,4571850000.0,42.384552,38.33,199.872,203099835.0,NH.NS,0.6696443122639676,0.027145246082293684,0.05438270660208391,0
2025-09-30,2174.87776412891,2196.127765308336,1692.5,1737.5999755859375,22913335,16437900000.0,2583710000.0,77419730000.0,23402180000.0,40598330000.0,4135690000.0,42.384552,38.33,199.872,203099835.0,NH.NS,0.5764320847680188,0.03337275911450479,0.06364079507703889,1
2025-12-31,1730.0,2093.300048828125,1715.0,1892.0,44521307,21511700000.0,1266990000.0,77419730000.0,23402180000.0,40598330000.0,4135690000.0,42.384552,38.33,199.872,203099835.0,NH.NS,0.5764320847680188,0.03337275911450479,0.06364079507703889,0
2026-03-31,1880.0,1953.199951171875,1600.300048828125,1624.5999755859375,17030909,21511700000.0,1266990000.0,77419730000.0,23402180000.0,40598330000.0,4135690000.0,42.384552,38.33,199.872,203099835.0,NH.NS,0.5764320847680188,0.03337275911450479,0.06364079507703889,0
2022-06-30,504.39493310603996,512.2081336665638,405.4939986090169,460.8291320800781,35891863,21511700000.0,1266990000.0,77419730000.0,23402180000.0,40598330000.0,4135690000.0,43.923748,25.18,149.475,101520151.0,RAINBOW.NS,0.5764320847680188,0.03337275911450479,0.06364079507703889,1
2022-09-30,460.8291082988081,666.8545634002381,452.12579341141895,626.0196533203125,16994571,21511700000.0,1266990000.0,77419730000.0,23402180000.0,40598330000.0,4135690000.0,43.923748,25.18,149.475,101520151.0,RAINBOW.NS,0.5764320847680188,0.03337275911450479,0.06364079507703889,1
2022-12-31,625.1761379550767,879.662488519349,614.9053912415966,733.5400390625,36436607,21511700000.0,1266990000.0,77419730000.0,23402180000.0,40598330000.0,4135690000.0,43.923748,25.18,149.475,101520151.0,RAINBOW.NS,0.5764320847680188,0.03337275911450479,0.06364079507703889,0
2023-03-31,743.1657768381928,787.8708086898916,690.3730865185786,724.9066162109375,7927679,21511700000.0,1266990000.0,77419730000.0,23402180000.0,40598330000.0,4135690000.0,43.923748,25.18,149.475,101520151.0,RAINBOW.NS,0.5764320847680188,0.03337275911450479,0.06364079507703889,1
2023-06-30,724.8570202894024,1003.6605685106122,719.4488123637238,956.677734375,12332450,21511700000.0,1266990000.0,77419730000.0,23402180000.0,40598330000.0,4135690000.0,43.923748,25.18,149.475,101520151.0,RAINBOW.NS,0.5764320847680188,0.03337275911450479,0.06364079507703889,1
2023-09-30,965.4373011712544,1179.1494180013387,936.9191018181685,1023.6182861328125,20408524,21511700000.0,1266990000.0,77419730000.0,23402180000.0,40598330000.0,4135690000.0,43.923748,25.18,149.475,101520151.0,RAINBOW.NS,0.5764320847680188,0.03337275911450479,0.06364079507703889,1
2023-12-31,1031.8303983301034,1210.305422349565,988.3812596325519,1187.560546875,13307252,21511700000.0,1266990000.0,77419730000.0,23402180000.0,40598330000.0,4135690000.0,43.923748,25.18,149.475,101520151.0,RAINBOW.NS,0.5764320847680188,0.03337275911450479,0.06364079507703889,1
2024-03-31,1194.8767206268546,1480.8050335193525,1085.9801129515117,1291.5797119140625,15664663,21511700000.0,1266990000.0,77419730000.0,23402180000.0,40598330000.0,4135690000.0,43.923748,25.18,149.475,101520151.0,RAINBOW.NS,0.5764320847680188,0.03337275911450479,0.06364079507703889,0
2024-06-30,1303.9724118666009,1641.4126289514757,1198.4601208888714,1240.1175537109375,13156693,21511700000.0,1266990000.0,77419730000.0,23402180000.0,40598330000.0,4135690000.0,43.923748,25.18,149.475,101520151.0,RAINBOW.NS,0.5764320847680188,0.03337275911450479,0.06364079507703889,1
2024-09-30,1249.2254498364218,1515.6806933530183,1076.9546749614797,1397.0670166015625,16152922,21511700000.0,1266990000.0,22619290000.0,7597730000.0,13434280000.0,153370000.0,43.923748,25.18,149.475,101520151.0,RAINBOW.NS,0.5655479861965063,0.03337275911450479,0.06364079507703889,1
2024-12-31,1390.2306878516363,1706.201165449826,1332.34589392311,1496.56884765625,15562121,3980820000.0,686870000.0,22619290000.0,7597730000.0,13434280000.0,153370000.0,43.923748,25.18,149.475,101520151.0,RAINBOW.NS,0.5655479861965063,0.03337275911450479,0.06364079507703889,0
2025-03-31,1496.5689130232724,1646.619926668424,1215.5785656185003,1398.913330078125,10355994,3492490000.0,563350000.0,23769860000.0,7635810000.0,14681930000.0,202550000.0,43.923748,25.18,149.475,101520151.0,RAINBOW.NS,0.5200821690336352,0.023700181658621464,0.038370296003318365,1
2025-06-30,1398.264731477322,1578.699951171875,1301.407628163379,1562.0,14165326,3529290000.0,534990000.0,23769860000.0,7635810000.0,14681930000.0,202550000.0,43.923748,25.18,149.475,101520151.0,RAINBOW.NS,0.5200821690336352,0.023700181658621464,0.038370296003318365,0
2025-09-30,1575.0,1645.699951171875,1330.5,1356.0,10094608,4447990000.0,752500000.0,25866540000.0,8161260000.0,15179450000.0,268170000.0,43.923748,25.18,149.475,101520151.0,RAINBOW.NS,0.5376518912081795,0.02909163730440948,0.04957360115155687,0
2025-12-31,1356.0,1399.9000244140625,1279.0,1320.0,11221931,4454480000.0,725310000.0,25866540000.0,8161260000.0,15179450000.0,268170000.0,43.923748,25.18,149.475,101520151.0,RAINBOW.NS,0.5376518912081795,0.02909163730440948,0.04957360115155687,0
2026-03-31,1333.4000244140625,1333.5,1084.0,1106.0,7849459,4454480000.0,725310000.0,25866540000.0,8161260000.0,15179450000.0,268170000.0,43.923748,25.18,149.475,101520151.0,RAINBOW.NS,0.5376518912081795,0.02909163730440948,0.04957360115155687,0
2017-12-31,231.38402794208352,245.96016594235192,202.61790119185758,207.7823028564453,16067987,4454480000.0,725310000.0,25866540000.0,8161260000.0,15179450000.0,268170000.0,168.70512,0.78,92.308,107296755.0,SHALBY.NS,0.5376518912081795,0.02909163730440948,0.04957360115155687,0
2018-03-31,209.47157174556338,264.88021555409676,183.408270171207,199.72195434570312,31523861,4454480000.0,725310000.0,25866540000.0,8161260000.0,15179450000.0,268170000.0,168.70512,0.78,92.308,107296755.0,SHALBY.NS,0.5376518912081795,0.02909163730440948,0.04957360115155687,0
2018-06-30,200.9286194133208,223.9511697275818,155.2213300223201,162.41287231445312,7117171,4454480000.0,725310000.0,25866540000.0,8161260000.0,15179450000.0,268170000.0,168.70512,0.78,92.308,107296755.0,SHALBY.NS,0.5376518912081795,0.02909163730440948,0.04957360115155687,0
2018-09-30,162.36460048120566,171.53503210699546,126.0207827804381,127.99966430664062,6097660,4454480000.0,725310000.0,25866540000.0,8161260000.0,15179450000.0,268170000.0,168.70512,0.78,92.308,107296755.0,SHALBY.NS,0.5376518912081795,0.02909163730440948,0.04957360115155687,1
2018-12-31,125.97253927665635,159.75827502622357,125.53815415606773,140.98306274414062,1961267,4454480000.0,725310000.0,25866540000.0,8161260000.0,15179450000.0,268170000.0,168.70512,0.78,92.308,107296755.0,SHALBY.NS,0.5376518912081795,0.02909163730440948,0.04957360115155687,0
2019-03-31,139.72815051144116,143.87897941357693,122.25610097247645,124.91068267822266,1599198,4454480000.0,725310000.0,25866540000.0,8161260000.0,15179450000.0,268170000.0,168.70512,0.78,92.308,107296755.0,SHALBY.NS,0.5376518912081795,0.02909163730440948,0.04957360115155687,0
2019-06-30,125.48986699963098,142.96194091266773,104.25313900130958,107.63169860839844,1572621,4454480000.0,725310000.0,25866540000.0,8161260000.0,15179450000.0,268170000.0,168.70512,0.78,92.308,107296755.0,SHALBY.NS,0.5376518912081795,0.02909163730440948,0.04957360115155687,0
2019-09-30,107.63171210891643,108.59701894397398,72.63933334741738,84.34903717041016,3956695,4454480000.0,725310000.0,25866540000.0,8161260000.0,15179450000.0,268170000.0,168.70512,0.78,92.308,107296755.0,SHALBY.NS,0.5376518912081795,0.02909163730440948,0.04957360115155687,1
2019-12-31,87.26263824562488,119.45804704679956,79.10452687262814,90.03057098388672,4358845,4454480000.0,725310000.0,25866540000.0,8161260000.0,15179450000.0,268170000.0,168.70512,0.78,92.308,107296755.0,SHALBY.NS,0.5376518912081795,0.02909163730440948,0.04957360115155687,0
2020-03-31,92.02153663850764,117.32139732064543,38.94525778165687,44.821048736572266,11974196,4454480000.0,725310000.0,25866540000.0,8161260000.0,15179450000.0,268170000.0,168.70512,0.78,92.308,107296755.0,SHALBY.NS,0.5376518912081795,0.02909163730440948,0.04957360115155687,1
2020-06-30,44.918166851029845,76.23948716417621,41.56750697518284,67.0130386352539,18032360,4454480000.0,725310000.0,25866540000.0,8161260000.0,15179450000.0,268170000.0,168.70512,0.78,92.308,107296755.0,SHALBY.NS,0.5376518912081795,0.02909163730440948,0.04957360115155687,1
2020-09-30,67.45009101713644,95.95490809199197,66.81880531536277,85.69613647460938,17525573,4454480000.0,725310000.0,25866540000.0,8161260000.0,15179450000.0,268170000.0,168.70512,0.78,92.308,107296755.0,SHALBY.NS,0.5376518912081795,0.02909163730440948,0.04957360115155687,1
2020-12-31,86.67328249709499,118.9192644015768,81.44552578441312,106.16744232177734,44559587,4454480000.0,725310000.0,25866540000.0,8161260000.0,15179450000.0,268170000.0,168.70512,0.78,92.308,107296755.0,SHALBY.NS,0.5376518912081795,0.02909163730440948,0.04957360115155687,0
2021-03-31,106.85145235549408,131.52451729508246,93.90420349102241,98.49681854248047,26048974,4454480000.0,725310000.0,25866540000.0,8161260000.0,15179450000.0,268170000.0,168.70512,0.78,92.308,107296755.0,SHALBY.NS,0.5376518912081795,0.02909163730440948,0.04957360115155687,1
2021-06-30,98.9853924909577,180.47976924533558,98.88767143360562,176.2291717529297,53664073,4454480000.0,725310000.0,25866540000.0,8161260000.0,15179450000.0,268170000.0,168.70512,0.78,92.308,107296755.0,SHALBY.NS,0.5376518912081795,0.02909163730440948,0.04957360115155687,0
2021-09-30,177.35288757902026,209.50113693580337,171.19683395375367,172.4011993408203,35272774,4454480000.0,725310000.0,25866540000.0,8161260000.0,15179450000.0,268170000.0,168.70512,0.78,92.308,107296755.0,SHALBY.NS,0.5376518912081795,0.02909163730440948,0.04957360115155687,0
2021-12-31,172.59766900197434,178.04967583151884,122.79287174180455,138.4612579345703,13030821,4454480000.0,725310000.0,25866540000.0,8161260000.0,15179450000.0,268170000.0,168.70512,0.78,92.308,107296755.0,SHALBY.NS,0.5376518912081795,0.02909163730440948,0.04957360115155687,0
2022-03-31,138.7068293661193,151.96846609762272,110.41535445093687,114.93413543701172,10755958,4454480000.0,725310000.0,25866540000.0,8161260000.0,15179450000.0,268170000.0,168.70512,0.78,92.308,107296755.0,SHALBY.NS,0.5376518912081795,0.02909163730440948,0.04957360115155687,0
2022-06-30,114.93413993603042,136.250975921154,93.27346845293263,100.00251770019531,5998909,4454480000.0,725310000.0,25866540000.0,8161260000.0,15179450000.0,268170000.0,168.70512,0.78,92.308,107296755.0,SHALBY.NS,0.5376518912081795,0.02909163730440948,0.04957360115155687,1
2022-09-30,100.93574502437146,146.2823842045521,99.16751884847154,129.0115509033203,6779666,4454480000.0,725310000.0,25866540000.0,8161260000.0,15179450000.0,268170000.0,168.70512,0.78,92.308,107296755.0,SHALBY.NS,0.5376518912081795,0.02909163730440948,0.04957360115155687,1
2022-12-31,129.7043699596797,155.58585346335875,126.883618393997,149.20208740234375,10841517,4454480000.0,725310000.0,25866540000.0,8161260000.0,15179450000.0,268170000.0,168.70512,0.78,92.308,107296755.0,SHALBY.NS,0.5376518912081795,0.02909163730440948,0.04957360115155687,0
2023-03-31,150.439251951989,166.27495166004476,113.81916172514642,132.82200622558594,11572451,4454480000.0,725310000.0,25866540000.0,8161260000.0,15179450000.0,268170000.0,168.70512,0.78,92.308,107296755.0,SHALBY.NS,0.5376518912081795,0.02909163730440948,0.04957360115155687,1
2023-06-30,132.82201005823063,179.1414727785498,132.82201005823063,167.611083984375,15002721,4454480000.0,725310000.0,25866540000.0,8161260000.0,15179450000.0,268170000.0,168.70512,0.78,92.308,107296755.0,SHALBY.NS,0.5376518912081795,0.02909163730440948,0.04957360115155687,1
2023-09-30,168.40287329713348,260.5367805146909,167.61109987502843,236.8380584716797,45659274,4454480000.0,725310000.0,25866540000.0,8161260000.0,15179450000.0,268170000.0,168.70512,0.78,92.308,107296755.0,SHALBY.NS,0.5376518912081795,0.02909163730440948,0.04957360115155687,1
2023-12-31,236.98740314109682,328.1976983918621,228.02570229718256,301.31256103515625,42169246,4454480000.0,725310000.0,25866540000.0,8161260000.0,15179450000.0,268170000.0,168.70512,0.78,92.308,107296755.0,SHALBY.NS,0.5376518912081795,0.02909163730440948,0.04957360115155687,0
2024-03-31,302.6070258648938,338.0555775071093,209.4550560508758,238.08273315429688,16243321,4454480000.0,725310000.0,25866540000.0,8161260000.0,15179450000.0,268170000.0,168.70512,0.78,92.308,107296755.0,SHALBY.NS,0.5376518912081795,0.02909163730440948,0.04957360115155687,1
2024-06-30,239.2278364918103,292.7491544934169,226.13379277112045,265.66485595703125,11623708,4454480000.0,725310000.0,25866540000.0,8161260000.0,15179450000.0,268170000.0,168.70512,0.78,92.308,107296755.0,SHALBY.NS,0.5376518912081795,0.02909163730440948,0.04957360115155687,1
2024-09-30,267.0091401270858,323.61726472416655,247.6916695976056,280.25,21873937,4454480000.0,725310000.0,17166060000.0,4632720000.0,10066130000.0,367540000.0,168.70512,0.78,92.308,107296755.0,SHALBY.NS,0.46022850887083716,0.02909163730440948,0.04957360115155687,0
2024-12-31,280.0,282.5,204.0500030517578,229.64999389648438,10472809,2756330000.0,-18130000.0,17166060000.0,4632720000.0,10066130000.0,367540000.0,168.70512,0.78,92.308,107296755.0,SHALBY.NS,0.46022850887083716,0.02909163730440948,0.04957360115155687,0
2025-03-31,230.97999572753906,240.13999938964844,180.35000610351562,197.07000732421875,6347955,2587060000.0,-110150000.0,17036530000.0,4759270000.0,9921870000.0,347850000.0,168.70512,0.78,92.308,107296755.0,SHALBY.NS,0.47967469841874566,-0.006465518506409462,-0.011101737878041135,0
2025-06-30,198.97999572753906,213.99000549316406,177.25,185.61000061035156,7878548,2964260000.0,89200000.0,17036530000.0,4759270000.0,9921870000.0,347850000.0,168.70512,0.78,92.308,107296755.0,SHALBY.NS,0.47967469841874566,-0.006465518506409462,-0.011101737878041135,1
2025-09-30,186.60000610351562,274.70001220703125,181.11000061035156,264.5199890136719,50610350,2854320000.0,83850000.0,17824240000.0,5346910000.0,10020410000.0,189680000.0,168.70512,0.78,92.308,107296755.0,SHALBY.NS,0.5336019184843734,0.004704267895854185,0.008367921073089825,0
2025-12-31,266.45001220703125,273.0,186.75,203.92999267578125,10622226,2721260000.0,17650000.0,17824240000.0,5346910000.0,10020410000.0,189680000.0,168.70512,0.78,92.308,107296755.0,SHALBY.NS,0.5336019184843734,0.004704267895854185,0.008367921073089825,0
2026-03-31,204.92999267578125,207.0,131.0,131.58999633789062,8394382,2721260000.0,17650000.0,17824240000.0,5346910000.0,10020410000.0,189680000.0,168.70512,0.78,92.308,107296755.0,SHALBY.NS,0.5336019184843734,0.004704267895854185,0.008367921073089825,0
2024-12-31,438.0,449.0,353.8500061035156,375.6499938964844,19221541,595130000.0,61536000.0,17824240000.0,5346910000.0,10020410000.0,189680000.0,41.4,6.25,44.353,52080758.0,SURAKSHA.NS,0.5336019184843734,0.004704267895854185,0.008367921073089825,0
2025-03-31,378.3999938964844,396.3999938964844,231.0,259.20001220703125,8550219,650947000.0,73887000.0,3335242000.0,888907000.0,2112397000.0,22468000.0,41.4,6.25,44.353,52080758.0,SURAKSHA.NS,0.4208048960493695,0.022153414954597,0.03497780010102268,1
2025-06-30,259.20001220703125,352.5,259.04998779296875,325.20001220703125,4240045,725863000.0,93974000.0,3335242000.0,888907000.0,2112397000.0,22468000.0,41.4,6.25,44.353,52080758.0,SURAKSHA.NS,0.4208048960493695,0.022153414954597,0.03497780010102268,0
2025-09-30,325.20001220703125,335.04998779296875,285.75,298.3500061035156,2848192,787290000.0,89864000.0,3802479000.0,1176943000.0,2303914000.0,21072000.0,41.4,6.25,44.353,52080758.0,SURAKSHA.NS,0.5108450228610963,0.02363300362737046,0.03900492813533839,0
2025-12-31,297.0,329.0,264.04998779296875,269.6499938964844,1901108,776873000.0,75229000.0,3802479000.0,1176943000.0,2303914000.0,21072000.0,41.4,6.25,44.353,52080758.0,SURAKSHA.NS,0.5108450228610963,0.02363300362737046,0.03900492813533839,0
2026-03-31,270.54998779296875,293.95001220703125,240.0,258.75,1121111,776873000.0,75229000.0,3802479000.0,1176943000.0,2303914000.0,21072000.0,41.4,6.25,44.353,52080758.0,SURAKSHA.NS,0.5108450228610963,0.02363300362737046,0.03900492813533839,0
2016-03-31,6.065390520181003,6.1889213967067445,5.650015529246847,5.949579238891602,40473444,776873000.0,75229000.0,3802479000.0,1176943000.0,2303914000.0,21072000.0,41.4,-12.32,12.661,263720583.0,SUVEN.NS,0.5108450228610963,0.02363300362737046,0.03900492813533839,1
2016-06-30,5.975829817100313,7.0104049108076385,5.653104251741999,6.368041515350342,418781282,776873000.0,75229000.0,3802479000.0,1176943000.0,2303914000.0,21072000.0,41.4,-12.32,12.661,263720583.0,SUVEN.NS,0.5108450228610963,0.02363300362737046,0.03900492813533839,0
2016-09-30,6.3773065077631195,6.825108022348295,5.682442427922768,6.184289455413818,461117842,776873000.0,75229000.0,3802479000.0,1176943000.0,2303914000.0,21072000.0,41.4,-12.32,12.661,263720583.0,SUVEN.NS,0.5108450228610963,0.02363300362737046,0.03900492813533839,0
2016-12-31,6.238334242908826,6.576500411663715,4.6015429713211145,5.339642524719238,390457105,776873000.0,75229000.0,3802479000.0,1176943000.0,2303914000.0,21072000.0,41.4,-12.32,12.661,263720583.0,SUVEN.NS,0.5108450228610963,0.02363300362737046,0.03900492813533839,1
2017-03-31,5.339642524719238,6.467394424660551,5.2593480161926935,5.717300891876221,252182375,776873000.0,75229000.0,3802479000.0,1176943000.0,2303914000.0,21072000.0,41.4,-12.32,12.661,263720583.0,SUVEN.NS,0.5108450228610963,0.02363300362737046,0.03900492813533839,1
2017-06-30,5.712116352321894,6.890833898510503,5.705203199065842,5.936798572540283,408021332,776873000.0,75229000.0,3802479000.0,1176943000.0,2303914000.0,21072000.0,41.4,-12.32,12.661,263720583.0,SUVEN.NS,0.5108450228610963,0.02363300362737046,0.03900492813533839,1
2017-09-30,5.94371183404961,6.851083193523447,5.357809622632219,6.118272304534912,344683503,776873000.0,75229000.0,3802479000.0,1176943000.0,2303914000.0,21072000.0,41.4,-12.32,12.661,263720583.0,SUVEN.NS,0.5108450228610963,0.02363300362737046,0.03900492813533839,1
2017-12-31,6.159751659787292,7.96412447135917,6.11827203460695,7.03082799911499,763448760,776873000.0,75229000.0,3802479000.0,1176943000.0,2303914000.0,21072000.0,41.4,-12.32,12.661,263720583.0,SUVEN.NS,0.5108450228610963,0.02363300362737046,0.03900492813533839,0
2018-03-31,7.017001817457444,8.669280976977156,6.291104724161978,6.800784587860107,730837244,776873000.0,75229000.0,3802479000.0,1176943000.0,2303914000.0,21072000.0,41.4,-12.32,12.661,263720583.0,SUVEN.NS,0.5108450228610963,0.02363300362737046,0.03900492813533839,1
2018-06-30,6.865785874425333,9.847730729678972,6.835316235292201,8.448165893554688,988633574,776873000.0,75229000.0,3802479000.0,1176943000.0,2303914000.0,21072000.0,41.4,-12.32,12.661,263720583.0,SUVEN.NS,0.5108450228610963,0.02363300362737046,0.03900492813533839,1
2018-09-30,8.48269796522913,13.723446681375718,8.21050406972529,10.962912559509277,1478486288,776873000.0,75229000.0,3802479000.0,1176943000.0,2303914000.0,21072000.0,41.4,-12.32,12.661,263720583.0,SUVEN.NS,0.5108450228610963,0.02363300362737046,0.03900492813533839,0
2018-12-31,10.87556729337792,11.381360447057826,8.775205778809616,9.203808784484863,550101959,776873000.0,75229000.0,3802479000.0,1176943000.0,2303914000.0,21072000.0,41.4,-12.32,12.661,263720583.0,SUVEN.NS,0.5108450228610963,0.02363300362737046,0.03900492813533839,1
2019-03-31,9.189590343689327,12.696008682250977,7.422360845657709,12.164106369018555,448562267,776873000.0,75229000.0,3802479000.0,1176943000.0,2303914000.0,21072000.0,41.4,-12.32,12.661,263720583.0,SUVEN.NS,0.5108450228610963,0.02363300362737046,0.03900492813533839,1
2019-06-30,12.217528343200684,13.165200233459473,11.520710945129395,12.598455429077148,288192335,776873000.0,75229000.0,3802479000.0,1176943000.0,2303914000.0,21072000.0,41.4,-12.32,12.661,263720583.0,SUVEN.NS,0.5108450228610963,0.02363300362737046,0.03900492813533839,1
2019-09-30,12.593810081481934,14.14074420928955,10.150303840637207,12.932927131652832,244212510,776873000.0,75229000.0,3802479000.0,1176943000.0,2303914000.0,21072000.0,41.4,-12.32,12.661,263720583.0,SUVEN.NS,0.5108450228610963,0.02363300362737046,0.03900492813533839,1
2019-12-31,12.937573432922363,15.548315048217773,11.52535629272461,14.2661714553833,797686942,776873000.0,75229000.0,3802479000.0,1176943000.0,2303914000.0,21072000.0,41.4,-12.32,12.661,263720583.0,SUVEN.NS,0.5108450228610963,0.02363300362737046,0.03900492813533839,1
2020-03-31,14.33585262298584,62.1875,13.634389877319336,19.715740203857422,107626544,776873000.0,75229000.0,3802479000.0,1176943000.0,2303914000.0,21072000.0,41.4,-12.32,12.661,263720583.0,SUVEN.NS,0.5108450228610963,0.02363300362737046,0.03900492813533839,1
2020-06-30,18.74837875366211,43.761573791503906,17.827083587646484,38.141666412353516,58250692,776873000.0,75229000.0,3802479000.0,1176943000.0,2303914000.0,21072000.0,41.4,-12.32,12.661,263720583.0,SUVEN.NS,0.5108450228610963,0.02363300362737046,0.03900492813533839,1
2020-09-30,36.391204833984375,54.034027099609375,33.30485916137695,46.43333435058594,71139888,776873000.0,75229000.0,3802479000.0,1176943000.0,2303914000.0,21072000.0,41.4,-12.32,12.661,263720583.0,SUVEN.NS,0.5108450228610963,0.02363300362737046,0.03900492813533839,1
2020-12-31,46.801849365234375,99.5,40.490970611572266,83.42337799072266,76812222,776873000.0,75229000.0,3802479000.0,1176943000.0,2303914000.0,21072000.0,41.4,-12.32,12.661,263720583.0,SUVEN.NS,0.5108450228610963,0.02363300362737046,0.03900492813533839,0
2021-03-31,83.74583435058594,86.14120483398438,64.07615661621094,65.08958435058594,38055498,776873000.0,75229000.0,3802479000.0,1176943000.0,2303914000.0,21072000.0,41.4,-12.32,12.661,263720583.0,SUVEN.NS,0.5108450228610963,0.02363300362737046,0.03900492813533839,1
2021-06-30,65.08958435058594,106.87036895751953,65.08958435058594,80.98194122314453,78871611,776873000.0,75229000.0,3802479000.0,1176943000.0,2303914000.0,21072000.0,41.4,-12.32,12.661,263720583.0,SUVEN.NS,0.5108450228610963,0.02363300362737046,0.03900492813533839,1
2021-09-30,81.0740737915039,94.89351654052734,67.25463104248047,86.00300598144531,47244517,776873000.0,75229000.0,3802479000.0,1176943000.0,2303914000.0,21072000.0,41.4,-12.32,12.661,263720583.0,SUVEN.NS,0.5108450228610963,0.02363300362737046,0.03900492813533839,0
2021-12-31,85.68055725097656,114.65532684326172,78.31018829345703,82.0875015258789,56394634,776873000.0,75229000.0,3802479000.0,1176943000.0,2303914000.0,21072000.0,41.4,-12.32,12.661,263720583.0,SUVEN.NS,0.5108450228610963,0.02363300362737046,0.03900492813533839,1
2022-03-31,82.64027404785156,94.47893524169922,66.1490707397461,85.40416717529297,36631680,776873000.0,75229000.0,3802479000.0,1176943000.0,2303914000.0,21072000.0,41.4,-12.32,12.661,263720583.0,SUVEN.NS,0.5108450228610963,0.02363300362737046,0.03900492813533839,0
2022-06-30,83.69976806640625,93.92615509033203,56.01481246948242,64.72106170654297,30548855,776873000.0,75229000.0,3802479000.0,1176943000.0,2303914000.0,21072000.0,41.4,-12.32,12.661,263720583.0,SUVEN.NS,0.5108450228610963,0.02363300362737046,0.03900492813533839,1
2022-09-30,64.72106170654297,78.21805572509766,60.851619720458984,65.45809936523438,19208995,776873000.0,75229000.0,3802479000.0,1176943000.0,2303914000.0,21072000.0,41.4,-12.32,12.661,263720583.0,SUVEN.NS,0.5108450228610963,0.02363300362737046,0.03900492813533839,1
2022-12-31,66.79398345947266,72.5,59.5,68.44999694824219,26497737,776873000.0,75229000.0,3802479000.0,1176943000.0,2303914000.0,21072000.0,41.4,-12.32,12.661,263720583.0,SUVEN.NS,0.5108450228610963,0.02363300362737046,0.03900492813533839,0
2023-03-31,68.44999694824219,68.5999984741211,45.0,48.5,12760187,776873000.0,75229000.0,3802479000.0,1176943000.0,2303914000.0,21072000.0,41.4,-12.32,12.661,263720583.0,SUVEN.NS,0.5108450228610963,0.02363300362737046,0.03900492813533839,1
2023-06-30,48.849998474121094,67.80000305175781,48.349998474121094,63.29999923706055,15436776,776873000.0,75229000.0,3802479000.0,1176943000.0,2303914000.0,21072000.0,41.4,-12.32,12.661,263720583.0,SUVEN.NS,0.5108450228610963,0.02363300362737046,0.03900492813533839,1
2023-09-30,63.75,82.19999694824219,59.599998474121094,71.05000305175781,52180457,776873000.0,75229000.0,3802479000.0,1176943000.0,2303914000.0,21072000.0,41.4,-12.32,12.661,263720583.0,SUVEN.NS,0.5108450228610963,0.02363300362737046,0.03900492813533839,1
2023-12-31,71.5,88.75,60.75,80.75,41047510,776873000.0,75229000.0,3802479000.0,1176943000.0,2303914000.0,21072000.0,41.4,-12.32,12.661,263720583.0,SUVEN.NS,0.5108450228610963,0.02363300362737046,0.03900492813533839,1
2024-03-31,81.5,129.0,80.69999694824219,100.0,59703060,776873000.0,75229000.0,3802479000.0,1176943000.0,2303914000.0,21072000.0,41.4,-12.32,12.661,263720583.0,SUVEN.NS,0.5108450228610963,0.02363300362737046,0.03900492813533839,1
2024-06-30,100.0999984741211,121.5,82.94999694824219,105.2300033569336,12877120,776873000.0,75229000.0,3802479000.0,1176943000.0,2303914000.0,21072000.0,41.4,-12.32,12.661,263720583.0,SUVEN.NS,0.5108450228610963,0.02363300362737046,0.03900492813533839,1
2024-09-30,106.0,169.3000030517578,103.31999969482422,140.69000244140625,41147716,776873000.0,75229000.0,2119559000.0,2442000.0,1926758000.0,74369000.0,41.4,-12.32,12.661,263720583.0,SUVEN.NS,0.0012674139668811548,0.02363300362737046,0.03900492813533839,0
2024-12-31,140.6999969482422,167.17999267578125,112.0,127.91999816894531,16839298,16099000.0,-391166000.0,2119559000.0,2442000.0,1926758000.0,74369000.0,41.4,-12.32,12.661,263720583.0,SUVEN.NS,0.0012674139668811548,0.02363300362737046,0.03900492813533839,0
2025-03-31,126.5,153.0,102.5,113.66999816894531,34159845,14670000.0,-439449000.0,1351833000.0,0.0,1099868000.0,150256000.0,41.4,-12.32,12.661,263720583.0,SUVEN.NS,0.0,-0.3250763962708412,-0.39954703655347734,1
2025-06-30,114.0,271.7200012207031,113.98999786376953,246.14999389648438,66920148,18667000.0,-515169000.0,1351833000.0,0.0,1099868000.0,150256000.0,41.4,-12.32,12.661,263720583.0,SUVEN.NS,0.0,-0.3250763962708412,-0.39954703655347734,0
2025-09-30,246.14999389648438,299.989990234375,200.0,204.2100067138672,10544119,9192000.0,-773099000.0,3374100000.0,0.0,2812741000.0,96093000.0,41.4,-12.32,12.661,263720583.0,SUVEN.NS,0.0,-0.22912747102931152,-0.2748560923312882,0
2025-12-31,204.2100067138672,216.7899932861328,160.1999969482422,166.27000427246094,10463066,28087000.0,-1019218000.0,3374100000.0,0.0,2812741000.0,96093000.0,41.4,-12.32,12.661,263720583.0,SUVEN.NS,0.0,-0.22912747102931152,-0.2748560923312882,0
2026-03-31,166.5,178.5,124.76000213623047,126.6500015258789,19477445,28087000.0,-1019218000.0,3374100000.0,0.0,2812741000.0,96093000.0,41.4,-12.32,12.661,263720583.0,SUVEN.NS,0.0,-0.22912747102931152,-0.2748560923312882,0
2016-03-31,192.5983966416773,194.52437759392146,183.21539125704805,190.25265502929688,1652234,28087000.0,-1019218000.0,3374100000.0,0.0,2812741000.0,96093000.0,45.46857,8.75,117.843,401751784.0,SYNGENE.NS,0.0,-0.22912747102931152,-0.2748560923312882,1
2016-06-30,189.98103738975,205.8333711295263,172.35087309365312,198.64796447753906,21543616,28087000.0,-1019218000.0,3374100000.0,0.0,2812741000.0,96093000.0,45.46857,8.75,117.843,401751784.0,SYNGENE.NS,0.0,-0.22912747102931152,-0.2748560923312882,1
2016-09-30,199.8825753498547,258.72385159967007,198.17881420117072,234.50091552734375,21596516,28087000.0,-1019218000.0,3374100000.0,0.0,2812741000.0,96093000.0,45.46857,8.75,117.843,401751784.0,SYNGENE.NS,0.0,-0.22912747102931152,-0.2748560923312882,1
2016-12-31,236.40218854014822,327.516073337712,236.0564930867806,277.46514892578125,26078594,28087000.0,-1019218000.0,3374100000.0,0.0,2812741000.0,96093000.0,45.46857,8.75,117.843,401751784.0,SYNGENE.NS,0.0,-0.22912747102931152,-0.2748560923312882,0
2017-03-31,278.0083963893664,304.97216454370425,228.64888062118413,257.16827392578125,18825932,28087000.0,-1019218000.0,3374100000.0,0.0,2812741000.0,96093000.0,45.46857,8.75,117.843,401751784.0,SYNGENE.NS,0.0,-0.22912747102931152,-0.2748560923312882,0
2017-06-30,257.93371481845554,278.5269278893748,217.90779424505408,232.32801818847656,18257552,28087000.0,-1019218000.0,3374100000.0,0.0,2812741000.0,96093000.0,45.46857,8.75,117.843,401751784.0,SYNGENE.NS,0.0,-0.22912747102931152,-0.2748560923312882,1
2017-09-30,233.93298948585863,253.26192253491266,212.83304992690418,245.22068786621094,13587634,28087000.0,-1019218000.0,3374100000.0,0.0,2812741000.0,96093000.0,45.46857,8.75,117.843,401751784.0,SYNGENE.NS,0.0,-0.22912747102931152,-0.2748560923312882,1
2017-12-31,245.56707447774411,286.16913783658475,238.02068645892365,267.88458251953125,15425790,28087000.0,-1019218000.0,3374100000.0,0.0,2812741000.0,96093000.0,45.46857,8.75,117.843,401751784.0,SYNGENE.NS,0.0,-0.22912747102931152,-0.2748560923312882,1
2018-03-31,268.25577320740297,332.53618817657036,265.1877470255813,295.5217590332031,20503404,28087000.0,-1019218000.0,3374100000.0,0.0,2812741000.0,96093000.0,45.46857,8.75,117.843,401751784.0,SYNGENE.NS,0.0,-0.22912747102931152,-0.2748560923312882,1
2018-06-30,296.90730688065537,346.39184012455775,282.5567719857544,301.83099365234375,21320018,28087000.0,-1019218000.0,3374100000.0,0.0,2812741000.0,96093000.0,45.46857,8.75,117.843,401751784.0,SYNGENE.NS,0.0,-0.22912747102931152,-0.2748560923312882,0
2018-09-30,304.0825337881994,326.1498893400491,275.09602899966035,297.7728576660156,12308022,28087000.0,-1019218000.0,3374100000.0,0.0,2812741000.0,96093000.0,45.46857,8.75,117.843,401751784.0,SYNGENE.NS,0.0,-0.22912747102931152,-0.2748560923312882,0
2018-12-31,299.8299441008987,309.6441312254707,247.8838421774626,277.67352294921875,7698178,28087000.0,-1019218000.0,3374100000.0,0.0,2812741000.0,96093000.0,45.46857,8.75,117.843,401751784.0,SYNGENE.NS,0.0,-0.22912747102931152,-0.2748560923312882,1
2019-03-31,277.7974610587709,306.8188383677398,265.1827019411008,296.9798278808594,11683656,28087000.0,-1019218000.0,3374100000.0,0.0,2812741000.0,96093000.0,45.46857,8.75,117.843,401751784.0,SYNGENE.NS,0.0,-0.22912747102931152,-0.2748560923312882,1
2019-06-30,294.1793072153527,365.803403275275,282.63021802814455,331.0074157714844,23266994,28087000.0,-1019218000.0,3374100000.0,0.0,2812741000.0,96093000.0,45.46857,8.75,117.843,401751784.0,SYNGENE.NS,0.0,-0.22912747102931152,-0.2748560923312882,0
2019-09-30,331.10659822753155,335.0719467092984,290.4741538243586,307.8499755859375,8463250,28087000.0,-1019218000.0,3374100000.0,0.0,2812741000.0,96093000.0,45.46857,8.75,117.843,401751784.0,SYNGENE.NS,0.0,-0.22912747102931152,-0.2748560923312882,1
2019-12-31,308.69399981955803,341.90665940838124,288.93516067723994,317.8783264160156,10470865,28087000.0,-1019218000.0,3374100000.0,0.0,2812741000.0,96093000.0,45.46857,8.75,117.843,401751784.0,SYNGENE.NS,0.0,-0.22912747102931152,-0.2748560923312882,0
2020-03-31,317.8783232202123,339.0272048915447,211.04183885445536,238.44598388671875,16111023,28087000.0,-1019218000.0,3374100000.0,0.0,2812741000.0,96093000.0,45.46857,8.75,117.843,401751784.0,SYNGENE.NS,0.0,-0.22912747102931152,-0.2748560923312882,1
2020-06-30,235.21903803766173,420.99148086341177,231.6942488973861,398.0553894042969,25906292,28087000.0,-1019218000.0,3374100000.0,0.0,2812741000.0,96093000.0,45.46857,8.75,117.843,401751784.0,SYNGENE.NS,0.0,-0.22912747102931152,-0.2748560923312882,1
2020-09-30,400.09084814287826,592.4660717730272,398.8497469237967,549.0264892578125,67910481,28087000.0,-1019218000.0,3374100000.0,0.0,2812741000.0,96093000.0,45.46857,8.75,117.843,401751784.0,SYNGENE.NS,0.0,-0.22912747102931152,-0.2748560923312882,1
2020-12-31,554.0903096120037,639.9765345282525,510.65073164243006,635.0616455078125,41248102,28087000.0,-1019218000.0,3374100000.0,0.0,2812741000.0,96093000.0,45.46857,8.75,117.843,401751784.0,SYNGENE.NS,0.0,-0.22912747102931152,-0.2748560923312882,0
2021-03-31,634.4659369087475,635.3596193243444,487.0196007575551,539.5939331054688,27717528,28087000.0,-1019218000.0,3374100000.0,0.0,2812741000.0,96093000.0,45.46857,8.75,117.843,401751784.0,SYNGENE.NS,0.0,-0.22912747102931152,-0.2748560923312882,1
2021-06-30,546.0974256499486,614.6078575494749,538.3528714182671,579.1611328125,26801443,28087000.0,-1019218000.0,3374100000.0,0.0,2812741000.0,96093000.0,45.46857,8.75,117.843,401751784.0,SYNGENE.NS,0.0,-0.22912747102931152,-0.2748560923312882,1
2021-09-30,580.6505049548566,695.0330365388779,571.0689944877454,595.6434326171875,45840033,28087000.0,-1019218000.0,3374100000.0,0.0,2812741000.0,96093000.0,45.46857,8.75,117.843,401751784.0,SYNGENE.NS,0.0,-0.22912747102931152,-0.2748560923312882,1
2021-12-31,595.7426938818259,634.7141013738319,526.7854370381898,615.50146484375,42387588,28087000.0,-1019218000.0,3374100000.0,0.0,2812741000.0,96093000.0,45.46857,8.75,117.843,401751784.0,SYNGENE.NS,0.0,-0.22912747102931152,-0.2748560923312882,0
2022-03-31,617.139695257898,644.1467111727632,511.3458327790641,593.3596801757812,27164123,28087000.0,-1019218000.0,3374100000.0,0.0,2812741000.0,96093000.0,45.46857,8.75,117.843,401751784.0,SYNGENE.NS,0.0,-0.22912747102931152,-0.2748560923312882,0
2022-06-30,588.3951654775491,678.1536648411917,506.4308530495848,551.7959594726562,25715607,28087000.0,-1019218000.0,3374100000.0,0.0,2812741000.0,96093000.0,45.46857,8.75,117.843,401751784.0,SYNGENE.NS,0.0,-0.22912747102931152,-0.2748560923312882,1
2022-09-30,547.0711762819176,623.8104409698743,539.5117590615156,557.6146850585938,39899150,28087000.0,-1019218000.0,3374100000.0,0.0,2812741000.0,96093000.0,45.46857,8.75,117.843,401751784.0,SYNGENE.NS,0.0,-0.22912747102931152,-0.2748560923312882,1
2022-12-31,558.4602057410054,644.5493081727614,532.2504757251968,582.4318237304688,30078136,28087000.0,-1019218000.0,3374100000.0,0.0,2812741000.0,96093000.0,45.46857,8.75,117.843,401751784.0,SYNGENE.NS,0.0,-0.22912747102931152,-0.2748560923312882,1
2023-03-31,585.4656294569495,623.213521067027,542.0978559009457,591.334228515625,32509672,28087000.0,-1019218000.0,3374100000.0,0.0,2812741000.0,96093000.0,45.46857,8.75,117.843,401751784.0,SYNGENE.NS,0.0,-0.22912747102931152,-0.2748560923312882,1
2023-06-30,594.4176649665742,778.9299146020411,573.4797715551779,762.2303466796875,38782579,28087000.0,-1019218000.0,3374100000.0,0.0,2812741000.0,96093000.0,45.46857,8.75,117.843,401751784.0,SYNGENE.NS,0.0,-0.22912747102931152,-0.2748560923312882,1
2023-09-30,762.3798123209128,857.0795034746012,735.529123135803,801.186279296875,48514718,28087000.0,-1019218000.0,3374100000.0,0.0,2812741000.0,96093000.0,45.46857,8.75,117.843,401751784.0,SYNGENE.NS,0.0,-0.22912747102931152,-0.2748560923312882,0
2023-12-31,796.9021085370205,816.9778695331694,668.6764836398502,698.8648071289062,59219421,28087000.0,-1019218000.0,3374100000.0,0.0,2812741000.0,96093000.0,45.46857,8.75,117.843,401751784.0,SYNGENE.NS,0.0,-0.22912747102931152,-0.2748560923312882,1
2024-03-31,699.7116007277582,771.1473648209393,657.916212552411,699.9607543945312,57233465,28087000.0,-1019218000.0,3374100000.0,0.0,2812741000.0,96093000.0,45.46857,8.75,117.843,401751784.0,SYNGENE.NS,0.0,-0.22912747102931152,-0.2748560923312882,1
2024-06-30,697.9182760481134,764.1732251994001,605.4105154851864,708.62548828125,53717747,28087000.0,-1019218000.0,3374100000.0,0.0,2812741000.0,96093000.0,45.46857,8.75,117.843,401751784.0,SYNGENE.NS,0.0,-0.22912747102931152,-0.2748560923312882,1
2024-09-30,709.8730914308773,943.4200675777962,704.6332549036194,896.6608276367188,66139167,8910000000.0,1061000000.0,61360000000.0,6368000000.0,43955000000.0,2206000000.0,45.46857,8.75,117.843,401751784.0,SYNGENE.NS,0.1448754407917188,0.017291395045632332,0.024138323285178023,0
2024-12-31,890.4728259534413,958.7403573186607,827.045842530384,856.7881469726562,48409040,9437000000.0,1311000000.0,61360000000.0,6368000000.0,43955000000.0,2206000000.0,45.46857,8.75,117.843,401751784.0,SYNGENE.NS,0.1448754407917188,0.017291395045632332,0.024138323285178023,0
2025-03-31,856.7881306637273,894.0159145019406,635.0681613325866,724.794189453125,46901391,8884000000.0,1833000000.0,67959000000.0,5779000000.0,47268000000.0,3669000000.0,45.46857,8.75,117.843,401751784.0,SYNGENE.NS,0.12226030295337226,0.02697214496976118,0.038778877887788776,0
2025-06-30,721.7999772017532,758.5287125409659,598.3893124980021,638.9000244140625,81559175,8745000000.0,867000000.0,67959000000.0,5779000000.0,47268000000.0,3669000000.0,45.46857,8.75,117.843,401751784.0,SYNGENE.NS,0.12226030295337226,0.02697214496976118,0.038778877887788776,0
2025-09-30,638.9000244140625,728.5999755859375,607.0499877929688,622.8499755859375,58635670,8745000000.0,867000000.0,67959000000.0,5779000000.0,47268000000.0,3669000000.0,45.46857,8.75,117.843,401751784.0,SYNGENE.NS,0.12226030295337226,0.02697214496976118,0.038778877887788776,1
2025-12-31,623.2999877929688,673.4000244140625,608.5999755859375,651.0,36370053,9171000000.0,150000000.0,67959000000.0,5779000000.0,47268000000.0,3669000000.0,45.46857,8.75,117.843,401751784.0,SYNGENE.NS,0.12226030295337226,0.02697214496976118,0.038778877887788776,0
2026-03-31,650.0499877929688,678.9500122070312,387.04998779296875,397.8500061035156,72664815,9171000000.0,150000000.0,67959000000.0,5779000000.0,47268000000.0,3669000000.0,45.46857,8.75,117.843,401751784.0,SYNGENE.NS,0.12226030295337226,0.02697214496976118,0.038778877887788776,0
2016-03-31,138.0743591472383,148.7778171547477,136.4688780935187,138.22035217285156,1855767,9171000000.0,150000000.0,67959000000.0,5779000000.0,47268000000.0,3669000000.0,45.46857,-0.1,1.752,146224984.0,TAKE.NS,0.12226030295337226,0.02697214496976118,0.038778877887788776,1
2016-06-30,138.22034686820214,176.60678034066757,122.01922529887054,170.91448974609375,36565748,9171000000.0,150000000.0,67959000000.0,5779000000.0,47268000000.0,3669000000.0,45.46857,-0.1,1.752,146224984.0,TAKE.NS,0.12226030295337226,0.02697214496976118,0.038778877887788776,0
2016-09-30,171.64426596983068,184.58569174351135,151.7046357281034,163.21292114257812,16415237,9171000000.0,150000000.0,67959000000.0,5779000000.0,47268000000.0,3669000000.0,45.46857,-0.1,1.752,146224984.0,TAKE.NS,0.12226030295337226,0.02697214496976118,0.038778877887788776,0
2016-12-31,163.84685189858206,177.50073878328564,118.00874978930118,131.9089813232422,11983790,9171000000.0,150000000.0,67959000000.0,5779000000.0,47268000000.0,3669000000.0,45.46857,-0.1,1.752,146224984.0,TAKE.NS,0.12226030295337226,0.02697214496976118,0.038778877887788776,0
2017-03-31,132.10445268838455,146.32660248947948,122.55208205541362,123.62967681884766,9940059,9171000000.0,150000000.0,67959000000.0,5779000000.0,47268000000.0,3669000000.0,45.46857,-0.1,1.752,146224984.0,TAKE.NS,0.12226030295337226,0.02697214496976118,0.038778877887788776,1
2017-06-30,124.41336730606926,162.0312822574006,115.79260963079537,160.5128631591797,17657910,9171000000.0,150000000.0,67959000000.0,5779000000.0,47268000000.0,3669000000.0,45.46857,-0.1,1.752,146224984.0,TAKE.NS,0.12226030295337226,0.02697214496976118,0.038778877887788776,0
2017-09-30,160.51286341869962,178.18008354839054,122.83031961540043,150.6280059814453,19399309,9171000000.0,150000000.0,67959000000.0,5779000000.0,47268000000.0,3669000000.0,45.46857,-0.1,1.752,146224984.0,TAKE.NS,0.12226030295337226,0.02697214496976118,0.038778877887788776,1
2017-12-31,152.2978184853575,180.24281688485877,147.43568944478227,158.59619140625,17193567,9171000000.0,150000000.0,67959000000.0,5779000000.0,47268000000.0,3669000000.0,45.46857,-0.1,1.752,146224984.0,TAKE.NS,0.12226030295337226,0.02697214496976118,0.038778877887788776,1
2018-03-31,159.87560712156278,174.58869842912108,145.46950555540218,161.34246826171875,14351297,9171000000.0,150000000.0,67959000000.0,5779000000.0,47268000000.0,3669000000.0,45.46857,-0.1,1.752,146224984.0,TAKE.NS,0.12226030295337226,0.02697214496976118,0.038778877887788776,1
2018-06-30,160.7509397487275,303.903541407974,160.7509397487275,223.8485107421875,47986994,9171000000.0,150000000.0,67959000000.0,5779000000.0,47268000000.0,3669000000.0,45.46857,-0.1,1.752,146224984.0,TAKE.NS,0.12226030295337226,0.02697214496976118,0.038778877887788776,0
2018-09-30,225.9188715595351,250.22133657018506,149.60655678010514,151.53855895996094,21387587,9171000000.0,150000000.0,67959000000.0,5779000000.0,47268000000.0,3669000000.0,45.46857,-0.1,1.752,146224984.0,TAKE.NS,0.12226030295337226,0.02697214496976118,0.038778877887788776,0
2018-12-31,152.4797909259227,192.90326649413626,126.33110200597815,147.87440490722656,16366019,9171000000.0,150000000.0,67959000000.0,5779000000.0,47268000000.0,3669000000.0,45.46857,-0.1,1.752,146224984.0,TAKE.NS,0.12226030295337226,0.02697214496976118,0.038778877887788776,0
2019-03-31,148.86718298843346,166.1911651092394,96.29954902493223,142.8983154296875,26699921,9171000000.0,150000000.0,67959000000.0,5779000000.0,47268000000.0,3669000000.0,45.46857,-0.1,1.752,146224984.0,TAKE.NS,0.12226030295337226,0.02697214496976118,0.038778877887788776,0
2019-06-30,149.5702183731409,158.9805964154883,117.45544877918859,124.57546997070312,11359577,9171000000.0,150000000.0,67959000000.0,5779000000.0,47268000000.0,3669000000.0,45.46857,-0.1,1.752,146224984.0,TAKE.NS,0.12226030295337226,0.02697214496976118,0.038778877887788776,0
2019-09-30,125.37211739557631,138.1999969482422,93.7054477154962,103.5999984741211,11826441,9171000000.0,150000000.0,67959000000.0,5779000000.0,47268000000.0,3669000000.0,45.46857,-0.1,1.752,146224984.0,TAKE.NS,0.12226030295337226,0.02697214496976118,0.038778877887788776,0
2019-12-31,103.5999984741211,120.55000305175781,90.44999694824219,99.80000305175781,6547634,9171000000.0,150000000.0,67959000000.0,5779000000.0,47268000000.0,3669000000.0,45.46857,-0.1,1.752,146224984.0,TAKE.NS,0.12226030295337226,0.02697214496976118,0.038778877887788776,0
2020-03-31,99.0,113.9000015258789,36.599998474121094,39.650001525878906,9285890,9171000000.0,150000000.0,67959000000.0,5779000000.0,47268000000.0,3669000000.0,45.46857,-0.1,1.752,146224984.0,TAKE.NS,0.12226030295337226,0.02697214496976118,0.038778877887788776,1
2020-06-30,39.04999923706055,68.19999694824219,36.25,49.349998474121094,10413486,9171000000.0,150000000.0,67959000000.0,5779000000.0,47268000000.0,3669000000.0,45.46857,-0.1,1.752,146224984.0,TAKE.NS,0.12226030295337226,0.02697214496976118,0.038778877887788776,0
2020-09-30,50.349998474121094,60.75,38.0,45.70000076293945,60320270,9171000000.0,150000000.0,67959000000.0,5779000000.0,47268000000.0,3669000000.0,45.46857,-0.1,1.752,146224984.0,TAKE.NS,0.12226030295337226,0.02697214496976118,0.038778877887788776,1
2020-12-31,46.099998474121094,55.70000076293945,39.54999923706055,53.25,118887019,9171000000.0,150000000.0,67959000000.0,5779000000.0,47268000000.0,3669000000.0,45.46857,-0.1,1.752,146224984.0,TAKE.NS,0.12226030295337226,0.02697214496976118,0.038778877887788776,0
2021-03-31,53.45000076293945,66.94999694824219,44.349998474121094,44.900001525878906,162041896,9171000000.0,150000000.0,67959000000.0,5779000000.0,47268000000.0,3669000000.0,45.46857,-0.1,1.752,146224984.0,TAKE.NS,0.12226030295337226,0.02697214496976118,0.038778877887788776,1
2021-06-30,45.349998474121094,74.5999984741211,44.5,63.099998474121094,252537350,9171000000.0,150000000.0,67959000000.0,5779000000.0,47268000000.0,3669000000.0,45.46857,-0.1,1.752,146224984.0,TAKE.NS,0.12226030295337226,0.02697214496976118,0.038778877887788776,0
2021-09-30,63.5,69.55000305175781,46.5,50.650001525878906,95830806,9171000000.0,150000000.0,67959000000.0,5779000000.0,47268000000.0,3669000000.0,45.46857,-0.1,1.752,146224984.0,TAKE.NS,0.12226030295337226,0.02697214496976118,0.038778877887788776,0
2021-12-31,50.599998474121094,54.400001525878906,43.0,48.900001525878906,48941668,9171000000.0,150000000.0,67959000000.0,5779000000.0,47268000000.0,3669000000.0,45.46857,-0.1,1.752,146224984.0,TAKE.NS,0.12226030295337226,0.02697214496976118,0.038778877887788776,0
2022-03-31,49.099998474121094,50.5,25.049999237060547,29.0,62616716,9171000000.0,150000000.0,67959000000.0,5779000000.0,47268000000.0,3669000000.0,45.46857,-0.1,1.752,146224984.0,TAKE.NS,0.12226030295337226,0.02697214496976118,0.038778877887788776,0
2022-06-30,29.149999618530273,34.0,20.700000762939453,21.950000762939453,29317363,9171000000.0,150000000.0,67959000000.0,5779000000.0,47268000000.0,3669000000.0,45.46857,-0.1,1.752,146224984.0,TAKE.NS,0.12226030295337226,0.02697214496976118,0.038778877887788776,1
2022-09-30,22.049999237060547,29.549999237060547,21.5,24.049999237060547,30707845,9171000000.0,150000000.0,67959000000.0,5779000000.0,47268000000.0,3669000000.0,45.46857,-0.1,1.752,146224984.0,TAKE.NS,0.12226030295337226,0.02697214496976118,0.038778877887788776,0
2022-12-31,24.100000381469727,27.549999237060547,22.0,23.799999237060547,20938102,9171000000.0,150000000.0,67959000000.0,5779000000.0,47268000000.0,3669000000.0,45.46857,-0.1,1.752,146224984.0,TAKE.NS,0.12226030295337226,0.02697214496976118,0.038778877887788776,0
2023-03-31,23.649999618530273,24.100000381469727,12.75,13.5,14463901,9171000000.0,150000000.0,67959000000.0,5779000000.0,47268000000.0,3669000000.0,45.46857,-0.1,1.752,146224984.0,TAKE.NS,0.12226030295337226,0.02697214496976118,0.038778877887788776,1
2023-06-30,13.550000190734863,20.799999237060547,13.550000190734863,17.149999618530273,17778616,9171000000.0,150000000.0,67959000000.0,5779000000.0,47268000000.0,3669000000.0,45.46857,-0.1,1.752,146224984.0,TAKE.NS,0.12226030295337226,0.02697214496976118,0.038778877887788776,1
2023-09-30,17.299999237060547,25.049999237060547,16.350000381469727,21.950000762939453,34896358,9171000000.0,150000000.0,67959000000.0,5779000000.0,47268000000.0,3669000000.0,45.46857,-0.1,1.752,146224984.0,TAKE.NS,0.12226030295337226,0.02697214496976118,0.038778877887788776,1
2023-12-31,21.950000762939453,26.25,18.100000381469727,23.049999237060547,22374448,9171000000.0,150000000.0,67959000000.0,5779000000.0,47268000000.0,3669000000.0,45.46857,-0.1,1.752,146224984.0,TAKE.NS,0.12226030295337226,0.02697214496976118,0.038778877887788776,0
2024-03-31,23.100000381469727,35.79999923706055,20.100000381469727,20.75,74121840,9171000000.0,150000000.0,67959000000.0,5779000000.0,47268000000.0,3669000000.0,45.46857,-0.1,1.752,146224984.0,TAKE.NS,0.12226030295337226,0.02697214496976118,0.038778877887788776,1
2024-06-30,21.100000381469727,24.950000762939453,18.75,20.959999084472656,18345363,9171000000.0,150000000.0,67959000000.0,5779000000.0,47268000000.0,3669000000.0,45.46857,-0.1,1.752,146224984.0,TAKE.NS,0.12226030295337226,0.02697214496976118,0.038778877887788776,1
2024-09-30,21.0,21.68000030517578,17.6299991607666,21.059999465942383,17080073,0.0,-15820000.0,866990000.0,84300000.0,-141710000.0,5070000.0,45.46857,-0.1,1.752,146224984.0,TAKE.NS,-0.5948768611953991,-0.018247038604828198,0.11163644061816386,0
2024-12-31,21.309999465942383,23.690000534057617,15.989999771118164,16.09000015258789,13004197,0.0,476770000.0,866990000.0,84300000.0,-141710000.0,5070000.0,45.46857,-0.1,1.752,146224984.0,TAKE.NS,-0.5948768611953991,-0.018247038604828198,0.11163644061816386,0
2025-03-31,16.290000915527344,16.940000534057617,6.690000057220459,6.690000057220459,10076016,0.0,-48800000.0,364790000.0,0.0,205270000.0,33670000.0,45.46857,-0.1,1.752,146224984.0,TAKE.NS,0.0,-0.1337755969187752,-0.2377356652214157,1
2025-06-30,6.690000057220459,10.25,6.510000228881836,8.970000267028809,1470852,0.0,-9100000.0,364790000.0,0.0,205270000.0,33670000.0,45.46857,-0.1,1.752,146224984.0,TAKE.NS,0.0,-0.1337755969187752,-0.2377356652214157,1
2025-09-30,9.380000114440918,12.0,8.880000114440918,11.489999771118164,4730192,0.0,-9100000.0,364790000.0,0.0,205270000.0,33670000.0,45.46857,-0.1,1.752,146224984.0,TAKE.NS,0.0,-0.1337755969187752,-0.2377356652214157,1
2025-12-31,12.0600004196167,41.20000076293945,12.0600004196167,39.939998626708984,109181112,0.0,11091000.0,364790000.0,0.0,205270000.0,33670000.0,45.46857,-0.1,1.752,146224984.0,TAKE.NS,0.0,-0.1337755969187752,-0.2377356652214157,0
2026-03-31,40.47999954223633,49.939998626708984,32.68000030517578,36.619998931884766,56957640,0.0,11091000.0,364790000.0,0.0,205270000.0,33670000.0,45.46857,-0.1,1.752,146224984.0,TAKE.NS,0.0,-0.1337755969187752,-0.2377356652214157,0
2016-06-30,180.42932305062126,181.75876178693596,141.95579063704008,155.03353881835938,87657261,0.0,11091000.0,364790000.0,0.0,205270000.0,33670000.0,42.85878,8.71,33.604,159161691.0,THYROCARE.NS,0.0,-0.1337755969187752,-0.2377356652214157,1
2016-09-30,155.413397139728,182.19564551208236,145.42872731481538,167.02175903320312,20037612,0.0,11091000.0,364790000.0,0.0,205270000.0,33670000.0,42.85878,8.71,33.604,159161691.0,THYROCARE.NS,0.0,-0.1337755969187752,-0.2377356652214157,1
2016-12-31,164.82875311861062,196.32071170737123,147.13497999251314,188.8563232421875,10514496,0.0,11091000.0,364790000.0,0.0,205270000.0,33670000.0,42.85878,8.71,33.604,159161691.0,THYROCARE.NS,0.0,-0.1337755969187752,-0.2377356652214157,1
2017-03-31,188.78825946319617,202.87246449553422,182.91375045422376,196.88906860351562,4407774,0.0,11091000.0,364790000.0,0.0,205270000.0,33670000.0,42.85878,8.71,33.604,159161691.0,THYROCARE.NS,0.0,-0.1337755969187752,-0.2377356652214157,1
2017-06-30,196.8890919818736,213.9502555243323,188.00190820292286,199.52232360839844,7816146,0.0,11091000.0,364790000.0,0.0,205270000.0,33670000.0,42.85878,8.71,33.604,159161691.0,THYROCARE.NS,0.0,-0.1337755969187752,-0.2377356652214157,0
2017-09-30,196.1347670590874,238.91111817455143,183.27750393542888,188.47059631347656,7075194,0.0,11091000.0,364790000.0,0.0,205270000.0,33670000.0,42.85878,8.71,33.604,159161691.0,THYROCARE.NS,0.0,-0.1337755969187752,-0.2377356652214157,1
2017-12-31,189.63075724670338,196.12214194883467,177.1452129587199,193.11123657226562,8795598,0.0,11091000.0,364790000.0,0.0,205270000.0,33670000.0,42.85878,8.71,33.604,159161691.0,THYROCARE.NS,0.0,-0.1337755969187752,-0.2377356652214157,0
2018-03-31,194.74099215738,199.98932718397552,157.4071502812707,166.1334228515625,10277154,0.0,11091000.0,364790000.0,0.0,205270000.0,33670000.0,42.85878,8.71,33.604,159161691.0,THYROCARE.NS,0.0,-0.1337755969187752,-0.2377356652214157,0
2018-06-30,166.73188296817756,197.90713005483448,159.2442520457864,160.0097198486328,9279543,0.0,11091000.0,364790000.0,0.0,205270000.0,33670000.0,42.85878,8.71,33.604,159161691.0,THYROCARE.NS,0.0,-0.1337755969187752,-0.2377356652214157,1
2018-09-30,159.00768628289532,194.96319394287673,156.43291774504343,180.20346069335938,7828323,0.0,11091000.0,364790000.0,0.0,205270000.0,33670000.0,42.85878,8.71,33.604,159161691.0,THYROCARE.NS,0.0,-0.1337755969187752,-0.2377356652214157,0
2018-12-31,182.11154893100627,189.96845231355573,147.03616216041652,151.3995361328125,9666963,0.0,11091000.0,364790000.0,0.0,205270000.0,33670000.0,42.85878,8.71,33.604,159161691.0,THYROCARE.NS,0.0,-0.1337755969187752,-0.2377356652214157,0
2019-03-31,150.1227941582168,169.68084088972316,136.09263573100577,146.9659881591797,6273798,0.0,11091000.0,364790000.0,0.0,205270000.0,33670000.0,42.85878,8.71,33.604,159161691.0,THYROCARE.NS,0.0,-0.1337755969187752,-0.2377356652214157,0
2019-06-30,148.18663163695442,152.6482297557259,119.27045514283182,132.45883178710938,5788863,0.0,11091000.0,364790000.0,0.0,205270000.0,33670000.0,42.85878,8.71,33.604,159161691.0,THYROCARE.NS,0.0,-0.1337755969187752,-0.2377356652214157,1
2019-09-30,132.45881451497164,156.8434535638575,114.24763864872152,151.21466064453125,4187157,0.0,11091000.0,364790000.0,0.0,205270000.0,33670000.0,42.85878,8.71,33.604,159161691.0,THYROCARE.NS,0.0,-0.1337755969187752,-0.2377356652214157,1
2019-12-31,151.66909086881702,496.82729326166873,143.07933615083292,162.44093322753906,5974377,0.0,11091000.0,364790000.0,0.0,205270000.0,33670000.0,42.85878,8.71,33.604,159161691.0,THYROCARE.NS,0.0,-0.1337755969187752,-0.2377356652214157,0
2020-03-31,161.2576875901431,213.8665292828238,121.16144301569179,146.8816375732422,37620429,0.0,11091000.0,364790000.0,0.0,205270000.0,33670000.0,42.85878,8.71,33.604,159161691.0,THYROCARE.NS,0.0,-0.1337755969187752,-0.2377356652214157,1
2020-06-30,148.7600038291314,172.36517887248496,142.577688158551,150.41650390625,15983973,0.0,11091000.0,364790000.0,0.0,205270000.0,33670000.0,42.85878,8.71,33.604,159161691.0,THYROCARE.NS,0.0,-0.1337755969187752,-0.2377356652214157,1
2020-09-30,148.50856319264,250.5166549289881,148.49376304679302,224.29359436035156,47839155,0.0,11091000.0,364790000.0,0.0,205270000.0,33670000.0,42.85878,8.71,33.604,159161691.0,THYROCARE.NS,0.0,-0.1337755969187752,-0.2377356652214157,1
2020-12-31,227.1481335111748,976.5510025710769,222.74065541368455,272.6578369140625,72251257,0.0,11091000.0,364790000.0,0.0,205270000.0,33670000.0,42.85878,8.71,33.604,159161691.0,THYROCARE.NS,0.0,-0.1337755969187752,-0.2377356652214157,0
2021-03-31,274.0166524389687,300.4014260024031,248.16939786320594,269.5519714355469,27884658,0.0,11091000.0,364790000.0,0.0,205270000.0,33670000.0,42.85878,8.71,33.604,159161691.0,THYROCARE.NS,0.0,-0.1337755969187752,-0.2377356652214157,1
2021-06-30,271.68724543734925,442.6228686538907,269.67142910681656,396.6081848144531,149579328,0.0,11091000.0,364790000.0,0.0,205270000.0,33670000.0,42.85878,8.71,33.604,159161691.0,THYROCARE.NS,0.0,-0.1337755969187752,-0.2377356652214157,0
2021-09-30,398.3454497985489,415.40077206911684,349.8986091322999,352.34588623046875,41591613,0.0,11091000.0,364790000.0,0.0,205270000.0,33670000.0,42.85878,8.71,33.604,159161691.0,THYROCARE.NS,0.0,-0.1337755969187752,-0.2377356652214157,0
2021-12-31,352.34593247191134,392.16685807928627,285.5143571944581,334.6258544921875,25060032,0.0,11091000.0,364790000.0,0.0,205270000.0,33670000.0,42.85878,8.71,33.604,159161691.0,THYROCARE.NS,0.0,-0.1337755969187752,-0.2377356652214157,0
2022-03-31,335.3056675466725,342.0130118110673,224.19678652723758,234.2426300048828,21474672,0.0,11091000.0,364790000.0,0.0,205270000.0,33670000.0,42.85878,8.71,33.604,159161691.0,THYROCARE.NS,0.0,-0.1337755969187752,-0.2377356652214157,0
2022-06-30,234.4390477929619,273.2176185557509,191.07329770083254,191.39688110351562,18385785,0.0,11091000.0,364790000.0,0.0,205270000.0,33670000.0,42.85878,8.71,33.604,159161691.0,THYROCARE.NS,0.0,-0.1337755969187752,-0.2377356652214157,1
2022-09-30,191.96701231990642,228.67157766653,185.18700529136154,215.82037353515625,20788782,0.0,11091000.0,364790000.0,0.0,205270000.0,33670000.0,42.85878,8.71,33.604,159161691.0,THYROCARE.NS,0.0,-0.1337755969187752,-0.2377356652214157,0
2022-12-31,216.83737860547188,236.7613878494486,184.90963272572466,190.65724182128906,40834356,0.0,11091000.0,364790000.0,0.0,205270000.0,33670000.0,42.85878,8.71,33.604,159161691.0,THYROCARE.NS,0.0,-0.1337755969187752,-0.2377356652214157,0
2023-03-31,190.90380590562359,191.35066054214693,128.01911055405077,132.47235107421875,13107369,0.0,11091000.0,364790000.0,0.0,205270000.0,33670000.0,42.85878,8.71,33.604,159161691.0,THYROCARE.NS,0.0,-0.1337755969187752,-0.2377356652214157,1
2023-06-30,134.9377966026962,171.52261219622162,132.39528924800948,165.5303497314453,32291832,0.0,11091000.0,364790000.0,0.0,205270000.0,33670000.0,42.85878,8.71,33.604,159161691.0,THYROCARE.NS,0.0,-0.1337755969187752,-0.2377356652214157,1
2023-09-30,165.5303529179323,194.78858427030733,165.22673569283583,181.62158203125,22870380,0.0,11091000.0,364790000.0,0.0,205270000.0,33670000.0,42.85878,8.71,33.604,159161691.0,THYROCARE.NS,0.0,-0.1337755969187752,-0.2377356652214157,1
2023-12-31,183.39530382095137,220.4994200162846,161.96696182734985,205.67054748535156,16266699,0.0,11091000.0,364790000.0,0.0,205270000.0,33670000.0,42.85878,8.71,33.604,159161691.0,THYROCARE.NS,0.0,-0.1337755969187752,-0.2377356652214157,0
2024-03-31,205.8782787652113,230.94990106421577,177.0834358814993,188.54063415527344,20662023,0.0,11091000.0,364790000.0,0.0,205270000.0,33670000.0,42.85878,8.71,33.604,159161691.0,THYROCARE.NS,0.0,-0.1337755969187752,-0.2377356652214157,1
2024-06-30,189.16384528868952,217.99065059860868,182.61229890773848,203.67311096191406,12142755,0.0,11091000.0,364790000.0,0.0,205270000.0,33670000.0,42.85878,8.71,33.604,159161691.0,THYROCARE.NS,0.0,-0.1337755969187752,-0.2377356652214157,1
2024-09-30,209.01022738631687,303.8654025301275,198.46384963173867,264.9421691894531,37169232,1773600000.0,266700000.0,5970800000.0,185500000.0,4881600000.0,457300000.0,42.85878,8.71,33.604,159161691.0,THYROCARE.NS,0.037999836119305144,0.04466738125544316,0.05463372664700098,1
2024-12-31,266.230901729784,342.6254560448815,252.8378274517091,297.4869079589844,14796606,1659200000.0,191100000.0,5970800000.0,185500000.0,4881600000.0,457300000.0,42.85878,8.71,33.604,159161691.0,THYROCARE.NS,0.037999836119305144,0.04466738125544316,0.05463372664700098,0
2025-03-31,298.8572464151195,344.20782695997553,214.68129024355346,221.74490356445312,12685422,1871600000.0,215500000.0,6927500000.0,246800000.0,5467600000.0,176800000.0,42.85878,8.71,33.604,159161691.0,THYROCARE.NS,0.045138634867217794,0.031107903284012993,0.0394140024873802,1
2025-06-30,222.73999298411042,350.14582825188774,214.90966500875496,323.1638488769531,24262509,1930300000.0,389800000.0,6927500000.0,246800000.0,5467600000.0,176800000.0,42.85878,8.71,33.604,159161691.0,THYROCARE.NS,0.045138634867217794,0.031107903284012993,0.0394140024873802,1
2025-09-30,321.6956554699985,475.6587478445843,316.1654976215602,384.7034912109375,29717025,1930300000.0,389800000.0,6927500000.0,246800000.0,5467600000.0,176800000.0,42.85878,8.71,33.604,159161691.0,THYROCARE.NS,0.045138634867217794,0.031107903284012993,0.0394140024873802,1
2025-12-31,384.47146833843846,536.6666870117188,374.56052226522405,445.70001220703125,93668603,1955300000.0,290100000.0,6927500000.0,246800000.0,5467600000.0,176800000.0,42.85878,8.71,33.604,159161691.0,THYROCARE.NS,0.045138634867217794,0.031107903284012993,0.0394140024873802,0
2026-03-31,445.0,508.0,342.54998779296875,373.29998779296875,22080599,1955300000.0,290100000.0,6927500000.0,246800000.0,5467600000.0,176800000.0,42.85878,8.71,33.604,159161691.0,THYROCARE.NS,0.045138634867217794,0.031107903284012993,0.0394140024873802,0
2023-09-30,135.0,141.75,120.0,128.1999969482422,2112000,1955300000.0,290100000.0,6927500000.0,246800000.0,5467600000.0,176800000.0,12.296748,8.71,81.308,15399952.0,UNIHEALTH.NS,0.045138634867217794,0.031107903284012993,0.0394140024873802,0
2023-12-31,125.5,147.0,116.19999694824219,128.10000610351562,3772000,1955300000.0,290100000.0,6927500000.0,246800000.0,5467600000.0,176800000.0,12.296748,8.71,81.308,15399952.0,UNIHEALTH.NS,0.045138634867217794,0.031107903284012993,0.0394140024873802,1
2024-03-31,126.25,165.89999389648438,117.05000305175781,135.0,2535000,1955300000.0,290100000.0,6927500000.0,246800000.0,5467600000.0,176800000.0,12.296748,8.71,81.308,15399952.0,UNIHEALTH.NS,0.045138634867217794,0.031107903284012993,0.0394140024873802,0
2024-06-30,135.0,144.89999389648438,111.0,119.5999984741211,848000,1955300000.0,290100000.0,6927500000.0,246800000.0,5467600000.0,176800000.0,12.296748,8.71,81.308,15399952.0,UNIHEALTH.NS,0.045138634867217794,0.031107903284012993,0.0394140024873802,1
2024-09-30,116.0,175.89999389648438,109.0,161.0,1920000,1955300000.0,290100000.0,6927500000.0,246800000.0,5467600000.0,176800000.0,12.296748,8.71,81.308,15399952.0,UNIHEALTH.NS,0.045138634867217794,0.031107903284012993,0.0394140024873802,0
2024-12-31,160.0,178.0,139.0500030517578,147.0,894000,1955300000.0,290100000.0,6927500000.0,246800000.0,5467600000.0,176800000.0,12.296748,8.71,81.308,15399952.0,UNIHEALTH.NS,0.045138634867217794,0.031107903284012993,0.0394140024873802,0
2025-03-31,150.0,166.0,120.0,140.0,805000,1955300000.0,290100000.0,6927500000.0,246800000.0,5467600000.0,176800000.0,12.296748,8.71,81.308,15399952.0,UNIHEALTH.NS,0.045138634867217794,0.031107903284012993,0.0394140024873802,1
2025-06-30,149.89999389648438,191.0,130.0500030517578,172.6999969482422,2147000,1955300000.0,290100000.0,6927500000.0,246800000.0,5467600000.0,176800000.0,12.296748,8.71,81.308,15399952.0,UNIHEALTH.NS,0.045138634867217794,0.031107903284012993,0.0394140024873802,0
2025-09-30,171.0,178.0,133.64999389648438,161.5,1111000,1955300000.0,290100000.0,6927500000.0,246800000.0,5467600000.0,176800000.0,12.296748,8.71,81.308,15399952.0,UNIHEALTH.NS,0.045138634867217794,0.031107903284012993,0.0394140024873802,1
2025-12-31,159.0,390.6000061035156,153.5500030517578,299.1000061035156,4373000,1955300000.0,290100000.0,6927500000.0,246800000.0,5467600000.0,176800000.0,12.296748,8.71,81.308,15399952.0,UNIHEALTH.NS,0.045138634867217794,0.031107903284012993,0.0394140024873802,1
2026-03-31,293.0,395.3500061035156,255.0,395.3500061035156,1220000,1955300000.0,290100000.0,6927500000.0,246800000.0,5467600000.0,176800000.0,12.296748,8.71,81.308,15399952.0,UNIHEALTH.NS,0.045138634867217794,0.031107903284012993,0.0394140024873802,0
2021-09-30,535.833805623345,666.8154287552779,528.3916694341319,565.552734375,38438051,1955300000.0,290100000.0,6927500000.0,246800000.0,5467600000.0,176800000.0,57.091145,15.47,84.143,102896700.0,VIJAYA.NS,0.045138634867217794,0.031107903284012993,0.0394140024873802,1
2021-12-31,557.8625600522431,625.1394617752206,501.3023185750456,578.0059204101562,12378630,1955300000.0,290100000.0,6927500000.0,246800000.0,5467600000.0,176800000.0,57.091145,15.47,84.143,102896700.0,VIJAYA.NS,0.045138634867217794,0.031107903284012993,0.0394140024873802,0
2022-03-31,587.1844999245661,596.3631338481863,370.9160625095698,434.7696228027344,8460538,1955300000.0,290100000.0,6927500000.0,246800000.0,5467600000.0,176800000.0,57.091145,15.47,84.143,102896700.0,VIJAYA.NS,0.045138634867217794,0.031107903284012993,0.0394140024873802,0
2022-06-30,434.3231116139286,474.2129455010781,292.7240347368067,330.6293029785156,7784250,1955300000.0,290100000.0,6927500000.0,246800000.0,5467600000.0,176800000.0,57.091145,15.47,84.143,102896700.0,VIJAYA.NS,0.045138634867217794,0.031107903284012993,0.0394140024873802,1
2022-09-30,330.629325286436,471.33533147834584,299.6700418062665,458.29010009765625,12151616,1955300000.0,290100000.0,6927500000.0,246800000.0,5467600000.0,176800000.0,57.091145,15.47,84.143,102896700.0,VIJAYA.NS,0.045138634867217794,0.031107903284012993,0.0394140024873802,0
2022-12-31,462.36863731595344,525.238056710241,416.11185890777045,434.86328125,15599304,1955300000.0,290100000.0,6927500000.0,246800000.0,5467600000.0,176800000.0,57.091145,15.47,84.143,102896700.0,VIJAYA.NS,0.045138634867217794,0.031107903284012993,0.0394140024873802,0
2023-03-31,436.70361219041797,458.588522025517,349.5120742072658,389.25311279296875,13378870,1955300000.0,290100000.0,6927500000.0,246800000.0,5467600000.0,176800000.0,57.091145,15.47,84.143,102896700.0,VIJAYA.NS,0.045138634867217794,0.031107903284012993,0.0394140024873802,1
2023-06-30,389.2530808531989,515.688287480704,347.42310241742535,470.2273254394531,25310601,1955300000.0,290100000.0,6927500000.0,246800000.0,5467600000.0,176800000.0,57.091145,15.47,84.143,102896700.0,VIJAYA.NS,0.045138634867217794,0.031107903284012993,0.0394140024873802,1
2023-09-30,468.2377884180746,526.2328021188815,434.9627491316652,497.63800048828125,9419926,1955300000.0,290100000.0,6927500000.0,246800000.0,5467600000.0,176800000.0,57.091145,15.47,84.143,102896700.0,VIJAYA.NS,0.045138634867217794,0.031107903284012993,0.0394140024873802,1
2023-12-31,497.43861641488985,683.9531466170496,486.32349729045495,673.585693359375,24055021,1955300000.0,290100000.0,6927500000.0,246800000.0,5467600000.0,176800000.0,57.091145,15.47,84.143,102896700.0,VIJAYA.NS,0.045138634867217794,0.031107903284012993,0.0394140024873802,0
2024-03-31,672.8879170449551,716.5508105810727,594.1849067741316,634.6080932617188,12130418,1955300000.0,290100000.0,6927500000.0,246800000.0,5467600000.0,176800000.0,57.091145,15.47,84.143,102896700.0,VIJAYA.NS,0.045138634867217794,0.031107903284012993,0.0394140024873802,1
2024-06-30,634.6080186346252,877.2464461335669,634.6080186346252,746.5567016601562,28246260,1955300000.0,290100000.0,6927500000.0,246800000.0,5467600000.0,176800000.0,57.091145,15.47,84.143,102896700.0,VIJAYA.NS,0.045138634867217794,0.031107903284012993,0.0394140024873802,1
2024-09-30,746.5567041691669,986.6627850233174,742.6688829943448,957.421630859375,23091075,1829482000.0,421247000.0,11252984000.0,2915982000.0,7248822000.0,146708000.0,57.091145,15.47,84.143,102896700.0,VIJAYA.NS,0.4022697756959683,0.037434248551317585,0.05811247675829259,1
2024-12-31,955.5753954423241,1247.4375092012485,883.470619287344,1054.7257080078125,23343677,1689826000.0,352989000.0,11252984000.0,2915982000.0,7248822000.0,146708000.0,57.091145,15.47,84.143,102896700.0,VIJAYA.NS,0.4022697756959683,0.037434248551317585,0.05811247675829259,0
2025-03-31,1047.8893982665843,1272.4372230847669,738.5125620632354,1005.1754760742188,76003161,1728088000.0,346374000.0,12736164000.0,3195767000.0,7957140000.0,127940000.0,57.091145,15.47,84.143,102896700.0,VIJAYA.NS,0.4016225679075648,0.02719610080397834,0.04352996177018376,0
2025-06-30,992.0020325403361,1177.628112489046,811.5155714115772,983.2695922851562,38819769,1880531000.0,383387000.0,12736164000.0,3195767000.0,7957140000.0,127940000.0,57.091145,15.47,84.143,102896700.0,VIJAYA.NS,0.4016225679075648,0.02719610080397834,0.04352996177018376,1
2025-09-30,987.0120678497069,1162.3588267129535,969.5971276926333,1000.0,18666159,1880531000.0,383387000.0,12736164000.0,3195767000.0,7957140000.0,127940000.0,57.091145,15.47,84.143,102896700.0,VIJAYA.NS,0.4016225679075648,0.02719610080397834,0.04352996177018376,1
2025-12-31,1004.0,1112.4000244140625,954.0,1061.0,15061995,2052103000.0,431753000.0,12736164000.0,3195767000.0,7957140000.0,127940000.0,57.091145,15.47,84.143,102896700.0,VIJAYA.NS,0.4016225679075648,0.02719610080397834,0.04352996177018376,0
2026-03-31,1061.9000244140625,1069.5,871.5999755859375,883.2000122070312,5654861,2052103000.0,431753000.0,12736164000.0,3195767000.0,7957140000.0,127940000.0,57.091145,15.47,84.143,102896700.0,VIJAYA.NS,0.4016225679075648,0.02719610080397834,0.04352996177018376,0
2016-03-31,32.88592820158669,34.75364203070572,31.72747109574651,33.40604782104492,335966,2052103000.0,431753000.0,12736164000.0,3195767000.0,7957140000.0,127940000.0,24.004211,16.62,93.227,44669355.0,VIMTALABS.NS,0.4016225679075648,0.02719610080397834,0.04352996177018376,1
2016-06-30,33.8079568183752,39.26924721110166,31.798390926430443,34.25715637207031,6141202,2052103000.0,431753000.0,12736164000.0,3195767000.0,7957140000.0,127940000.0,24.004211,16.62,93.227,44669355.0,VIMTALABS.NS,0.4016225679075648,0.02719610080397834,0.04352996177018376,1
2016-09-30,34.51722047247245,54.44330198830239,34.28080115416785,48.01430892944336,34731370,2052103000.0,431753000.0,12736164000.0,3195767000.0,7957140000.0,127940000.0,24.004211,16.62,93.227,44669355.0,VIMTALABS.NS,0.4016225679075648,0.02719610080397834,0.04352996177018376,1
2016-12-31,48.27720464947025,61.421984719394246,42.25450477146123,49.59168243408203,27674530,2052103000.0,431753000.0,12736164000.0,3195767000.0,7957140000.0,127940000.0,24.004211,16.62,93.227,44669355.0,VIMTALABS.NS,0.4016225679075648,0.02719610080397834,0.04352996177018376,1
2017-03-31,49.233192458816546,57.16785608132826,48.75520029902221,52.81813430786133,18608182,2052103000.0,431753000.0,12736164000.0,3195767000.0,7957140000.0,127940000.0,24.004211,16.62,93.227,44669355.0,VIMTALABS.NS,0.4016225679075648,0.02719610080397834,0.04352996177018376,1
2017-06-30,53.34392255389673,70.76673270775333,53.104926481839136,67.13399505615234,25105024,2052103000.0,431753000.0,12736164000.0,3195767000.0,7957140000.0,127940000.0,24.004211,16.62,93.227,44669355.0,VIMTALABS.NS,0.4016225679075648,0.02719610080397834,0.04352996177018376,0
2017-09-30,67.54030257245157,78.53411122467377,60.227009040952694,61.94778823852539,11199134,2052103000.0,431753000.0,12736164000.0,3195767000.0,7957140000.0,127940000.0,24.004211,16.62,93.227,44669355.0,VIMTALABS.NS,0.4016225679075648,0.02719610080397834,0.04352996177018376,1
2017-12-31,62.28237341238671,87.37696310417981,59.70122250149422,80.30268096923828,20458546,2052103000.0,431753000.0,12736164000.0,3195767000.0,7957140000.0,127940000.0,24.004211,16.62,93.227,44669355.0,VIMTALABS.NS,0.4016225679075648,0.02719610080397834,0.04352996177018376,1
2018-03-31,80.85237553664767,110.36838378962457,78.51020525471039,83.1228256225586,19242446,2052103000.0,431753000.0,12736164000.0,3195767000.0,7957140000.0,127940000.0,24.004211,16.62,93.227,44669355.0,VIMTALABS.NS,0.4016225679075648,0.02719610080397834,0.04352996177018376,1
2018-06-30,86.03859164845355,116.31939633913909,83.1706385935051,108.24131774902344,2653828,2052103000.0,431753000.0,12736164000.0,3195767000.0,7957140000.0,127940000.0,24.004211,16.62,93.227,44669355.0,VIMTALABS.NS,0.4016225679075648,0.02719610080397834,0.04352996177018376,1
2018-09-30,112.16086334805519,165.18451929460002,93.75816144299932,127.07982635498047,7690528,2052103000.0,431753000.0,12736164000.0,3195767000.0,7957140000.0,127940000.0,24.004211,16.62,93.227,44669355.0,VIMTALABS.NS,0.4016225679075648,0.02719610080397834,0.04352996177018376,1
2018-12-31,123.03331259070055,160.41539416098635,115.66286751159386,151.28665161132812,4757852,2052103000.0,431753000.0,12736164000.0,3195767000.0,7957140000.0,127940000.0,24.004211,16.62,93.227,44669355.0,VIMTALABS.NS,0.4016225679075648,0.02719610080397834,0.04352996177018376,0
2019-03-31,153.67120552123995,156.07984510621236,85.31401405326127,95.14127349853516,6430484,2052103000.0,431753000.0,12736164000.0,3195767000.0,7957140000.0,127940000.0,24.004211,16.62,93.227,44669355.0,VIMTALABS.NS,0.4016225679075648,0.02719610080397834,0.04352996177018376,0
2019-06-30,94.85222221506675,99.04326089823176,75.31816157758605,83.36299896240234,2411844,2052103000.0,431753000.0,12736164000.0,3195767000.0,7957140000.0,127940000.0,24.004211,16.62,93.227,44669355.0,VIMTALABS.NS,0.4016225679075648,0.02719610080397834,0.04352996177018376,0
2019-09-30,84.73593337697119,88.83062826721418,42.96256547741827,53.64225387573242,3169746,2052103000.0,431753000.0,12736164000.0,3195767000.0,7957140000.0,127940000.0,24.004211,16.62,93.227,44669355.0,VIMTALABS.NS,0.4016225679075648,0.02719610080397834,0.04352996177018376,0
2019-12-31,53.081446774713044,63.24909769691746,42.669975043746675,45.23017501831055,5277810,2052103000.0,431753000.0,12736164000.0,3195767000.0,7957140000.0,127940000.0,24.004211,16.62,93.227,44669355.0,VIMTALABS.NS,0.4016225679075648,0.02719610080397834,0.04352996177018376,0
2020-03-31,45.59592047138837,57.811725815146126,25.11432656182183,29.113115310668945,4578054,2052103000.0,431753000.0,12736164000.0,3195767000.0,7957140000.0,127940000.0,24.004211,16.62,93.227,44669355.0,VIMTALABS.NS,0.4016225679075648,0.02719610080397834,0.04352996177018376,1
2020-06-30,29.69830331850657,51.93545913689931,28.869286574435996,41.450836181640625,13310382,2052103000.0,431753000.0,12736164000.0,3195767000.0,7957140000.0,127940000.0,24.004211,16.62,93.227,44669355.0,VIMTALABS.NS,0.4016225679075648,0.02719610080397834,0.04352996177018376,1
2020-09-30,40.74373532326198,68.2231807265862,40.28045485149289,57.98240280151367,34107196,2052103000.0,431753000.0,12736164000.0,3195767000.0,7957140000.0,127940000.0,24.004211,16.62,93.227,44669355.0,VIMTALABS.NS,0.4016225679075648,0.02719610080397834,0.04352996177018376,1
2020-12-31,58.22623105846048,94.60543605146938,58.03116756623335,84.852294921875,6713042,2052103000.0,431753000.0,12736164000.0,3195767000.0,7957140000.0,127940000.0,24.004211,16.62,93.227,44669355.0,VIMTALABS.NS,0.4016225679075648,0.02719610080397834,0.04352996177018376,0
2021-03-31,85.33995337250838,91.67948493857911,70.71025001867335,78.70781707763672,7724152,2052103000.0,431753000.0,12736164000.0,3195767000.0,7957140000.0,127940000.0,24.004211,16.62,93.227,44669355.0,VIMTALABS.NS,0.4016225679075648,0.02719610080397834,0.04352996177018376,1
2021-06-30,78.75658096492457,144.78529871345214,77.04978305837602,130.72698974609375,44990750,2052103000.0,431753000.0,12736164000.0,3195767000.0,7957140000.0,127940000.0,24.004211,16.62,93.227,44669355.0,VIMTALABS.NS,0.4016225679075648,0.02719610080397834,0.04352996177018376,1
2021-09-30,132.22620386032625,170.32112018190386,126.18017765583151,137.55947875976562,31163270,2052103000.0,431753000.0,12736164000.0,3195767000.0,7957140000.0,127940000.0,24.004211,16.62,93.227,44669355.0,VIMTALABS.NS,0.4016225679075648,0.02719610080397834,0.04352996177018376,1
2021-12-31,137.04335049916685,222.47428484661285,135.42125077335692,201.0673828125,22416176,2052103000.0,431753000.0,12736164000.0,3195767000.0,7957140000.0,127940000.0,24.004211,16.62,93.227,44669355.0,VIMTALABS.NS,0.4016225679075648,0.02719610080397834,0.04352996177018376,0
2022-03-31,201.0673944927853,218.05035736689732,151.05246505156464,155.40264892578125,5483330,2052103000.0,431753000.0,12736164000.0,3195767000.0,7957140000.0,127940000.0,24.004211,16.62,93.227,44669355.0,VIMTALABS.NS,0.4016225679075648,0.02719610080397834,0.04352996177018376,1
2022-06-30,156.01707709781098,201.3114631853477,143.93522447513752,192.7792205810547,4660660,2052103000.0,431753000.0,12736164000.0,3195767000.0,7957140000.0,127940000.0,24.004211,16.62,93.227,44669355.0,VIMTALABS.NS,0.4016225679075648,0.02719610080397834,0.04352996177018376,0
2022-09-30,193.39751764454525,208.23618094743728,158.27927638636422,167.35562133789062,4736100,2052103000.0,431753000.0,12736164000.0,3195767000.0,7957140000.0,127940000.0,24.004211,16.62,93.227,44669355.0,VIMTALABS.NS,0.4016225679075648,0.02719610080397834,0.04352996177018376,1
2022-12-31,167.18250644502282,249.19093758835896,158.2792895943511,215.85337829589844,9366342,2052103000.0,431753000.0,12736164000.0,3195767000.0,7957140000.0,127940000.0,24.004211,16.62,93.227,44669355.0,VIMTALABS.NS,0.4016225679075648,0.02719610080397834,0.04352996177018376,0
2023-03-31,217.53508534105316,224.43507655076309,144.35566130871575,155.23736572265625,4029694,2052103000.0,431753000.0,12736164000.0,3195767000.0,7957140000.0,127940000.0,24.004211,16.62,93.227,44669355.0,VIMTALABS.NS,0.4016225679075648,0.02719610080397834,0.04352996177018376,1
2023-06-30,155.31154828506754,217.88134850204074,155.31154828506754,202.83734130859375,6631288,2052103000.0,431753000.0,12736164000.0,3195767000.0,7957140000.0,127940000.0,24.004211,16.62,93.227,44669355.0,VIMTALABS.NS,0.4016225679075648,0.02719610080397834,0.04352996177018376,1
2023-09-30,203.03615620305663,309.72331895812096,191.4802362149227,287.55584716796875,14969052,2052103000.0,431753000.0,12736164000.0,3195767000.0,7957140000.0,127940000.0,24.004211,16.62,93.227,44669355.0,VIMTALABS.NS,0.4016225679075648,0.02719610080397834,0.04352996177018376,0
2023-12-31,287.70496091441896,296.2041542233108,193.99022888166394,200.5758514404297,7645914,2052103000.0,431753000.0,12736164000.0,3195767000.0,7957140000.0,127940000.0,24.004211,16.62,93.227,44669355.0,VIMTALABS.NS,0.4016225679075648,0.02719610080397834,0.04352996177018376,1
2024-03-31,201.42080283520582,265.61204044469815,200.79952940074156,220.60610961914062,7719132,2052103000.0,431753000.0,12736164000.0,3195767000.0,7957140000.0,127940000.0,24.004211,16.62,93.227,44669355.0,VIMTALABS.NS,0.4016225679075648,0.02719610080397834,0.04352996177018376,1
2024-06-30,223.66283152363087,302.69036777291325,208.75198179746704,236.23764038085938,4568314,2052103000.0,431753000.0,12736164000.0,3195767000.0,7957140000.0,127940000.0,24.004211,16.62,93.227,44669355.0,VIMTALABS.NS,0.4016225679075648,0.02719610080397834,0.04352996177018376,1
2024-09-30,236.2376526205122,349.187640959128,235.29330145361445,270.9971618652344,15755436,2052103000.0,431753000.0,4404090000.0,116140000.0,3427380000.0,142670000.0,24.004211,16.62,93.227,44669355.0,VIMTALABS.NS,0.03388594203152262,0.02719610080397834,0.04352996177018376,1
2024-12-31,268.95133204777846,533.8858530628579,251.0129108721055,496.06304931640625,21716224,899230000.0,214960000.0,4404090000.0,116140000.0,3427380000.0,142670000.0,24.004211,16.62,93.227,44669355.0,VIMTALABS.NS,0.03388594203152262,0.02719610080397834,0.04352996177018376,1
2025-03-31,497.8344157256325,587.800871949307,391.0522576020597,501.22747802734375,21402668,944410000.0,183190000.0,4665320000.0,85150000.0,3788480000.0,158360000.0,24.004211,16.62,93.227,44669355.0,VIMTALABS.NS,0.022476032604105075,0.0392663311412722,0.04835448517611285,0
2025-06-30,498.483101371285,584.208260627268,399.48503873760234,449.6499938964844,18215508,975640000.0,188940000.0,4665320000.0,85150000.0,3788480000.0,158360000.0,24.004211,16.62,93.227,44669355.0,VIMTALABS.NS,0.022476032604105075,0.0392663311412722,0.04835448517611285,1
2025-09-30,449.70001220703125,902.6500244140625,442.8500061035156,706.5,225865612,1018480000.0,199200000.0,5181550000.0,67970000.0,4163840000.0,281410000.0,24.004211,16.62,93.227,44669355.0,VIMTALABS.NS,0.01632387411620043,0.038444094913684126,0.04784045496464802,0
2025-12-31,711.7999877929688,774.7000122070312,577.0,605.2999877929688,16824124,986330000.0,175860000.0,5181550000.0,67970000.0,4163840000.0,281410000.0,24.004211,16.62,93.227,44669355.0,VIMTALABS.NS,0.01632387411620043,0.038444094913684126,0.04784045496464802,0
2026-03-31,605.2999877929688,636.75,395.79998779296875,398.95001220703125,11761829,986330000.0,175860000.0,5181550000.0,67970000.0,4163840000.0,281410000.0,24.004211,16.62,93.227,44669355.0,VIMTALABS.NS,0.01632387411620043,0.038444094913684126,0.04784045496464802,0
2023-09-30,306.1000061035156,404.70001220703125,306.1000061035156,378.3500061035156,69298510,986330000.0,175860000.0,5181550000.0,67970000.0,4163840000.0,281410000.0,35.55428,17.41,175.254,96354357.0,YATHARTH.NS,0.01632387411620043,0.038444094913684126,0.04784045496464802,0
2023-12-31,370.0,441.8500061035156,344.1000061035156,377.3500061035156,42449230,986330000.0,175860000.0,5181550000.0,67970000.0,4163840000.0,281410000.0,35.55428,17.41,175.254,96354357.0,YATHARTH.NS,0.01632387411620043,0.038444094913684126,0.04784045496464802,1
2024-03-31,382.0,504.8999938964844,365.54998779296875,420.29998779296875,28910586,986330000.0,175860000.0,5181550000.0,67970000.0,4163840000.0,281410000.0,35.55428,17.41,175.254,96354357.0,YATHARTH.NS,0.01632387411620043,0.038444094913684126,0.04784045496464802,0
2024-06-30,426.6000061035156,496.20001220703125,382.0,416.45001220703125,11212556,986330000.0,175860000.0,5181550000.0,67970000.0,4163840000.0,281410000.0,35.55428,17.41,175.254,96354357.0,YATHARTH.NS,0.01632387411620043,0.038444094913684126,0.04784045496464802,1
2024-09-30,421.5,597.0,406.0,568.0999755859375,27604299,986330000.0,175860000.0,10932520000.0,901210000.0,9322700000.0,1560700000.0,35.55428,17.41,175.254,96354357.0,YATHARTH.NS,0.09666834715264891,0.038444094913684126,0.04784045496464802,0
2024-12-31,573.0,693.0,525.0499877929688,566.6500244140625,24131930,2191550000.0,304910000.0,10932520000.0,901210000.0,9322700000.0,1560700000.0,35.55428,17.41,175.254,96354357.0,YATHARTH.NS,0.09666834715264891,0.038444094913684126,0.04784045496464802,0
2025-03-31,570.0,587.5,345.6000061035156,424.70001220703125,41845521,2317810000.0,387180000.0,17311760000.0,115860000.0,16054600000.0,2049600000.0,35.55428,17.41,175.254,96354357.0,YATHARTH.NS,0.007216623273080612,0.022365143694228665,0.024116452605483788,1
2025-06-30,425.1000061035156,552.25,400.0,535.25,19145769,2577710000.0,420370000.0,17311760000.0,115860000.0,16054600000.0,2049600000.0,35.55428,17.41,175.254,96354357.0,YATHARTH.NS,0.007216623273080612,0.022365143694228665,0.024116452605483788,1
2025-09-30,545.0,819.9500122070312,537.4000244140625,741.2000122070312,43990793,2794210000.0,412420000.0,18562820000.0,262330000.0,16887470000.0,1729830000.0,35.55428,17.41,175.254,96354357.0,YATHARTH.NS,0.01553400242901986,0.02221752944865058,0.024421657003683796,0
2025-12-31,742.0,843.7000122070312,655.2000122070312,682.1500244140625,46760591,3204710000.0,453510000.0,18562820000.0,262330000.0,16887470000.0,1729830000.0,35.55428,17.41,175.254,96354357.0,YATHARTH.NS,0.01553400242901986,0.02221752944865058,0.024421657003683796,0
2026-03-31,686.5,729.0,538.25,619.0,23919675,3204710000.0,453510000.0,18562820000.0,262330000.0,16887470000.0,1729830000.0,35.55428,17.41,175.254,96354357.0,YATHARTH.NS,0.01553400242901986,0.02221752944865058,0.024421657003683796,0
